Date,Nifty50,IndiaVIX,USDINR,Nifty_Return,ret_1d,ret_5d,ret_21d,ret_63d,ma_50,ma_200,ma_50_200_ratio,above_200dma,vol_21d,vol_63d,vol_ratio,vix_level,vix_change_5d,vix_zscore,inr_change_21d,BNN_Dominant_Regime,BNN_Epistemic_Uncertainty
2016-01-13,66.91999816894531,18.350000381469727,7562.39990234375,0.0019013804254905,0.0019013804254905,0.0059526799560614,0.0020063344100116,0.0305054757078064,66.3368002319336,64.73144012451172,0.0248003150298208,1,0.047341954639866,0.044968850286525,1.0527487714152275,18.350000381469727,0.1087614034675255,0.2430774558291941,-0.0063137254348429,3,0.082001925
2016-01-14,66.93599700927734,18.61000061035156,7536.7998046875,0.0002390741298534,0.0002390741298534,0.0031772374099665,-0.0030533032661935,0.0298637461446584,66.37660018920899,64.75370510101318,0.0250625826840973,1,0.043898604332111,0.0449752368663853,0.9760399577786876,18.61000061035156,-0.018459836024345,0.3282936264492221,-0.0148038251895572,2,0.06503647
2016-01-15,67.30400085449219,19.420000076293945,7437.7998046875,0.0054978466244977,0.0054978466244977,0.0057232146633592,0.0034739561353318,0.0390909275087409,66.41380020141601,64.778210105896,0.0252490782447714,1,0.0472814968745141,0.0452193995939392,1.04557892674728,19.420000076293945,0.0910112870039046,0.6060898845828873,-0.0341648509904896,4,0.017419979
2016-01-18,67.76699829101562,20.229999542236328,7351.0,0.0068791963426426,0.0068791963426426,0.0138689707348098,0.0129141953972524,0.0460776252233807,66.46084014892578,64.8059300994873,0.0255363983959173,1,0.0507826257443925,0.0468011237024468,1.0850496030319587,20.229999542236328,0.0823969483239162,0.8851771258780027,-0.0515939964884369,4,0.014833215
2016-01-19,67.71099853515625,18.43000030517578,7435.10009765625,-0.0008263573313206,-0.0008263573313206,0.0137439443900482,0.0193141010452573,0.0403472303544993,66.50424011230469,64.83309509277343,0.0257761104439007,1,0.0421564232095324,0.0462909733965926,0.9106637742221516,18.43000030517578,-0.0149651947086006,0.2537852234875425,-0.0521713073620052,1,0.08687971
2016-01-20,67.76699829101562,20.96999931335449,7309.2998046875,0.0008270407625181,0.0008270407625181,0.0126569059361296,0.0196812871760643,0.0449968281935009,66.5489601135254,64.85962007522583,0.0260460982710077,1,0.0420896688246292,0.045400681976103,0.9270508710840928,20.96999931335449,0.1427792303770467,1.1353076712369192,-0.0583165801422378,3,0.09833788
2016-01-21,67.9489974975586,20.809999465942383,7276.7998046875,0.002685661326792,0.002685661326792,0.0151338671797305,0.02567619204681,0.0488546721800302,66.59624008178712,64.88522006988525,0.0263699500450025,1,0.0390712380804263,0.0453747363846697,0.8610601434476475,20.809999465942383,0.118215947524854,1.070971058928563,-0.0711792629632968,4,0.110541426
2016-01-22,67.80799865722656,18.81999969482422,7422.4501953125,-0.0020750687357395,-0.0020750687357395,0.0074883780508678,0.0232235514350087,0.0481180767769815,66.6352000427246,64.91168506622314,0.026551690573787,1,0.0408628598006346,0.045542056916144,0.8972357713245558,18.81999969482422,-0.0308960030439005,0.3724506168980567,-0.0467050124944085,1,0.10228069
2016-01-25,67.54100036621094,18.270000457763672,7436.14990234375,-0.0039375633598229,-0.0039375633598229,-0.0033349260038665,0.0195945869682843,0.0398762776690519,66.66335998535156,64.93684507369996,0.0265876007633585,1,0.0445452590920081,0.0461481675211595,0.9652451275872757,18.270000457763672,-0.0968857700851923,0.1778980710880316,-0.0546406069574249,0,0.04534039
2016-01-27,67.7699966430664,19.059999465942383,7437.75,0.000428091255856,0.000428091255856,0.0008713223728271,0.0244278098203227,0.0427115303934995,66.68939987182617,64.96416505813599,0.0265567149542562,1,0.043648840646194,0.0461536518212731,0.9457083722615346,19.059999465942383,0.0341833505336228,0.4512940612793055,-0.0538477449201617,2,0.089985475
2016-01-28,68.19599914550781,17.899999618530273,7424.64990234375,0.0062860044790187,0.0062860044790187,0.0063305276212752,0.0342128695871102,0.0483627355289568,66.73235992431641,64.99484504699707,0.0267331182351917,1,0.0465262182019458,0.0471481139873707,0.9867888124983288,17.899999618530273,-0.1463996087433882,0.0436928738684779,-0.0631533795785975,4,0.027644819
2016-01-29,68.09300231933594,17.239999771118164,7563.5498046875,-0.001510305992469,-0.001510305992469,0.0021193075259502,0.02962167046056,0.0494413204513741,66.77319992065429,65.02501005172729,0.0268848842550937,1,0.0475197744499587,0.0468848772739558,1.0135200024582882,17.239999771118164,-0.1715521281327697,-0.186963105338449,-0.0460843341960982,1,0.06494003
2016-02-01,67.87000274658203,17.889999389648438,7555.9501953125,-0.0032749264264791,-0.0032749264264791,0.0009144067157755,0.0242982275648195,0.0457466252499205,66.81265991210938,65.05281507492066,0.0270525546844042,1,0.0501971645639193,0.0476233933857647,1.0540221301574348,17.889999389648438,-0.0494155324259407,0.0399057900218804,-0.0430963817872407,0,0.068754375
2016-02-02,67.88200378417969,18.040000915527344,7455.5498046875,0.0001768238855457,0.0001768238855457,0.0050488357607942,0.0214732061365794,0.0432631346660159,66.84955993652343,65.08131509780884,0.0271697773171477,1,0.0498978889409547,0.0475236901081815,1.0499361243044616,18.040000915527344,-0.012588918252522,0.0912737055767205,-0.0617642423171752,2,0.06528652
2016-02-03,67.98600006103516,18.59000015258789,7361.7998046875,0.0015320154246787,0.0015320154246787,0.0031873015887311,0.0270874449879201,0.0468081322256108,66.8877799987793,65.1096751022339,0.0273093805759814,1,0.049768220406136,0.0472184233470462,1.0539777252330464,18.59000015258789,-0.0246589363338817,0.2822647986937857,-0.0551255901796512,3,0.05449754
2016-02-04,67.927001953125,18.209999084472656,7404.0,-0.0008677978974669,-0.0008677978974669,-0.0039444717542573,0.0199096720715419,0.0379408608844427,66.92462005615235,65.13796510696412,0.0274287805315123,1,0.0466852645018269,0.0453017121245097,1.030518092901754,18.209999084472656,0.0173184062876441,0.1499688119106049,-0.0488974979117746,1,0.084115736
2016-02-05,67.56400299072266,18.11000061035156,7489.10009765625,-0.005343956776612,-0.005343956776612,-0.0077687766818157,0.0156334688696537,0.0328518236661097,66.95490005493164,65.16383512496948,0.0274855665957551,1,0.0509574400574962,0.0468712101994814,1.0871567575036196,18.11000061035156,0.0504640864723728,0.1147075454352936,-0.0325410027572342,0,0.013901862
2016-02-08,67.802001953125,20.26000022888184,7387.25,0.0035225704793575,0.0035225704793575,-0.0010019270768403,0.0161561498930669,0.0344975141404724,66.98352005004882,65.19121513366699,0.0274930435443936,1,0.0512944554995496,0.0471490424340285,1.087898395241527,20.26000022888184,0.1324762951420075,0.8619265970874819,-0.0239221237741354,4,0.0656093
2016-02-09,68.07599639892578,21.729999542236328,7298.2001953125,0.0040410966919561,0.0040410966919561,0.0028577915195735,0.0172591386915921,0.0388365542672441,67.01739990234375,65.21888011932373,0.0275766738056444,1,0.0520492508471585,0.0475761665048053,1.0939964413791126,21.729999542236328,0.2045453680400282,1.3684288914989586,-0.0398810603970498,4,0.034294266
2016-02-10,67.9280014038086,22.46999931335449,7215.7001953125,-0.0021739673739027,-0.0021739673739027,-0.000853097066668,0.0162777547206596,0.0357246680192551,67.04479995727539,65.24279512405396,0.0276199820960316,1,0.0525942372791929,0.0479440464682477,1.0969691585140962,22.46999931335449,0.2087143157030295,1.614348345247641,-0.046028133536336,0,0.109975174
2016-02-11,67.89299774169922,25.96999931335449,6976.35009765625,-0.0005153053436872,-0.0005153053436872,-0.000500599326454,0.0164687689755389,0.0308684651155031,67.0646598815918,65.2678701210022,0.0275294682859799,1,0.0525380874922592,0.047489600706742,1.1062839111403495,25.96999931335449,0.4261395177937515,2.778782773354023,-0.0710956580851791,1,0.111229315
2016-02-12,68.4739990234375,24.670000076293945,6980.9501953125,0.0085576024194529,0.0085576024194529,0.0134686518328375,0.0232217707264272,0.0353982984903991,67.10397979736328,65.29556510925293,0.0276958271987461,1,0.0591868420043866,0.0495766846209177,1.1938202128022462,24.670000076293945,0.3622307700085185,2.3076816008466623,-0.0768869293530809,4,0.01175628
2016-02-15,68.11100006103516,22.3799991607666,7162.9501953125,-0.0053012671609569,-0.0053012671609569,0.0045573596502914,0.0175541278871957,0.0247186267733108,67.13697982788086,65.31968511581421,0.0278215473458656,1,0.0630237953913516,0.0502302267939469,1.254673624633556,22.3799991607666,0.1046396302040795,1.5235653382318617,-0.0496032293630096,0,0.028878665
2016-02-16,68.13700103759766,23.040000915527344,7048.25,0.0003817441608433,0.0003817441608433,0.0008961255346802,0.012376681512684,0.0316285826465225,67.16857986450195,65.34209512710571,0.0279526503373255,1,0.060555416052302,0.0502055152482013,1.206126650155656,23.040000915527344,0.0602853843022308,1.7334424894112583,-0.0523743331249646,2,0.08230085
2016-02-17,68.50599670410156,21.82999992370605,7108.4501953125,0.0054154961457768,0.0054154961457768,0.0085089401770706,0.0109049896221227,0.0371681595834887,67.20263977050782,65.36892511367797,0.0280517792458874,1,0.0587843307829167,0.0511121732356879,1.1500818098664356,21.82999992370605,-0.0284823947132063,1.3235516694263314,-0.0329954842453408,4,0.022194382
2016-02-18,68.35600280761719,21.489999771118164,7191.75,-0.0021895002437851,-0.0021895002437851,0.0068196291417192,0.0095258419815806,0.0373158036838567,67.23703979492187,65.39554012298584,0.0281594076365578,1,0.0593246423104829,0.051079067164401,1.161404939416912,21.489999771118164,-0.17250672547891,1.2072628211369998,-0.0327299020134188,0,0.10417397
2016-02-19,68.56600189208984,20.920000076293945,7210.75,0.0030721381568152,0.0030721381568152,0.0013436175769558,0.0117904528933538,0.0382967007956234,67.27299987792969,65.42116012573243,0.0283064340136773,1,0.0600727463838669,0.0512236232143101,1.1727318350891265,20.920000076293945,-0.1520064851399605,1.0198871082196883,-0.0134827968917486,4,0.07737188
2016-02-22,68.53800201416016,21.020000457763672,7234.5498046875,-0.0004083638706797,-0.0004083638706797,0.0062692069231453,0.0086683326950147,0.037275901319334,67.30709991455078,65.44623514175414,0.0284334884774666,1,0.0595591390300286,0.051270027964158,1.1616529138378986,21.020000457763672,-0.060768487667644,1.0538754633715717,-0.0058061237266392,2,0.101223506
2016-02-23,68.5739974975586,23.84000015258789,7109.5498046875,0.0005251901476643,0.0005251901476643,0.0064134971205997,0.0112965852923074,0.0376635915497918,67.34077987670898,65.47114013671874,0.0285567004956075,1,0.0589432676604724,0.0512600951011645,1.1498636059987997,23.84000015258789,0.0347221877287948,1.9818032363220937,-0.0421559434406991,2,0.11430236
2016-02-24,68.60299682617188,22.959999084472656,7018.7001953125,0.0004228910326296,0.0004228910326296,0.0014159362207266,0.0157237300928729,0.0386524399160663,67.37711975097656,65.49743511199951,0.0286985992010653,1,0.0567957951827606,0.0512043835480933,1.1091762476384266,22.959999084472656,0.0517635897716837,1.677482684015067,-0.0561378821720197,2,0.086802036
2016-02-25,68.3759994506836,22.75,6970.60009765625,-0.003308855093655,-0.003308855093655,0.0002925367523709,0.0089420516103742,0.0302089344298099,67.4018197631836,65.52101511001587,0.02870536498877,1,0.058397935420954,0.0511077655653267,1.142620737851912,22.75,0.0586319330991913,1.5978719215770072,-0.0628079597114382,0,0.043737136
2016-02-26,68.7969970703125,21.8700008392334,7029.75,0.0061570963936337,0.0061570963936337,0.0033689462977031,0.0088128032778338,0.0363802408554041,67.43633972167969,65.54459009170532,0.0288620254902436,1,0.0582365570439255,0.0523052304039391,1.11337706032702,21.8700008392334,0.0454111261699263,1.3039598279626878,-0.0531876798957337,4,0.03691973
2016-02-29,68.7300033569336,20.15999984741211,6987.0498046875,-0.0009737883371629,-0.0009737883371629,0.0028013851750998,0.0093548678410493,0.0326332633721884,67.47287979125977,65.56972011566162,0.0290249778745597,1,0.0580413160375847,0.0522410918670613,1.1110067373504198,20.15999984741211,-0.0409134439401938,0.741900287363152,-0.0762208242011859,1,0.0727516
2016-03-01,68.21800231933594,18.670000076293945,7222.2998046875,-0.007449454569916,-0.007449454569916,-0.0051914018609653,0.0051274430333132,0.0197010577488132,67.50867980957031,65.59071014404297,0.029241483455741,1,0.0630059874949734,0.0538214259589271,1.1706270457421304,18.670000076293945,-0.2168624179196042,0.2529025104847601,-0.0441573041113991,0,0.0043115197
2016-03-02,67.74600219726562,18.989999771118164,7368.85009765625,-0.0069189965408372,-0.0069189965408372,-0.0124920873511943,-0.002003499887046,0.018614285532382,67.53441986083985,65.60838516235351,0.0293565326096687,1,0.0677291535432132,0.0543599021217204,1.245916658843514,18.989999771118164,-0.1729093846540836,0.3623944442374951,-0.0116288817461509,0,0.025342513
2016-03-03,67.38800048828125,18.040000915527344,7475.60009765625,-0.0052844698930267,-0.0052844698930267,-0.0144494993907173,-0.0087959222813085,0.0139480593664964,67.55721984863281,65.62510517120361,0.0294417002820592,1,0.069761982352436,0.0554863275165696,1.2572597289282612,18.040000915527344,-0.2070329267900068,0.0527748843892203,0.0154582161954865,0,0.027738202
2016-03-04,67.14299774169922,17.8799991607666,7485.35009765625,-0.0036357028670799,-0.0036357028670799,-0.024041737271219,-0.0115418638962868,0.0088044614712534,67.57469985961914,65.64378015518189,0.0294151205167125,1,0.0706434880781982,0.0559858734321181,1.261786625106877,17.8799991607666,-0.1824417707067018,0.0044933214828775,0.0109873173495744,0,0.03575006
2016-03-08,67.0459976196289,18.46999931335449,7485.2998046875,0.0017331139089231,0.0017331139089231,-0.0245017554932914,-0.0076668839643038,0.0036375044640801,67.59075988769531,65.6618451499939,0.0293764930500373,1,0.0688138739109833,0.0556259130330569,1.237060806701422,18.46999931335449,-0.0838293922048101,0.2044170313069128,-0.0005074432066863,3,0.061035026
2016-03-09,67.35700225830078,17.510000228881836,7531.7998046875,0.0046386756810792,0.0046386756810792,-0.0126213027611791,-0.006563223533309,0.0108199870072682,67.61481994628906,65.67998516082764,0.0294585143514218,1,0.0696790720942517,0.0560579072537945,1.2429616542255233,17.510000228881836,-0.0621317537585341,-0.1120098529912824,0.0195674716149447,4,0.051107418
2016-03-10,67.1449966430664,17.899999618530273,7486.14990234375,-0.0031474918438527,-0.0031474918438527,-0.008871454177461,-0.0136758887876382,0.0056464011819803,67.63891983032227,65.69678514480592,0.0295620962461951,1,0.0686694830792115,0.0563683664313694,1.218205692675608,17.899999618530273,-0.0573986395853289,0.0205561946088277,0.0257528845470649,0,0.038751718
2016-03-11,67.30899810791016,17.100000381469727,7510.2001953125,0.0024424971783907,0.0024424971783907,-0.0011723508606674,-0.0091126381331121,0.0071221989660881,67.66241973876953,65.71520513534546,0.0296311119993255,1,0.0691083341045607,0.0565252418636091,1.2225885151061464,17.100000381469727,-0.0521064571148963,-0.2488291291563261,0.0408137799560068,4,0.10965309
2016-03-14,66.91300201416016,17.100000381469727,7538.75,-0.0058832563978316,-0.0058832563978316,-0.0034254611094943,-0.0144344153320123,0.0003438873482075,67.67547973632813,65.73164014816284,0.0295723579053217,1,0.071792559544133,0.0578174364322126,1.241689744209946,17.100000381469727,-0.0436240948494224,-0.2512475936986084,0.0806152063000238,0,0.004340197
2016-03-15,67.17400360107422,17.600000381469727,7460.60009765625,0.0039006109284833,0.0039006109284833,0.0019092262922468,-0.0189852417107742,0.0058096078548968,67.68985977172852,65.75009515762329,0.0295020807111383,1,0.0659378346989217,0.0581996849633645,1.132939152527629,17.600000381469727,-0.0471033548580438,-0.0870494986935914,0.0687083977000466,4,0.046947286
2016-03-16,67.35900115966797,17.110000610351562,7498.75,0.0027540052501915,0.0027540052501915,2.967622222138644e-05,-0.0110407849054237,0.0032469329188022,67.71317977905274,65.76903516769408,0.0295601814197454,1,0.0648318486117993,0.0575088862385769,1.12731658593181,17.110000610351562,-0.0228440670075203,-0.2556772533504968,0.0468800976596557,4,0.096955046
2016-03-17,66.83000183105469,16.84000015258789,7512.5498046875,-0.0078534319022833,-0.0078534319022833,-0.0046912626071929,-0.0191819303262521,-0.003593167203761,67.71775985717774,65.78330516815186,0.0294064684661423,1,0.0697216859994648,0.059667964525234,1.1684748772534772,16.84000015258789,-0.0592178485213519,-0.3481354529810289,0.0658744801457809,0,0.0016224005
2016-03-18,66.61199951171875,16.3799991607666,7604.35009765625,-0.0032620426958396,-0.0032620426958396,-0.0103552068190641,-0.0276471737293826,-0.0043495862179856,67.7195198059082,65.79699516296387,0.0292190340635265,1,0.0664376424263833,0.0598196756554178,1.1106133740294226,16.3799991607666,-0.0421053336047494,-0.5045068753909248,0.0697620281099753,0,0.035858758
2016-03-21,66.3759994506836,16.329999923706055,7704.25,-0.0035429061244984,-0.0035429061244984,-0.0080253844142715,-0.0289660494412782,-0.0007828318183003,67.71255981445313,65.80975015640259,0.0289137955018572,1,0.0668621770230396,0.0584988199773436,1.1429467141768062,16.329999923706055,-0.0450292655313666,-0.5235675220671457,0.0712622101713769,0,0.0330691
2016-03-22,66.5199966430664,16.43000030517578,7714.89990234375,0.0021694165598185,0.0021694165598185,-0.0097360127869072,-0.0298399380533149,0.000917814135233,67.70453979492187,65.82367013931274,0.0285743662063868,1,0.0661985911160473,0.0586397486756146,1.1288837985722304,16.43000030517578,-0.0664772756212997,-0.4929483504728072,0.0699164306547515,3,0.100971796
2016-03-23,66.76399993896484,16.350000381469727,7716.5,0.0036681194860503,0.0036681194860503,-0.0088332844973864,-0.0258834810333221,0.007788896748202,67.70301986694336,65.83944013595581,0.0283049146095308,1,0.068347848376865,0.0586650699393435,1.1650319928969457,16.350000381469727,-0.0444184805243101,-0.5225626729529322,0.0666178557510557,4,0.07294567
2016-03-28,66.90699768066406,17.489999771118164,7615.10009765625,0.0,0.0,0.0011521150306716,-0.0243095032771551,0.0096274353817229,67.70529983520508,65.85566513061524,0.028086189713844,1,0.0682157426628346,0.0586669705393178,1.1627424987731283,17.489999771118164,0.0385985518195131,-0.1401568969215716,0.0711086224665629,2,0.05796344
2016-03-29,66.90699768066406,17.639999389648438,7597.0,0.0,0.0,0.0044286040219136,-0.0247219396232089,0.0100237233032218,67.70503982543946,65.869905128479,0.0278599869451918,1,0.0681114185012438,0.0586549599658468,1.1612020081318677,17.639999389648438,0.076923094837501,-0.0928565292634115,0.0823941454393111,2,0.06417518
2016-03-30,66.36799621582031,16.809999465942383,7735.2001953125,-0.0080559804434255,-0.0080559804434255,-0.0001205742275749,-0.0293670769128802,0.0032348291770543,67.69367980957031,65.88174011230468,0.0275029119476339,1,0.0719017243102136,0.0608893741457741,1.1808389309298346,16.809999465942383,0.0293937259325713,-0.3768057797664049,0.1096892788202459,0,0.013664529
2016-03-31,66.36799621582031,16.579999923706055,7738.39990234375,0.0,0.0,-0.0022850335976668,-0.0353067860216294,0.0064906545127045,67.67495971679688,65.8947700881958,0.0270156436727591,1,0.0667723777768131,0.0608893741457741,1.096599893062853,16.579999923706055,0.0091296175133375,-0.4574292519295242,0.1008072694397026,2,0.052049804
2016-04-01,66.24800109863281,17.280000686645508,7713.0498046875,-0.0018080268205972,-0.0018080268205972,-0.0077286987119368,-0.0361123546788011,0.0017237488804053,67.64457977294921,65.90613008499146,0.026377662983942,1,0.0667280666052003,0.0607425364881135,1.098521266015814,17.280000686645508,0.0568807512830273,-0.223960668684039,0.1039065156674479,1,0.10154332
2016-04-04,66.35800170898438,17.450000762939453,7758.7998046875,0.0016604366701991,0.0016604366701991,-0.0082053595395201,-0.0272655391115778,0.0014790155387018,67.61751983642579,65.91773008346557,0.0257865334684299,1,0.0642403145918707,0.0607143911744309,1.0580565051012027,17.450000762939453,-0.0022869644769671,-0.1707650336802452,0.0742838174139204,3,0.06345036
2016-04-05,66.13300323486328,17.829999923706055,7603.2001953125,-0.0033906758541016,-0.0033906758541016,-0.0115682136791569,-0.0238095077212903,-0.004845362836796,67.58483993530274,65.92940010070801,0.0251092810197881,1,0.0614239203968573,0.0608145860572577,1.0100029347579895,17.829999923706055,0.0107710057047458,-0.0465054302662927,0.0318028043114606,0,0.043552145
2016-04-06,66.46800231933594,17.350000381469727,7614.35009765625,0.0050655356340456,0.0050655356340456,0.0015068422917337,-0.013652255034712,0.0041545408514866,67.55522003173829,65.9417451095581,0.0244681865713365,1,0.0629639217662432,0.0616652412788515,1.0210436125257514,17.350000381469727,0.032123791355342,-0.2184973874284682,0.0185603828706006,4,0.028872758
2016-04-07,66.53299713134766,16.93000030517578,7546.4501953125,0.0009778360977279,0.0009778360977279,0.0024861518342482,-0.0090850964488992,-0.0010210176360091,67.52972000122071,65.95395008087158,0.0238919718745722,1,0.0621823535663135,0.0604329228949135,1.0289312787859275,16.93000030517578,0.021109793913165,-0.3667431643415662,0.0081626239065799,3,0.07133399
2016-04-08,66.77899932861328,16.43000030517578,7555.2001953125,0.0036974464983137,0.0036974464983137,0.008015309461034,-0.0039823151343109,0.0038331616478775,67.51447998046875,65.96758506774903,0.02344931849682,1,0.063383282517103,0.0608466317074018,1.0416721364258568,16.43000030517578,-0.0491898349359807,-0.5438254627310307,0.0093383555033061,4,0.043496173
2016-04-11,66.54399871826172,16.010000228881836,7671.39990234375,-0.0035190795416856,-0.0035190795416856,0.0028029326454561,-0.0120700671464171,-0.0026976846083903,67.48996002197265,65.97939506530761,0.0228944953976897,1,0.0616765413224059,0.0609520520229539,1.011869615637615,16.010000228881836,-0.0825215169684067,-0.6937031730257237,0.0185347594567459,0,0.051810216
2016-04-12,66.29000091552734,16.020000457763672,7708.9501953125,-0.0038169903766944,-0.0038169903766944,0.0023739687143271,-0.0127335731668005,-0.0094289793420007,67.45184005737305,65.990830078125,0.0221395908722226,1,0.0620574521689577,0.0610929420370505,1.015770960258595,16.020000457763672,-0.1015142722202639,-0.6937464309832501,0.0297616659932224,0,0.05459866
2016-04-13,66.31500244140625,16.040000915527344,7850.4501953125,0.0003771538019854,0.0003771538019854,-0.0023018576245849,-0.0147676491174378,-0.0078544872119743,67.41628005981445,66.00418008804321,0.0213940991295951,1,0.0611434337985994,0.0610659297059322,1.0012527908810147,16.040000915527344,-0.0755042903250594,-0.6925683122727317,0.045305050618007,2,0.07936321
2016-04-18,66.65299987792969,16.950000762939453,7914.7001953125,0.000240089441045,0.000240089441045,0.0018036576098492,-0.0038856743593038,-0.002096018911916,67.3919400024414,66.01998508453369,0.0207809031788031,1,0.0583483458186437,0.0610602369117615,0.9555709770989717,16.950000762939453,0.0011813619257619,-0.3784145993096383,0.0498690360222184,2,0.059618216
2016-04-20,66.22200012207031,17.079999923706055,7914.75,-0.0028158302276101,-0.0028158302276101,-0.008340933708845,-0.0141722009701485,-0.0104303357138899,67.35873992919922,66.03356008529663,0.0200682780421173,1,0.0565606924652038,0.0611501102383924,0.9249332063589152,17.079999923706055,0.0395617532840526,-0.33785451237179,0.060873106237985,0,0.059790116
2016-04-21,66.2040023803711,16.510000228881836,7912.0498046875,-0.0002717788901881,-0.0002717788901881,-0.0051093463639015,-0.0171469107233206,-0.0109357395364529,67.32309997558593,66.04658010482788,0.0193275695536692,1,0.0550963367854672,0.0611434567559955,0.9010847378256368,16.510000228881836,0.0312304805029299,-0.5430469972907848,0.0551158265960993,2,0.08489659
2016-04-22,66.51200103759766,16.3799991607666,7899.2998046875,0.00465226642125,0.00465226642125,0.0033489232011507,-0.0047583538043427,-0.0117674998044587,67.29479995727539,66.06133010864258,0.0186715866393285,1,0.0523899618882805,0.0608449210231248,0.861026688516547,16.3799991607666,0.0224718285091225,-0.5932186209199755,0.0514805239305948,4,0.026340742
2016-04-25,66.65299987792969,16.56999969482422,7855.0498046875,0.0021199007417072,0.0021199007417072,0.0050968472303394,0.0006155102160494,-0.0164386565906613,67.27657989501954,66.07704010009766,0.0181536550835923,1,0.0519748275265533,0.0593099749051596,0.876310457038734,16.56999969482422,0.033042316025295,-0.5308369904715382,0.0329679333291768,3,0.10108055
2016-04-26,66.70500183105469,16.579999923706055,7962.64990234375,0.0007801892370971,0.0007801892370971,0.0007801892370971,0.0049566467261339,-0.0148572126517856,67.25463989257813,66.09334510803222,0.0175705251814342,1,0.0505285398479168,0.0593396359427595,0.8514998035521064,16.579999923706055,-0.02182895708432,-0.5316470771945304,0.0335399165841905,3,0.09428112
2016-04-27,66.45700073242188,16.350000381469727,7979.89990234375,-0.0037178785971841,-0.0037178785971841,0.0035486788366159,-0.0009470221560977,-0.0193309072502836,67.22225997924805,66.10701011657714,0.0168703721542422,1,0.0515696054542552,0.0596902343934888,0.8639393367928146,16.350000381469727,-0.0427400202281693,-0.6165549565222542,0.0343491170792111,0,0.05172692
2016-04-28,66.3550033569336,16.600000381469727,7847.25,-0.0015347875222199,-0.0015347875222199,0.0022808436217334,-0.0061260047691144,-0.0234586851804881,67.19080001831054,66.12083513259887,0.0161819626682868,1,0.0497732072977725,0.0594134489340297,0.8377290068454181,16.600000381469727,0.0054512508382917,-0.5305670906815125,0.0169442104581092,1,0.07168099
2016-04-29,66.43800354003906,16.540000915527344,7849.7998046875,0.00125085040926,0.00125085040926,-0.0011125435470925,-0.0070096425916976,-0.0202040341009459,67.16170013427734,66.13515514373779,0.0155219260967705,1,0.050101871204904,0.0594089977201972,0.8433239038464266,16.540000915527344,0.0097681173967321,-0.5524524537853474,0.0308203049233042,3,0.049759734
2016-05-02,66.41799926757812,17.09000015258789,7805.89990234375,-0.000301096833063,-0.000301096833063,-0.0035257319367762,-0.0073086288435754,-0.0166269538879175,67.12058013916015,66.15039514541625,0.0146663522056242,1,0.0500834841038744,0.0589639736769367,0.8493768585105615,17.09000015258789,0.0313820438950338,-0.3560393726707727,0.0274976836045477,2,0.08342775
2016-05-03,66.37100219726562,17.459999084472656,7747.0,-0.0007075953932782,-0.0007075953932782,-0.0050071152780265,4.529263525654415e-05,-0.0206432715818042,67.08578018188477,66.16523015975952,0.0139128968478237,1,0.0416977612753672,0.0589500615066356,0.7073284214004135,17.459999084472656,0.0530759448019284,-0.2242141698625475,0.001525468557963,1,0.10111984
2016-05-04,66.59200286865234,17.450000762939453,7706.5498046875,0.0033297775243752,0.0033297775243752,0.0020314208396798,0.0033752209740307,-0.0235203867815334,67.05488021850586,66.18136516571045,0.0131988068032176,1,0.0433127686076839,0.0578892139379981,0.7481880902024816,17.450000762939453,0.0672783092235527,-0.2262846872500211,-0.0041158505709434,4,0.06602233
2016-05-05,66.62000274658203,17.170000076293945,7735.5,0.0004204690762179,0.0004204690762179,0.003993661008846,0.0056152886393563,-0.0216321725079176,67.01716033935547,66.19687517166138,0.0123915995364878,1,0.0427550058068945,0.0578638766706861,0.738876642738164,17.170000076293945,0.0343373302244316,-0.323601555170047,0.0029106768244717,2,0.08598367
2016-05-06,66.60199737548828,16.950000762939453,7733.4501953125,-0.0002702697440923,-0.0002702697440923,0.0024683739232227,0.00367695922451,-0.0186828542769965,66.9820802307129,66.21207515716553,0.0116293753325149,1,0.0424541233762866,0.0575562453325738,0.7375982490298261,16.950000762939453,0.0247883811800282,-0.3995943576615713,-0.0032672075595615,2,0.07987601
2016-05-09,66.59400177001953,16.610000610351562,7866.0498046875,-0.000120050535777,-0.000120050535777,0.0026499217739508,0.0069707787731803,-0.0189741307321327,66.94264022827149,66.2282251739502,0.0107871689516798,1,0.0405115874236256,0.0575494149900149,0.7039321511522464,16.610000610351562,-0.0280865733148424,-0.5197058995625594,0.0345709178533863,2,0.04937305
2016-05-10,66.72100067138672,16.420000076293945,7887.7998046875,0.0019070621676375,0.0019070621676375,0.0052733643087208,0.003806317975908,-0.018606762988156,66.90630020141602,66.2450701713562,0.0099815733963208,1,0.0371461481072045,0.0576027988691775,0.6448558747239251,16.420000076293945,-0.0595646656765057,-0.5860935072735312,0.0359124158364374,3,0.08596192
2016-05-11,66.66600036621094,16.959999084472656,7848.85009765625,-0.0008243327381534,-0.0008243327381534,0.0011112069673673,0.001999056717687,-0.0185640695254628,66.86814025878907,66.26083017349244,0.0091654463686388,1,0.0371509454323907,0.0576011040127281,0.6449581325047017,16.959999084472656,-0.0280803241858572,-0.3929198953520155,0.0400718078722082,1,0.087818965
2016-05-12,66.59100341796875,16.329999923706055,7900.39990234375,-0.0011249654671078,-0.0011249654671078,-0.0004352946174979,-0.0028151950843021,-0.0144011534202245,66.827900390625,66.277165184021,0.0083095769874113,1,0.0348567893948257,0.0567085641893575,0.614654510100558,16.329999923706055,-0.0489225479822595,-0.6159853017161068,0.0456903454716426,1,0.06525798
2016-05-13,66.7509994506836,17.0,7814.89990234375,0.0024026673950323,0.0024026673950323,0.0022372013012652,0.003110734798164,-0.0155010541306437,66.795400390625,66.29330018997193,0.007573920731269,1,0.0337446670867962,0.0564513129741701,0.597755261192507,17.0,0.002949807363423,-0.3764546732580654,0.018705842717984,4,0.11467333
2016-05-16,66.9000015258789,17.030000686645508,7860.75,0.0022322074039564,0.0022322074039564,0.0045950047710923,0.009202000330772,-0.0172747361075046,66.75746047973632,66.3103902053833,0.0067420848070463,1,0.0313308056767515,0.0560074101625929,0.5593946620837466,17.030000686645508,0.0252859759699344,-0.3621657146569655,0.0196913718264521,3,0.10622094
2016-05-17,66.875,16.3700008392334,7890.75,-0.0003737148775584,-0.0003737148775584,0.0023081087972849,0.0084445078485602,-0.0155017280362609,66.72036041259766,66.32734519958495,0.005925387362182,1,0.0314400791015065,0.0558745815114339,0.562680123428746,16.3700008392334,-0.0030450205132904,-0.5929450840975903,0.0051334386799324,2,0.0888997
2016-05-18,66.86799621582031,16.450000762939453,7870.14990234375,-0.0001047294830607,-0.0001047294830607,0.0030299680271768,0.003225606323562,-0.0150973084113703,66.69336029052734,66.34356018066406,0.0052725556016397,1,0.0314774307822968,0.0558725140378085,0.5633694483757851,16.450000762939453,-0.0300706573740396,-0.560454915694218,-0.0056288036020789,2,0.052119605
2016-05-19,67.16000366210938,17.059999465942383,7783.39990234375,0.004366923832241,0.004366923832241,0.0085447014601838,0.0141645304930384,-0.0191896979885513,66.68164031982423,66.36144519805909,0.0048250173095161,1,0.0322573090694867,0.053780743181151,0.5997817690816675,17.059999465942383,0.0447029727891545,-0.3406555934828444,-0.0165956091672194,4,0.026853811
2016-05-20,67.47699737548828,16.43000030517578,7749.7001953125,0.0047199776071147,0.0047199776071147,0.010876210555335,0.0192283691219039,-0.0093083743445072,66.68342025756836,66.38051017761231,0.0045632382026827,1,0.0349403893361209,0.0537306408818814,0.6502758665593452,16.43000030517578,-0.0335293938131893,-0.5600225393452005,-0.0205192855685534,4,0.02273364
2016-05-23,67.4229965209961,16.15999984741211,7731.0498046875,-0.0008002853800931,-0.0008002853800931,0.0078175632763606,0.0136967084012924,-0.0104789542499468,66.6890202331543,66.39838516235352,0.0043771406501849,1,0.0326089634082002,0.053735549701482,0.6068302410435725,16.15999984741211,-0.0510863654818071,-0.6506256864123081,-0.02129935616574,1,0.099664666
2016-05-24,67.447998046875,16.219999313354492,7748.85009765625,0.0003708160000144,0.0003708160000144,0.0085681950934579,0.011927417676643,-0.0154438838660559,66.69706024169922,66.41512516021729,0.0042450432909943,1,0.0321755810012679,0.0525405433052993,0.612383629736714,16.219999313354492,-0.0091631959797706,-0.6235310977144076,-0.013519927902669,2,0.0948598
2016-05-25,67.6510009765625,15.520000457763672,7934.89990234375,0.0030097695345445,0.0030097695345445,0.0117097087553661,0.0141818322395637,-0.010313678420297,66.70294021606445,66.43229515075683,0.0040739984173876,1,0.0332703156983471,0.0527864024666258,0.6302699913939102,15.520000457763672,-0.0565349703369618,-0.8672582516931893,-0.0034850207330893,4,0.07566756
2016-05-26,67.30400085449219,15.329999923706056,8069.64990234375,-0.0051292681122416,-0.0051292681122416,0.0021440914909307,0.0127450849833055,-0.018405638403473,66.70612030029297,66.44962015151978,0.003860069450936,1,0.0358745717418695,0.0532905720081279,0.6731753331727204,15.329999923706056,-0.1014067758730004,-0.9299167690967152,0.0112470082455093,0,0.026237205
2016-05-27,66.9540023803711,15.260000228881836,8156.64990234375,-0.0052002625353249,-0.0052002625353249,-0.0077507152875651,0.0090271869962148,-0.023111260720174,66.69902038574219,66.4649751663208,0.0035213316312194,1,0.0405700498056947,0.054187520292463,0.7486834773625947,15.260000228881836,-0.0712112023470488,-0.9489461156967626,0.0394278125896014,0,0.014448983
2016-05-30,67.02400207519531,15.979999542236328,8178.5,0.0010454893260383,0.0010454893260383,-0.0059177797841798,0.0088202309511467,-0.0226032531123544,66.7012403869629,66.47950519561768,0.0033353917224978,1,0.0405239798020289,0.0542323337793813,0.7472153559078368,15.979999542236328,-0.0111386328512006,-0.6893744850980917,0.0418737042333507,3,0.041616354
2016-05-31,67.13300323486328,16.049999237060547,8160.10009765625,0.0016263003743894,0.0016263003743894,-0.0046701877169549,0.0107652138753024,-0.0214275419342584,66.70042037963867,66.4952702140808,0.0030851843281092,1,0.0406408805032939,0.0543561444842806,0.7476640079032617,16.049999237060547,-0.0104808929402344,-0.6620057110471962,0.0453759591775126,3,0.05441487
2016-06-01,67.23100280761719,15.84000015258789,8179.9501953125,0.0014597823429864,0.0014597823429864,-0.0062083067934326,0.0129574751304115,-0.0167455927849689,66.69786041259766,66.51080522537231,0.002812402986124,1,0.0405139153471347,0.0541338258054922,0.7483891329530119,15.84000015258789,0.0206185364294975,-0.734488281547091,0.055886174688589,3,0.039052483
2016-06-02,67.4260025024414,15.09000015258789,8218.9501953125,0.0029004430497967,0.0029004430497967,0.0018126953286623,0.0125240208713057,-0.019928116433191,66.70978042602539,66.52884023666383,0.0027197255914563,1,0.0401775072373003,0.052942354187797,0.7588772538812991,15.09000015258789,-0.0156555624470052,-0.9966055485436404,0.0664889481818871,4,0.08360809
2016-06-03,67.29199981689453,15.0,8220.7998046875,-0.0019874036806797,-0.0019874036806797,0.0050482036100432,0.0100870165507007,-0.0209225006518786,66.7233804321289,66.54682024002075,0.0026531724802378,1,0.0411637163337713,0.0530322641247165,0.7761867388921797,15.0,-0.0170380226069555,-1.0236371060159946,0.0627367079939886,1,0.09843509
2016-06-06,66.99199676513672,15.359999656677246,8201.0498046875,-0.0044582276135964,-0.0044582276135964,-0.0004775201281279,0.0058556710761945,-0.0179718771074555,66.73570037841797,66.56311521530151,0.0025928047772136,1,0.0445447163879316,0.0517218605959273,0.8612191180980248,15.359999656677246,-0.0387984920725671,-0.8921708296356087,0.0604645530216807,0,0.033679735
2016-06-07,66.8010025024414,14.869999885559082,8266.4501953125,-0.0028510011929471,-0.0028510011929471,-0.0049454175505954,0.0031083990587732,-0.0139491580930861,66.74132049560546,66.5784552192688,0.0024462159087392,1,0.0458408714871533,0.0502191147655097,0.9127990189029992,14.869999885559082,-0.0735202123110863,-1.0599481341373378,0.050902346230556,0,0.08013628
2016-06-08,66.76300048828125,15.140000343322754,8273.0498046875,-0.0005688838900099,-0.0005688838900099,-0.0069611087116331,0.0006294842174412,-0.0092746482381338,66.7413005065918,66.59308021545411,0.0022257611550351,1,0.0454470022891346,0.0491607337599505,0.9244385584740672,15.140000343322754,-0.0441919067248729,-0.9611658506677192,0.0488412497197325,1,0.11351751
2016-06-09,66.51000213623047,15.670000076293944,8203.599609375,-0.0037894994263355,-0.0037894994263355,-0.0135852687719069,-0.0023399968368214,-0.0094275743824233,66.73336059570312,66.60400024414062,0.0019422309634304,0,0.0472764580899333,0.0492060568965596,0.9607658143285276,15.670000076293944,0.0384360449198926,-0.7720359754498417,0.0451976413493591,0,0.040749278
2016-06-10,66.74099731445312,15.970000267028809,8170.0498046875,0.0034730893219565,0.0034730893219565,-0.0081882319434808,0.0022524648794208,-0.0045491202458666,66.73004058837891,66.61371021270752,0.0017463428369315,1,0.0486914161254705,0.0495978875535252,0.9817037947257298,15.970000267028809,0.0646666844685872,-0.6648903490009438,0.0341311712921967,4,0.07021565
2016-06-13,66.94499969482422,16.579999923706055,8110.60009765625,0.0030566276888241,0.0030566276888241,-0.0007015326095931,0.0029063271821714,-0.0061166998183294,66.74158065795899,66.62209022521972,0.0017935557460795,1,0.0491298467449597,0.0490791246476981,1.0010130800933887,16.579999923706055,0.0794271024933555,-0.4489392564881219,0.0378380016388715,4,0.07094206
2016-06-14,67.15399932861328,17.190000534057617,8108.85009765625,0.0031219603367214,0.0031219603367214,0.0052843043210164,0.0037966785790897,0.0001340782783076,66.75730072021484,66.63225021362305,0.0018767264528944,1,0.0497000068276212,0.0491220849090068,1.011744415475596,17.190000534057617,0.1560188746707114,-0.2332142551702357,0.0315618862902713,4,0.044761315
2016-06-15,67.2979965209961,17.059999465942383,8206.599609375,0.0021442831971656,0.0021442831971656,0.0080133611252051,0.0063251816223715,-0.0001634489774521,66.77830062866211,66.64152519226074,0.0020524055535457,1,0.0501070178188507,0.0490642729244085,1.021231816972609,17.059999465942383,0.1268163196222391,-0.2774281931111935,0.0400278312422772,4,0.11065845
2016-06-16,67.072998046875,17.700000762939453,8140.75,-0.0033433160829816,-0.0033433160829816,0.008464830740666,0.0030657690174089,0.0023911052844556,66.79260055541992,66.64966018676758,0.0021446526246615,1,0.0516722077582853,0.0480903114484621,1.0744603588875032,17.700000762939453,0.1295469481022246,-0.0508830168292373,0.0343830932083852,0,0.054782473
2016-06-17,67.30699920654297,17.350000381469727,8170.2001953125,0.0034887535443761,0.0034887535443761,0.0084805728842063,0.0021887363969357,0.0019798671858024,66.81608047485352,66.66092517852783,0.0023275298971647,1,0.0508524279827237,0.0479610586568341,1.0602636627124375,17.350000381469727,0.0864120282633948,-0.172977095858139,0.0496955440837976,4,0.046852488
2016-06-20,67.06600189208984,17.520000457763672,8238.5,-0.0035805683999309,-0.0035805683999309,0.0018074867102431,-0.0060908976300675,-0.0043498160978308,66.8280404663086,66.6689501953125,0.0023862723281231,1,0.0494799365182354,0.0481465863379694,1.027672211248838,17.520000457763672,0.0566948454995832,-0.1138529469581919,0.0630733825010618,0,0.046774022
2016-06-21,67.12999725341797,17.260000228881836,8219.900390625,0.0009542146471037,0.0009542146471037,-0.0003574184030031,-0.0043456874167092,0.0044889333255095,66.83998046875,66.67447017669677,0.0024823638135347,1,0.0496233456040634,0.0455467097274431,1.08948058861815,17.260000228881836,0.0040721170825754,-0.2044637265015218,0.0632321092590944,3,0.06352339
2016-06-22,67.60600280761719,18.18000030517578,8203.7001953125,0.0070908025275537,0.0070908025275537,0.0045767526901785,0.0023426160200097,0.0149222858221447,66.85652053833007,66.67846519470214,0.0026703575600908,1,0.0556910942643132,0.0471890306691627,1.1801453288884098,18.18000030517578,0.0656506960313394,0.1179310076085868,0.0586990446226112,4,0.0040052854
2016-06-23,67.4219970703125,18.020000457763672,8270.4501953125,-0.0027217366751929,-0.0027217366751929,0.0052032715638206,-0.0033850778694218,0.0157586722352265,66.8740805053711,66.68416019439697,0.0028480573260647,1,0.0554790739255305,0.0469532175125981,1.1815567773149496,18.020000457763672,0.0180790780243489,0.060996182961076,0.0422879049639477,0,0.07752919
2016-06-24,67.24199676513672,18.6299991607666,8088.60009765625,-0.0026697563554527,-0.0026697563554527,-0.0009657605029571,-0.0009212541389554,0.0108538809156053,66.89312042236328,66.69009017944336,0.003044383991289,1,0.0533127940134607,0.0471253411692927,1.1312737779057438,18.6299991607666,0.0737751441587257,0.273363000988282,0.002348329300754,0,0.07536307
2016-06-27,67.87699890136719,18.530000686645508,8094.7001953125,0.0094435347963923,0.0094435347963923,0.0120925205975785,0.0137855316811752,0.0166706453091463,66.9243603515625,66.69920017242431,0.0033757553097506,1,0.0592514821163332,0.050206119914184,1.1801410281571256,18.530000686645508,0.0576484133842742,0.2357515979826035,-0.0075949939954452,4,0.003372769
2016-06-28,67.9209976196289,17.729999542236328,8127.85009765625,0.0006482124869082,0.0006482124869082,0.0117831133408941,0.0133831988043213,0.0151553645226243,66.94972030639649,66.70809017181396,0.003622201354591,1,0.0592347940751668,0.0502115888292295,1.179680145085157,17.729999542236328,0.0272305508181873,-0.0479185365386518,-0.0061930552477532,3,0.11746625
2016-06-29,67.70500183105469,16.15999984741211,8204.0,-0.0031801032985975,-0.0031801032985975,0.0014643525622897,0.0085203784819558,0.0119270655993168,66.97938034057617,66.71486518859864,0.0039648607732289,1,0.0605516572045968,0.0506702394133265,1.1949906476665288,16.15999984741211,-0.111111134425481,-0.6025277238838274,0.0053798239995068,0,0.051953115
2016-06-30,67.41600036621094,16.290000915527344,8287.75,-0.0042685393549637,-0.0042685393549637,-8.894284302063404e-05,0.0027516703733116,0.0157908059629019,67.00362030029297,66.71983020782471,0.0042534594525236,1,0.0625209807204263,0.0486975201756018,1.2838373834560486,16.290000915527344,-0.0960044116697556,-0.5582889650769471,0.0131785404695097,0,0.029598078
2016-07-01,67.5009994506836,15.739999771118164,8328.349609375,0.0012608147029034,0.0012608147029034,0.0038517994409286,0.0011122852528513,0.0170715299461339,67.02340026855468,66.7262052154541,0.0044539480724394,1,0.0618627742839268,0.0487380950065228,1.2692639097145246,15.739999771118164,-0.1551261148596593,-0.7538162672482477,0.0133106310979829,3,0.04431071
2016-07-04,67.18199920654297,15.579999923706056,8370.7001953125,-0.0047258595685488,-0.0047258595685488,-0.0102391046462458,-0.0016346758998229,0.0140985100293,67.03398025512695,66.73131519317627,0.0045355776530779,1,0.0637047305569859,0.0495820797641161,1.2848078590529532,15.579999923706056,-0.159201330470835,-0.8095053539750114,0.0182342830608193,0,0.03606091
2016-07-05,67.23699951171875,15.359999656677246,8335.9501953125,0.0008186762201982,0.0008186762201982,-0.0100704956034463,0.0036571942681598,0.013246297056823,67.04462020874024,66.73411018371581,0.004652943212543,1,0.0617165824903953,0.0495104111325058,1.246512290373328,15.359999656677246,-0.1336717398053665,-0.8857483208808146,0.0164491612461485,3,0.073182866
2016-07-07,67.4010009765625,15.3100004196167,8337.900390625,-0.0003707994683208,-0.0003707994683208,-0.0044900797026896,0.0089818782899129,0.0191734486515919,67.06350021362304,66.73710018157959,0.004890833301947,1,0.0607720980623355,0.0489870969932785,1.2405482513573418,15.3100004196167,-0.0525989749889466,-0.902273888879708,0.0086433951241871,2,0.08191844
2016-07-08,67.49700164794922,15.079999923706056,8323.2001953125,0.0014243211524425,0.0014243211524425,0.0012015141998675,0.0109941307954966,0.0154811231375602,67.08634017944335,66.74255519866944,0.0051509112851702,1,0.060805613295665,0.0480626968262835,1.265104794486253,15.079999923706056,-0.0742787552987757,-0.9784034021743954,0.0060618987929439,3,0.049658906
2016-07-11,67.13200378417969,14.850000381469728,8467.900390625,-0.0054076159660141,-0.0054076159660141,-0.0054665215257071,0.0093520016233827,0.0090031514986388,67.10022018432618,66.74523021697998,0.0053185818101484,1,0.0624446394769292,0.0493150295366566,1.2662138469706716,14.850000381469728,-0.0565437994021781,-1.0542598970993118,0.032217659787779,0,0.024855891
2016-07-12,67.1449966430664,14.779999732971191,8521.0498046875,0.0001935419495071,0.0001935419495071,-0.0005507809221753,0.0060532408095406,0.005480724750787,67.11476013183594,66.74936019897461,0.0054742087680255,1,0.0613804890267296,0.0487663041069356,1.2586401924563253,14.779999732971191,-0.051347894393607,-1.0759049801432037,0.0429617944065183,2,0.056189112
2016-07-13,66.87000274658203,15.329999923706056,8519.5,-0.0040955232740006,-0.0040955232740006,-0.0054582561357865,-0.0011202770719854,0.0048990748166573,67.12474014282226,66.75254020690917,0.0055758168117556,1,0.0621247290289654,0.0489500125641148,1.269120407828051,15.329999923706056,-0.0019531076589671,-0.8825745680676597,0.0504154929869999,0,0.041817695
2016-07-14,67.00599670410156,15.609999656677246,8565.0,0.0020337064742603,0.0020337064742603,-0.0058605104781499,-0.002203928671284,0.0108009621162414,67.13302001953124,66.75599517822266,0.0056478049694566,1,0.0615072961575374,0.048482818933568,1.2686149216466236,15.609999656677246,0.0195949855544195,-0.782983749711926,0.0562533400975797,3,0.09857831
2016-07-15,66.83799743652344,15.640000343322754,8541.400390625,-0.0025072273504117,-0.0025072273504117,-0.0097634590476035,-0.0068352567424372,0.0078865260629266,67.13737991333008,66.7580351638794,0.0056823833793109,1,0.061353836413818,0.0487610769092453,1.2582285313238033,15.640000343322754,0.0371353065285078,-0.7716616529250077,0.0407965292796217,0,0.07681199
2016-07-18,67.13300323486328,15.989999771118164,8508.7001953125,0.0044137438231899,0.0044137438231899,1.4887842269883931e-05,0.0008946251060126,0.0072015266801597,67.14800003051758,66.76309017181397,0.0057653092107188,1,0.0626209046207021,0.0495300221111072,1.2642764463901406,15.989999771118164,0.0767676336945393,-0.648531119625233,0.0451985622101771,4,0.0348777
2016-07-19,67.13899993896484,15.800000190734863,8528.5498046875,8.932572375153214e-05,8.932572375153214e-05,-8.93097684320221e-05,-0.0024960148210231,0.0138473591133487,67.15889999389648,66.76948017120361,0.0058323027481173,1,0.0612700244369881,0.0491666370131027,1.2461453947982142,15.800000190734863,0.069012210838425,-0.7115367782215881,0.0438605665477569,2,0.053407647
2016-07-20,67.20600128173828,15.989999771118164,8565.849609375,0.0009979496691094,0.0009979496691094,0.0050246526298134,0.0020874867399087,0.0151350200190354,67.16860000610352,66.77681518554688,0.0058670785581496,1,0.0601729295903532,0.0491849545112103,1.2233762704887388,15.989999771118164,0.0430528278341015,-0.6425955367701227,0.0397341274959033,3,0.06981908
2016-07-21,67.16400146484375,15.710000038146973,8510.099609375,-0.0006249414649512,-0.0006249414649512,0.0023580689567224,0.0005065427203492,0.0098027486329501,67.17856002807618,66.7832601928711,0.0059191455173563,1,0.0600969021004014,0.0483683816074543,1.2424575238137787,15.710000038146973,0.0064061744823262,-0.7378190944494933,0.0353044690275055,1,0.10897765
2016-07-22,67.15399932861328,15.5,8541.2001953125,-0.0001489210888618,-0.0001489210888618,0.0047278779168982,-0.0066858483009289,0.0075165326632129,67.18981994628906,66.78822017669678,0.0060130329649419,1,0.0541128825092978,0.0481986603599361,1.1226818219299488,15.5,-0.008951428404701,-0.8094544682257973,0.0411399724471701,2,0.05978439
2016-07-25,67.14600372314453,15.720000267028809,8635.650390625,-0.0001190637273831,-0.0001190637273831,0.0001936527140871,-0.004093520796783,0.0066112267443869,67.19772003173829,66.7931351852417,0.0060572818654871,1,0.0534820419276931,0.0481790266099143,1.1100459192500256,15.720000267028809,-0.0168855226988208,-0.732130037677078,0.0441572328818915,2,0.054696076
2016-07-26,67.40499877929688,15.619999885559082,8590.650390625,0.0038571924134194,0.0038571924134194,0.0039619124588368,0.0024241102584965,0.0142648334475996,67.20781997680665,66.79886016845703,0.0061222572858021,1,0.0546410047165967,0.0481438453111852,1.1349294896145892,15.619999885559082,-0.0113924242406866,-0.7671046730968725,0.062068873093902,4,0.04778362
2016-07-27,67.28399658203125,15.43000030517578,8615.7998046875,-0.0017951516869219,-0.0017951516869219,0.0011605407077561,-0.0087364251356727,0.0140003493044897,67.21599990844726,66.80568016052246,0.0061419889287688,1,0.0426986872616615,0.0481844429191578,0.8861325054809289,15.43000030517578,-0.0350218557822545,-0.8349633362631793,0.0643754057348238,1,0.08517371
2016-07-28,67.06300354003906,15.149999618530272,8666.2998046875,-0.0032844814995904,-0.0032844814995904,-0.0015037508576309,-0.0126322361222487,0.0094072664243038,67.21990005493164,66.81336017608642,0.0060847093721043,1,0.0434767727947573,0.0486267666505895,0.8940729914074763,15.149999618530272,-0.0356461119195996,-0.9336079453418762,0.0662474947940436,0,0.063065045
2016-07-29,67.00700378417969,14.920000076293944,8638.5,-0.0008350320281426,-0.0008350320281426,-0.0021889320949342,-0.010309401491735,0.0088681460311479,67.21684005737305,66.82161018371582,0.0059147014352183,1,0.0425645144397399,0.0486567713233225,0.8747732023504738,14.920000076293944,-0.0374193499165197,-1.013794603324967,0.0529619697708434,1,0.076092735
2016-08-01,66.64800262451172,15.18000030517578,8636.5498046875,-0.0053576662049278,-0.0053576662049278,-0.0074166900637328,-0.0113919208723058,0.0041735158137705,67.20026016235352,66.82923519134522,0.0055518362576794,0,0.0438863702363407,0.0498448551613613,0.8804417156506086,15.18000030517578,-0.0343511420280079,-0.9232338875918495,0.0420861880109197,0,0.011852368
2016-08-02,66.7509994506836,15.6899995803833,8622.900390625,0.001545385039551,0.001545385039551,-0.0097025345368622,-0.0111109465949159,0.0023876227652268,67.18682022094727,66.83707019805908,0.0052328748380467,0,0.0440553067481028,0.0494906967144113,0.8901555144153004,15.6899995803833,0.0044814145542302,-0.7464375635997973,0.0353672450203617,3,0.05237923
2016-08-03,66.6760025024414,16.239999771118164,8544.849609375,-0.0011235329636913,-0.0011235329636913,-0.0090362361107457,-0.0075317303753634,0.0008405847125583,67.1713803100586,66.84575519561767,0.0048712908319759,0,0.0415651794767308,0.0495334562096953,0.8391164990440602,16.239999771118164,0.052495103689057,-0.5556598659624664,0.0208046411888005,1,0.062461633
2016-08-04,66.76000213623047,15.140000343322754,8551.099609375,0.0012598180850147,0.0012598180850147,-0.0045181603539079,-0.0070942692111825,0.0023723727060525,67.15356033325196,66.85458019256592,0.0044720965986901,0,0.0417678215191647,0.0495973291720216,0.8421215435363074,15.140000343322754,-0.0006600181821316,-0.9394178970302948,0.0258098247975957,3,0.044403035
2016-08-05,66.84100341796875,14.350000381469728,8683.150390625,0.0012133205384414,0.0012133205384414,-0.002477358437718,-0.0083084457275119,0.0037090675043411,67.14430038452149,66.86492519378662,0.0041782023972238,0,0.0421733997912119,0.0496561031818663,0.8492923889811747,14.350000381469728,-0.0382037327017091,-1.209774148414968,0.0414073068548759,3,0.05307526
2016-08-08,66.83499908447266,14.59000015258789,8711.349609375,-8.983009214491577e-05,-8.983009214491577e-05,0.0028057323940291,-0.0098078810512122,0.0017085836833803,67.14192031860351,66.87519020080566,0.0039884763990494,0,0.041674119588244,0.0495078851804473,0.8417503128247069,14.59000015258789,-0.0388669394418076,-1.1224122156259864,0.0466346363122565,2,0.049389012
2016-08-09,66.79399871826172,14.539999961853027,8678.25,-0.0006134565238657,-0.0006134565238657,0.0006441741386942,-0.0050349318784616,0.0019199944701595,67.13732025146484,66.8837351989746,0.0037914307826236,0,0.0376234439995959,0.0494956282145369,0.7601213528429018,14.539999961853027,-0.0732950700628495,-1.1360540464117477,0.0248408223610994,1,0.113705635
2016-08-10,66.78299713134766,14.920000076293944,8575.2998046875,-0.0001647092122821,-0.0001647092122821,0.0016046947160985,-0.0053913102958823,0.0028831779598488,67.13032012939453,66.89340518951416,0.0035416785736828,0,0.0375921642263762,0.0494448882288104,0.7602687619326169,14.920000076293944,-0.0812807705312753,-1.00291865805453,0.0063665864234423,2,0.058406312
2016-08-11,66.75800323486328,14.210000038146973,8592.150390625,-0.0003742553877181,-0.0003742553877181,-2.994160130653789e-05,-0.0016748842099378,0.000104924034656,67.12086013793946,66.90327522277832,0.0032522311416984,0,0.0349166112147861,0.0492091310491517,0.7095411142049377,14.210000038146973,-0.0614267030440288,-1.24825951427556,0.0085275415957508,2,0.0892473
2016-08-16,66.86489868164062,14.18000030517578,8642.5498046875,-0.0005186651010917,-0.0005186651010917,0.000357494089705,-0.002105752162512,-0.0005247061799348,67.10963806152344,66.9141247177124,0.0029218546104554,0,0.034081544010099,0.0490003864298936,0.695522035052203,14.18000030517578,-0.0118466948971981,-1.254807289676532,0.0090542679144776,2,0.10146294
2016-08-17,66.85769653320312,14.779999732971191,8624.0498046875,-0.0001077119472174,-0.0001077119472174,0.0003396042349275,0.0002947290079777,-0.0002587434287383,67.10095199584961,66.92365821838379,0.0026491943534718,0,0.0330314059985323,0.0489968340101183,0.6741401261066193,14.779999732971191,0.0130225893349014,-1.0467780427681728,0.009676330611221,2,0.046640415
2016-08-18,66.90550231933594,14.550000190734863,8673.25,0.0007150378881071,0.0007150378881071,0.001669365559989,-0.0033888088505654,0.0005608976735982,67.0992221069336,66.93321571350097,0.0024801795590279,0,0.0289126594979669,0.0490224140181484,0.589772460303631,14.550000190734863,0.0006877736525496,-1.1260905183917194,0.0193390060655975,3,0.12135856
2016-08-19,66.81999969482422,14.539999961853027,8666.900390625,-0.0012779610278332,-0.0012779610278332,0.0005540716210112,-0.0047513404195865,-0.0050625960206279,67.09960205078124,66.94206569671631,0.0023533237647408,0,0.0290913648032287,0.0482421483216874,0.6030154709067959,14.539999961853027,-0.0254691764408694,-1.1289687655772052,0.016222052881893,1,0.04527236
2016-08-22,67.12750244140625,14.239999771118164,8629.150390625,0.004601956719342,0.004601956719342,0.0055349050097113,-0.0011680331939843,-0.0051794677842169,67.10689208984375,66.95327819824219,0.0022943445897709,1,0.033502525818635,0.0481942354373357,0.6951418644317157,14.239999771118164,0.0021111705060279,-1.230665332982472,0.0073899010765632,4,0.025504882
2016-08-23,67.1874008178711,13.899999618530272,8632.599609375,0.0008923075384359,0.0008923075384359,0.0048231903822359,0.0003483912887409,-0.0034942929754188,67.12044006347656,66.96471019744872,0.0023255512577993,1,0.0336459991829599,0.048221156731922,0.6977290412373229,13.899999618530272,-0.0197461692961533,-1.3430047149031077,0.0143946611230085,3,0.08818048
2016-08-24,67.12999725341797,13.489999771118164,8650.2998046875,-0.0008543798949557,-0.0008543798949557,0.004072840291164,-0.0003574184030031,-0.0047147551100927,67.12822006225586,66.97502517700195,0.0022873434515187,1,0.0337522165926103,0.0482317774689687,0.6997775861928189,13.489999771118164,-0.087280107250293,-1.4760242216194008,0.0127733347632894,1,0.09408705
2016-08-25,67.16000366210938,13.289999961853027,8592.2001953125,0.0004469895712662,0.0004469895712662,0.0038038925641528,0.0002084999581295,-0.0072577982197665,67.13252014160156,66.98609519958497,0.0021859005451851,1,0.0338084300112643,0.047820253075468,0.7069749920168409,13.289999961853027,-0.0865979527398341,-1.5319293428461311,-0.0050314907791624,2,0.105042994
2016-08-26,67.00559997558594,13.56999969482422,8572.5498046875,-0.0022990422588459,-0.0022990422588459,0.0027776157080121,-0.0059253588152813,-0.004433627646466,67.12955215454102,66.9939031982422,0.0020247955384451,1,0.0313947540143062,0.0469591755480958,0.6685399628064049,13.56999969482422,-0.0667125357340913,-1.425750867910827,-0.0021070099601833,0,0.106564775
2016-08-29,67.12899780273438,13.170000076293944,8607.4501953125,0.0018416046896587,0.0018416046896587,2.227643326113693e-05,-0.0023036500084816,0.0026136663402005,67.12617218017579,67.00247318267822,0.0018461855454248,1,0.0318563710226804,0.0459793481675627,0.6928257895435823,13.170000076293944,-0.0751404292150631,-1.551837226965997,-0.0009691043854637,3,0.06458012
2016-08-30,67.08999633789062,13.020000457763672,8744.349609375,-0.0005809928066907,-0.0005809928066907,-0.0014497432374934,0.0004024990893145,0.0009846362594294,67.12651214599609,67.01021816253662,0.0017354664206195,1,0.0298829920062567,0.0459393909291943,0.6504731762582079,13.020000457763672,-0.0633092938789336,-1.590628441832328,0.0090061279261632,1,0.11491172
2016-08-31,67.12660217285156,13.239999771118164,8786.2001953125,0.000545622849293,0.000545622849293,-5.057471630143251e-05,0.0017848639980544,-9.534895957696854e-05,67.12290420532227,67.01819618225097,0.0015623819952801,1,0.0298261563531924,0.0458290172354819,0.650799588399474,13.239999771118164,-0.0185322464226608,-1.5058636732461048,0.0170978983981593,2,0.12072928
2016-09-01,66.97470092773438,13.34000015258789,8774.650390625,-0.0022629068089285,-0.0022629068089285,-0.0027591233512624,0.0049018468724897,-0.0038122572798181,67.12107818603516,67.02514469146729,0.0014313060420754,0,0.0242448222843959,0.0459267779733127,0.5278901648253898,13.34000015258789,0.003762241601082,-1.4618145597497754,0.0159902494700541,1,0.110278904
2016-09-02,66.79299926757812,12.9399995803833,8809.650390625,-0.0027129894966205,-0.0027129894966205,-0.0031728797008798,0.0006292013189339,-0.0093881175120883,67.11433822631835,67.02980968475342,0.0012610589521659,0,0.0255706886341066,0.0457909694986596,0.5584098896391686,12.9399995803833,-0.0464259490500365,-1.582718253450348,0.0216574460494798,0,0.10998957
2016-09-06,66.45999908447266,12.75,8943.0,-0.0016943946879551,-0.0016943946879551,-0.0099658678091343,-0.003239597604263,-0.0123640363592373,67.09141815185546,67.03144466400147,0.0008947067776119,0,0.0259409098501312,0.045748831640752,0.5670165095651225,12.75,-0.0318906662005222,-1.631685408303378,0.0465953654922339,1,0.08572878
2016-09-07,66.25520324707031,13.149999618530272,8917.9501953125,-0.0030814902230443,-0.0030814902230443,-0.0124428847277913,-0.0075613971391143,-0.0109982319328305,67.06808227539062,67.03038066864013,0.0005624555071059,0,0.0273983465251862,0.0453110948128342,0.6046585715879526,13.149999618530272,0.0099845742086039,-1.509311803515198,0.0429009838144445,0,0.07983675
2016-09-08,66.47160339355469,13.119999885559082,8952.5,0.0032661607825337,0.0032661607825337,-0.0097576632526438,-0.0055265481594305,-0.0049310503816867,67.05267440795899,67.03249870300293,0.0003009839308758,0,0.0296599522585743,0.0455061962473922,0.6517640000788658,13.119999885559082,-0.0090634356218683,-1.5241708623835888,0.0310198024055659,4,0.11121088
2016-09-09,66.44999694824219,13.229999542236328,8866.7001953125,-0.0003250477528663,-0.0003250477528663,-0.0078343609187346,-0.0057604868931599,-0.0046882785038099,67.02413436889648,67.03449367523193,-0.0001545369520598,0,0.0296595501953152,0.0454986010911144,0.6518639610910222,13.229999542236328,-0.0082459227206397,-1.4855418376169138,0.0178331249351206,2,0.10031743
2016-09-12,66.77799987792969,15.239999771118164,8715.599609375,0.0049360864522383,0.0049360864522383,-0.0002245652959578,-0.0002395251166128,0.0040294351690184,67.0012744140625,67.03889865875244,-0.000561230053636,0,0.0345517439840163,0.0459641908462459,0.7516936914194996,15.239999771118164,0.1777434517248055,-0.7806317761961905,0.0043038180940857,4,0.025121886
2016-09-14,66.99500274658203,14.760000228881836,8726.599609375,0.0040766029040935,0.0040766029040935,0.0080500100734182,0.0031745447844666,0.0038058381257346,66.98707443237305,67.04368865966796,-0.0008444378348916,0,0.0372429667238173,0.0461627092959322,0.8067585402436261,14.760000228881836,0.1576470767750459,-0.9424207824858596,0.0176436752222697,4,0.042216945
2016-09-15,66.75810241699219,14.68000030517578,8742.5498046875,-0.0035360895570965,-0.0035360895570965,0.0075903347250558,1.485696457415031e-06,-0.0027918034010608,66.97391647338867,67.04710418701171,-0.0010915864974406,0,0.0394547613838214,0.0463013316400486,0.852111761682764,14.68000030517578,0.1163498654775254,-0.967188208807342,0.0175042809104695,0,0.06300771
2016-09-16,66.85030364990234,14.579999923706056,8779.849609375,0.0013811242316961,0.0013811242316961,0.0056971734848263,-0.00021827643541,-0.0045223766528754,66.96090255737305,67.05093070983887,-0.001342683114354,0,0.0396287394555433,0.0459456973609721,0.8624937532333867,14.579999923706056,0.1112804916830805,-1.0140113690147283,0.0158864927353998,3,0.04962545
2016-09-19,67.06529998779297,14.9399995803833,8808.400390625,0.0032160861828924,0.0032160861828924,0.009259639846636,0.0031051541610731,-0.0034577037242189,66.95856857299805,67.05600719451904,-0.001453093102283,1,0.0409652311088736,0.0462059111970191,0.8865606907634261,14.9399995803833,0.1292517080358057,-0.8845572431781844,0.0213763359573013,4,0.068666145
2016-09-20,66.9552001953125,14.779999732971191,8775.900390625,-0.0016416804592018,-0.0016416804592018,0.0026535732981929,0.0007428070077011,-0.0017562633994707,66.95293258666992,67.05892818450928,-0.0015806336413209,0,0.0415085859320377,0.0458388483079023,0.905513160803415,14.779999732971191,-0.0301837299905171,-0.9412991944801734,0.011835285576341,1,0.07344754
2016-09-21,66.9749984741211,14.8100004196167,8777.150390625,0.0002956944158309,0.0002956944158309,-0.0002985935016168,0.0023196465130914,-0.0049326331040709,66.94441253662109,67.06189315795899,-0.0017518238123875,0,0.0411421486597855,0.0452822200911959,0.9085517455898522,14.8100004196167,0.0033875467452246,-0.9336238254460524,0.0127208107894325,2,0.066224426
2016-09-22,66.76119995117188,13.34000015258789,8867.4501953125,-0.0031922139278858,-0.0031922139278858,4.639937427119989e-05,-0.0054568169068126,-0.0045448055992423,66.92969650268554,67.06290916442872,-0.0019863835822653,0,0.0397326120040936,0.0451669601808602,0.8796636342442171,13.34000015258789,-0.0912806624476322,-1.5149596660613165,0.0276156740698825,0,0.06477527
2016-09-23,66.62259674072266,13.25,8831.5498046875,-0.002076104242443,-0.002076104242443,-0.0034062210154227,-0.0084063986740532,-0.0075584765895321,66.91950836181641,67.06152214050293,-0.0021176641113063,0,0.0401634154890172,0.0452911054698139,0.8867641517744228,13.25,-0.0912208457246677,-1.5522885908901347,0.0230463828180378,1,0.10636296
2016-09-26,66.69650268554688,14.56999969482422,8723.0498046875,0.0011093224887621,0.0011093224887621,-0.0054990777989991,-0.0064575388888313,-0.013452949210123,66.91053848266601,67.06246463775635,-0.0022654424633955,0,0.0403374802125316,0.0429341116244109,0.9394986687212338,14.56999969482422,-0.0247657226205616,-1.0226328772645683,0.0084101131339491,3,0.045558613
2016-09-27,66.60649871826172,14.25,8706.400390625,-0.0013494555735478,-0.0013494555735478,-0.005207981994432,-0.0082415859688217,-0.0120954345389727,66.90526840209961,67.06319213867188,-0.0023548496803689,0,0.0405052083742206,0.0426966998551154,0.9486508292405796,14.25,-0.0358592518637783,-1.1555285164599387,0.0132911469375216,1,0.04792047
2016-09-28,66.44129943847656,13.850000381469728,8745.150390625,-0.0024802276499164,-0.0024802276499164,-0.0079686307996073,-0.0084216921766984,-0.011907697052139,66.8939744567871,67.06261363983154,-0.0025146527087377,0,0.040628499847006,0.0426538422037262,0.9524944355193689,13.850000381469728,-0.0648210675858858,-1.327159359949361,0.0201341012732432,0,0.10288727
2016-09-29,66.33280181884766,18.450000762939453,8591.25,-0.0016329846126711,-0.0016329846126711,-0.0064168728638421,-0.0118606862897971,-0.0227499316044219,66.88387054443359,67.06026264190673,-0.002630352022554,0,0.0402058930651256,0.03797177927544,1.058808278780109,18.450000762939453,0.3830585121365422,0.63372624948754,-0.0018821131630041,1,0.07685603
2016-09-30,66.81629943847656,17.18000030517578,8611.150390625,0.0072889672435263,0.0072889672435263,0.0029074624411256,-0.0040795485818126,-0.0162644575295974,66.87753646850587,67.06116413116455,-0.002738211676426,0,0.0481416648129469,0.0409083752748945,1.1767880709361682,17.18000030517578,0.29660379661704,0.1011259606363804,-0.0152326044474702,4,0.009533333
2016-10-03,66.54650115966797,15.619999885559082,8738.099609375,-0.0040379111246203,-0.0040379111246203,-0.0022490163627636,-0.0086418944860314,-0.0171110056872539,66.86568649291992,67.06005664825439,-0.0028984490179301,0,0.0500741308740816,0.0411914230439893,1.2156150858279824,15.619999885559082,0.0720659034130151,-0.5747258390750067,-0.0054745606596993,0,0.0466147
2016-10-04,66.38030242919922,14.989999771118164,8769.150390625,-0.0024974826260208,-0.0024974826260208,-0.0033960092996223,-0.0088749705530826,-0.0153627911977229,66.84917251586914,67.05779315948486,-0.0031110573996903,0,0.0502016138300567,0.0406436268980068,1.2351353096691515,14.989999771118164,0.0519298084995203,-0.8461780722762393,-0.000626805599671,0,0.09344721
2016-10-05,66.5780029296875,14.93000030517578,8743.9501953125,0.0029783006894124,0.0029783006894124,0.0020575077905802,-0.0032188453917053,-0.0136738200694411,66.83745254516602,67.05623317718506,-0.0032626442263906,0,0.0505154451871323,0.0410471560579721,1.230638597158655,14.93000030517578,0.0779783316938396,-0.8661761530731095,-0.0074577528504895,4,0.069838904
2016-10-06,66.56320190429688,14.84000015258789,8709.5498046875,-0.0002223110447794,-0.0002223110447794,0.0034733959539117,0.0015528561728241,-0.0092107604649226,66.82563659667969,67.05511917114258,-0.0034222976157448,0,0.0501316883351425,0.0400166157334223,1.25274050980686,14.84000015258789,-0.1956639816299074,-0.8988907351463358,-0.0261042374273174,2,0.07474284
2016-10-07,66.68710327148438,14.489999771118164,8697.599609375,0.0018614093619722,0.0018614093619722,-0.0019336025502452,0.0065187336729384,-0.0081784767944401,66.81645858764648,67.05284969329834,-0.003525444581895,0,0.0490699201696496,0.0401739237340645,1.221406678814501,14.489999771118164,-0.1565774439041893,-1.04626608399488,-0.0247086585046552,3,0.085281685
2016-10-10,66.59120178222656,14.289999961853027,8708.7998046875,-0.0014380814963186,-0.0014380814963186,0.0006717201021784,0.0017992403156543,-0.0120146464088497,66.80018264770507,67.05045070648194,-0.0037325335794151,0,0.0482503806188663,0.0402554832333825,1.198574161064692,14.289999961853027,-0.0851472428585392,-1.1276671445364606,-0.0272214683398491,1,0.05321924
2016-10-13,66.81809997558594,15.43000030517578,8573.349609375,0.000293418482943,0.000293418482943,0.0065952930367207,0.0055395491986323,-0.0100582493412714,66.79086471557618,67.05002620697022,-0.0038651959746303,0,0.0482245687304061,0.0401383107780178,1.20142991485584,15.43000030517578,0.0293529380104049,-0.6147417502835094,-0.0330845274426424,2,0.07369537
2016-10-14,66.78399658203125,14.890000343322754,8583.400390625,-0.0005103915491034,-0.0005103915491034,0.0030940196953834,8.980059469476664e-05,-0.0051839239488103,66.78528457641602,67.05180618286133,-0.0039748609562949,0,0.0450097184716669,0.0387130137786662,1.1626208206928437,14.890000343322754,-0.0026791668476495,-0.8517891198230685,-0.015168115181404,2,0.10645787
2016-10-17,66.7052993774414,15.65999984741211,8520.400390625,-0.0011783841731182,-0.0011783841731182,0.002134775207311,-0.0043242534109069,-0.0065484740130731,66.77925048828125,67.0530376815796,-0.0040831437734186,0,0.042474411563507,0.0387683562427911,1.0955665938199526,15.65999984741211,0.0552560435574673,-0.4978365743662525,-0.0236288162606291,1,0.051450133
2016-10-18,66.78359985351562,14.539999961853027,8677.900390625,0.001173826919375,0.001173826919375,0.0014470051523818,0.00038193770644,-0.0012921024303504,66.78196243286133,67.05571567535401,-0.0040824743981263,0,0.0411366760700637,0.0379961658635743,1.082624852015582,14.539999961853027,0.0034506688422815,-0.9979097467481172,-0.0073948007740072,3,0.05243388
2016-10-19,66.73799896240234,14.609999656677246,8659.099609375,-0.0006828157094451,-0.0006828157094451,0.0022044530845959,-0.0016799428180332,-0.0039996083168898,66.78170242309571,67.05806068420411,-0.0041211788454463,0,0.0408034855500702,0.0377828009237269,1.079920086188234,14.609999656677246,0.022393260719276,-0.9585013657583537,-0.0137530829538429,1,0.10457585
2016-10-20,66.63639831542969,14.170000076293944,8699.400390625,-0.0015223807808486,-0.0015223807808486,-0.0027193479045743,-0.0063952844830538,-0.0030162352079026,66.78091033935547,67.06002769470214,-0.0041622016116275,0,0.0390317128260856,0.0375762436686023,1.038706116135352,14.170000076293944,-0.0816591188568665,-1.149160968013169,-0.0123745510156431,1,0.055972565
2016-10-21,66.84130096435547,13.829999923706056,8693.0498046875,0.0030749358324537,0.0030749358324537,0.0008580556009976,-0.0017011259861038,-0.004345139595309,66.78253631591797,67.06346420288087,-0.0041889856168634,0,0.0406061031981407,0.037019265326298,1.0968614849255416,13.829999923706056,-0.0711887437995958,-1.293013379036391,-0.0094406935185825,4,0.09554385
2016-10-24,66.91120147705078,14.329999923706056,8708.9501953125,0.0010457682852789,0.0010457682852789,0.0030867427555389,-0.0009525494367119,-0.0033929379663258,66.7839402770996,67.06832019805908,-0.0042401527296297,0,0.0408101326182698,0.0370868181291322,1.1003648819722245,14.329999923706056,-0.0849297532991892,-1.057907930721239,-0.007770197874853,3,0.0551035
2016-10-25,66.83399963378906,14.479999542236328,8691.2998046875,-0.0011537955014632,-0.0011537955014632,0.0007546730093015,0.001090448983398,-0.0055352444849341,66.78392028808594,67.0718201828003,-0.0042924121326914,0,0.0395110401236935,0.0370849578092608,1.0653908502756049,14.479999542236328,-0.0041265763255925,-0.9819205003138428,-0.0198648299956752,1,0.063804954
2016-10-26,66.78130340576172,14.449999809265137,8615.25,-0.0007884643791497,-0.0007884643791497,0.0006488723670567,0.0023821747095313,-0.0056979639499643,66.78366638183594,67.07442668914796,-0.0043348906828458,0,0.0389445105201405,0.0370957546148648,1.0498090985170787,14.449999809265137,-0.010951392961805,-0.9877173804827718,-0.024491715437385,1,0.088495545
2016-10-27,66.86399841308594,14.09000015258789,8615.25,0.0012382957969803,0.0012382957969803,0.0034155522118539,0.0025113119998023,-0.0043184459366037,66.7852864074707,67.0764716720581,-0.0043410939384382,0,0.0389946592171139,0.0371927771127166,1.0484189088658484,14.09000015258789,-0.0056457250017867,-1.1422818415168912,-0.0123580407198377,3,0.053096376
2016-10-28,66.90299987792969,14.649999618530272,8638.0,0.0005832954320619,0.0005832954320619,0.0009230657196082,0.0044515349909344,-0.0036190366029346,66.78818634033203,67.08002166748047,-0.004350555051921,0,0.0387419148533156,0.0372165642214862,1.040957829017444,14.649999618530272,0.0592913737778588,-0.8816088527365749,-0.0078563341399567,2,0.123375095
2016-11-01,66.66549682617188,15.739999771118164,8626.25,-0.0017355993918547,-0.0017355993918547,-0.0036721004174939,0.0033743678945188,-0.010971025391549,66.78419830322265,67.0803441619873,-0.0044147933715054,0,0.0382073861013409,0.0364902562016395,1.047028523496658,15.739999771118164,0.0983949654514337,-0.3846685008027003,-0.0135961516170681,1,0.071672864
2016-11-02,66.67849731445312,16.799999237060547,8514.0,0.0001950107461907,0.0001950107461907,-0.0023266947988748,0.0052115316423622,-0.008999157278654,66.78061431884765,67.08111663818359,-0.0044796857058411,0,0.0376827529554489,0.0363448179978099,1.0367837355516265,16.799999237060547,0.1602209784646107,0.0950039621925991,-0.0089917066783064,2,0.05039569
2016-11-03,66.77749633789062,16.469999313354492,8484.9501953125,0.0014847218732394,0.0014847218732394,-5.7007989915369706e-05,-0.0005807430359364,-0.0042572981685494,66.77805419921874,67.08138412475586,-0.0045218197193575,0,0.0280311727733782,0.0359111617572976,0.7805481876256612,16.469999313354492,0.1397923550693862,-0.0538916110018207,-0.0146554397017493,3,0.05129925
2016-11-04,66.68450164794922,16.850000381469727,8433.75,-0.0013926052194418,-0.0013926052194418,-0.0026845054049533,0.0020737452138939,-0.0048129616012857,66.77534423828125,67.08020164489746,-0.0045446703966399,0,0.0246248007469785,0.035977716027249,0.6844268908409219,16.850000381469727,0.1958836195168465,0.1186918927580699,-0.0348301831039402,1,0.048698016
2016-11-07,66.7853012084961,16.510000228881836,8497.0498046875,0.0015115890207746,0.0015115890207746,-0.0017592435264239,0.0061011891250246,0.0020600554942045,66.76850021362304,67.0799281692505,-0.0046426399688693,0,0.0233035337589216,0.0344596416512504,0.67623621158186,16.510000228881836,0.1269625023060694,-0.0352870373933553,-0.0310292985998278,3,0.050625928
2016-11-08,66.73500061035156,16.770000457763672,8543.5498046875,-0.0007531686948225,-0.0007531686948225,0.001042575057393,0.0023581013811704,-0.0002396794124985,66.75945220947266,67.07963817596436,-0.0047732214305,0,0.0212519687378713,0.0343597362571741,0.6184957324199978,16.770000457763672,0.0654384181463261,0.0815733297285586,-0.02291874795129,1,0.09329347
2016-11-09,66.22949981689453,16.6200008392334,8432.0,-0.0075747477160975,-0.0075747477160975,-0.006733767490907,-0.0050133118277894,-0.0066966025074842,66.74144226074219,67.0761856842041,-0.004990495807825,0,0.0339279036084886,0.0375033845899223,0.9046383237442952,16.6200008392334,-0.0107141908334182,0.0146510902862253,-0.0318672963484429,0,0.02433819
2016-11-10,66.50749969482422,15.460000038146973,8525.75,0.0041975234404347,0.0041975234404347,-0.0040432280015446,-0.0026932280433442,-0.0037822413619909,66.72839218139649,67.07404319763184,-0.0051532753917472,0,0.0366571257964053,0.038383832453245,0.954989860671032,15.460000038146973,-0.0613235772504601,-0.509271298956447,-0.0197582801109591,4,0.05656342
2016-11-11,67.2145004272461,17.360000610351562,8296.2998046875,0.0106303910937264,0.0106303910937264,0.0079478554416576,0.0093600750300002,0.0055878426441595,66.73257019042968,67.07359569549561,-0.0050843480438135,1,0.0520683066714487,0.0438684001205668,1.186893518679278,17.360000610351562,0.0302670752128109,0.3514145334879094,-0.0473658838475047,4,0.0005904098
2016-11-15,67.77549743652344,20.14999961853028,8108.4501953125,0.0033857819297105,0.0033857819297105,0.014826559289387,0.0143284149248079,0.0140719438158753,66.74550018310546,67.07363819122314,-0.0048922052980363,1,0.0530898629729693,0.0443541515549217,1.1969266502726734,20.14999961853028,0.2204724009198251,1.6037080769441003,-0.0542261117584812,4,0.048324157
2016-11-16,67.74800109863281,19.5,8111.60009765625,-0.0004056973232307,-0.0004056973232307,0.0151794482507896,0.0144346634813545,0.0142827559163674,66.7586602783203,67.07382320404052,-0.0046987470024107,1,0.053065128010965,0.0443413938147194,1.1967132002997558,19.5,0.1627906659342084,1.304016639073617,-0.0549665949970202,2,0.12312251
2016-11-17,67.98149871826172,18.709999084472656,8079.9501953125,0.0034465610179252,0.0034465610179252,0.0264534521053452,0.0191319033529726,0.0179462084422008,66.77575820922851,67.07489570617676,-0.004459753441267,1,0.0535943103551653,0.0448188709170182,1.1957711893992875,18.709999084472656,0.1257519939653419,0.9514733129611356,-0.0516936030139062,4,0.07024436
2016-11-18,67.97480010986328,17.809999465942383,8074.10009765625,-9.853575641516343e-05,-9.853575641516343e-05,0.0220621797808051,0.0178367182805427,0.0182269812762247,66.7957601928711,67.07502471923829,-0.0041634651278344,1,0.0536517085080361,0.0448074179580776,1.1973577946499283,17.809999465942383,0.1520051372572364,0.5507278006363292,-0.0695790762499479,2,0.10192172
2016-11-21,68.16999816894531,19.100000381469727,7929.10009765625,0.0028716238777686,0.0028716238777686,0.0142156489392264,0.0214570294106315,0.0195184545708888,66.82330017089843,67.07683471679688,-0.003779763117459,1,0.0539102249794556,0.0450912355805264,1.1955544959216284,19.100000381469727,0.1002303980381558,1.1347811003595214,-0.0843043208474466,4,0.074099325
2016-11-22,68.21549987792969,18.46999931335449,8002.2998046875,0.0006674741118755,0.0006674741118755,0.0064920577206879,0.0236972826025976,0.0203088561995588,66.85841018676757,67.08020721435547,-0.00330644517658,1,0.0532157258701809,0.04509096599791,1.1801598065750207,18.46999931335449,-0.0833747065499114,0.8527008722101943,-0.0801320268795465,3,0.09854833
2016-11-23,68.385498046875,18.040000915527344,8033.2998046875,0.00249207539708,0.00249207539708,0.009409826679817,0.0231024390644791,0.0221206877795361,66.90101608276368,67.08328472137451,-0.0027170499978925,1,0.0529633358075209,0.0452986551444286,1.169177461476433,18.040000915527344,-0.0748717479216747,0.6622285712183761,-0.0758939629730692,4,0.094175994
2016-11-24,68.79850006103516,17.15999984741211,7965.5,0.0060393215806817,0.0060393215806817,0.0120179954572547,0.0282060184591317,0.0296094039995062,66.94755401611329,67.08629722595215,-0.0020681303869188,1,0.0558301647726957,0.0465961497625971,1.1981454886648413,17.15999984741211,-0.0828433625283757,0.2624780697580118,-0.0853662242451052,4,0.018155804
2016-11-25,68.74549865722656,17.610000610351562,8114.2998046875,-0.0007703860369276,-0.0007703860369276,0.0113380038796384,0.0286006977572998,0.0241033280991291,66.99346405029297,67.0895597076416,-0.0014323489044701,1,0.0556434569488521,0.0458763270320132,1.2128748675794507,17.610000610351562,-0.0112295823463258,0.465173398324254,-0.0663882287996561,1,0.10161706
2016-11-28,68.50849914550781,18.059999465942383,8126.89990234375,-0.0034474913463128,-0.0034474913463128,0.0049655418168501,0.0258634625510629,0.0196628878562796,67.02807403564454,67.09275218963623,-0.0009640110426366,1,0.0575704736018763,0.0464844571200638,1.2384620302470493,18.059999465942383,-0.0544503086259789,0.6683558071005516,-0.0566843791713821,0,0.051251512
2016-11-29,68.55549621582031,17.709999084472656,8142.14990234375,0.0006860035017359,0.0006860035017359,0.0049841507941603,0.0252975867863045,0.021234902736865,67.0592839050293,67.09611965179444,-0.0005489996583453,1,0.057582468681429,0.046433719525809,1.240073575752383,17.709999084472656,-0.0411478211768163,0.5099880112850035,-0.0549142622275906,3,0.099244095
2016-11-30,68.60800170898438,16.850000381469727,8224.5,0.0007658830591608,0.0007658830591608,0.003253667348549,0.0254846843066172,0.0215604223930669,67.09628189086914,67.09922966003418,-4.39314904207011e-05,1,0.0575673642729905,0.0464420753728378,1.2395252426943864,16.850000381469727,-0.065964549537986,0.1200478764620586,-0.0478698772864089,3,0.08557526
2016-12-01,68.58799743652344,16.690000534057617,8192.900390625,-0.0002915734602764,-0.0002915734602764,-0.0030596978760433,0.0288380151934428,0.0236158986937518,67.13103576660156,67.10253463745117,0.0004247399789645,1,0.0568981985349953,0.0461564327213794,1.2326985098684,16.690000534057617,-0.0273892376185174,0.0487856299791616,-0.0502361523692218,2,0.07958775
2016-12-02,68.21649932861328,17.93000030517578,8086.7998046875,-0.0054163719862789,-0.0054163719862789,-0.0076950395145278,0.0230659369377657,0.0162001752070639,67.15405975341797,67.10579711914062,0.000719202160607,1,0.0612116213843288,0.0474617767556199,1.2896763646910074,17.93000030517578,0.0181714755101209,0.6074447989584763,-0.0501762033488959,0,0.020779304
2016-12-05,68.0114974975586,17.290000915527344,8128.75,-0.0030051649245023,-0.0030051649245023,-0.0072545983950635,0.0184792965795541,0.0137352990008665,67.17518569946289,67.1068445968628,0.0010183924309157,1,0.0625932659333334,0.0478751968416562,1.3073984581597358,17.290000915527344,-0.0426355799105701,0.3146478750883615,-0.0419802340748307,0,0.047404625
2016-12-06,68.01249694824219,17.110000610351562,8143.14990234375,1.4695319473512214e-05,1.4695319473512214e-05,-0.0079205796405981,0.0199146018561242,0.0131973725276521,67.19593566894531,67.10652709960938,0.0013323378991616,1,0.0622047610841137,0.0478708425980345,1.29940185520805,17.110000610351562,-0.0338790799061726,0.2329456148040253,-0.0344568071920853,2,0.06092907
2016-12-07,67.72200012207031,16.850000381469727,8102.0498046875,-0.004271227189217,-0.004271227189217,-0.0129139687040037,0.0140255250275798,0.0111579325324986,67.21515167236328,67.10549709320068,0.0016340625420045,1,0.064452766090723,0.0484522705093744,1.3302046572532826,16.850000381469727,0.0,0.1139376229799112,-0.0464867229308334,0,0.019374128
2016-12-08,67.43150329589844,15.529999732971191,8246.849609375,-0.0042895488267955,-0.0042895488267955,-0.0168614653270101,0.0104368424241663,0.0095594453808312,67.23132980346679,67.10318962097168,0.0019095989805986,1,0.0664096027092218,0.0489308088817154,1.357186750846593,15.529999732971191,-0.0695027419992784,-0.4824902023323318,-0.0347279763207691,0,0.027050665
2016-12-09,67.40599822998047,15.06999969482422,8261.75,-0.0003782366501018,-0.0003782366501018,-0.011881305939322,0.0177639634353061,0.0142341131287921,67.24551971435547,67.0978496170044,0.002200817137866,1,0.0600785000353584,0.0488028134104744,1.2310206075508052,15.06999969482422,-0.1595092337798775,-0.6874132028086453,-0.0201909392789373,2,0.09264785
2016-12-12,67.46050262451172,16.190000534057617,8170.7998046875,0.0008085985811721,0.0008085985811721,-0.0081014959723045,0.0143292551074756,0.0181917693761615,67.26259979248047,67.09459712982178,0.0025039670829771,1,0.0586593507503745,0.0483763178335974,1.2125383005346435,16.190000534057617,-0.0636206086306142,-0.1796621258528985,-0.0416327238439433,3,0.07059358
2016-12-13,67.41799926757812,15.920000076293944,8221.7998046875,-0.0006300480322563,-0.0006300480322563,-0.0087410065405549,0.0030276032558227,0.0142375965932424,67.2821337890625,67.09100212097168,0.0028488420510726,1,0.0455352225202489,0.0480003986485205,0.9486228277153,15.920000076293944,-0.0695499995095072,-0.3025126650463725,-0.0089799069168048,1,0.10521068
2016-12-14,67.3864974975586,16.59000015258789,8182.4501953125,-0.0004672605292617,-0.0004672605292617,-0.0049541157069632,-0.0057395364649174,0.0140933121493722,67.30320770263671,67.08540462493896,0.0032466537082909,1,0.0437540349027797,0.0480068800719066,0.9113927721291696,16.59000015258789,-0.0154302802964778,-0.0009711613014301,0.0091262816219528,2,0.09927159
2016-12-15,67.81999969482422,15.65999984741211,8153.60009765625,0.0064330721044127,0.0064330721044127,0.0057613486269318,0.0010627412620867,0.0156039387043533,67.32328170776367,67.082724609375,0.0035859768634836,1,0.0495210205493801,0.0487029385361087,1.016776507975133,15.65999984741211,0.0083709025548093,-0.421662509317953,0.0051777700446715,4,0.013554454
2016-12-16,67.84500122070312,15.25,8139.4501953125,0.0003686453257358,0.0003686453257358,0.0065128178834297,-0.0020078624351058,0.012687490697423,67.34925170898437,67.07911960601807,0.00402706691073,1,0.0479892642547356,0.0480526834029918,0.998659433706342,15.25,0.0119442806118701,-0.6055529833113632,0.0073639067768658,2,0.083736114
2016-12-19,67.83499908447266,14.84000015258789,8104.35009765625,-0.0001474262812367,-0.0001474262812367,0.0055513440515764,-0.002056659602745,0.0161313253146986,67.37834564208984,67.07560459136963,0.0045134300699118,1,0.0479896552840597,0.0474833506994106,1.0106414971923652,14.84000015258789,-0.083384826246907,-0.7885521242461178,0.0037465475575142,2,0.059369765
2016-12-20,67.84020233154297,14.539999961853027,8082.39990234375,7.670446142160614e-05,7.670446142160614e-05,0.006262468013759,-0.0048378443048364,0.0148076916273225,67.40358963012696,67.07193561553954,0.0049447509087627,1,0.0467749239213904,0.047418591419635,0.9864050389523678,14.539999961853027,-0.086683423858511,-0.9202770368809424,0.0193338213415685,2,0.057736777
2016-12-21,67.89700317382812,14.710000038146973,8061.2998046875,0.000837274069549,0.000837274069549,0.0075757858803691,-0.0046689785264566,0.0124013936594116,67.43026565551757,67.06840564727783,0.005395387064109,1,0.0468195038920728,0.0470282285919062,0.9955405456114688,14.710000038146973,-0.1133212837341448,-0.8386966594856509,0.0073728804768649,3,0.09262523
2016-12-22,67.82550048828125,15.550000190734863,7979.10009765625,-0.0010531051770255,-0.0010531051770255,8.110872134747815e-05,-0.008188834980918,0.0129982479393688,67.45303359985351,67.06565315246581,0.0057761376975935,1,0.045833501686054,0.0469542438131841,0.9761103971349177,15.550000190734863,-0.0070242437898506,-0.4583145925117095,-0.0067468796570525,1,0.05411171
2016-12-23,67.83799743652344,15.130000114440918,7985.75,0.0001842514710872,0.0001842514710872,-0.0001032321328567,-0.013961098332952,0.0128853898031189,67.47796951293945,67.06085815429688,0.0062198929468344,1,0.0395452633862189,0.0469529867887871,0.8422131131080552,15.130000114440918,-0.0078688449546938,-0.6435777243216627,0.002542213294834,2,0.046243005
2016-12-26,67.83080291748047,16.600000381469727,7908.25,-0.0001060544136742,-0.0001060544136742,-6.185843663031321e-05,-0.0133055364731133,0.0160213262657185,67.49822357177734,67.05636215209961,0.00658940338391,1,0.0395901717924857,0.046474365804185,0.8518528279969059,16.600000381469727,0.1185983969531776,0.0209145447856142,-0.0253934177497937,2,0.04429756
2016-12-27,67.77200317382812,15.079999923706056,8032.85009765625,-0.0008668590245626,-0.0008668590245626,-0.0010052911897512,-0.0107504321487967,0.0172525012433641,67.51798370361328,67.05413215637208,0.0069175684230688,1,0.0382671583736888,0.0463007210930437,0.8264737783027667,15.079999923706056,0.0371389245715108,-0.6599232122859392,-0.011572654495274,1,0.08074016
2016-12-28,67.96800231933594,15.539999961853027,8034.85009765625,0.0028920370703089,0.0028920370703089,0.0010456889433845,-0.0085696104457456,0.0190639626156079,67.54323776245117,67.05524215698242,0.0072775161161346,1,0.0398668111401195,0.0465830495990459,0.8558038960386138,15.539999961853027,0.0564241958907982,-0.4503571014769855,-0.013178313587252,4,0.086600795
2016-12-29,68.20500183105469,15.279999732971191,8103.60009765625,0.0034869277252735,0.0034869277252735,0.005595260485236,-0.0058739486341418,0.0239992064371146,67.57166580200196,67.0593271636963,0.0076400802092007,1,0.0419358957918485,0.0469299363325049,0.8935661435504578,15.279999732971191,-0.0173633732766477,-0.5702299240605444,-0.0146999698879871,4,0.053666048
2016-12-30,67.93299865722656,15.470000267028809,8185.7998046875,-0.0039880238476041,-0.0039880238476041,0.0014004131061211,-0.0095497580302306,0.0224513853786272,67.59556579589844,67.06327716827393,0.0079371102949368,1,0.043862575693851,0.047385330366532,0.9256377388705792,15.470000267028809,0.0224719200275071,-0.486883742420124,-0.0008666754871846,0,0.035321776
2017-01-02,67.9448013305664,15.829999923706056,8179.5,0.0001737399139318,0.0001737399139318,0.001680628979501,-0.0039828780532704,0.0243016949008283,67.62173385620117,67.06777118682861,0.0082597447264112,1,0.0399968888871393,0.0472297824210505,0.8468394304921122,15.829999923706056,-0.0463855686788542,-0.327807229284938,0.011463149521615,2,0.06620502
2017-01-03,68.13390350341797,15.960000038146973,8192.25,0.0027831735342271,0.0027831735342271,0.0053399680198562,0.001799784012457,0.0197198000490079,67.64758590698243,67.0716556930542,0.0085867898738614,1,0.0398840158287917,0.0453363722464227,0.8797160896756353,15.960000038146973,0.0583554455499391,-0.2720739579604061,0.0078117791788405,4,0.09067941
2017-01-04,68.2697982788086,15.890000343322754,8190.5,0.0019945250220958,0.0019945250220958,0.0044402652597426,0.0037831478347605,0.025896134118394,67.67475784301757,67.07727970123291,0.0089073102613266,1,0.0404237858479117,0.0446361008897593,0.9056095723543232,15.890000343322754,0.0225225471254113,-0.3088503322775495,0.0058147152175869,3,0.090641215
2017-01-05,67.885498046875,15.050000190734863,8273.7998046875,-0.0056291397019241,-0.0056291397019241,-0.0046844626581948,0.0024142512700449,0.022675335341854,67.6957878112793,67.08016220092773,0.0091774615646809,1,0.042527961867675,0.0458596484625818,0.9273301467242462,15.050000190734863,-0.015052326325637,-0.6948263480903937,0.0211983392030783,0,0.025874283
2017-01-06,67.73300170898438,14.90999984741211,8243.7998046875,-0.0022463757691713,-0.0022463757691713,-0.0029440323877254,0.0044711803585768,0.0173480538386929,67.71482177734374,67.08426219940185,0.0093995157324322,1,0.0403952181313354,0.0457919327681542,0.8821277801937917,14.90999984741211,-0.0361991215223329,-0.7601828336077995,-0.0003698145148703,0,0.106099226
2017-01-09,68.1426010131836,15.479999542236328,8236.0498046875,0.0060472634294146,0.0060472634294146,0.0029111819998537,0.0109278521577551,0.0237278115190062,67.7403938293457,67.0891051864624,0.0097078153162597,1,0.0450674138068412,0.0472621460091959,0.9535424027438308,15.479999542236328,-0.0221099420819066,-0.503279771471083,-0.0031107447347716,4,0.019716436
2017-01-10,68.09700012207031,15.199999809265137,8288.599609375,-0.0006691979823966,-0.0006691979823966,-0.0005416302229888,0.0094351134781986,0.0211419717069765,67.76427383422852,67.09279518127441,0.0100082080518464,1,0.0452392245407617,0.0471884633983673,0.958672154392985,15.199999809265137,-0.0476190618461975,-0.6335963161208481,0.0144171693718306,1,0.105803534
2017-01-11,68.31800079345703,14.8100004196167,8380.650390625,0.0032453804277803,0.0032453804277803,0.0007060591339611,0.0133495733432678,0.02593133875069,67.79732391357422,67.10023517608643,0.0103887674262015,1,0.0460567502993114,0.0474414298895071,0.9707923984200848,14.8100004196167,-0.0679672687458367,-0.815204876469711,0.0193206584581315,4,0.06220637
2017-01-12,68.13999938964844,14.609999656677246,8407.2001953125,-0.0026054832070794,-0.0026054832070794,0.0037489795331207,0.0111817933869784,0.0197835528778205,67.82655395507813,67.10787517547607,0.0107093061391503,1,0.0472812740737497,0.0477989859833342,0.9891482832282548,14.609999656677246,-0.0292359155137081,-0.9013863110456112,0.02746732270106,0,0.10001341
2017-01-13,68.12950134277344,14.380000114440918,8400.349609375,-0.0001540658492666,-0.0001540658492666,0.0058538618366956,0.0045635748944545,0.0201471135242632,67.85359405517578,67.11664268493652,0.0109801584340072,1,0.042154012372139,0.0477807693656421,0.8822195772944786,14.380000114440918,-0.0355465954658063,-1.0004355978850168,0.0302626457961407,2,0.062120013
2017-01-16,68.15779876708984,15.06999969482422,8412.7998046875,0.0004153475918462,0.0004153475918462,0.0002230286734037,0.0046104730010863,0.0217748725094493,67.88305999755859,67.12483169555664,0.0112957944601019,1,0.0421563949793857,0.0476904107381449,0.8839410352285477,15.06999969482422,-0.0264857790398149,-0.6819523898790447,0.033583301428937,2,0.081615746
2017-01-17,68.09459686279297,15.390000343322754,8398.0,-0.0009272879324176,-0.0009272879324176,-3.5291705552942254e-05,0.0038269002996085,0.0196305232445226,67.90924591064453,67.13148468017579,0.0115856402427878,1,0.0423288120058011,0.0477185262208676,0.8870333668000858,15.390000343322754,0.0125000352922244,-0.5304307724565975,0.0362336151332693,1,0.07510717
2017-01-18,67.89949798583984,15.18000030517578,8417.0,-0.0028651153827408,-0.0028651153827408,-0.0061258058309174,0.0008740489010792,0.0174038634885029,67.9325358581543,67.13644718170166,0.0118577718939767,1,0.0436306043216968,0.0480925951030761,0.9072019720752,15.18000030517578,0.0249831110787137,-0.6216095745019374,0.0413986070596708,0,0.071992956
2017-01-19,68.197998046875,15.020000457763672,8435.099609375,0.0043962042414129,0.0043962042414129,0.0008511690306145,0.0044331098425105,0.0234346358885324,67.97190582275391,67.14290218353271,0.0123468544293057,1,0.0461157086561302,0.0486698353631023,0.9475018933225632,15.020000457763672,0.0280630260589391,-0.68877021592591,0.0463696691283137,4,0.030027142
2017-01-20,68.09030151367188,15.789999961853027,8349.349609375,-0.0015791744081563,-0.0015791744081563,-0.00057537231785,0.0039041514398612,0.0186860598357063,68.00356185913085,67.15151371002197,0.0126884429260709,1,0.0463334268293096,0.0484899880549211,0.9555059339445124,15.789999961853027,0.0980528397907407,-0.3317300845170634,0.0464024147068296,1,0.064450435
2017-01-23,68.07720184326172,15.90999984741211,8391.5,-0.0001923867293718,-0.0001923867293718,-0.0011825047945509,0.0035261124410712,0.0174260862228106,68.02081588745118,67.16005973815918,0.0128164887382156,1,0.0463523429385575,0.0484705309016509,0.9562797393919072,15.90999984741211,0.0557398918114369,-0.27263151317094,0.0508092539836584,2,0.059274226
2017-01-24,68.05139923095703,15.289999961853027,8475.7998046875,-0.0003790198716465,-0.0003790198716465,-0.0006343767909071,0.0032521554218505,0.0182152737205405,68.02633392333985,67.1690767288208,0.0127626764616703,1,0.0463825864757493,0.0484053892542785,0.9581914121316052,15.289999961853027,-0.0064977504378752,-0.5518420404397241,0.0717668010858914,2,0.09625289
2017-01-25,68.16449737548828,15.170000076293944,8602.75,0.0016619517865814,0.0016619517865814,0.0039028180989453,0.0057913914784759,0.0207122936987662,68.03466384887696,67.17810920715333,0.0127505023858638,1,0.0465051484264018,0.0484415011786303,0.9600071692193486,15.170000076293944,-0.0006587765929376,-0.6009864096281806,0.0709461642400162,3,0.05705266
2017-01-27,68.14900207519531,16.010000228881836,8641.25,0.0025893002154926,0.0025893002154926,-0.0007184370961448,0.0026630142079058,0.0192181696070674,68.03801391601563,67.18818920135499,0.0126484241465985,1,0.0463022102666993,0.0486250701144209,0.952209589583254,16.010000228881836,0.0659120999298268,-0.2073490900392328,0.0754712153896481,4,0.10795908
2017-01-30,68.11000061035156,16.670000076293945,8632.75,-0.0005722969325466,-0.0005722969325466,0.0002893084072439,-0.0013928776211815,0.0180410554776939,68.0407179260254,67.19639919281006,0.0125649401360434,1,0.0448554563522067,0.048652822775061,0.9219307711869816,16.670000076293945,0.0557314829998039,0.1020587552056626,0.0652981262607952,1,0.098015465
2017-01-31,67.82099914550781,16.829999923706055,8561.2998046875,-0.0042431575723672,-0.0042431575723672,-0.0037634140478302,-0.0016486761063481,0.0173328389398923,68.03373794555664,67.20283920288085,0.0123640422418367,1,0.0451540983254978,0.0493296098837335,0.9153363080635089,16.829999923706055,0.0578252724775223,0.1856233699179258,0.0458721211072099,0,0.022218993
2017-02-01,67.50160217285156,13.970000267028809,8716.400390625,-0.0047094111953583,-0.0047094111953583,-0.0080791440634384,-0.0065229296286934,0.0123443822453992,68.01945999145508,67.20645221710205,0.0120971684642228,1,0.0480722954275981,0.0503147459955574,0.955412554786382,13.970000267028809,-0.0863309155080105,-1.148309359692519,0.0656397567852558,0,0.022244213
2017-02-02,67.39540100097656,13.520000457763672,8734.25,-0.0015733133504454,-0.0015733133504454,-0.0112829464622192,-0.0108389871190098,0.0092531870311425,67.9996580505371,67.21070922851563,0.0117384391725292,1,0.0470544699888033,0.0503606968355727,0.9343305119847888,13.520000457763672,-0.1087672781959121,-1.3490359509546552,0.0661600903292747,1,0.08882694
2017-02-03,67.2656021118164,13.130000114440918,8740.9501953125,-0.001925930957192,-0.001925930957192,-0.0129627718158538,-0.0147092300301098,0.0087141757006001,67.96900009155273,67.21558723449706,0.0112089009120341,1,0.0465177147127824,0.0504369368900594,0.9222763178077248,13.130000114440918,-0.1798875748449668,-1.5183845138562282,0.0672059331313716,1,0.11277686
2017-02-06,67.15730285644531,13.399999618530272,8801.0498046875,-0.0016100243210648,-0.0016100243210648,-0.0139876339064582,-0.0107268151723195,0.0055701126028895,67.93723617553711,67.21979873657227,0.0106730078406869,0,0.0429543718218177,0.0504705105587433,0.8510617444632166,13.399999618530272,-0.1961607944089858,-1.380275309107419,0.0637252547132321,1,0.090310186
2017-02-07,67.19529724121094,13.510000228881836,8768.2998046875,0.0005657520947028,0.0005657520947028,-0.0092257842287821,-0.007938589080751,0.0068973795856679,67.91097213745117,67.22251022338867,0.0102415383146903,0,0.0425139053971974,0.0504531210078718,0.8426250333558358,13.510000228881836,-0.1972667682634865,-1.3173251512110455,0.0636235731612215,2,0.11390738
2017-02-08,67.34049987792969,13.350000381469728,8769.0498046875,0.0021609047460198,0.0021609047460198,-0.0023866440163796,-0.0117709204422461,0.0167750030440627,67.88667221069336,67.22810272216798,0.0097960445388001,1,0.0370502134930992,0.0481539803782223,0.769395256775037,13.350000381469728,-0.0443808069941392,-1.3801865159754796,0.0647154901487661,3,0.09384687
2017-02-09,66.96430206298828,13.239999771118164,8778.400390625,-0.0055865016687335,-0.0055865016687335,-0.006396563142076,-0.0166335970314633,0.0068684339399336,67.85379821777343,67.23190422058106,0.0092499833881247,0,0.0411444442939641,0.0488523818322691,0.8422025814963533,13.239999771118164,-0.020710109257779,-1.4186767867478056,0.0590933094048842,0,0.031415056
2017-02-10,66.74530029296875,13.18000030517578,8793.5498046875,-0.0032704256338479,-0.0032704256338479,-0.0077350354789473,-0.0230202945376425,-0.0069806385719582,67.81694427490234,67.23307071685791,0.0086843208531011,0,0.0395076659029643,0.0443537364347674,0.8907203396658284,13.18000030517578,0.0038080876084585,-1.433580128064276,0.0492681826370409,0,0.043300606
2017-02-13,66.84369659423828,13.6899995803833,8805.0498046875,0.0014742056869567,0.0014742056869567,-0.0046697268780641,-0.0190241092900139,-0.0137483438341098,67.78948822021485,67.23402420043945,0.008261650650561,0,0.0399074941870508,0.0438983754054165,0.9090674711997572,13.6899995803833,0.0216417888140834,-1.18751237153666,0.0473224855043685,3,0.037570566
2017-02-14,66.91539764404297,13.800000190734863,8792.2998046875,0.0010726673337642,0.0010726673337642,-0.0041654640824523,-0.0178205281823811,-0.0122897124798955,67.76756622314453,67.23507617950439,0.0079198250957357,0,0.040372450121837,0.0439658139969507,0.9182482525260288,13.800000190734863,0.0214655778638006,-1.1274155997484607,0.0466587955904922,3,0.05474602
2017-02-15,66.7759017944336,14.210000038146973,8724.7001953125,-0.0020846599515319,-0.0020846599515319,-0.0083842276864525,-0.020274964826527,-0.0177341916044617,67.74283432006835,67.23667068481446,0.0075280889148519,0,0.0404162706191443,0.0435172789650268,0.9287194158487894,14.210000038146973,0.0644194480976161,-0.9302285066214588,0.0370745052617575,0,0.11687823
2017-02-16,66.8655014038086,13.729999542236328,8778.0,0.001341795572463,0.001341795572463,-0.0014754228168727,-0.0180498235632547,-0.0163192639663787,67.72570434570312,67.23922317504883,0.0072350801761613,0,0.0411114762872211,0.0436309186600065,0.9422339780098724,13.729999542236328,0.0370090467967418,-1.14544842433247,0.0452488687782806,3,0.0487455
2017-02-17,67.16480255126953,13.43000030517578,8821.7001953125,0.0044761669497312,0.0044761669497312,0.006285120547206,-0.0108203367677848,-0.0147454253289638,67.72037033081055,67.24285717010498,0.0071013216987136,0,0.0440667399117677,0.0442061796159937,0.9968231471574078,13.43000030517578,0.0189681330964632,-1.282528316433573,0.0480812873128786,4,0.023574632
2017-02-20,67.06520080566406,13.609999656677246,8879.2001953125,-0.0014829455581208,-0.0014829455581208,0.0033137636413256,-0.0166104178077532,-0.0168627229049711,67.71355438232422,67.24609317779542,0.0069514998186268,0,0.0406076594192268,0.0442463697244833,0.9177417702358348,13.609999656677246,-0.0058436761255046,-1.1993250585733062,0.0526491217061519,1,0.05062452
2017-02-21,66.96499633789062,13.529999732971191,8907.849609375,-0.0014941350591612,-0.0014941350591612,0.0007412149608898,-0.0165266587276794,-0.020771972853231,67.7036442565918,67.24906314849854,0.0067596645486267,0,0.040584475658296,0.0439701243147149,0.9229801668890792,13.529999732971191,-0.0195652502921663,-1.2671258955391778,0.0668914377920997,1,0.061563037
2017-02-22,66.96510314941406,13.699999809265137,8926.900390625,1.5950351568427834e-06,1.5950351568427834e-06,0.0028333777589844,-0.0163358461237597,-0.0266487919067215,67.69458633422852,67.25092864990235,0.0065970491892504,0,0.0406179613356738,0.0420570941287514,0.965758486614517,13.699999809265137,-0.0358902341669762,-1.2023154725261531,0.0638027040010724,2,0.051638633
2017-02-23,66.91429901123047,13.399999618530272,8939.5,-0.0007586658691504,-0.0007586658691504,0.000729787504728,-0.0167094318790919,-0.0266373752720403,67.68514236450196,67.25240013122558,0.0064345990987977,0,0.0406076883002261,0.0420566591050678,0.9655242151918318,13.399999618530272,-0.0240349551863354,-1.3630722037234515,0.0547087243679413,1,0.09037485
2017-02-27,66.63500213623047,13.68000030517578,8896.7001953125,-0.0007167988825946,-0.0007167988825946,-0.0078880662923804,-0.0224382970336082,-0.0273469282300018,67.66144241333008,67.2525651550293,0.006079727328738,0,0.0397163911905606,0.0415993460518645,0.9547130002487204,13.68000030517578,0.0186150405300924,-1.2270175308483682,0.0341693290299613,1,0.09905742
2017-02-28,66.69319915771484,13.789999961853027,8879.599609375,0.0008733701450986,0.0008733701450986,-0.0055468654903035,-0.0213620577433275,-0.0271648104222417,67.6384063720703,67.25306114196778,0.0057297797833928,0,0.0383027622256541,0.0416197572783043,0.9202802815320276,13.789999961853027,0.0132255921907735,-1.1711009485389656,0.0275827697815709,3,0.07527806
2017-03-01,66.7051010131836,13.579999923706056,8945.7998046875,0.0001784568084761,0.0001784568084761,-0.0038810623298723,-0.0206269209305285,-0.0277358420067727,67.61580841064453,67.25298164367676,0.0053949543663374,0,0.0384617972934518,0.0415732134807925,0.92513589730859,13.579999923706056,0.0036955056704857,-1.2888517676888287,0.0362630453433145,2,0.042876177
2017-03-02,66.85800170898438,13.359999656677246,8899.75,0.0022921889552429,0.0022921889552429,-0.0015993619869548,-0.0141991042399325,-0.0252230097421948,67.59616439819337,67.25394165039063,0.0050885158461302,0,0.0377993474822198,0.0419061252383772,0.9019790135259484,13.359999656677246,-0.0248175297314933,-1.4112001263039995,0.0395325713424019,3,0.10689263
2017-03-03,66.84510040283203,13.350000381469728,8897.5498046875,-0.0001929657755626,-0.0001929657755626,-0.0010341378363214,-0.0097257212997466,-0.0201036250654688,67.57512634277344,67.25521213531493,0.0047567199225371,0,0.0345828364662946,0.0405969447218756,0.8518371238547,13.350000381469728,-0.0037312864540235,-1.4181273654838584,0.0207825944133241,2,0.07201364
2017-03-06,66.77300262451172,13.640000343322754,8963.4501953125,-0.0010785798493206,-0.0010785798493206,0.0020709909785718,-0.0092350274235452,-0.0182100809218519,67.55407638549805,67.25532215118409,0.004442090599795,0,0.0343949235951098,0.0402409116888993,0.8547040175677737,13.640000343322754,-0.002923973754437,-1.2801117343002717,0.0262415428127773,1,0.06173406
2017-03-07,66.66470336914062,13.880000114440918,8946.900390625,-0.0016219018332918,-0.0016219018332918,-0.0004272667818323,-0.0089332247658602,-0.0198168518960161,67.53061050415039,67.2541456604004,0.0041107479849049,0,0.0342267072668448,0.0403402600941427,0.8484293050581796,13.880000114440918,0.0065264795385682,-1.1558401725135086,0.0235615340106782,1,0.06451897
2017-03-08,66.61620330810547,14.079999923706056,8924.2998046875,-0.0007275223406695,-0.0007275223406695,-0.0013326972559498,-0.0080571959463067,-0.0163284724605242,67.50631851196289,67.25285167694092,0.0037688637537562,0,0.0339233029002786,0.0395059009297007,0.8586677796024128,14.079999923706056,0.0368188514586933,-1.048982941850492,0.0140040111958412,1,0.094564185
2017-03-09,66.76499938964844,14.390000343322754,8927.0,0.0022336319717106,0.0022336319717106,-0.0013910424625126,-0.0064036899787475,-0.0098841620559056,67.4861784362793,67.25233669281006,0.0034770798305101,0,0.0348871596266221,0.0388827868625956,0.8972161006309263,14.390000343322754,0.0770958617600503,-0.8579515729116889,0.0180993121639909,3,0.10963631
2017-03-10,66.68049621582031,13.960000038146973,8934.5498046875,-0.0012656807399181,-0.0012656807399181,-0.002462471984031,-0.0098009914287209,-0.0107631669763993,67.46042831420898,67.24993915557862,0.0031299531460304,0,0.0340507211560581,0.0389532130383982,0.8741216546331813,13.960000038146973,0.0456928568724197,-1.1411966885770664,0.0188731964906314,1,0.05006083
2017-03-14,66.17009735107422,12.399999618530272,9087.0,-0.0047364556875452,-0.0047364556875452,-0.0090291772084573,-0.0118601208023794,-0.0191283080207681,67.41973022460938,67.24340465545654,0.0026221987131125,0,0.0324794858142946,0.0400097293483124,0.8117694014409289,12.399999618530272,-0.0909091417581602,-2.1620253051161105,0.0351544240001371,0,0.016877888
2017-03-15,65.77510070800781,12.420000076293944,9084.7998046875,-0.0059694130563341,-0.0059694130563341,-0.0133444329033737,-0.0145358486770212,-0.0243688418140346,67.376572265625,67.2351651763916,0.0021031715897836,0,0.0367014658755145,0.0416574007585404,0.8810099573491273,12.420000076293944,-0.1051873217657954,-2.13311940201315,0.0331208677347509,0,0.025607977
2017-03-16,65.62049865722656,11.90999984741211,9153.7001953125,-0.0023504646761024,-0.0023504646761024,-0.0149468838125416,-0.0182993759970653,-0.0262070133619277,67.3300862121582,67.22602767944336,0.0015478905463675,0,0.0366453205748198,0.0418685407110652,0.8752262373189892,11.90999984741211,-0.154119324435534,-2.4401459776326715,0.0395966403778194,0,0.11936231
2017-03-17,65.40450286865234,11.850000381469728,9160.0498046875,-0.0032915901737121,-0.0032915901737121,-0.0203773913492618,-0.022579179510041,-0.0356162907260557,67.27549819946289,67.2147951889038,0.0009031197727893,0,0.0372903461427244,0.0400152059880108,0.9318811022188604,11.850000381469728,-0.1765114594338168,-2.445583519078683,0.0418263717308569,0,0.06820456
2017-03-20,65.46810150146484,12.020000457763672,9126.849609375,0.000972389209046,0.000972389209046,-0.0181821489514923,-0.019584913985808,-0.0350342645216573,67.21946426391601,67.20561569213868,0.0002060627171509,0,0.0374458099541167,0.0400821098028307,0.9342042106591296,12.020000457763672,-0.1389684509371114,-2.309029650650101,0.0460932072231619,3,0.08297559
2017-03-21,65.33529663085938,11.9399995803833,9121.5,-0.0020285431769011,-0.0020285431769011,-0.0126159814422774,-0.0228848171452141,-0.0368497455200151,67.1684602355957,67.19752216339111,-0.0004324851104591,0,0.0370226322275663,0.0402071407593168,0.9207745379021948,11.9399995803833,-0.0370967784111506,-2.329053183240306,0.039131920710868,1,0.11867173
2017-03-22,65.49500274658203,12.270000457763672,9030.4501953125,0.0024444079074896,0.0024444079074896,-0.0042584193473029,-0.0248612329860252,-0.0345694662509948,67.12370025634766,67.18987716674805,-0.0009849238187495,0,0.0339167179720624,0.0406092009647263,0.8351772994554294,12.270000457763672,-0.0120772638976529,-2.091637249795077,0.0236632389877544,3,0.12359671
2017-03-23,65.36499786376953,11.84000015258789,9086.2998046875,-0.0019849588115222,-0.0019849588115222,-0.0038936124943466,-0.0253514925992875,-0.037291856660834,67.06814819335938,67.18103713989258,-0.0016803692133857,0,0.0340712682042529,0.0406494589458307,0.8381521165518704,11.84000015258789,-0.0058773883896756,-2.335570557636913,0.0233241288426329,1,0.089633025
2017-03-24,65.44439697265625,11.979999542236328,9108.0,0.0012147037632006,0.0012147037632006,0.0006099595938222,-0.0227073762172966,-0.0351063169233288,67.01509613037109,67.17210411071777,-0.0023373985737872,0,0.0347763315479636,0.0407663997024081,0.8530426713948447,11.979999542236328,0.0109703929604831,-2.215491180711258,0.0224689907667898,3,0.04940219
2017-03-27,65.39309692382812,12.4399995803833,9045.2001953125,-0.0007838722824439,-0.0007838722824439,-0.0011456659948363,-0.0234750064086132,-0.0360402813332311,66.95659805297852,67.1619395828247,-0.003057409168372,0,0.034658344682591,0.0407542814850554,0.8504013079948908,12.4399995803833,0.0349416894030443,-1.9028556528993787,0.0132520583305419,1,0.09380775
2017-03-28,65.04499816894531,12.119999885559082,9100.7998046875,-0.0053231728004606,-0.0053231728004606,-0.0044432102842393,-0.0279357457211264,-0.0410699067195802,66.89469802856445,67.15070457458496,-0.003812417868768,0,0.0379964979801318,0.0419036760944505,0.9067364676555452,12.119999885559082,0.0150754029733393,-2.079735263045569,0.018043492889703,0,0.04061203
2017-03-29,65.11000061035156,12.09000015258789,9143.7998046875,0.0009993457335091,0.0009993457335091,-0.0058783436916576,-0.0228858929539935,-0.0392787941747686,66.83430801391602,67.14129459381104,-0.0045722469569915,0,0.0386406522971799,0.0420062343065876,0.9198570897375246,12.09000015258789,-0.0146699509747686,-2.0720838281278997,0.0277742987793601,3,0.0689797
2017-03-30,64.77999877929688,12.149999618530272,9173.75,-0.0050683739511779,-0.0050683739511779,-0.0089497300327597,-0.0286865887763708,-0.0469044760953952,66.76675201416016,67.13118957519531,-0.0054287368262249,0,0.040525709722027,0.0424191990937902,0.9553399226728156,12.149999618530272,0.0261823869887893,-2.009138475629043,0.0331265376328948,0,0.017032105
2017-03-31,64.79000091552734,12.420000076293944,9173.75,0.000154401611901,0.000154401611901,-0.009999267888469,-0.0287099497424904,-0.0500696550670342,66.70066009521484,67.12132457733155,-0.0062672255764567,0,0.0405151680279765,0.0416263765746595,0.9732818006273308,12.420000076293944,0.0367279257821639,-1.8208722206612395,0.0254812538050601,2,0.05873224
2017-04-03,64.79669952392578,11.489999771118164,9237.849609375,0.0001033895401107,0.0001033895401107,-0.0091201889489505,-0.0308310468809838,-0.0461675355908516,66.63860412597656,67.11275806427003,-0.0070650343089669,0,0.0387808089793386,0.0410999763692693,0.943549579720799,11.489999771118164,-0.0763665467290848,-2.358314996285758,0.0379897872833505,2,0.059461214
2017-04-05,65.05000305175781,11.550000190734863,9265.150390625,0.0026588663844968,0.0026588663844968,7.694492971621614e-05,-0.0268545838102767,-0.0426051474449791,66.57564422607422,67.10430309295654,-0.0078781664143057,0,0.0410430409154423,0.0415878926412794,0.9868750598736716,11.550000190734863,-0.0470296782348463,-2.2874244255681893,0.0413148107070822,4,0.12127213
2017-04-06,65.04000091552734,11.289999961853027,9261.9501953125,-0.0001537607342233,-0.0001537607342233,-0.0010750989735529,-0.0259536285754536,-0.0454091491724882,66.51463821411133,67.09477809906006,-0.0086465728240758,0,0.0412055968887713,0.0410391659949693,1.004030950893871,11.289999961853027,-0.0661704036921473,-2.409704722655447,0.0333019086953929,2,0.056474917
2017-04-07,64.58000183105469,11.6899995803833,9198.2998046875,-0.0070725565497776,-0.0070725565497776,-0.0030873255944874,-0.0312714439985186,-0.0540472733299293,66.4446942138672,67.08190811157226,-0.0094990425234362,0,0.0460085386799292,0.0426762287232491,1.0780582539293428,11.6899995803833,-0.0378600866328763,-2.144046223903936,0.028099051412926,0,0.019853305
2017-04-10,64.26000213623047,11.619999885559082,9181.4501953125,-0.0049550895904487,-0.0049550895904487,-0.0081802557772437,-0.0353697907546213,-0.0534060442208308,66.36886627197265,67.06671813964844,-0.0104053379535092,0,0.0475046644565524,0.0423833938664441,1.120805563628976,11.619999885559082,-0.0644122532866825,-2.156804077108387,0.0288146292989766,0,0.030285861
2017-04-11,64.57499694824219,11.399999618530272,9237.0,0.0049018798870241,0.0049018798870241,-0.0034215103132179,-0.0328016544810423,-0.0466243143085639,66.29707626342774,67.05422813415527,-0.0112916350213246,0,0.0510081427690964,0.0437408543798007,1.1661175204463006,11.399999618530272,-0.0078329116084163,-2.254428325307442,0.034726111795676,4,0.042177957
2017-04-12,64.62999725341797,11.630000114440918,9203.4501953125,0.0008517275691064,0.0008517275691064,-0.0064566607015477,-0.0307511053271953,-0.0515478380269933,66.22669616699218,67.04084312438965,-0.0121440441297385,0,0.051654839036564,0.0417053035965664,1.238537932688351,11.630000114440918,0.006926400206489,-2.0937386487017773,0.0300966916636271,3,0.081138685
2017-04-13,64.5,11.579999923706056,9150.7998046875,-0.0020114073795832,-0.0020114073795832,-0.0083025969853334,-0.0252394573671743,-0.0528217119054047,66.15449615478515,67.0280131149292,-0.0130321177601709,0,0.0502819115581862,0.0417862914805799,1.2032823802795192,11.579999923706056,0.0256864448921956,-2.0977926274310352,0.0070209975445691,1,0.11524161
2017-04-17,64.45369720458984,11.890000343322754,9139.2998046875,5.741282424920336e-05,5.741282424920336e-05,-0.0019557854271243,-0.0200897222382677,-0.0565634758626789,66.0871501159668,67.01463161468506,-0.0138399850356712,0,0.0474402134075611,0.0410328240761228,1.1561245990515925,11.890000343322754,0.0171087057415355,-1.8993569265246728,0.0059990314780387,2,0.047730096
2017-04-18,64.4083023071289,12.380000114440918,9105.150390625,-0.0007043024594359,-0.0007043024594359,0.0023078145964583,-0.0184728305164161,-0.0547651469906886,66.02528411865234,66.99864311218262,-0.0145280403947956,0,0.0471848397413638,0.0408652226573302,1.154617106088229,12.380000114440918,0.065404495384405,-1.601217518140711,-0.0053038447460145,1,0.111577
2017-04-19,64.56999969482422,12.220000267028809,9103.5,0.0025105053526215,0.0025105053526215,-7.738681616931142e-05,-0.012759108887411,-0.0522461133252779,65.9687760925293,66.98438312530517,-0.0151618479620244,0,0.0477653535313531,0.0413679834587425,1.154617530764075,12.220000267028809,0.0719298838541764,-1.6768846285083134,-0.0061735258970493,4,0.11443706
2017-04-20,64.64669799804688,11.5600004196167,9136.400390625,0.0011878318659617,0.0011878318659617,0.0002584054670995,-0.0125466217070551,-0.0515142923121852,65.9163980102539,66.97140663146973,-0.0157531202386316,0,0.0478621170123079,0.0414820395098326,1.1537755568987007,11.5600004196167,-0.0060188902953922,-2.0309376776866244,0.0010464488469481,3,0.044310026
2017-04-21,64.66000366210938,11.420000076293944,9119.400390625,0.0002058212480227,0.0002058212480227,0.0024806769319283,-0.0103358062727619,-0.050438556932852,65.86645202636718,66.95532165527344,-0.0162626300940261,0,0.0476584936899591,0.0415183693826826,1.1478616943984017,11.420000076293944,-0.0138169126482089,-2.083306699022497,-0.0002301824672477,2,0.0721034
2017-04-24,64.63999938964844,11.630000114440918,9217.9501953125,-0.0003093762964424,-0.0003093762964424,0.0028904809675576,-0.0130544823433603,-0.0480047525074657,65.81534606933593,66.93891666412354,-0.0167850131251048,0,0.0464448137192364,0.0412854256297898,1.1249415034302366,11.630000114440918,-0.0218671338414088,-1.940708096970836,0.020763084447033,2,0.092133865
2017-04-25,64.38999938964844,11.15999984741211,9306.599609375,-0.0038675742939445,-0.0038675742939445,-0.0002841701585797,-0.0149162167212663,-0.0558373964967298,65.75633605957032,66.9223416519165,-0.0174232634956339,0,0.0475739011713739,0.0404898748527717,1.1749289523715325,11.15999984741211,-0.0985460626616402,-2.1747224749680103,0.0242452713891137,0,0.05940348
2017-04-26,64.3499984741211,11.739999771118164,9351.849609375,-0.0006212286986567,-0.0006212286986567,-0.0034071739467695,-0.0167225698327148,-0.0549315094279582,65.70404998779297,66.90701164245606,-0.017979605203287,0,0.04704879392494,0.0404573499942427,1.162894530588497,11.739999771118164,-0.0392799087906527,-1.8314041394599645,0.0267731235589592,1,0.111938596
2017-04-27,64.0199966430664,11.06999969482422,9342.150390625,-0.005128233704425,-0.005128233704425,-0.0096942515919282,-0.0209976334713303,-0.059597120480017,65.64954391479492,66.88960662841797,-0.018538944630244,0,0.049355989572088,0.0413726151105176,1.1929339372507772,11.06999969482422,-0.0423876044122778,-2.174930638876337,0.0328295879472506,0,0.03543108
2017-04-28,64.05999755859375,10.859999656677246,9304.0498046875,0.0006248190819246,0.0006248190819246,-0.0092794010135082,-0.0151433720974695,-0.0586527495021376,65.59386993408204,66.87399662017822,-0.0191423684958874,0,0.0470821286443871,0.0414659791387066,1.13541255288691,10.859999656677246,-0.0490368139996046,-2.258071030617388,0.0223332019560866,3,0.11645386
2017-05-02,64.18000030517578,11.449999809265137,9313.7998046875,-0.0012185270248706,-0.0012185270248706,-0.007116322537378,-0.0142835247497743,-0.0584541399662005,65.53916198730468,66.85871162414551,-0.0197363904386738,0,0.0466721158235728,0.0411651804567764,1.1337489974951065,11.449999809265137,-0.0154772401895573,-1.9130385396934204,0.0185918331143744,1,0.06127317
2017-05-03,64.06999969482422,11.529999732971191,9311.9501953125,-0.0017139390749222,-0.0017139390749222,-0.0049697111019955,-0.0109601589665291,-0.0598541762338696,65.4850439453125,66.84205661773682,-0.0203017791655475,0,0.0442350745751853,0.0405942196141765,1.0896621571604392,11.529999732971191,0.0331541120625447,-1.8487675473673,0.0150647440046327,1,0.06620307
2017-05-04,64.20999908447266,11.329999923706056,9359.900390625,0.0021851005199824,0.0021851005199824,-0.0021755927423174,-0.0089520269001213,-0.0572603360876519,65.43193389892578,66.82562160491943,-0.0208555891067245,0,0.0452709677536538,0.0410651033178929,1.1023925840543227,11.329999923706056,-0.0349233266955215,-1.933925903956212,0.0202916354407958,3,0.11611605
2017-05-05,64.16999816894531,11.989999771118164,9285.2998046875,-0.0006229701930803,-0.0006229701930803,0.002343041764204,-0.0096718098234164,-0.0538328986974874,65.3720378112793,66.81081157684326,-0.0215350439787599,0,0.0451999023269143,0.0404969609626933,1.116103163034612,11.989999771118164,0.083107506924692,-1.5643811539094437,0.0051364979209387,1,0.11630304
2017-05-08,64.30799865722656,11.670000076293944,9314.0498046875,0.0021505453049557,0.0021505453049557,0.0038713878876748,-0.0114066773208429,-0.0473115216946573,65.31689376831055,66.79662658691406,-0.0221528076223747,0,0.044766324844868,0.0401483405773187,1.114995270187763,11.670000076293944,0.0745856763557695,-1.7176704732642851,0.005277778773238,3,0.10503849
2017-05-09,64.41179656982422,11.109999656677246,9316.849609375,0.0016140746837873,0.0016140746837873,0.0036116588274579,-0.0096587382666095,-0.0442701488059862,65.26582977294922,66.78433555603027,-0.022737454381156,0,0.045428482812797,0.0403786914792025,1.1250329348404,11.109999656677246,-0.0296943369652084,-1.9915487552022624,0.0059274140871847,3,0.06657164
2017-05-10,64.63999938964844,10.949999809265137,9407.2998046875,0.0035428730756925,0.0035428730756925,0.0088965147110851,0.0009290423798795,-0.0390333638551751,65.21932769775391,66.772505569458,-0.0232607397080292,0,0.0409397641258991,0.0411612259232459,0.9945954867027436,10.949999809265137,-0.0503035504890331,-2.051534214494717,0.0227215903414554,4,0.048695497
2017-05-11,64.55000305175781,10.84000015258789,9422.400390625,-0.0013922700918997,-0.0013922700918997,0.0052951872314754,0.0045129303748316,-0.0388237718578549,65.17204177856445,66.76106559753418,-0.0238016545234476,0,0.0372712914707989,0.0411414507768686,0.9059083930837162,10.84000015258789,-0.0432479942116262,-2.0851708406048277,0.0262431522457655,1,0.047042772
2017-05-12,64.36000061035156,10.630000114440918,9400.900390625,-0.0029434923690693,-0.0029434923690693,0.0029609232792249,-0.0033294053124454,-0.0421948670110277,65.12654174804688,66.74720058441162,-0.0242805514265003,0,0.0343473972363374,0.0413424050199502,0.8307829802543635,10.630000114440918,-0.1134278300782999,-2.1685555091483164,0.017743898519541,0,0.101977944
2017-05-15,64.16549682617188,10.68000030517578,9445.400390625,-0.0030221221618261,-0.0030221221618261,-0.0022159270079955,-0.0071870717466497,-0.0471484924750075,65.07598770141601,66.73233306884765,-0.0248207321887395,0,0.0353642945089182,0.0412167613407786,0.8579867843023951,10.68000030517578,-0.0848328847168747,-2.116436418309554,0.0262890753117488,0,0.100237235
2017-05-16,64.03829956054688,10.5600004196167,9512.25,-0.0019823311891371,-0.0019823311891371,-0.0057985808371679,-0.0071581463481105,-0.0436949600354101,65.02265167236328,66.7164945602417,-0.0253886673609471,0,0.0353482718109052,0.0401016268843207,0.8814452956628032,10.5600004196167,-0.0495048833534382,-2.150764218168236,0.0394993009384105,1,0.094329536
2017-05-17,63.900001525878906,10.640000343322754,9525.75,-0.002159614412266,-0.002159614412266,-0.0114479868619559,-0.0085905960825395,-0.042629200177403,64.96349166870117,66.70017456054687,-0.0260371566234692,0,0.0357790596170931,0.0398686722024461,0.8974003958552227,10.640000343322754,-0.0283104540038514,-2.0830227190996675,0.0422844423064325,1,0.112139225
2017-05-18,64.2300033569336,11.789999961853027,9429.4501953125,0.0051643477805087,0.0051643477805087,-0.0049573924042674,-0.0027682603609873,-0.0391015663476932,64.91118972778321,66.68555458068847,-0.0266079342679577,0,0.0408830002666096,0.0413218229137722,0.9893564230091352,11.789999961853027,0.0876383575546664,-1.4823446338632986,0.0356171826685489,4,0.026438285
2017-05-19,64.87110137939453,11.300000190734863,9427.900390625,0.009981285831456,0.009981285831456,0.0079412797420135,0.004663182375614,-0.0305504612783307,64.87315170288086,66.67418006896973,-0.0270123811680298,0,0.0535328498671112,0.0463136955971296,1.1558501934843544,11.300000190734863,0.0630291692456095,-1.7146803652517648,0.0356346889245895,4,0.0042197877
2017-05-22,64.44850158691406,11.199999809265137,9438.25,-0.0065144537936687,-0.0065144537936687,0.0044105442136428,-0.0030658396680801,-0.0348538940692155,64.82882766723633,66.65939758300782,-0.0274615430403788,0,0.057987886085564,0.0477761702411192,1.2137153747891285,11.199999809265137,0.0486890907519312,-1.7467872318686075,0.0330381327951359,0,0.015433739
2017-05-23,64.50019836425781,12.199999809265137,9386.150390625,0.0008021408732681,0.0008021408732681,0.0072128524161423,-0.0024714705969806,-0.0353740417688105,64.78650756835937,66.64547859191894,-0.0278934304747416,0,0.0580884501286512,0.0477031309130938,1.2176817608201524,12.199999809265137,0.1553029663334013,-1.2319878247866611,0.0292508266523998,3,0.090978526
2017-05-24,64.88520050048828,11.829999923706056,9360.5498046875,0.0059690070107414,0.0059690070107414,0.0154178239606204,0.0037933340525233,-0.0339404265953308,64.74891159057617,66.6345895767212,-0.028298785932701,0,0.061961715799327,0.0484268259037589,1.279465155476195,11.829999923706056,0.1118420622166709,-1.4068446409137365,0.0154697743374134,4,0.0051287534
2017-05-25,64.76010131835938,10.449999809265137,9509.75,-0.0019280079457867,-0.0019280079457867,0.0082531205623634,0.0057478169314975,-0.0343710219251294,64.71050369262696,66.62335506439209,-0.0287114236429003,0,0.0607732600441229,0.0484717665136583,1.2537609139143884,10.449999809265137,-0.1136556536830797,-2.0759637218961053,0.0218286376498195,1,0.065145954
2017-05-26,64.54540252685547,10.859999656677246,9595.099609375,-0.0033152942495944,-0.0033152942495944,-0.0050207079209929,0.0030365820880782,-0.0361322174771192,64.67800979614258,66.61284206390381,-0.0290459348049598,0,0.0619004890766693,0.048758759080267,1.2694994857290085,10.859999656677246,-0.0389380997018374,-1.850011768992061,0.0260108973262516,0,0.07017465
2017-05-29,64.51319885253906,11.789999961853027,9604.900390625,-0.0004989305675645,-0.0004989305675645,0.0010038598886237,0.0077038774653868,-0.0366146572104019,64.6527717590332,66.60165306091308,-0.0292617557119408,0,0.0590767965765588,0.0487466752122178,1.2118895171795234,11.789999961853027,0.0526785859496012,-1.375405927037285,0.0281252162525316,2,0.10637847
2017-05-30,64.50859832763672,11.770000457763672,9624.5498046875,-7.131137479110539e-05,-7.131137479110539e-05,0.0001302315898543,0.0070028221376787,-0.0359519672049466,64.63053375244141,66.59081604003906,-0.0294377273649716,0,0.0590666313511785,0.0487536539867912,1.2115075489445797,11.770000457763672,-0.0352458490347604,-1.3733530292104272,0.0344473650429653,2,0.062092494
2017-05-31,64.61859893798828,11.760000228881836,9621.25,0.0017052085024833,0.0017052085024833,-0.0041088192753291,0.0068338833083041,-0.0302604207038186,64.61481567382812,66.58010902404786,-0.0295177250236988,0,0.0590554091862968,0.0489564219950481,1.206260599103239,11.760000228881836,-0.0059171340047051,-1.3663056775685951,0.0330101786338337,3,0.062465977
2017-06-01,64.5000991821289,11.3100004196167,9616.099609375,-0.001833833568151,-0.001833833568151,-0.0040148506709757,0.0067129622187189,-0.0328834124510917,64.59545562744141,66.56840450286865,-0.0296379174198506,0,0.0591091544785294,0.0489487525641292,1.207547564231102,11.3100004196167,0.0822967106266425,-1.574009518696178,0.032662268126778,1,0.08067333
2017-06-02,64.37229919433594,10.8100004196167,9653.5,-0.0019813921127795,-0.0019813921127795,-0.0026818847778896,0.0025276454162499,-0.0349718654707771,64.57619567871093,66.55609100341798,-0.0297477705625074,0,0.0592193417215096,0.049011212581444,1.2082568527814246,10.8100004196167,-0.0046039814586739,-1.8007685216168277,0.0313678134512065,1,0.099121235
2017-06-05,64.40499877929688,11.020000457763672,9675.099609375,0.0005079760295996,0.0005079760295996,-0.0016771773089334,0.0036621570368891,-0.0366897434411035,64.55439559936524,66.54414600372314,-0.0299012088042512,0,0.0591684855111868,0.0487167106629478,1.2145169529935929,11.020000457763672,-0.0653095425428936,-1.6803361816229498,0.0419803143556782,2,0.1184803
2017-06-06,64.34400177001953,11.130000114440918,9637.150390625,-0.0009470850156579,-0.0009470850156579,-0.0025515444744467,0.0005598543500766,-0.0374163344469528,64.53397567749023,66.5319510269165,-0.0300303135348902,0,0.0588411901750687,0.0487145461745483,1.207852416644169,11.130000114440918,-0.0543755580655563,-1.6107084653560275,0.034689591822334,1,0.10681641
2017-06-07,64.42050170898438,10.890000343322754,9663.900390625,0.001188921062732,0.001188921062732,-0.0030656379472728,0.0001351482123421,-0.035231318393098,64.5134977722168,66.52026351928711,-0.0301677359785033,0,0.0587155620236221,0.0488369092075044,1.2022538019420348,10.890000343322754,-0.0739795806655186,-1.7093112266713275,0.0372497996426586,3,0.04795912
2017-06-08,64.41829681396484,11.06999969482422,9647.25,-3.422660428031854e-05,-3.422660428031854e-05,-0.0012682518197851,-0.0034298047304607,-0.0336970906888585,64.49400177001954,66.50803050994872,-0.0302824895653452,0,0.0572962998225444,0.0488017158626499,1.1740391658488596,11.06999969482422,-0.0212202224481095,-1.6063759239478004,0.0255068085735863,2,0.06314081
2017-06-09,64.243896484375,10.859999656677246,9668.25,-0.0027073104725742,-0.0027073104725742,-0.0019946888889784,-0.0047421619351027,-0.0356115585386689,64.47797973632812,66.4949615097046,-0.0303328512053068,0,0.0578319998428573,0.0489913798037798,1.180428468151194,10.859999656677246,0.0046252761442833,-1.6898690880530909,0.0260920359125911,0,0.11326748
2017-06-12,64.37699890136719,11.420000076293944,9616.400390625,0.0020718297655646,0.0020718297655646,-0.000434746967788,0.0002641126608828,-0.0357672509565168,64.46331970214844,66.48231899261475,-0.0303689660809003,0,0.0574645384027856,0.0489546566854418,1.173807937497735,11.420000076293944,0.0362976045294507,-1.4092102070707877,0.0229233361747887,3,0.103592135
2017-06-13,64.46910095214844,11.34000015258789,9606.900390625,0.0014306670449544,0.0014306670449544,0.0019442244605183,0.0047315791351081,-0.0331640492973297,64.45710174560547,66.47056449890137,-0.0302910433885238,0,0.056558627854498,0.0490986837910613,1.15191429939096,11.34000015258789,0.0188679277616989,-1.434786189367498,0.0170982693502645,3,0.0481835
2017-06-14,64.35749816894531,11.18000030517578,9618.150390625,-0.0017311050030922,-0.0017311050030922,-0.0009780044918569,0.0049844953814965,-0.0273930257728339,64.44845169067383,66.45671447753907,-0.0302191103284827,0,0.0564413359958756,0.0484179457087167,1.1656870088708815,11.18000030517578,0.0266299313783622,-1.4969165711866872,0.0111330537596257,1,0.067365296
2017-06-15,64.16580200195312,11.329999923706056,9578.0498046875,-0.0029786143409267,-0.0029786143409267,-0.0039196132853512,0.0041596317641177,-0.0244666855501867,64.43583374023437,66.44160648345947,-0.0301885046040304,0,0.0569495961733538,0.0474017478849224,1.201398625911052,11.329999923706056,0.0234869228590313,-1.4137124772338492,0.005490360831168,0,0.0857463
2017-06-16,64.55999755859375,10.920000076293944,9588.0498046875,0.0061433901602074,0.0061433901602074,0.0049203284905925,0.005137695538117,-0.0161611252631957,64.4260336303711,66.42875648498536,-0.0301484321036015,0,0.0581132063289052,0.049030174278463,1.1852297478918734,10.920000076293944,0.0055249006918527,-1.591593008134576,0.016819603061676,4,0.0072681783
2017-06-19,64.3949966430664,10.630000114440918,9657.5498046875,-0.0025557763594645,-0.0025557763594645,0.0002795678892517,-0.0073392423776444,-0.0154348123035696,64.41313354492188,66.41493144989013,-0.0301407810151638,0,0.0467864239300047,0.0488701534814211,0.9573423297199454,10.630000114440918,-0.0691768788594788,-1.709687792227579,0.0243584896474786,0,0.1142606
2017-06-20,64.48760223388672,10.65999984741211,9653.5,0.0014380867403971,0.0014380867403971,0.0002869790560908,0.0006066959822166,-0.0149767481428522,64.41128555297851,66.40234146118163,-0.0299847243996219,0,0.0413741194881638,0.0489282275195032,0.8455911034293779,10.65999984741211,-0.0599647527359687,-1.678374271938553,0.0228061346118189,3,0.059385292
2017-06-21,64.53050231933594,10.920000076293944,9633.599609375,0.0006652454729767,0.0006652454729767,0.0026881739550606,0.0004698273159873,-0.0123179101194026,64.41669555664062,66.38934898376465,-0.0297134021845346,0,0.04134472430231,0.0488360150887107,0.846585816664036,10.920000076293944,-0.0232558337911197,-1.5431877185331573,0.0263632275695429,3,0.10721053
2017-06-22,64.5416030883789,11.210000038146973,9630.0,0.0001720235957258,0.0001720235957258,0.0058567192289491,-0.0052954666003812,-0.0145568305706023,64.41602767944336,66.37660701751709,-0.0295372033336431,0,0.0352761786635226,0.0485372599422728,0.7267705662600391,11.210000038146973,-0.0105913403677968,-1.3973865122448146,0.0287857231610013,2,0.07411601
2017-06-23,64.59100341796875,11.5600004196167,9574.9501953125,0.0007654028909414,0.0007654028909414,0.0004802642587906,-0.0026111432340005,-0.0118411148335674,64.41524780273437,66.36392902374267,-0.0293635601398936,0,0.0348941273489832,0.0484572851150033,0.7200858896713099,11.5600004196167,0.0586080896383987,-1.2254771143398868,0.0068561418872736,3,0.09785895
2017-06-27,64.42130279541016,12.510000228881836,9511.400390625,-0.0011891578330522,-0.0011891578330522,0.0004085123645485,-0.0019226734451563,-0.0156330293282946,64.41367385864258,66.35116203308105,-0.0292005160885122,0,0.0331777602256063,0.0484022392175678,0.685445039669258,12.510000228881836,0.1768579580621947,-0.7782155621506266,-0.0087231214012849,1,0.07771986
2017-06-28,64.5248031616211,11.989999771118164,9491.25,0.0016066170927904,0.0016066170927904,0.0005768694515799,0.0001798749602939,-0.0132780645519579,64.41509597778321,66.33982105255127,-0.0290131182784376,0,0.0335946766208257,0.0485368582998781,0.6921334767856886,11.989999771118164,0.1247654730528851,-1.01297131702446,-0.0118325423484797,3,0.059395492
2017-06-29,64.51190185546875,11.380000114440918,9504.099609375,-0.000199943363175,-0.000199943363175,-0.0002882429734568,5.121065900781652e-05,-0.0081958079557773,64.41716796875,66.33008056640625,-0.0288392925399985,0,0.0336048969896931,0.0474253989174004,0.7085694414248199,11.380000114440918,0.0421245453235463,-1.2885928639862778,-0.0125148913722527,2,0.07837056
2017-06-30,64.78510284423828,11.729999542236328,9520.900390625,0.0042348928013562,0.0042348928013562,0.0037727565509326,0.0025767179881102,-0.0049899825382835,64.42147003173828,66.32273006439209,-0.0286667938851113,0,0.0361955649584904,0.0481822944767619,0.7512056896804133,11.729999542236328,0.0463871099304038,-1.1165887834666566,-0.0104299970767831,4,0.047119655
2017-07-03,64.60679626464844,11.199999809265137,9615.0,-0.002752277479879,-0.002752277479879,0.0002445053621089,0.0016542157899361,-0.0026737035799974,64.42067199707031,66.31340602874756,-0.0285422532942544,0,0.0369752217228694,0.047430039218198,0.7795574866654633,11.199999809265137,-0.0311419201802675,-1.3569130601829156,-0.0001143508719406,0,0.11407162
2017-07-04,64.84269714355469,11.279999732971191,9613.2998046875,0.0036513322521043,0.0036513322521043,0.0065412267349327,0.007307459188286,0.0008133388992546,64.42432586669922,66.30536952972412,-0.0283694016995357,0,0.0380180315147602,0.0480099145081423,0.7918622651587411,11.279999732971191,-0.0983213807679189,-1.3112179210509496,-0.0041643129758637,4,0.07400783
2017-07-05,64.7688980102539,11.149999618530272,9637.599609375,-0.0011381255955068,-0.0011381255955068,0.0037829615383933,0.0056501706056084,-0.0004290575581185,64.42690383911133,66.29532402038575,-0.0281832875679116,0,0.0383947895999133,0.0480615210239498,0.7988509296210453,11.149999618530272,-0.0700583960486227,-1.3662706909450528,-0.0038759290874549,1,0.07562426
2017-07-06,64.79139709472656,10.979999542236328,9674.5498046875,0.0003473748228524,0.0003473748228524,0.0043324600766536,0.0069531784222269,-0.0039754949254265,64.4349317932129,66.28430599212646,-0.0279006345654918,0,0.0381089263704495,0.0477561030608417,0.7979739960755033,10.979999542236328,-0.0351494348138889,-1.4400003242842094,0.0038807544291186,2,0.10167523
2017-07-07,64.71330261230469,10.869999885559082,9665.7998046875,-0.0012053217853552,-0.0012053217853552,-0.0011082830586257,0.0045451509310348,-0.0050230365717086,64.44219787597656,66.27408199310302,-0.0276410334482958,0,0.0383870237732819,0.0478096413204215,0.8028970687930419,10.869999885559082,-0.0733162566273456,-1.4824014181016203,0.0001965473551799,1,0.05841708
2017-07-10,64.61170196533203,10.90999984741211,9771.0498046875,-0.0015700117730251,-0.0015700117730251,7.593165065022944e-05,0.0030023325814672,0.0004908661099185,64.45403198242188,66.26288898468017,-0.0272981910383728,0,0.038914187915308,0.0457658420096503,0.850270331238992,10.90999984741211,-0.0258928541778301,-1.450373951833451,0.0128326522778512,1,0.060431413
2017-07-13,64.36499786376953,11.25,9891.7001953125,-0.0024889154583406,-0.0024889154583406,-0.007367048269562,0.00188502544244,0.0016339203866888,64.46013198852539,66.24938747406006,-0.0270078796764008,0,0.0387144342467001,0.0449393241084,0.861463173993082,11.25,-0.0026595508582772,-1.2776430305450623,0.0231117519005508,0,0.12416228
2017-07-14,64.42579650878906,11.170000076293944,9886.349609375,0.0009445917352193,0.0009445917352193,-0.0052973188058645,0.0007579975496627,-0.002310498590851,64.46504791259765,66.23674045562744,-0.0267478823813297,0,0.0382306635114034,0.0438826838888717,0.8711817268626827,11.170000076293944,0.001793763089501,-1.3046185476090433,0.0280717532324437,3,0.06743467
2017-07-17,64.26730346679688,11.460000038146973,9915.9501953125,-0.002460086651324,-0.002460086651324,-0.0080889385231722,-0.0031301426942705,-0.0056118490180179,64.46899398803711,66.22320198059082,-0.0264893260985453,0,0.0389837109972741,0.0441128228921621,0.8837073833426587,11.460000038146973,0.0437158939819848,-1.1572202608543862,0.0321695648045949,0,0.114606604
2017-07-18,64.33000183105469,11.489999771118164,9827.150390625,0.0009755872874019,0.0009755872874019,-0.0059230601093926,-0.0004272437349638,-0.0026356305262839,64.47139404296875,66.21104598999024,-0.0262743462364948,0,0.038607554058223,0.0439851085748481,0.877721519568553,11.489999771118164,0.0570377085636182,-1.133846013197007,0.021729749641232,3,0.054148465
2017-07-19,64.3062973022461,11.260000228881836,9899.599609375,-0.000368483260281,-0.000368483260281,-0.0047267701329056,0.0021895666524778,-0.0022869115153452,64.47412002563476,66.19946449279786,-0.0260628160723385,0,0.0369978435230053,0.043989883165257,0.8410343430482753,11.260000228881836,0.0320806953588315,-1.2326900838648351,0.0335715319135356,2,0.10957172
2017-07-20,64.26329803466797,11.31999969482422,9873.2998046875,-0.0006686634028394,-0.0006686634028394,-0.0015800486673954,-0.0045957177067192,-0.0022513289011949,64.47322601318359,66.18729846954346,-0.0258973019898767,0,0.0302009713721399,0.0439877454229551,0.6865613256699012,11.31999969482422,0.0062221950954861,-1.194598928005993,0.029750575540455,1,0.11456915
2017-07-21,64.32499694824219,11.09000015258789,9915.25,0.0009600956605266,0.0009600956605266,-0.0015645838469862,-0.0010870362368713,-0.0037943742874396,64.47149002075196,66.17589096069337,-0.0257556175700569,0,0.0290098083050632,0.0437313328745625,0.6633492063703093,11.09000015258789,-0.0071620343025633,-1.292414140112145,0.0266838070239534,3,0.05459764
2017-07-24,64.46109771728516,11.3100004196167,9966.400390625,0.0021158301671195,0.0021158301671195,0.0030154408234726,-0.0004110017380617,-0.0028709939797284,64.46791198730469,66.1659899520874,-0.0256639092986039,0,0.0294998849394203,0.0438782386407457,0.6722971011631702,11.3100004196167,-0.013088971904971,-1.1795051862958854,0.0324131548790593,3,0.102265716
2017-07-25,64.36509704589844,10.90999984741211,9964.5498046875,-0.0014892807411961,-0.0014892807411961,0.0005455497255528,-0.0025632106909532,-0.0045608815265772,64.4642138671875,66.15615142822266,-0.0255749091280024,0,0.02993372704986,0.0439694311891026,0.68076946803466,10.90999984741211,-0.0504786714760405,-1.3555347184594106,0.0343537419793151,1,0.049578283
2017-07-26,64.4469985961914,11.170000076293944,10020.650390625,0.0012724528362719,0.0012724528362719,0.0021879862447062,-0.0014657908645057,-0.0029857796299412,64.4659538269043,66.14430492401124,-0.0253740832114734,0,0.0302491021982748,0.0440487289840487,0.6867034802695077,11.170000076293944,-0.0079929085931137,-1.2235457782318973,0.040565980334891,3,0.04671243
2017-07-27,64.3447036743164,11.220000267028809,10020.5498046875,-0.0015872720856398,-0.0015872720856398,0.0012667516628934,-0.0038132205821069,-0.0007034588563656,64.46953796386718,66.13329593658447,-0.0251576448618662,0,0.0306568838023937,0.0434775864993586,0.7051030465961904,11.220000267028809,-0.0088338719515278,-1.1903619179721876,0.0465380602807883,1,0.05083855
2017-07-28,64.18499755859375,11.140000343322754,10014.5,-0.0024820398044105,-0.0024820398044105,-0.0021764383410867,-0.0036681226017248,-0.0025641168522124,64.47247192382812,66.12231941223145,-0.024951446093679,0,0.0315765973413746,0.0437419580918713,0.7218669865685756,11.140000343322754,0.0045085834127058,-1.2177504573772584,0.0528943781896602,0,0.113255784
2017-07-31,64.12349700927734,11.899999618530272,10077.099609375,-0.0009581763909901,-0.0009581763909901,-0.0052372782959494,-0.006219409167953,0.0016166880918158,64.4769418334961,66.11004688262939,-0.0247028269701983,0,0.0310659851649722,0.0425499943004384,0.7300883487146183,11.899999618530272,0.0521661518146581,-0.8560920434374703,0.061725232121691,1,0.08161746
2017-08-01,64.18949890136719,11.90999984741211,10114.650390625,0.0010292933973998,0.0010292933973998,-0.002728157846263,-0.0049975732357707,0.0020215633423179,64.47613174438476,66.09817836761475,-0.0245399595463696,0,0.0313721615489365,0.0425808807860866,0.7367490812943885,11.90999984741211,0.0916590296962474,-0.8445352354018368,0.0642407809623273,3,0.057409327
2017-08-02,64.05580139160156,11.9399995803833,10081.5,-0.0020828564181668,-0.0020828564181668,-0.006070060873447,-0.0112572400230677,-0.0019351653627867,64.4598257446289,66.08502185821533,-0.0245925032312657,0,0.0275931058420589,0.042718801696003,0.6459090339045425,11.9399995803833,0.0689346015067202,-0.8238360704354798,0.0588809446979414,1,0.10361413
2017-08-03,63.64059829711914,11.640000343322754,10013.650390625,-0.0064818968065687,-0.0064818968065687,-0.0109427091429487,-0.0149550515331462,-0.0067020664858808,64.44366767883301,66.0702688407898,-0.0246192605311842,0,0.0337997494759323,0.0445299126664037,0.7590176677746951,11.640000343322754,0.0374331609891456,-0.9565239374474386,0.0414612990769631,0,0.009521846
2017-08-04,63.696998596191406,11.390000343322754,10066.400390625,0.0008862314400148,0.0008862314400148,-0.0076030066365097,-0.0176688909905586,-0.0079894174676183,64.42760368347167,66.05466333389282,-0.0246320179121448,0,0.0305669524891844,0.0443392454626292,0.6893726493901985,11.390000343322754,0.022441651013938,-1.0648256261659046,0.0471326802599629,3,0.076665886
2017-08-07,63.66510009765625,11.899999618530272,10057.400390625,-0.0005007849543645,-0.0005007849543645,-0.0071486574033037,-0.017042098082677,-0.0078681328610884,64.40320167541503,66.03906885147094,-0.0247712029334506,0,0.0305534688450208,0.0443338308127076,0.6891527109710616,11.899999618530272,0.0,-0.8199761178526856,0.0435586451258711,2,0.11439921
2017-08-08,63.8301010131836,12.770000457763672,9978.5498046875,0.0025917011875304,0.0025917011875304,-0.0055990137691498,-0.0148367858179925,-0.0074313872927416,64.38460166931152,66.02469285964966,-0.0248405728115165,0,0.0324990860729975,0.0444326143181049,0.7314076644842158,12.770000457763672,0.0722082805516097,-0.4089771349480873,0.0314226507834718,4,0.1301013
2017-08-09,63.70289993286133,13.449999809265137,9908.0498046875,-0.0019928071286616,-0.0019928071286616,-0.0055092817679821,-0.0156135236289306,-0.0110056957687001,64.36775161743164,66.00928936004638,-0.0248682838207969,0,0.0327830723445988,0.0444623759276351,0.737305066487839,13.449999809265137,0.1264656852553558,-0.0878578192540984,0.0250625923250054,1,0.094379164
2017-08-10,63.88769912719727,13.800000190734863,9820.25,0.0029009541878108,0.0029009541878108,0.0038827546674606,-0.0112054444645836,-0.0116383086255356,64.35524162292481,65.99503786087035,-0.0248472656596172,0,0.0348530220055741,0.0442650775670367,0.7873528426545715,13.800000190734863,0.1855669917270395,0.0781409147322095,0.0050353028892449,4,0.11282281
2017-08-11,64.13860321044922,15.199999809265137,9710.7998046875,0.0039272674815289,0.0039272674815289,0.0069328951754441,-0.0035173566508847,-0.0063733512294139,64.34784172058106,65.98254888534547,-0.0247748411114725,0,0.0371809064112969,0.0449260146158679,0.82758462206311,15.199999809265137,0.3345038938630014,0.7339980318954183,-0.0182880988154822,4,0.052556075
2017-08-14,64.08100128173828,14.380000114440918,9794.150390625,-0.0008980851753496,-0.0008980851753496,0.00653264007194,-0.0053518193912238,-0.0043349802045901,64.33708976745605,65.96874738693238,-0.0247337972010598,0,0.0370355708595378,0.0445761070808733,0.8308204207228306,14.380000114440918,0.2084034096983393,0.3528336652168483,-0.0093259112203122,1,0.09927796
2017-08-16,64.26300048828125,14.239999771118164,9897.2998046875,0.0013821629411514,0.0013821629411514,0.0067820584367903,-6.695439645831858e-05,0.001519565294936,64.3323477935791,65.95550638198853,-0.0246099026062922,0,0.0365387257419749,0.0442399586607011,0.8259026668522901,14.239999771118164,0.1151134894800092,0.2916904703106711,-0.0018808475494175,3,0.044217438
2017-08-17,64.1604995727539,14.34000015258789,9904.150390625,-0.0015950222483936,-0.0015950222483936,0.0071833407957071,-0.0026348865766541,0.0019082332455047,64.32811180114746,65.94213888168335,-0.0244764138365584,0,0.0366966783151509,0.0441744141373088,0.8307036624736114,14.34000015258789,0.0661710301817009,0.3405131360171562,0.0078354351912084,1,0.06226437
2017-08-18,64.18890380859375,14.56999969482422,9837.400390625,0.0004427059644016,0.0004427059644016,0.0047145958535272,-0.00182553651162,0.0045211623758387,64.32378990173339,65.92917688369751,-0.0243501748064609,0,0.0367551636189605,0.0439501783436203,0.8362725415823953,14.56999969482422,0.0557970647425298,0.448349609227626,-0.006283003475322,2,0.102081314
2017-08-21,64.07589721679688,14.81999969482422,9754.349609375,-0.0017605315730869,-0.0017605315730869,-0.0009776638485031,-0.0029161406837538,-0.0023992858801568,64.31842781066895,65.91523637771607,-0.0242251815330962,0,0.0371405005638406,0.042873553845999,0.8662597562471533,14.81999969482422,-0.0250000078427163,0.5655162266473706,-0.0120476636651939,1,0.066711694
2017-08-22,64.15750122070312,14.109999656677246,9765.5498046875,0.0012735522630318,0.0012735522630318,0.0011938006185094,-0.0026038979476957,-0.011000278144161,64.31316780090332,65.90150888442993,-0.0241017407706408,0,0.0372800847807602,0.0378675012013186,0.9844615867570176,14.109999656677246,-0.0187761095698829,0.2321273227342803,-0.0150979748682584,3,0.039242733
2017-08-23,64.05750274658203,13.18000030517578,9852.5,-0.001558640411775,-0.001558640411775,-0.0031977613889455,-0.0062610626408072,-0.0060668414424613,64.30595191955567,65.88846891403199,-0.0240181175941591,0,0.036581964942325,0.0357192253651091,1.024124695978475,13.18000030517578,-0.0744381659396017,-0.2027008458473629,-0.0114284381683221,1,0.065147236
2017-08-24,64.00499725341797,12.56999969482422,9857.0498046875,-0.0008196618805416,-0.0008196618805416,-0.0024236457068045,-0.0055946438210709,-0.0076775129906306,64.30117393493653,65.87510141372681,-0.023892600466833,0,0.0363959089595348,0.0357049635056966,1.019322975382756,12.56999969482422,-0.1234309929518546,-0.4869276835264384,-0.0107882445375936,1,0.110469684
2017-08-28,63.99549865722656,12.640000343322754,9912.7998046875,-0.000616928283338,-0.000616928283338,-0.0030130620697917,-0.0070057558738123,-0.0137119379519374,64.29354393005372,65.86119142532348,-0.0238022948164737,0,0.0359307391195878,0.0335184053984466,1.0719384396136398,12.640000343322754,-0.1324639253209504,-0.4509562918186773,-0.0107628329233401,1,0.122984335
2017-08-29,63.78929901123047,13.539999961853027,9796.0498046875,-0.0032220960899225,-0.0032220960899225,-0.0044727927038886,-0.0086317075278976,-0.0149907471941166,64.27994789123535,65.84671541213989,-0.0237941636283299,0,0.0370272871767738,0.0338869312582376,1.092639349820831,13.539999961853027,-0.0863697543406983,-0.0247964867560301,-0.0224039602991625,0,0.07427691
2017-08-30,63.98680114746094,12.890000343322754,9884.400390625,0.0030961640791145,0.0030961640791145,-0.0026606409226409,-0.0030878931007496,-0.0086543945428508,64.27253395080567,65.83272291183472,-0.0236992925709378,0,0.0382888781739688,0.0339357494106899,1.1282423578820449,12.890000343322754,-0.086463454503144,-0.3280643366685602,-0.0129911238079784,4,0.104471266
2017-08-31,63.976200103759766,11.949999809265137,9917.900390625,-0.0001656754754272,-0.0001656754754272,-0.0012692134306875,-0.0022970816063925,-0.0083238586573073,64.26874191284179,65.81892890930176,-0.0235522975251712,0,0.0381988699574035,0.0339272569830621,1.1258718647548993,11.949999809265137,-0.0933232524605953,-0.7656863629854607,-0.0157981189946651,2,0.07618816
2017-09-01,63.91189956665039,11.68000030517578,9974.400390625,-0.001005069650981,-0.001005069650981,-0.0014545377824011,-0.0043246845585031,-0.0092499104996162,64.25577995300293,65.80734090805053,-0.0235773233447545,0,0.0380247541285388,0.0339735221099863,1.1192138039628816,11.68000030517578,-0.0708034535605361,-0.8868399876706811,-0.0138660254762729,1,0.0762356
2017-09-04,64.0155029296875,13.170000076293944,9912.849609375,0.0016210340130646,0.0016210340130646,0.0003125887426564,-0.0006291149441359,-0.009333164417253,64.24819007873535,65.79488092422486,-0.0235077687467937,0,0.0379954175164567,0.0339554355157636,1.1189459947531313,13.170000076293944,0.0419303574822425,-0.1846918750620599,-0.0167287001562267,3,0.057858266
2017-09-05,64.02629852294922,12.890000343322754,9952.2001953125,0.0001686402944232,0.0001686402944232,0.0037153490537187,0.0060606002481207,-0.0073457353583568,64.2389640045166,65.77893991470337,-0.023411382308436,0,0.0301330148983978,0.0337835163092851,0.8919179017553731,12.890000343322754,-0.0480058803812076,-0.3151982093282371,-0.0061366427741507,2,0.066809386
2017-09-06,64.0999984741211,13.119999885559082,9916.2001953125,0.0011510887380981,0.0011510887380981,0.0017690730686674,0.0063268268020681,-0.0042300915707979,64.2303539276123,65.76056241989136,-0.023269394846541,0,0.0302230844282345,0.0336556197211611,0.8979833589536672,13.119999885559082,0.0178432533832686,-0.2067190421674917,-0.0149209438810306,3,0.05083539
2017-09-07,64.0154037475586,13.010000228881836,9929.900390625,-0.0013197305550116,-0.0013197305550116,0.0006127848127155,0.0055022869572969,-0.0060491427547937,64.2198299407959,65.74189943313598,-0.0231521983006914,0,0.0305967557989091,0.0337305404524536,0.9070666618987312,13.010000228881836,0.0887029654004558,-0.2573616394158694,-0.0126772321920134,1,0.0501509
2017-09-08,63.95009994506836,12.960000038146973,9934.7998046875,-0.0010201263862641,-0.0010201263862641,0.0005977036933182,0.0018799740244805,-0.006121811110833,64.2070118713379,65.72174243927002,-0.0230476325141836,0,0.0295367732365407,0.033738482357696,0.8754364670862637,12.960000038146973,0.1095890153704863,-0.2804511974043167,-0.0043844046335719,1,0.07848998
2017-09-11,63.930999755859375,12.359999656677246,10006.0498046875,-0.0002986733285075,-0.0002986733285075,-0.0013200423328851,0.003580681935021,-0.007598543012538,64.19720581054688,65.7015234375,-0.0228962366205121,0,0.0286671719379379,0.0336418076839759,0.8521040279165555,12.359999656677246,-0.0615034483617582,-0.5609936788829623,0.0098909474550314,2,0.09568437
2017-09-12,63.97999954223633,11.760000228881836,10093.0498046875,0.0007664479918048,0.0007664479918048,-0.0007231244313817,0.0014447290526975,-0.0068039251797402,64.18630973815918,65.68057344436646,-0.0227504668099916,0,0.0269211961167495,0.0336867700472437,0.7991385621249265,11.760000228881836,-0.0876648630212239,-0.8390006261301691,0.027779313631272,3,0.09279268
2017-09-13,63.98759841918945,11.760000228881836,10079.2998046875,0.0001187695687323,0.0001187695687323,-0.0017535110391152,-0.0023543511037228,-0.0039894539280923,64.1758236694336,65.65943393707275,-0.0225955385034392,0,0.0227997491014009,0.0332667679724233,0.6853405109804904,11.760000228881836,-0.1036585113216479,-0.834908262626811,0.0379474407269853,2,0.06042271
2017-09-14,64.11509704589844,11.470000267028809,10086.599609375,0.0019925521485231,0.0019925521485231,0.0015573329621254,0.000532072899583,-0.0040682520145124,64.1624235534668,65.63808193206788,-0.0224817413179183,0,0.0238632271330512,0.0332466089283101,0.7177426558555271,11.470000267028809,-0.1183704792282993,-0.9664038072022632,0.0298595801663341,3,0.08006481
2017-09-15,64.15499877929688,11.68000030517578,10085.400390625,0.0006223453638363,0.0006223453638363,0.0032040424394101,-0.0016806203906409,-0.0048721351502125,64.15338760375977,65.61486442565918,-0.0222735630819636,0,0.0234236715436236,0.0331395165482927,0.7067986254677221,11.68000030517578,-0.0987654112039808,-0.8651228507316888,0.0190052428085902,3,0.11308493
2017-09-18,64.12020111083984,11.4399995803833,10153.099609375,-0.0005423999550953,-0.0005423999550953,0.0029594618526691,-0.0006280883438004,-0.0036871703353436,64.13893768310547,65.59173793792725,-0.0221491349443528,0,0.0228548445439833,0.0329810523090934,0.6929479199716759,11.4399995803833,-0.0744336651981162,-0.9722977202813772,0.0251358479961743,2,0.12016634
2017-09-19,64.2146987915039,11.470000267028809,10147.5498046875,0.001473758332428,0.001473758332428,0.0036683221467146,0.0004018604677697,0.0007620381577915,64.12785369873046,65.57026893615722,-0.0219980070362555,0,0.0234080103103801,0.0325698383511548,0.7186800062685582,11.470000267028809,-0.0246598602218395,-0.9535830337641844,0.0315275786027853,3,0.06391937
2017-09-20,64.29869842529297,11.630000114440918,10141.150390625,0.0013081060157549,0.0013081060157549,0.0048618797046493,0.0034771453568922,-0.0040473844978639,64.1179997253418,65.54898494720459,-0.0218307762204914,0,0.0229119714994243,0.0302312516200473,0.7578652026113467,11.630000114440918,-0.0110544312849285,-0.874833180580364,0.0396541847216795,3,0.050370313
2017-09-21,64.28369903564453,11.630000114440918,10121.900390625,-0.0002332767227919,-0.0002332767227919,0.00262967690161,0.0019670001564942,-0.0017283579971093,64.10940765380859,65.52736343383789,-0.021639139829897,0,0.0225679506863832,0.0298023326657552,0.757229097144374,11.630000114440918,0.0139494196763045,-0.8679858326930373,0.0364905809774736,2,0.06707774
2017-09-22,64.80229949951172,12.8100004196167,9964.400390625,0.0080673712254739,0.0080673712254739,0.0100896381035195,0.0116270026303737,0.0048799653689035,64.11321960449219,65.50843494415284,-0.0212982548102408,0,0.0350089522790367,0.0337953414389298,1.0358799440554245,12.8100004196167,0.0967465826126887,-0.3161677624736885,0.0113575631184978,4,0.013021529
2017-09-25,64.89099884033203,13.34000015258789,9872.599609375,0.0013687684157099,0.0013687684157099,0.012021137116519,0.0138426939291329,0.0055864514925381,64.12373962402344,65.49180744171143,-0.0208891443239764,0,0.0347653925772294,0.0338729608730502,1.0263161343168583,13.34000015258789,0.1660839721937235,-0.0673111146357816,0.0015775313096324,3,0.052030306
2017-09-26,65.26509857177734,12.93000030517578,9871.5,0.0057650481288753,0.0057650481288753,0.0163576221650425,0.0198388940033271,0.0112097538452482,64.1405256652832,65.47807544708252,-0.0204274449526281,0,0.0386791380572305,0.0357154016578311,1.0829517045917132,12.93000030517578,0.127288579263928,-0.2551099675389695,-0.0041663107801259,4,0.022763606
2017-09-27,65.3499984741211,13.859999656677246,9735.75,0.0013008469182096,0.0013008469182096,0.0163502539643101,0.0244664777177729,0.0117507859607146,64.16217956542968,65.46476295471192,-0.0198974735489892,0,0.0355994115858941,0.0357663023022205,0.995306027977516,13.859999656677246,0.1917454445651594,0.1798750966342522,-0.0061555224697454,3,0.066793494
2017-09-28,65.5250015258789,13.170000076293944,9768.9501953125,0.0026779350549963,0.0026779350549963,0.0193097551767531,0.024039338595363,0.0171325118024061,64.18607955932617,65.45377796173096,-0.0193678415804505,1,0.0353404711514428,0.0359907090755955,0.9819058905264848,13.170000076293944,0.1324161605072398,-0.1386591547835865,-0.0116800403413444,4,0.1228866
2017-09-29,65.36000061035156,12.489999771118164,9788.599609375,-0.0025181367674166,-0.0025181367674166,0.0086061932238075,0.02162992650935,0.0129438201715776,64.20715362548827,65.44342044830323,-0.018890620544376,0,0.0373150880865956,0.0363087893896894,1.0276867124211873,12.489999771118164,-0.0249805338029888,-0.4515151029576107,-0.0130371123077847,0,0.10849814
2017-10-03,65.57170104980469,12.460000038146973,9859.5,0.0042639022598762,0.0042639022598762,0.010489932681535,0.0259701478818257,0.0164279638927757,64.23332168579101,65.43424896240235,-0.0183531911140506,1,0.0381626686716314,0.0371969741029845,1.0259340620533797,12.460000038146973,-0.0659670243159782,-0.4636794409536526,-0.0115195286057491,4,0.03138601
2017-10-04,65.44309997558594,11.800000190734863,9914.900390625,-0.0019612282762204,-0.0019612282762204,0.002727359763547,0.0223008018458663,0.0101566116662601,64.2556837463379,65.42416194915772,-0.0178600408168448,1,0.0397362290892045,0.036570305278687,1.0865411771988895,11.800000190734863,-0.0873936649474467,-0.7677445569066491,0.0002068811018842,1,0.08861392
2017-10-05,65.01950073242188,11.710000038146973,9888.7001953125,-0.0064727869450268,-0.0064727869450268,-0.0050573488816544,0.0155124102499328,0.0063879420066408,64.26685180664063,65.41216945648193,-0.0175092442179779,0,0.0475874050414785,0.0384855004653066,1.2364700470591212,11.710000038146973,-0.1551226314420924,-0.8037608859098934,-0.0063804986589707,0,0.01787259
2017-10-06,65.20999908447266,11.119999885559082,9979.7001953125,0.0029298648852249,0.0029298648852249,-0.00480736259551,0.0173167026017901,0.0056645074479984,64.28374984741211,65.4012869644165,-0.0170873872499239,0,0.0481548028289058,0.0382420089519609,1.2591792369004124,11.119999885559082,-0.1556568093287159,-1.0703147626118927,0.0064036625672418,4,0.09607501
2017-10-09,65.41419982910156,11.390000343322754,9988.75,0.0031314330240119,0.0031314330240119,0.0008292414052,0.021850929614676,0.0099631434017217,64.3030938720703,65.3892579650879,-0.0166107419906417,1,0.0480719807625924,0.0386318250200783,1.2443299380153636,11.390000343322754,-0.0880704121659829,-0.9388357843028128,0.0059265055096182,4,0.08247043
2017-10-10,65.41459655761719,11.109999656677246,10016.9501953125,6.064868433242054e-06,6.064868433242054e-06,-0.002395919118648,0.0229006149139219,0.0096185526294407,64.32449172973632,65.37710594177246,-0.0161006547609132,1,0.0476357882216474,0.0386313833879551,1.2330533103090764,11.109999656677246,-0.1083467397541433,-1.0643817264138775,0.0082689527962345,2,0.053709008
2017-10-11,65.23889923095703,11.729999542236328,9984.7998046875,-0.0026859040016459,-0.0026859040016459,-0.0031202792151515,0.0204579856422124,0.0081219254378219,64.34556976318359,65.36412544250489,-0.0155827936567013,0,0.0492301367649677,0.0389564564007159,1.2636897095792687,11.729999542236328,-0.0059322582514446,-0.7683154275588872,-0.0021237151937866,0,0.10248885
2017-10-12,65.20539855957031,11.039999961853027,10096.400390625,-0.0005135076125076,-0.0005135076125076,0.0028591088066558,0.0191528450469125,0.0091886852718541,64.36720779418945,65.35095142364501,-0.015053241123887,0,0.0495114315869532,0.038825242689465,1.275205329110753,11.039999961853027,-0.0572160609830337,-1.0839594278338596,0.0003319696228927,2,0.113504134
2017-10-13,65.0459976196289,11.260000228881836,10167.4501953125,-0.0024445972797142,-0.0024445972797142,-0.0025149741933181,0.01654069267463,0.0105802808740975,64.38433776855469,65.33669639587403,-0.0145761674503561,0,0.0508368652036888,0.0388130754478931,1.309753346358487,11.260000228881836,0.0125899590614713,-0.9729310058468104,0.00874568594378,0,0.10531656
2017-10-16,64.6729965209961,11.3100004196167,10230.849609375,-0.0057344204452673,-0.0057344204452673,-0.0113309237144519,0.0087015305412119,0.0038369725420981,64.39668167114257,65.3209338760376,-0.0141494028032271,0,0.0554569441892599,0.0405223247273692,1.3685191075105596,11.3100004196167,-0.0070236980943511,-0.9420910776578572,0.0143011525773191,0,0.015101808
2017-10-17,64.6946029663086,11.609999656677246,10234.4501953125,0.0003340875863928,0.0003340875863928,-0.0110066197637468,0.0084109453242768,0.006648785252558,64.41776176452636,65.30521690368653,-0.0135893452504568,0,0.0554557668963051,0.0402030101589264,1.3793590907247446,11.609999656677246,0.0450045018407803,-0.795088212222598,0.0147787692024652,2,0.081142485
2017-10-18,64.92870330810547,11.539999961853027,10210.849609375,0.0036185451500303,0.0036185451500303,-0.0047547694168385,0.0126091650253565,0.0093067225246332,64.44239585876466,65.29070640563965,-0.0129928223107986,0,0.0563798775076419,0.0407818969107568,1.3824392521947422,11.539999961853027,-0.0161977483203786,-0.821836345508538,0.0056879181946245,4,0.06804383
2017-10-19,65.04010009765625,12.399999618530272,10146.5498046875,0.0017156786424976,0.0017156786424976,-0.0025350425818354,0.0128537752521786,0.0114110565558021,64.46989585876464,65.27704689025879,-0.0123650053111485,0,0.0564305377739777,0.0408899919351306,1.3800236947907505,12.399999618530272,0.1231883751246836,-0.4151429630298682,-9.854595633895792e-05,3,0.06794407
2017-10-23,65.1041030883789,12.329999923706056,10184.849609375,0.0030737579662158,0.0030737579662158,0.0008932981409521,0.0125259870387846,0.0130837519925812,64.49537590026856,65.262727394104,-0.0117578827069487,0,0.057013312976162,0.0412617139840887,1.3817150514662433,12.329999923706056,0.095026613949765,-0.4429207170763503,0.0043090987774323,4,0.06994202
2017-10-24,65.03489685058594,11.59000015258789,10207.7001953125,-0.0010630088505946,-0.0010630088505946,0.0055958491033016,0.0116856656696882,0.0110361435837293,64.52201583862305,65.24687686920166,-0.0111095130580995,0,0.0572649858776165,0.0413142641160022,1.3860491298526303,11.59000015258789,0.0247568278145722,-0.7842624216009296,0.0084766497768511,1,0.06783002
2017-10-25,65.07949829101562,11.760000228881836,10295.349609375,0.0006858078137981,0.0006858078137981,0.0059494193805853,0.0042776073325299,0.009593391915891,64.54585182189942,65.2326093673706,-0.0105278257627802,0,0.0506369290557613,0.0411428589316727,1.23072872527231,11.760000228881836,0.0129199463083808,-0.6982535635193193,0.0332131594251645,3,0.113629594
2017-10-26,64.83999633789062,11.619999885559082,10343.7998046875,-0.0036801444297253,-0.0036801444297253,-0.0013662211887076,-0.0007859719121738,0.0073782113876645,64.55987968444825,65.21708534240723,-0.0100772006983825,0,0.0523560187772978,0.041731887619194,1.2545505898139184,11.619999885559082,0.0069324024237873,-0.7583452541854487,0.0477280770978547,0,0.04333859
2017-10-27,64.5999984741211,11.479999542236328,10323.0498046875,-0.003701386140105,-0.003701386140105,-0.0067666197142125,-0.0101907468495552,0.0023740419455116,64.5702596282959,65.19941581726074,-0.0096497212602061,0,0.0496873482797047,0.0423635832305947,1.172851105586275,11.479999542236328,-0.0741935568223015,-0.8179205965170059,0.0457427751291596,0,0.056545567
2017-10-30,64.87339782714844,12.109999656677246,10363.650390625,0.0042321882273244,0.0042321882273244,-0.0035436362730822,-0.007293047560841,0.0082165916173619,64.58246757507324,65.18243381500244,-0.0092044160491459,0,0.0518921297936246,0.0430373627304136,1.205718026930295,12.109999656677246,-0.0178426819456689,-0.5179446969783325,0.0644943009655136,4,0.042240985
2017-10-31,64.84239959716797,12.4399995803833,10335.2998046875,-0.0004778265208654,-0.0004778265208654,-0.0029599071074137,-0.0104174271318612,0.0102423005932825,64.59610557556152,65.16721832275391,-0.0087638042852133,0,0.0508309678149861,0.0427242635006151,1.1897168946483925,12.4399995803833,0.0733390350823779,-0.3602612037889084,0.0579744596964733,2,0.10953897
2017-11-01,64.67009735107422,12.140000343322754,10440.5,-0.0026572466035214,-0.0026572466035214,-0.0062907820541376,-0.0105554353248901,0.0085241817319756,64.60572944641113,65.15190380096436,-0.0083830912481355,0,0.0509081016353472,0.0430428510255482,1.1827032299022502,12.140000343322754,0.0323129342725403,-0.4971587638072425,0.0665979217293395,0,0.087829754
2017-11-02,64.55509948730469,12.010000228881836,10423.7998046875,-0.0017782231429966,-0.0017782231429966,-0.0043938443349271,-0.0155036631080813,0.0056956448047564,64.61531349182128,65.13396629333496,-0.0079628622518993,0,0.0482372720194629,0.0431776669216073,1.1171551939535251,12.010000228881836,0.0335628525958449,-0.5536978266251007,0.0572341198526802,1,0.09426339
2017-11-03,64.50050354003906,11.90999984741211,10452.5,-0.0008457263283493,-0.0008457263283493,-0.0015401692946152,-0.0144032974583802,0.0069424179976897,64.622173538208,65.11598381042481,-0.0075835492811482,0,0.0480065597642548,0.0429924897356556,1.1166006774379555,11.90999984741211,0.0374564740698601,-0.5959487326352748,0.0542213827869946,1,0.0915976
2017-11-06,64.69339752197266,13.020000457763672,10451.7998046875,0.0029905810241288,0.0029905810241288,-0.0027746397013977,-0.0050154677716035,0.016542886978188,64.63489143371582,65.09786079406739,-0.0071118982206824,0,0.0444485510635303,0.0412063775253177,1.0786551761567769,13.020000457763672,0.0751445769517149,-0.0723770869034826,0.0569437436926163,4,0.09535713
2017-11-07,64.59089660644531,13.239999771118164,10350.150390625,-0.0015844107660681,-0.0015844107660681,-0.0038786811142881,-0.0094939807808517,0.0140335970289713,64.64660942077637,65.08011528015136,-0.0066611108094826,0,0.0432597116864559,0.0413552642650769,1.0460256131738253,13.239999771118164,0.0643086991736228,0.0337026394878425,0.0371203731637652,1,0.069484435
2017-11-08,65.16449737548828,13.609999656677246,10303.150390625,0.0088805203082709,0.0088805203082709,0.0076449556234641,-0.0038172515182581,0.0235513220827752,64.6699893951416,65.06529026031494,-0.0060754491925235,1,0.0526554957161868,0.0447833114965453,1.175757624860408,13.609999656677246,0.1210872546773049,0.2123800881343055,0.0314754489425603,4,0.025703346
2017-11-09,64.9104995727539,13.270000457763672,10308.9501953125,-0.0038977942432487,-0.0038977942432487,0.0055053758459331,-0.0077061850319488,0.0169261608930739,64.69241340637207,65.04905376434326,-0.0054826371381697,0,0.0542886167895844,0.0453648693030352,1.1966841509626307,13.270000457763672,0.1049125899141756,0.0589018218437998,0.0291505891819889,0,0.051410474
2017-11-10,64.96800231933594,13.479999542236328,10321.75,0.0008858774306239,0.0008858774306239,0.0072479865061312,-0.0041523832378298,0.019859415941942,64.71203742980957,65.03342079162597,-0.0049418184973868,0,0.0536871070903688,0.0451410720202754,1.189292043711583,13.479999542236328,0.1318219743861171,0.1650308896346354,0.0337463145885321,3,0.07797914
2017-11-13,65.1603012084961,14.050000190734863,10224.9501953125,0.0029599015252916,0.0029599015252916,0.0072171767816777,-0.000691619897592,0.0199193600440223,64.7357194519043,65.01972480773925,-0.0043679876633551,1,0.0546837060367026,0.0451548433139431,1.2109995522953156,14.050000190734863,0.0791090396895504,0.4448705720491633,0.0127322411665513,4,0.06859936
2017-11-14,65.43840026855469,14.170000076293944,10186.599609375,0.0042679216470891,0.0042679216470891,0.0131211007531486,0.0060326947588758,0.0202654406713633,64.76624946594238,65.00592681884766,-0.0036870077027466,1,0.0557252646527458,0.0452699600433315,1.230927389200667,14.170000076293944,0.0702417161067094,0.5093460985555741,0.0018834037732811,4,0.020699192
2017-11-15,65.41339874267578,14.270000457763672,10118.0498046875,-0.0003820619968749,-0.0003820619968749,0.0038195854677323,0.0114483982729842,0.0207923945364005,64.79420738220215,64.99254230499268,-0.003051656632538,1,0.0512132493877524,0.0452242801649717,1.1324031426878491,14.270000457763672,0.0484938146756397,0.5655139426460676,-0.0110254581969552,2,0.096067026
2017-11-20,64.90499877929688,13.43000030517578,10298.75,-0.0046772014945236,-0.0046772014945236,-8.474427855642563e-05,0.0032521385608912,0.0099901698666047,64.8117813873291,64.97668128967285,-0.0025378320202075,0,0.0544390412266799,0.0462734528573656,1.1764383556188227,13.43000030517578,0.0120572601275608,0.1652984236701544,0.0062826828467004,0,0.016568605
2017-11-21,65.0250015258789,13.720000267028809,10326.900390625,0.0018488983720665,0.0018488983720665,0.0008773427611765,0.0014831378553252,0.0134740527097161,64.83028144836426,64.96154930114746,-0.002020700771385,1,0.0534603558575571,0.046226936717602,1.1564512641811524,13.720000267028809,0.0178042086752669,0.3108724025213933,0.0113654383023571,3,0.09285132
2017-11-22,64.76129913330078,14.039999961853027,10342.2998046875,-0.0040554000213776,-0.0040554000213776,-0.0061233921236584,-0.0042866010958909,0.0089173562834765,64.8451993560791,64.94453330993652,-0.0015295198655652,0,0.0552740958535361,0.0470418392618118,1.1749736351140323,14.039999961853027,-0.0007117600531016,0.4777462163266391,0.0192922721287551,0,0.03131899
2017-11-23,64.7699966430664,13.869999885559082,10348.75,0.0001343010390777,0.0001343010390777,-0.0102142415270727,-0.0051318800116015,0.0108324573891036,64.86159729003906,64.92763828277587,-0.0010171476197731,0,0.0541741604286563,0.046867201798619,1.155883058228459,13.869999885559082,-0.0211715024078761,0.4163469830411293,0.0160925685612609,2,0.057094328
2017-11-24,64.57939910888672,13.510000228881836,10389.7001953125,-0.0029426824773518,-0.0029426824773518,-0.012749675904624,-0.0070038973498443,0.0065759713230142,64.8745652770996,64.90998527526855,-0.0005456787275291,0,0.0549842876332903,0.0472560092363515,1.1635160269726672,13.510000228881836,-0.05325859877379,0.2518273199374584,0.0178296772551742,0,0.07673578
2017-11-27,64.54499816894531,13.029999732971191,10399.5498046875,-0.0005326921652429,-0.0005326921652429,-0.0055465775690977,-0.0082130338448552,0.0076102782884288,64.8858652496338,64.89360527038575,-0.0001192724725295,0,0.0549043030969637,0.0471452652763489,1.1645525425002556,13.029999732971191,-0.0297841074545941,0.0158900557343533,0.0101210934320885,2,0.11527504
2017-11-28,64.43389892578125,13.149999618530272,10370.25,-0.0017212680504422,-0.0017212680504422,-0.009090389638244,-0.006263069633643,0.0067010653975205,64.89479125976563,64.87826675415039,0.0002547001706727,0,0.0537647306463152,0.0472601120631036,1.137610358692531,13.149999618530272,-0.0415452359624461,0.089821835358056,0.0025571062677096,1,0.089257754
2017-11-29,64.47000122070312,13.0600004196167,10361.2998046875,0.0005602997106144,0.0005602997106144,-0.0044980245377422,-0.0020123414317114,0.0074146240506398,64.90188934326171,64.86363975524903,0.0005896922861099,0,0.0522177963138989,0.0472358728896288,1.1054456639394463,13.0600004196167,-0.0698005373859691,0.0558688237424504,0.0037053003447324,3,0.098233506
2017-11-30,64.41480255126953,13.550000190734863,10226.5498046875,-0.0008561915369696,-0.0008561915369696,-0.0054839294458246,-0.0070690805667494,0.0098057754158566,64.90708541870117,64.84938575744629,0.0008897487706467,0,0.0500209144184891,0.0467697581261885,1.0694912039597828,13.550000190734863,-0.0230713552606002,0.3391322154078627,-0.013228986001064,1,0.08818281
2017-12-01,64.49939727783203,14.800000190734863,10121.7998046875,0.0013132808486864,0.0013132808486864,-0.0012388134940648,-0.0052897844846401,0.0080109666552916,64.91466934204101,64.83609622955322,0.0012118729697976,0,0.0502728738151397,0.0464649345142515,1.0819296833408265,14.800000190734863,0.0954848216134927,1.0533316815316192,-0.0206573591511267,3,0.048169304
2017-12-04,64.50900268554688,14.859999656677246,10127.75,0.0001489224414528,0.0001489224414528,-0.0005576804465037,-0.0024910224682794,0.0083281373529997,64.92055541992187,64.8226647567749,0.001510130191566,0,0.0494063155292852,0.0464583154698567,1.0634318441764503,14.859999656677246,0.1404451236537949,1.10205397411888,-0.0299554619031655,2,0.048823886
2017-12-05,64.35140228271484,15.010000228881836,10118.25,-0.0024430761021103,-0.0024430761021103,-0.0012803298332362,-0.0031554006764392,0.0068766961871649,64.9216094970703,64.80771926879883,0.0017573559069268,0,0.0497659840003341,0.0467026559338434,1.0655693436682665,15.010000228881836,0.1414449174379102,1.2066590072022276,-0.029312708456862,0,0.098799355
2017-12-06,64.35690307617188,15.09000015258789,10044.099609375,8.548055305568347e-05,8.548055305568347e-05,-0.0017542755140343,-0.0022263464001959,0.0053330854380595,64.92307357788086,64.79468227386475,0.0019815098941828,0,0.0496704605229629,0.0466152219700059,1.0655187920402942,15.09000015258789,0.1554364217264527,1.2776854074470392,-0.0390720297177709,2,0.050109245
2017-12-07,64.51519775390625,14.270000457763672,10166.7001953125,0.002459637896917,0.002459637896917,0.0015585734747352,-0.0027545278945333,0.0076359127770253,64.91733154296875,64.78353176116943,0.0020653363310383,0,0.0493066994524083,0.0468361370549703,1.052726587334738,14.270000457763672,0.0531365503242668,0.8204938923221827,-0.0272775612528606,4,0.10440153
2017-12-08,64.54239654541016,13.670000076293944,10265.650390625,0.0004215873538457,0.0004215873538457,0.0006666615409274,-0.0007508807522934,0.0069016861438409,64.91035949707032,64.77202526092529,0.0021357095997502,0,0.0489719968517315,0.0468001433797518,1.0463846247166455,13.670000076293944,-0.0763513580998684,0.4788338487301177,-0.0081641325788405,2,0.09388084
2017-12-11,64.4729995727539,14.149999618530272,10322.25,-0.0010752153060729,-0.0010752153060729,-0.0005581098962026,-0.0106115727211069,0.0071482143110401,64.89451751708984,64.75981327056884,0.0020800592175613,0,0.037269825078096,0.0467701568438217,0.7968548907726939,14.149999618530272,-0.047779276887664,0.7784288877723571,0.00185376400915,1,0.05341171
2017-12-12,64.3499984741211,15.260000228881836,10240.150390625,-0.0019077924006624,-0.0019077924006624,-2.181473198648032e-05,-0.0086349835900521,0.0062532901339675,64.87451751708984,64.74768375396728,0.0019588926702693,0,0.0354823670084228,0.0468990380494261,0.7565530537742716,15.260000228881836,0.0166555627040536,1.4746914171784675,-0.0066737934885729,1,0.093334034
2017-12-13,64.55000305175781,15.949999809265137,10192.9501953125,0.0031080743182481,0.0031080743182481,0.0030004547508661,-0.0064339252040341,0.0096823653354756,64.85501754760742,64.73610626220703,0.0018368618730133,0,0.0371826743749055,0.0472448724013277,0.7870036573578141,15.949999809265137,0.0569913616952322,1.9140483735391,-0.012478485207208,4,0.084139325
2017-12-14,64.31999969482422,16.40999984741211,10252.099609375,-0.0035631811937975,-0.0035631811937975,-0.0030256135899422,-0.012895912052081,0.0053141630981639,64.83421752929688,64.72188224792481,0.0017356615331698,0,0.0371603124520609,0.0478445181950356,0.7766727972426175,16.40999984741211,0.1499649138752592,2.208166907015856,0.0026552123525205,0,0.06396953
2017-12-15,64.2750015258789,14.9399995803833,10333.25,-0.0006995984011008,-0.0006995984011008,-0.0041429360210248,-0.0177785327560159,0.0044915438895931,64.80828353881836,64.70793125152588,0.0015508498780838,0,0.0329282731007126,0.0478772711134838,0.6877498358840937,14.9399995803833,0.0929041329188979,1.3157167841392567,0.0143964027495528,1,0.10062538
2017-12-18,64.07230377197266,13.119999885559082,10388.75,-0.0031536016973042,-0.0031536016973042,-0.0062149396404163,-0.0205018390189255,-0.0006674445785389,64.7808676147461,64.6934677886963,0.0013509837861107,0,0.033970432966261,0.0481882141732915,0.7049385126742497,13.119999885559082,-0.0727915025257204,0.1872748367334277,0.0267541868777014,0,0.07226895
2017-12-19,64.20010375976562,12.1899995803833,10463.2001953125,0.0019946213928532,0.0019946213928532,-0.0023293662456845,-0.0108604118756426,0.0007030626034911,64.76447967529298,64.67964279174805,0.0013116473728538,0,0.0322840408351034,0.0483274779036168,0.6680127791214243,12.1899995803833,-0.2011795938697366,-0.3904787502811732,0.0159679762410487,3,0.08072211
2017-12-20,64.04759979248047,12.1899995803833,10444.2001953125,-0.0023754473646308,-0.0023754473646308,-0.0077831639895431,-0.0150311681732056,-0.0011322690369276,64.74123168945313,64.6653092956543,0.0011740822803725,0,0.0316930276116751,0.0485672029408342,0.65254684531531,12.1899995803833,-0.2357366942849555,-0.3838647696332685,0.0113586652577755,0,0.11320539
2017-12-21,63.96500015258789,12.09000015258789,10440.2998046875,-0.0012896601927349,-0.0012896601927349,-0.0055192715161797,-0.0122959080711744,-0.0038884966154985,64.71224769592285,64.65195928573608,0.0009325070864492,0,0.0293888931559782,0.0485605847281354,0.6051880992044938,12.09000015258789,-0.2632540971964415,-0.4410628531901128,0.009475648729075,1,0.041981656
2017-12-22,64.00969696044922,11.59000015258789,10493.0,0.0006987697608802,0.0006987697608802,-0.0041276477500022,-0.0117384548714281,-0.004494670528666,64.68414970397949,64.63854177474975,0.0007055841294913,0,0.0296276162619531,0.0485112529583404,0.6107243934309872,11.59000015258789,-0.2242302223484709,-0.7566355994732477,0.0139388815074283,3,0.107257165
2017-12-26,64.010498046875,12.050000190734863,10531.5,4.219494781065869e-05,4.219494781065869e-05,-0.000964624673363,-0.0088093272755991,-0.0042499263867508,64.65958168029785,64.62506875991821,0.0005340484898801,0,0.028381713189862,0.048508262638604,0.5850782231283728,12.050000190734863,-0.0815548554998042,-0.4526897667770939,0.0136481132296266,2,0.0474017
2017-12-27,64.0281982421875,12.489999771118164,10490.75,0.0002765201936023,0.0002765201936023,-0.0026776517094332,-0.0080068160418116,-0.0119455831552713,64.6360376739502,64.61091974258423,0.0003887567529767,0,0.0284788935187323,0.0456859974481402,0.6233478912913698,12.489999771118164,0.0246103528352565,-0.1597392280444812,0.008769629169081,2,0.0686146
2017-12-28,64.11499786376953,12.300000190734863,10477.900390625,0.0013556467925852,0.0013556467925852,0.0010523122100973,-0.0049492746415834,-0.0119585303112977,64.61741767883301,64.59726922988892,0.0003119086794889,0,0.0286468246870812,0.0456843049759485,0.6270468086436679,12.300000190734863,0.0090238403722819,-0.2786001311602257,0.0103806938718931,3,0.04642914
2017-12-29,64.06199645996094,12.670000076293944,10530.7001953125,-0.000826661554621,-0.000826661554621,0.0015163965784672,-0.0063285986197743,-0.0184340809735122,64.60519767761231,64.58371419906616,0.0003326454480447,0,0.0285655039413474,0.0441275981515855,0.6473240741349288,12.670000076293944,0.0479735249285255,-0.0305819350675619,0.016349337806861,1,0.08008239
2018-01-02,63.86759948730469,13.6899995803833,10442.2001953125,0.0004197667913139,0.0004197667913139,-0.002219936664164,-0.0084949893858529,-0.0226839942070303,64.58865760803222,64.56972867965698,0.0002931548383786,0,0.0285940391226385,0.0440415226212894,0.6492370877234136,13.6899995803833,0.1811906298660841,0.6462212478960346,0.0210873065445937,2,0.09664332
2018-01-03,63.459999084472656,13.619999885559082,10443.2001953125,-0.0063819590231045,-0.0063819590231045,-0.0086001355902466,-0.016114851257945,-0.0315147255752551,64.55928352355957,64.55394765853882,8.26574549550596e-05,0,0.0350326546985034,0.0453383374235778,0.7726768119969344,13.619999885559082,0.1302904290434265,0.6088650396286441,0.0317532846753356,0,0.02429544
2018-01-04,63.41910171508789,13.420000076293944,10504.7998046875,-0.0006444590289125,-0.0006444590289125,-0.0095129418572063,-0.0168953312729353,-0.0296955152561041,64.5268635559082,64.53721817016601,-0.0001604440747741,0,0.0349251634344558,0.0451285457870815,0.7738868810962698,13.420000076293944,0.07445959345222,0.4826349632017811,0.0372293752005628,1,0.106686994
2018-01-05,63.36959838867188,13.109999656677246,10558.849609375,-0.0007805743865375,-0.0007805743865375,-0.0116259767594699,-0.0152569152996792,-0.033583125431811,64.49217346191406,64.52066368103027,-0.0004415673598314,0,0.0343148720821198,0.0441631904396509,0.776984061985922,13.109999656677246,0.0658536140960814,0.2886009332096299,0.0435450408296889,1,0.101640046
2018-01-08,63.26499938964844,13.739999771118164,10623.599609375,-0.0016506179884854,-0.0016506179884854,-0.0124410276662331,-0.0169663802068144,-0.0332823565318582,64.45677551269532,64.50613819122314,-0.000765240020748,0,0.0344279147378067,0.0441229230045815,0.7802550723840197,13.739999771118164,0.0844514355470471,0.7221218235560416,0.057695564812908,1,0.08725619
2018-01-09,63.45199966430664,13.850000381469728,10637.0,0.0029558251238803,0.0029558251238803,-0.0065072090752472,-0.0164798082717685,-0.0241081683257774,64.42422554016113,64.49452268600464,-0.001089970790012,0,0.0350295863317111,0.0428559225297412,0.8173612164382968,13.850000381469728,0.0116874219131237,0.8066274483711102,0.0462588446253522,4,0.1105718
2018-01-10,63.63610076904297,14.039999961853027,10632.2001953125,0.0029014232129849,0.0029014232129849,0.0027750029484856,-0.0140418674371588,-0.0241358432376431,64.40014762878418,64.48460069656372,-0.0013096625685399,0,0.0369611095673175,0.0428473931510796,0.8626019985626047,14.039999961853027,0.0308370102660029,0.944465139137084,0.0357064375601809,4,0.09568147
2018-01-11,63.7599983215332,14.010000228881836,10651.2001953125,0.0019469695816201,0.0019469695816201,0.0053752985650412,-0.0110589123500625,-0.0252881104085971,64.38334762573243,64.47637817382812,-0.0014428624983383,0,0.0378453018115099,0.0425322045169991,0.8897825179474642,14.010000228881836,0.0439642436090674,0.93316054178681,0.0318680709450458,3,0.095933974
2018-01-12,63.67210006713867,13.729999542236328,10681.25,-0.0013785799358285,-0.0013785799358285,0.004773608893833,-0.0105345520288557,-0.0266377319768948,64.35932167053222,64.4673981666565,-0.0016764519617322,0,0.0376164164637196,0.042586445797959,0.8832747716821818,13.729999542236328,0.0472921359111784,0.751611704300533,0.0430755010960417,1,0.050742578
2018-01-15,63.5885009765625,14.3100004196167,10741.5498046875,-0.0013129626710602,-0.0013129626710602,0.0051134369720233,-0.014895461343733,-0.0252977636632376,64.33424369812012,64.45866418838501,-0.0019302368708924,0,0.0355794559787931,0.0423600347145712,0.8399099837510482,14.3100004196167,0.0414847640461166,1.170289361199274,0.0538214745351437,1,0.04915104
2018-01-16,63.52119827270508,14.09000015258789,10700.4501953125,-0.0010584099770213,-0.0010584099770213,0.0010905662353359,-0.0124191763978416,-0.0258291540895434,64.31126571655274,64.44879516601563,-0.002133933599668,0,0.0339225256045279,0.0423870237860803,0.8002856131185707,14.09000015258789,0.0173285028525533,1.0291572740615391,0.043732562403852,1,0.056032598
2018-01-17,63.99430084228516,13.859999656677246,10788.5498046875,0.0074479478102567,0.0074479478102567,0.0056288815454332,-0.0043671828382723,-0.0161685086835592,64.30004974365234,64.4419416809082,-0.0022018569514626,0,0.0434890535532219,0.0448726047798864,0.9691455314665268,13.859999656677246,-0.0128205345915132,0.873137573456591,0.0440616267570705,4,0.020018501
2018-01-18,63.82500076293945,13.960000038146973,10817.0,-0.002645549324196,-0.002645549324196,0.0010194862471364,-0.0038597489784873,-0.0131120530000699,64.28653968811035,64.43384469985962,-0.0022861434458153,0,0.0430640880911566,0.0437111169290536,0.9851750753927389,13.960000038146973,-0.0035688929277665,0.9503720277425944,0.0412224762363133,0,0.09482543
2018-01-19,63.86759948730469,13.979999542236328,10894.7001953125,0.0006674300643325,0.0006674300643325,0.003070409487984,-0.0051791859045143,-0.012783191195015,64.270023727417,64.426217212677,-0.0024243777148112,0,0.0425259486292423,0.0437286565906193,0.9724738757350512,13.979999542236328,0.0182083035932338,0.9752107539192852,0.0412397729131963,3,0.09503634
2018-01-22,63.83209991455078,15.390000343322754,10966.2001953125,-0.0005558307035002,-0.0005558307035002,0.003830864609909,-0.0033646831204904,-0.0168893468940999,64.2548477935791,64.42015272140503,-0.002566043712141,0,0.0417471936329344,0.0430927286980078,0.9687533405496274,15.390000343322754,0.0754716905686143,1.9872664357989835,0.0499798922117828,1,0.12255193
2018-01-23,63.88010025024414,16.229999542236328,11083.7001953125,0.0007519780135325,0.0007519780135325,0.0056501134628828,-0.0013272868309422,-0.0178351485571269,64.22915985107421,64.4140032196045,-0.0028696146690355,0,0.041545599251615,0.0429679916637717,0.9668739628964392,16.229999542236328,0.1518807215382029,2.5654740132552085,0.0616266201796356,3,0.09721406
2018-01-24,63.7504997253418,18.040000915527344,11086.0,-0.0020288090406033,-0.0020288090406033,-0.0038097317063314,-0.0040493432622806,-0.0207913679603203,64.20595985412598,64.40885572433471,-0.0031501238133637,0,0.0421257452842314,0.0426253261976764,0.9882565316296892,18.040000915527344,0.3015873998839764,3.751227098472049,0.0565138663871152,1,0.11278677
2018-01-25,63.57789993286133,17.510000228881836,11069.650390625,-0.0027074265021307,-0.0027074265021307,-0.0038715366568644,-0.0067582369644566,-0.022403309427429,64.17815780639648,64.40279521942139,-0.0034880071937803,0,0.0431362284594931,0.042882808948443,1.0058861261916714,17.510000228881836,0.2542980072374043,3.309015156057262,0.0510991207923847,0,0.10420567
2018-01-29,63.56999969482422,17.889999389648438,11130.400390625,-4.8783979797017984e-05,-4.8783979797017984e-05,-0.004659636417674,-0.007156199298786,-0.0231946870493897,64.14635177612304,64.39666172027587,-0.0038870018641667,0,0.0431099666440336,0.042842715621708,1.0062144708614085,17.889999389648438,0.2796852629071431,3.491557724922876,0.0609727989538402,2,0.0615144
2018-01-30,63.66939926147461,16.420000076293945,11049.650390625,0.0015636238340031,0.0015636238340031,-0.0025488845470221,-0.0069499901293255,-0.0180536265041698,64.11097175598144,64.38975870132447,-0.0043296783675832,0,0.0432086233595646,0.042424286568594,1.0184639127823942,16.420000076293945,0.0669265568546966,2.491120763983649,0.0545672299491954,3,0.0685382
2018-01-31,63.769901275634766,15.93000030517578,11027.7001953125,0.0015784979177739,0.0015784979177739,-0.0017250908213619,-0.0045595704234527,-0.0128498021376713,64.07810180664063,64.383408203125,-0.0047420042679496,0,0.0435432268362854,0.0419544368084694,1.0378446787496085,15.93000030517578,-0.0184842418682663,2.155232457690448,0.0471953422642521,3,0.06635276
2018-02-01,63.665000915527344,14.109999656677246,11016.900390625,-0.0016449823193861,-0.0016449823193861,-0.0013411472879869,-0.0031721651260372,-0.0186270020084472,64.05330184936524,64.37883319854737,-0.0050564965689603,0,0.0438514523054868,0.041128632938434,1.0661766024298598,14.109999656677246,-0.2178492826720134,0.9552331403571828,0.0550363127083584,1,0.06770332
2018-02-02,63.97499847412109,15.25,10760.599609375,0.0048691989968721,0.0048691989968721,0.0062458580997342,0.0081153387500512,-0.0133770669875821,64.03230178833007,64.37740818023681,-0.0053606754552862,0,0.0409070409410934,0.0423483033746757,0.9659436562433577,15.25,-0.1290691147538698,1.718538803405437,0.0303929263182147,4,0.025709048
2018-02-05,64.13249969482422,16.049999237060547,10666.5498046875,0.0024619183190264,0.0024619183190264,0.0088485134922189,0.0112489448832198,-0.0083129248025025,64.01972579956055,64.37519569396973,-0.0055218456515306,0,0.0413287904461606,0.0423315789591658,0.9762880377788103,16.049999237060547,-0.1028507666496935,2.249158086728747,0.0153977232319861,4,0.12013586
2018-02-06,64.314697265625,20.020000457763672,10498.25,0.0028409553918491,0.0028409553918491,0.0101351357423731,0.0149140739563542,-0.0037239849924941,64.01061981201173,64.37361919403077,-0.0056389463038408,0,0.0417728283938381,0.0425605718966809,0.9814681773324176,20.020000457763672,0.219244845599432,4.687902371129812,-0.0057392245951864,4,0.09506462
2018-02-07,63.97999954223633,19.46999931335449,10476.7001953125,-0.0052040627977512,-0.0052040627977512,0.003294630576476,0.0113016701096322,-0.0080697664240656,63.99863182067871,64.37101919174194,-0.0057850159239205,0,0.0459136741864558,0.0438078604183485,1.048045389631402,19.46999931335449,0.2222221557038224,4.191676408244173,-0.0138276497104489,0,0.025273103
2018-02-08,64.19999694824219,17.770000457763672,10576.849609375,0.0034385340353217,0.0034385340353217,0.0084032989086844,0.0117883957620379,-0.0076267531561143,63.991731796264645,64.36975069046021,-0.0058726170311482,0,0.0462624398191846,0.0439418928284207,1.052785486832212,17.770000457763672,0.2593905662750608,3.0991347310688497,-0.005654826607596,4,0.04912149
2018-02-09,64.44049835205078,19.229999542236328,10454.9501953125,0.0037461279632533,0.0037461279632533,0.0072762780622495,0.0126405856626452,-0.0023284744800945,63.99186378479004,64.36991167068481,-0.0058730527366397,1,0.0468880767038819,0.0444567419760245,1.0546661755598832,19.229999542236328,0.2609835765400872,3.9100845880026136,-0.0166710555429671,4,0.04230559
2018-02-12,64.2113037109375,17.8799991607666,10539.75,-0.0035566863536831,-0.0035566863536831,0.001228768822177,0.0070781901079799,-0.014627499680667,63.98668983459473,64.36811819076539,-0.0059257341505655,0,0.0487442749517461,0.0412875547356428,1.180575955342585,17.8799991607666,0.114018692255166,3.0748925577849184,-0.0104636278793772,0,0.05157621
2018-02-14,64.2500991821289,17.18000030517578,10500.900390625,-0.0005195966135783,-0.0005195966135783,-0.0010044062437127,0.0090777454235178,-0.0101740149124072,63.98339576721192,64.36613519668579,-0.0059462857029448,0,0.0484517369828177,0.0405794576295043,1.193967239728476,17.18000030517578,-0.1418581462362829,2.6159162351802774,-0.0168846913399648,1,0.11753072
2018-02-15,64.02519989013672,16.31999969482422,10545.5,-0.0035003726819886,-0.0035003726819886,0.0007064762148139,0.0068675767924639,-0.0145117965081499,63.97391181945801,64.36296117782592,-0.006044615587108,0,0.0499857915154309,0.0411039301836576,1.2160534342740248,16.31999969482422,-0.1617873512902325,2.0851762266706,-0.0182515380231208,0,0.059079193
2018-02-16,63.890899658203125,16.3799991607666,10452.2998046875,-0.0020976151915814,-0.0020976151915814,-0.0048145997621815,0.0058201261240518,-0.019481210595255,63.96154975891113,64.3592156791687,-0.0061788496963657,0,0.0504639331260914,0.0407967973475435,1.2369278835375626,16.3799991607666,-0.0782217929763632,2.0942887643380503,-0.0231906495610536,1,0.11060108
2018-02-19,64.37999725341797,16.670000076293945,10378.400390625,0.0076551996893354,0.0076551996893354,-0.0009388676403817,0.0060270431281586,-0.0161740355936744,63.9621216583252,64.35916566848755,-0.0061691913814967,1,0.0508410750736684,0.0428237379665746,1.187189402381181,16.670000076293945,-0.1331253004098964,2.232755270017328,-0.038017103455767,4,0.02453272
2018-02-20,64.50499725341797,16.8700008392334,10360.400390625,0.0019415968520155,0.0019415968520155,0.0045738604499077,0.0106540772792809,-0.0138870859291579,63.96508354187012,64.35994066238403,-0.0061351380447232,1,0.0500362759157464,0.0430280034490294,1.1628499826870853,16.8700008392334,-0.056487604526817,2.315414250164427,-0.0422112978991402,3,0.10808675
2018-02-21,64.86499786376953,15.920000076293944,10397.4501953125,0.0055809724157842,0.0055809724157842,0.0095703927226256,0.0156166567159472,-0.0006162994573555,63.97207954406738,64.36416566848754,-0.006091683475548,1,0.0530950245146977,0.0435104402900295,1.220254355194586,15.920000076293944,-0.0733411063154777,1.7597845338356477,-0.0456414578726952,4,0.008530212
2018-02-22,64.8949966430664,14.829999923706056,10382.7001953125,0.0004624802325574,0.0004624802325574,0.0135852251054617,0.0166514454316633,-0.0019993061093702,63.97913154602051,64.36834066390992,-0.0060465923756153,1,0.0529099645577426,0.0433633185495399,1.2201267384681154,14.829999923706056,-0.0912990072904661,1.1384651676719266,-0.0532089501931049,2,0.10553195
2018-02-23,64.95140075683594,14.199999809265137,10491.0498046875,0.000869159668499,0.000869159668499,0.01659862522372,0.0167704888125579,0.0029354201672802,63.98869956970215,64.37219766616822,-0.0059575113227433,1,0.0529117991343002,0.0425982558584801,1.2420827093806404,14.199999809265137,-0.1330891003171113,0.7807590019428785,-0.0534704458061435,3,0.08941518
2018-02-26,64.7030029296875,13.699999809265137,10582.599609375,-0.0038243644363943,-0.0038243644363943,0.0050171744338243,0.0149411096140328,-0.0010343325127541,63.99575965881348,64.37536268234253,-0.0058967127750748,1,0.0544423950020396,0.0433108693392573,1.256985575376533,13.699999809265137,-0.1781643823296907,0.4996658875666355,-0.0454086587249684,0,0.050583888
2018-02-27,64.78040313720703,13.920000076293944,10554.2998046875,0.0011962382581167,0.0011962382581167,0.0042695278740512,0.0189138553745178,0.0031125100433562,64.00036766052246,64.3782147026062,-0.0058691755251244,1,0.0530600416857786,0.0429473235270419,1.2354391819827386,13.920000076293944,-0.1748666636743041,0.6229670112082139,-0.0465552720954904,3,0.047865577
2018-02-28,64.91000366210938,13.8100004196167,10492.849609375,0.0020006131272114,0.0020006131272114,0.0006938379684273,0.0210791878829323,0.0056550546675773,64.01216773986816,64.38191473007203,-0.0057430256890318,1,0.0530985313702266,0.0430962361235086,1.23206349516373,13.8100004196167,-0.1325376662415467,0.562375046868125,-0.0572801299930774,3,0.107649066
2018-03-01,65.23999786376953,14.06999969482422,10458.349609375,0.0050838727937523,0.0050838727937523,0.0053162992302886,0.0246680292340257,0.0125104789781043,64.03146766662597,64.38657472610474,-0.0055152345188319,1,0.0549816844189578,0.0440455548180777,1.2482629945984358,14.06999969482422,-0.0512474870392251,0.7075032318196779,-0.0535130760111365,4,0.025292624
2018-03-05,65.18669891357422,15.399999618530272,10358.849609375,0.0005632753159758,0.0005632753159758,0.0036226802501024,0.0222173409335475,0.0111167625143606,64.053755569458,64.39044923782349,-0.0052289380234313,1,0.0549859103375151,0.0440456431998177,1.2483564317959803,15.399999618530272,0.0845070299565895,1.4449972515230929,-0.0606518652204387,3,0.10838423
2018-03-06,65.00370025634766,16.25,10249.25,-0.0028073005732225,-0.0028073005732225,0.0046473473107102,0.0210272413660457,0.0091422729210324,64.06982749938965,64.39226774215699,-0.0050074372913604,1,0.0558483224601545,0.0444143145735173,1.2574113905624378,16.25,0.186131403374935,1.9018848048495496,-0.0696793438632016,0,0.09208952
2018-03-07,64.88999938964844,15.699999809265137,10154.2001953125,-0.001749144529478,-0.001749144529478,0.0016918118309525,0.0143024765510151,0.0060559032843963,64.08667549133301,64.39396772384643,-0.0047720655113416,1,0.0547808413810487,0.0445270011387799,1.2302560182370166,15.699999809265137,0.1278735433344264,1.5837475910994516,-0.0563536825154412,1,0.08965298
2018-03-08,64.89119720458984,14.59000015258789,10242.650390625,1.8459160928907536e-05,1.8459160928907536e-05,-0.0002897312657295,0.0118301565255667,0.0059246694745227,64.10519943237304,64.39662370681762,-0.0045254589087055,1,0.054440329676165,0.0445279018601105,1.2225841510125626,14.59000015258789,0.0564807899544466,0.9661287367035242,-0.0397410054632861,2,0.053707324
2018-03-09,65.09040069580078,14.529999732971191,10226.849609375,0.0030698076132404,0.0030698076132404,-0.0022930284007846,0.0120610601177528,0.0114837965743046,64.12681350708007,64.40124822616578,-0.0042613260867543,1,0.0545658182121043,0.0445838861212568,1.223863577080864,14.529999732971191,0.0326936779050668,0.9290613253751988,-0.0258519649108184,4,0.08863126
2018-03-12,64.96489715576172,14.489999771118164,10421.400390625,-0.0019281420716028,-0.0019281420716028,-0.0034025615886236,0.0153938358951568,0.0094472240043967,64.14590148925781,64.40588121414184,-0.0040365836160153,1,0.0512638236099287,0.0447947070634467,1.1443914377179218,14.489999771118164,-0.059090900646331,0.9041179186505474,-0.0052783609014832,1,0.10230663
2018-03-13,64.94550323486328,14.460000038146973,10426.849609375,-0.0002985292326707,-0.0002985292326707,-0.0008952878259986,0.0116122480071474,0.0066698312326103,64.16424758911133,64.41110872268676,-0.0038325863111324,1,0.0504172391132988,0.0445717627864993,1.1311221463833012,14.460000038146973,-0.1101538438063401,0.8852052533209729,-0.0141819166897337,2,0.089800715
2018-03-14,64.8281021118164,14.359999656677246,10410.900390625,-0.0018076867096142,-0.0018076867096142,-0.0009538800803549,0.0060149094075603,0.0044266339909648,64.17850967407226,64.41409921646118,-0.0036574219814397,1,0.0496698250564889,0.0447432948334278,1.1100817487770824,14.359999656677246,-0.0853503292272085,0.8275762765760598,-0.0042132964638368,1,0.09066968
2018-03-15,64.83679962158203,14.329999923706056,10360.150390625,0.000134162646789,0.000134162646789,-0.0008382890954578,0.0097412118193449,0.0056426729210512,64.19400573730469,64.41392770767212,-0.003414199043497,1,0.0476615200771342,0.0446757021269492,1.0668092721280904,14.329999923706056,-0.0178204404498046,0.8080278364422159,-0.0170402153158282,2,0.04969581
2018-03-16,65.01439666748047,15.220000267028809,10195.150390625,0.0027391396079845,0.0027391396079845,-0.0011676687730886,0.0118956623426373,0.0103247584943855,64.2169416809082,64.41675718307495,-0.0031019180552486,1,0.0481363704822198,0.0447706940918202,1.075151866791085,15.220000267028809,0.0474879935814369,1.2887480059225784,-0.0291165508314855,4,0.09206973
2018-03-19,65.06500244140625,15.81999969482422,10094.25,0.0007783779673387,0.0007783779673387,0.001540913478313,0.0162405201866415,0.0079783015538434,64.24904174804688,64.4195812034607,-0.0026473232552566,1,0.0457283111639737,0.0444024159311619,1.0298376871469914,15.81999969482422,0.0917874357981043,1.604812844985236,-0.0427907638329144,3,0.07915566
2018-03-20,65.21009826660156,15.609999656677246,10124.349609375,0.0022300133674162,0.0022300133674162,0.0040741085765618,0.0206476762020217,0.01383859726369,64.28486167907715,64.42120569229127,-0.0021164461569589,1,0.0446739545869272,0.0439208346391756,1.0171240558125676,15.609999656677246,0.0795297106152459,1.4809834771556596,-0.0313758886982389,4,0.11455262
2018-03-21,65.2323989868164,15.109999656677246,10155.25,0.000341982619374,0.000341982619374,0.0062364447181049,0.0132401641777513,0.0148953315940727,64.32211769104003,64.42356718063354,-0.0015747263623117,1,0.0376699218049891,0.0438755392765361,0.8585435958741146,15.109999656677246,0.0522284135049584,1.2048303422356412,-0.0215014243261009,2,0.08087421
2018-03-22,65.06559753417969,15.25,10114.75,-0.0025570338547633,-0.0025570338547633,0.0035288279793732,0.008690803885462,0.015502700913363,64.35812965393066,64.42616815567017,-0.0010560693532961,1,0.0389942815557314,0.0437005996310051,0.8922849937983981,15.25,0.0642009826372707,1.2763513847858017,-0.0237105113087411,0,0.11178535
2018-03-23,65.16000366210938,15.550000190734863,9998.0498046875,0.001450937692228,0.001450937692228,0.002239611564399,0.0045479967325277,0.0149516877096593,64.39228973388671,64.42940217971801,-0.0005760172308875,1,0.0345604979024031,0.04362881176321,0.7921303463322663,15.550000190734863,0.0216819919787345,1.430230457651902,-0.0384133016386135,3,0.053278387
2018-03-26,65.01499938964844,15.199999809265137,10130.650390625,-0.0022253570336315,-0.0022253570336315,-0.0007685091813043,0.0018491833390803,0.0151043848684795,64.41986770629883,64.43193418502807,-0.0001872748177105,1,0.0356235881580196,0.0435924198870721,0.8171781028031708,15.199999809265137,-0.0391908911200502,1.2320600192987985,-0.0242759397792583,0,0.11248533
2018-03-27,64.69499969482422,15.550000190734863,10184.150390625,-0.0049219364427952,-0.0049219364427952,-0.0078990614256007,-0.0039475832549267,0.011412484022433,64.43856773376464,64.43231618881225,9.702499183905644e-05,1,0.0395906984972189,0.04472225505815,0.8852374105091935,15.550000190734863,-0.0038436558143496,1.4080191810526703,-0.0292534512537891,0,0.025071576
2018-03-28,64.89550018310547,15.760000228881836,10113.7001953125,0.0030991651476472,0.0030991651476472,-0.0051645931920888,0.0029750899448539,0.0138385786016699,64.46303573608398,64.43429319381714,0.0004460752317152,1,0.0386816987362854,0.0450775762200778,0.8580949528538298,15.760000228881836,0.0430179078076515,1.5062442871246546,-0.0443085282794888,4,0.09278141
2018-04-02,65.10549926757812,15.350000381469728,10211.7998046875,0.0011610101445256,0.0011610101445256,0.0006132539300431,0.00501843327036,0.0171065880459366,64.4933757019043,64.43795919418335,0.0008599978710366,1,0.0386705730050936,0.0451088302518459,0.8572537912290472,15.350000381469728,0.0065574020635887,1.2769345927588287,-0.0324512290097999,3,0.04641155
2018-04-03,65.13999938964844,15.1899995803833,10245.0,0.0005299110283836,0.0005299110283836,-0.0003070023225393,0.0035433017187351,0.0173642422867426,64.52575172424316,64.4416341972351,0.0013053288926627,1,0.0381437423600131,0.0451111280385896,0.8455318784204617,15.1899995803833,-0.0231511643688635,1.1824263916774158,-0.0236208102280961,2,0.108557686
2018-04-04,64.90499877929688,16.34000015258789,10128.400390625,-0.0036076237726969,-0.0036076237726969,-0.0016919266536066,-0.0051348727075709,0.0123216242977333,64.5439656829834,64.4444391822815,0.0015443768611342,1,0.0357526217661254,0.045729020226228,0.7818195047641785,16.34000015258789,0.0750000235281496,1.7730333307479544,-0.0315488801841381,0,0.05213671
2018-04-05,64.99500274658203,14.800000190734863,10325.150390625,0.0013867031658256,0.0013867031658256,0.0046371907129294,-0.0029407251814721,0.0145641150475888,64.56736572265625,64.44731168746948,0.0018628245623177,1,0.0361080638110596,0.0457362303158311,0.7894676516641077,14.800000190734863,-0.048231510662416,0.95396887828949,-0.0032531815810417,3,0.0549442
2018-04-06,64.86150360107422,14.75,10331.599609375,-0.0020539909203224,-0.0020539909203224,-0.0005238665536951,-0.0021875163215735,0.0155619456774338,64.58724380493165,64.44952772140503,0.0021368051620473,1,0.0355217728372735,0.0459683225132703,0.7727277866020132,14.75,-0.0640863080084799,0.92066515388546,0.0080346961363027,1,0.105161
2018-04-09,64.90450286865234,14.869999885559082,10379.349609375,0.000662939728357,0.000662939728357,-0.0030872414955256,0.0002235086937945,0.0227624299561821,64.60869186401368,64.45283075332641,0.0024182197874873,1,0.0351778116344827,0.0439707987320883,0.8000084747229548,14.869999885559082,-0.0312703898359569,0.976464680509975,0.0221730328072944,3,0.09529572
2018-04-10,64.87000274658203,14.5,10402.25,-0.0005315520579539,-0.0005315520579539,-0.0041448671414834,-0.00032661530255,0.0228779814323507,64.62848991394043,64.45529577255249,0.00268704284593,1,0.0352088941972526,0.0439611708830366,0.8008907087624841,14.5,-0.0454245950917853,0.7769570668611275,0.0155818663420437,1,0.11057663
2018-04-11,64.92530059814453,14.720000267028809,10417.150390625,0.0008524410239123,0.0008524410239123,0.0003127928392185,-0.0025364738255007,0.0245496618099247,64.65198593139648,64.45757677078247,0.0030160792625721,1,0.0334796408210208,0.0439139916151181,0.7623738406793895,14.720000267028809,-0.0991431989247876,0.8860213244876277,0.018607957339624,3,0.07046436
2018-04-12,65.19000244140625,14.5600004196167,10458.650390625,0.0040770214511611,0.0040770214511611,0.0030002259648258,0.0034650295082405,0.0304276151162468,64.68422798156739,64.46173929214477,0.0034514844288375,1,0.0359825099130907,0.0443394997955311,0.8115043826528382,14.5600004196167,-0.0162162005422411,0.7963682939861279,0.0035743756696566,4,0.036493428
2018-04-13,65.27570343017578,14.140000343322754,10480.599609375,0.0013146339248346,0.0013146339248346,0.0063859116132902,0.0050842657130301,0.0287414703321795,64.71834205627441,64.46728879928588,0.0038942735403402,1,0.036208356893452,0.04408358661877,0.8213382424694321,14.140000343322754,-0.0413559089272709,0.5720676503644295,0.0051549607037271,3,0.056110967
2018-04-16,65.19560241699219,14.260000228881836,10528.349609375,-0.0012271183453316,-0.0012271183453316,0.0044850439564869,0.0056688425729618,0.024506555698772,64.74886611938477,64.47046682357788,0.0043182453846459,1,0.0358680308056699,0.0439143094374673,0.8167545957234742,14.260000228881836,-0.0410221695609859,0.6307312890483147,0.0112813699433491,1,0.052437335
2018-04-17,65.4292984008789,14.039999961853027,10548.7001953125,0.0035845359997135,0.0035845359997135,0.0086217917468232,0.0091383100762989,0.0261809931507157,64.78205406188965,64.47563833236694,0.0047524264582408,1,0.0377623653889178,0.0442754038488246,0.8528778786518435,14.039999961853027,-0.0317241405618602,0.5106882559229782,0.0181995239044137,4,0.057282694
2018-04-18,65.67500305175781,14.109999656677246,10526.2001953125,0.0037552695334359,0.0037552695334359,0.0115471541403184,0.0101609246280642,0.0314565246396332,64.82225410461426,64.4815753364563,0.0052833505754215,1,0.0387283878553982,0.0446326480915667,0.8676948784456561,14.109999656677246,-0.0414402581036562,0.5424046198108816,0.0324713017467519,4,0.052231424
2018-04-19,66.01000213623047,13.75,10565.2998046875,0.0051008613461143,0.0051008613461143,0.0125786111997963,0.0145239323655637,0.0380808026998542,64.86295417785645,64.48897283554078,0.0057991517909488,1,0.0420340834962485,0.0454286762617312,0.9252560650901432,13.75,-0.0556318953483947,0.3490793383396979,0.046665161323278,4,0.01498926
2018-04-20,66.11479949951172,12.9399995803833,10564.0498046875,0.0015875982410207,0.0015875982410207,0.012854646143086,0.0138736370126513,0.0408304833241961,64.90260017395019,64.49683881759644,0.0062911820764004,1,0.0417766907379443,0.0453513784623148,0.9211576581955524,12.9399995803833,-0.0848656813156388,-0.0789049669644181,0.0434299695563005,3,0.061028264
2018-04-23,66.1968994140625,13.149999618530272,10584.7001953125,0.0012417781672526,0.0012417781672526,0.0153583517898339,0.0147856041204466,0.0344186676436339,64.94024421691894,64.5048682975769,0.0067495048177377,1,0.0418335025657766,0.0431964159291102,0.968426042762098,13.149999618530272,-0.0778401537542332,0.0283166601823759,0.0422884907129317,3,0.071372725
2018-04-24,66.54499816894531,11.899999618530272,10614.349609375,0.0052585356408529,0.0052585356408529,0.0170519903977974,0.0227370636838997,0.0426164884213404,64.99154418945312,64.51548677444458,0.0073789633901841,1,0.0431335379827881,0.0437362935936841,0.9861958625857185,11.899999618530272,-0.152421677288973,-0.6310345388850591,0.0493931742628339,4,0.030204106
2018-04-25,66.41410064697266,12.399999618530272,10570.5498046875,-0.0019670527548942,-0.0019670527548942,0.0112538646497262,0.0192464228726332,0.0398715652398076,65.03582626342774,64.52493326187134,0.0079177610224401,1,0.0442694596199079,0.044045564688778,1.005060438486063,12.399999618530272,-0.1211906505850093,-0.3696535808222703,0.0572611670459561,1,0.09682252
2018-04-26,66.90769958496094,12.039999961853027,10617.7998046875,0.0074321406625985,0.0074321406625985,0.0135994155382364,0.029111746721232,0.0481826490829429,65.08517028808593,64.5369122505188,0.0084952629192873,1,0.0483683278888641,0.0460476557816279,1.0503743718000484,12.039999961853027,-0.1243636391379616,-0.5607587420875951,0.0480866869626961,4,0.013825777
2018-04-27,66.9000015258789,12.020000457763672,10692.2998046875,-0.0001150549059343,-0.0001150549059343,0.0118763428507862,0.0340830333326531,0.047274523111338,65.13894424438476,64.547486743927,0.0091631375641967,1,0.0432011754415259,0.0460781364682829,0.9375430781187066,12.020000457763672,-0.0710973069902044,-0.5716751584209444,0.0498961027254936,2,0.061843373
2018-04-30,66.61000061035156,12.359999656677246,10739.349609375,-0.0043348416877863,-0.0043348416877863,0.0062404916234084,0.0264194038478562,0.0448545642360365,65.18614227294921,64.55750276565551,0.0097376676662304,1,0.0472261403048829,0.0468594371764066,1.007804091265723,12.359999656677246,-0.0600760444692181,-0.3922486235066805,0.0618615741004935,0,0.049050085
2018-05-02,66.7886962890625,12.84000015258789,10718.0498046875,0.0050970557769043,0.0050970557769043,0.0036621553358298,0.0258533770636881,0.0505017680607851,65.24141220092774,64.56723276138305,0.010441510511008,1,0.0491681559318509,0.0471694604559861,1.0423505612740147,12.84000015258789,0.0789916440496252,-0.1403654376483985,0.0495750024170682,4,0.024614703
2018-05-03,67.08000183105469,12.989999771118164,10679.650390625,0.0043615994648467,0.0043615994648467,0.0100265030708111,0.0297820457412307,0.0552147577958261,65.30519424438477,64.57878828048706,0.0112483678192083,1,0.050158838790879,0.0476700233631233,1.0521871621845684,12.989999771118164,0.0475806589305221,-0.0642780512692594,0.0424256115788188,4,0.031517714
2018-05-04,66.66000366210938,13.25,10618.25,-0.0062611532122957,-0.0062611532122957,-0.0037020540892611,0.0270395950361268,0.0469708279852474,65.3507943725586,64.58813131332397,0.0118080991619786,1,0.0542507328728731,0.0497297333947076,1.090889459487571,13.25,0.1004983423571994,0.0694005110260085,0.0483639657283307,0,0.014086848
2018-05-07,66.81050109863281,13.760000228881836,10715.5,0.0022576871925523,0.0022576871925523,-0.0013378239940917,0.0279328913813494,0.0476807986553964,65.3969044494629,64.59861730575561,0.0123576506278588,1,0.0543335918373046,0.0497946190863867,1.0911319677147768,13.760000228881836,0.1447587108862633,0.3352241665826507,0.0378057069008339,4,0.10701339
2018-05-08,67.1187973022461,14.0600004196167,10717.7998046875,0.0046144872219733,0.0046144872219733,0.0076384429850231,0.0348017479683355,0.0542495301508179,65.44198043823242,64.61115278244019,0.0128588892166932,1,0.0538496618649035,0.0501414696453081,1.0739331797141,14.0600004196167,0.1375405186213789,0.4889165688414842,0.0373804841374281,4,0.04806235
2018-05-09,67.1624984741211,14.270000457763672,10741.7001953125,0.0006511018318491,0.0006511018318491,0.0055967881666798,0.0347895062078862,0.0498241512469812,65.48733047485352,64.62514028549194,0.0133414053037674,1,0.0538526899863983,0.0494735473551176,1.0884928284407611,14.270000457763672,0.1113707389549809,0.5952836873655515,0.0349107217286728,3,0.09679133
2018-05-10,67.62000274658203,14.43000030517578,10716.5498046875,0.0068119007311382,0.0068119007311382,0.0080501028739887,0.0423924754673283,0.0543796525685598,65.54070251464844,64.6411113166809,0.0139167037763379,1,0.0559018370913419,0.0508190381846007,1.0999959678952205,14.43000030517578,0.110854546530424,0.6741928516800562,0.0302145982539834,4,0.02797491
2018-05-11,67.38999938964844,13.979999542236328,10806.5,-0.0034014100501529,-0.0034014100501529,0.0109510304145692,0.0379620697755282,0.047816475156871,65.59444244384765,64.65672479629517,0.0145030180620318,1,0.0589564200478992,0.0513583723515776,1.1479194029926312,13.979999542236328,0.0550943050744399,0.4294337498990214,0.0373758268600401,0,0.06821501
2018-05-14,67.3822021484375,14.25,10806.599609375,-0.0001157032390793,-0.0001157032390793,0.0085570537625616,0.0336278512798282,0.0531760336127418,65.64647842407227,64.67198579788209,0.0150682341692081,1,0.058791886519043,0.0499470753127902,1.1770600999311829,14.25,0.0356104478900856,0.5680675171774405,0.0332690362287946,2,0.05954823
2018-05-15,67.6780014038086,13.170000076293944,10801.849609375,0.0043898721908712,0.0043898721908712,0.0083315572393873,0.0368023299236064,0.0541745268052016,65.70183837890625,64.6888443183899,0.0156594861322691,1,0.0595004437561444,0.0501841556694633,1.1856183957669626,13.170000076293944,-0.0633001647767389,-0.0118797393303863,0.0306518722185167,4,0.0371278
2018-05-16,68.45999908447266,13.4399995803833,10741.099609375,0.0115546804640134,0.0115546804640134,0.0193188258303331,0.0500708107059326,0.0623753824879282,65.76623840332032,64.70982782363892,0.0163253498766919,1,0.0671685445135441,0.0542774870722555,1.237480042951996,13.4399995803833,-0.0581640399968456,0.1282334439452088,0.0202073456803293,4,0.019735461
2018-05-17,68.05999755859375,13.40999984741211,10682.7001953125,-0.0058428502954747,-0.0058428502954747,0.0065068736193443,0.0402067456324659,0.0599379490094464,65.8237043762207,64.72850282669067,0.0169199271063384,1,0.0728642469577262,0.0552375702403091,1.319082782931175,13.40999984741211,-0.0706861009142054,0.1092355552376491,0.0127029868627364,0,0.025594022
2018-05-18,68.13999938964844,14.149999618530272,10596.400390625,0.0011754603867832,0.0011754603867832,0.0111292477636555,0.0375332504506773,0.0605431004315322,65.88643035888671,64.7468973350525,0.0175998089597615,1,0.0726304904235555,0.0551595281925357,1.3167112934459495,14.149999618530272,0.0121602347539668,0.5010829102048735,0.0066690917909542,3,0.06360023
2018-05-21,67.9749984741211,14.40999984741211,10516.7001953125,-0.0024214986352407,-0.0024214986352407,0.0087975208108768,0.0297681604953639,0.0616913120265456,65.94813034057617,64.76494684219361,0.0182688870457272,1,0.0731013814084099,0.0548457177076421,1.3328305587596592,14.40999984741211,0.0112280594675164,0.634667683662899,-0.0045999271457908,0,0.10646828
2018-05-22,68.4000015258789,13.600000381469728,10536.7001953125,0.0062523436748529,0.0062523436748529,0.010668165535244,0.0345641527111348,0.0705750254229962,66.01830642700196,64.78471185684204,0.0190414456559728,1,0.0749171028746303,0.0554777823356881,1.3503739577650755,13.600000381469728,0.0326499850178274,0.1942308266495167,-0.0025889322637294,4,0.009305833
2018-05-23,68.43000030517578,14.15999984741211,10430.349609375,0.0004385786349072,0.0004385786349072,-0.0004381942696181,0.0337342218575102,0.0629077854075677,66.08509841918945,64.80513833999633,0.0197509042026557,1,0.0750366155671035,0.0538748974358099,1.39276780784033,14.15999984741211,0.0535714501122235,0.4904076934573598,-0.0145824239788913,2,0.079750545
2018-05-24,68.6500015258789,13.149999618530272,10513.849609375,0.0032149820213647,0.0032149820213647,0.0086688802299355,0.0316327810482373,0.0642586535765072,66.1588005065918,64.82746335983276,0.0205366225633307,1,0.0741463711355321,0.0540251719173538,1.372415784871026,13.149999618530272,-0.0193885333214237,-0.0612579206398955,-0.0094683144703688,4,0.07541595
2018-05-25,68.26010131835938,12.649999618530272,10605.150390625,-0.0056795367640676,-0.0056795367640676,0.0017625760168289,0.0277953123418659,0.0523410709381397,66.22509246826172,64.84814638137817,0.0212333916036027,1,0.0774444690869321,0.0548506914680866,1.4118884397938791,12.649999618530272,-0.1060070699956529,-0.3381509044699318,0.0032733004977807,0,0.017696805
2018-05-28,67.7217025756836,13.0600004196167,10688.650390625,-0.0078874588856048,-0.0078874588856048,-0.0037263097333343,0.0121660585518863,0.0435581489920486,66.28296447753907,64.86580739974976,0.0218475208218063,1,0.0806082734875751,0.057561522638789,1.4003603350291052,13.0600004196167,-0.093684902296363,-0.1207067579822536,0.0066728123755188,0,0.0021886725
2018-05-29,67.40280151367188,13.06999969482422,10633.2998046875,-0.0047089935704928,-0.0047089935704928,-0.0145789472216567,0.0075156947133772,0.0377420768185348,66.33428451538086,64.88254240036011,0.0223749264642363,1,0.0827383453417897,0.0585713806810778,1.4125829337942368,13.06999969482422,-0.0389706376308374,-0.1210145441414637,-0.0055179896820826,0,0.031172473
2018-05-30,68.12999725341797,13.40999984741211,10614.349609375,0.0107888058569582,0.0107888058569582,-0.0043840866640346,0.0228193458810777,0.0529649965003102,66.3965965270996,64.9049893951416,0.0229813939707639,1,0.0880553876611412,0.0612909396611736,1.436655262468734,13.40999984741211,-0.0529661022656769,0.0623575917712924,-0.0116394385644061,4,0.00030523702
2018-05-31,67.43000030517578,13.220000267028809,10736.150390625,-0.0102744308889146,-0.0102744308889146,-0.0177713211010377,0.0096019843438432,0.0409012145595453,66.443896484375,64.92365440368653,0.0234158427256083,1,0.0952955009744947,0.0651995591072053,1.4615749048686228,13.220000267028809,0.0053232433862504,-0.0464872313167521,0.0016887947217396,0,0.0032554374
2018-06-01,67.43499755859375,13.56999969482422,10696.2001953125,7.411023869718925e-05,7.411023869718925e-05,-0.0120876433499184,0.0052921245952428,0.0388999191808445,66.48839447021484,64.9425038909912,0.0238039879370601,1,0.0942422718957493,0.0651538322685604,1.4464356458979728,13.56999969482422,0.0727272809515577,0.1417428309550601,0.0015496579084675,2,0.058080602
2018-06-04,66.92500305175781,13.880000114440918,10628.5,-0.0075627571038733,-0.0075627571038733,-0.0117643162180605,0.0039753881651685,0.0258277934267687,66.52224655151367,64.95797840118408,0.0240812320338632,1,0.0954782670869546,0.066543737381546,1.4347981650226238,13.880000114440918,0.0627871109094715,0.3096665708631101,0.0009653191439267,0,0.00200672
2018-06-05,67.05999755859375,13.31999969482422,10593.150390625,0.0020171012428873,0.0020171012428873,-0.0050859006952195,0.0037343898916819,0.0287374368734822,66.56213455200195,64.97476388931274,0.0244305722356046,1,0.0954167497828698,0.0666181044104454,1.4322730788303593,13.31999969482422,0.0191277739737822,-0.003474173054807,-0.0114180028346787,3,0.072008744
2018-06-06,67.08999633789062,12.550000190734863,10684.650390625,0.0004473423857593,0.0004473423857593,-0.0152649487370288,-0.0004291042973516,0.032095035718205,66.60073440551758,64.99077537536621,0.0247721160557441,1,0.0940670335523784,0.0662857372625455,1.4190928296832883,12.550000190734863,-0.0641312204670315,-0.4367935795867296,-0.0030929308875504,2,0.09287894
2018-06-07,66.8301010131836,12.779999732971191,10768.349609375,-0.0038738312549325,-0.0038738312549325,-0.0088966230057415,-0.0049491527041028,0.0298983147138793,66.63703643798829,65.00423286437989,0.0251184192422508,1,0.0949717721397192,0.0667155866818402,1.423510656991838,12.779999732971191,-0.0332829444152883,-0.3141257220009295,0.0024809307258575,0,0.02262487
2018-06-08,67.41000366210938,12.699999809265137,10767.650390625,0.0086772672812716,0.0086772672812716,-0.0003706368709016,-0.0031055763966716,0.0388158419943802,66.69133651733398,65.02087787628174,0.0256911117722939,1,0.0969118436441111,0.0686895971301075,1.410845846347054,12.699999809265137,-0.0641120047991536,-0.3612906650604426,0.0047683803900344,4,0.016186716
2018-06-11,67.51000213623047,13.18000030517578,10786.9501953125,0.001483436711001,0.001483436711001,0.0087411140500095,0.0017807203987074,0.0371729381685275,66.74362655639648,65.03711288452149,0.0262390748326273,1,0.0963098548881354,0.0685326526027905,1.4052928923302992,13.18000030517578,-0.0504322624995406,-0.0960476173569254,-0.0018090783035672,3,0.0633236
2018-06-12,67.48999786376953,12.729999542236328,10842.849609375,-0.0002963156840162,-0.0002963156840162,0.0064121729918058,0.0015997653964257,0.0388686939956752,66.79131652832031,65.05376037597657,0.0267095421125787,1,0.0963170365361732,0.0683660689290249,1.408822084155231,12.729999542236328,-0.0442943067646728,-0.3508021327693357,0.0033544316723415,2,0.08799557
2018-06-13,67.91000366210938,12.640000343322754,10856.7001953125,0.0062232302805467,0.0062232302805467,0.0122224976744502,0.0034280305784522,0.0456459689984314,66.84671661376953,65.07236587524415,0.0272673463560115,1,0.0975489356558248,0.0692485528582241,1.4086579859300827,12.640000343322754,0.0071713267904436,-0.4051913745337964,0.0050778883173761,4,0.017621389
2018-06-14,67.77999877929688,12.100000381469728,10808.0498046875,-0.0019143701340283,-0.0019143701340283,0.0142136215823749,-0.0099328120693769,0.045534213887505,66.90421661376953,65.09088638305664,0.0278584350509767,1,0.0885002920849012,0.0692647287694163,1.2776923546060743,12.100000381469728,-0.0532080880836898,-0.713946751365259,0.0062330857870516,1,0.09423128
2018-06-15,68.12999725341797,12.06999969482422,10817.7001953125,0.0051637427032236,0.0051637427032236,0.010680812226588,0.0010284998139171,0.0507921065052034,66.96691650390625,65.11074886322021,0.0285078527446418,1,0.0882787986675914,0.0698195296930787,1.2643673580772392,12.06999969482422,-0.0496063089687062,-0.7350054730817438,0.0126372543955914,4,0.027579825
2018-06-18,68.05000305175781,12.380000114440918,10799.849609375,-0.0011741406852345,-0.0011741406852345,0.0079988282986225,-0.0013207563647894,0.0466912951573343,67.03068649291993,65.13071136474609,0.0291717238820494,1,0.0882811709095834,0.0698167952139119,1.2644508558183811,12.380000114440918,-0.0606980403802192,-0.5639724755333292,0.0191998425172759,1,0.06862143
2018-06-19,68.01000213623047,12.920000076293944,10710.4501953125,-0.00058781651335,-0.00058781651335,0.0077049087112224,0.0005149490679678,0.0452624234891301,67.09279647827148,65.15073638916016,0.0298087204649684,1,0.0878876953015213,0.0698671481376316,1.2579078971492623,12.920000076293944,0.0149254156237179,-0.2634138262922904,0.0184230791409607,1,0.103622474
2018-06-20,68.05000305175781,12.170000076293944,10772.0498046875,0.00058816224483,0.00058816224483,0.0020615429553649,-0.0051169366420068,0.0435500767618188,67.156396484375,65.17100891113282,0.0304642755484951,1,0.0849845963399384,0.0697998385579482,1.2175297331046353,12.170000076293944,-0.0371835644195289,-0.6944680850578427,0.0223361778367483,2,0.10570357
2018-06-21,68.3499984741211,12.449999809265137,10741.099609375,0.004408455678321,0.004408455678321,0.0084095559912922,-0.0011691046426699,0.0477921943041641,67.22489044189453,65.19381240844727,0.0311544601920548,1,0.086478016422237,0.0701897579136401,1.2320427787463994,12.449999809265137,0.0289255716331553,-0.5402548734692748,0.0297928652094932,4,0.04435896
2018-06-22,67.83000183105469,12.020000457763672,10821.849609375,-0.0076078515680331,-0.0076078515680331,-0.00440327953115,-0.0119446420480427,0.04248641988453,67.2776904296875,65.21302841186524,0.0316602689386313,1,0.0894196534640906,0.0718657246113465,1.2442427833976006,12.020000457763672,-0.0041424389664226,-0.7888666457903744,0.0292946933276809,0,0.014798822
2018-06-25,67.85489654541016,12.579999923706056,10762.4501953125,0.0003670162713171,0.0003670162713171,-0.0028671050345032,-0.0059361876868505,0.0413580836685536,67.32927429199219,65.23242189407348,0.0321443284954781,1,0.0874874775026571,0.0718509175561876,1.2176081095433888,12.579999923706056,0.0161550732969577,-0.4717204503663212,0.0148323973629411,2,0.07263568
2018-06-26,68.33999633789062,12.800000190734863,10769.150390625,0.0071490757068037,0.0071490757068037,0.0048521422040122,0.0091299205231298,0.0511419976844849,67.39216217041016,65.25456237792969,0.0327578595976216,1,0.0864895425003971,0.0727618182302452,1.1886502557764618,12.800000190734863,-0.009287916784092,-0.3500407184191781,0.0075313530762131,4,0.021482397
2018-06-27,68.36499786376953,13.510000228881836,10671.400390625,0.0003658403163395,0.0003658403163395,0.0046288728565102,0.0142753168783715,0.0567276943543895,67.45087615966797,65.2763098526001,0.033313254256839,1,0.0844399688449055,0.0718320299292204,1.1755033711943814,13.510000228881836,0.1101068318970754,0.0543902614919309,0.0035831385023776,2,0.075858355
2018-06-28,69.23999786376953,13.949999809265137,10589.099609375,0.0127989472294522,0.0127989472294522,0.0130212056988621,0.0162923918259203,0.0669460543243503,67.5221760559082,65.3023783493042,0.0339926012300844,1,0.0876939246195109,0.0755661969057362,1.1604760823522635,13.949999809265137,0.1204819295566348,0.3030038726547344,-0.0023788551281275,4,0.00081976986
2018-06-29,68.79669952392578,12.9399995803833,10714.2998046875,-0.0064023447937699,-0.0064023447937699,0.014251771587429,0.020268414838567,0.0566956754478931,67.57791000366211,65.32586185455322,0.034474067163829,1,0.0824078825363899,0.0770192787781988,1.0699504577710794,12.9399995803833,0.0765390255892548,-0.2900023412557776,-0.0020352347109985,0,0.01732955
2018-07-02,68.43499755859375,13.369999885559082,10657.2998046875,-0.0052575482230254,-0.0052575482230254,0.0085491400432005,0.0148290952206397,0.05058333128368,67.62431396484375,65.34795982360839,0.034834356686572,1,0.0851609266862701,0.0780035860478114,1.0917425628548607,13.369999885559082,0.0627980895583577,-0.045660815995675,-0.0036368420480805,0,0.020800004
2018-07-03,68.6948013305664,13.0,10699.900390625,0.003796358314329,0.003796358314329,0.0051917619503742,0.0264445005320341,0.0583899949548782,67.67427200317383,65.37168333053589,0.0352230286161587,1,0.0801951622807809,0.0776950950742977,1.0321646435910776,13.0,0.0156249848660083,-0.268639607389052,0.0067178238345015,4,0.05680163
2018-07-04,68.83000183105469,12.65999984741211,10769.900390625,0.0019681329281044,0.0019681329281044,0.0068017842728784,0.0263943384566096,0.0590045222311239,67.71997207641601,65.39617834091186,0.0355340907444188,1,0.0801894842145388,0.0777170418175849,1.0318001115204976,12.65999984741211,-0.0629163854233388,-0.473730343523625,0.0166853101751887,3,0.08393651
2018-07-05,68.9800033569336,12.579999923706056,10749.75,0.00217930440053,0.00217930440053,-0.0037549756622967,0.0281712195887473,0.0634968282756733,67.77129013061523,65.42117835998535,0.0359227979309422,1,0.0801945513044885,0.0775105727860215,1.03461390889169,12.579999923706056,-0.0982078784437811,-0.5244222395529902,0.0060928160487234,3,0.096076354
2018-07-06,69.06999969482422,12.4399995803833,10772.650390625,0.0013046728546088,0.0013046728546088,0.0039725767775151,0.0335163144703127,0.0641788572759214,67.8145361328125,65.44659036636352,0.036181346548284,1,0.0779301131547541,0.0775089279797113,1.0054210497415614,12.4399995803833,-0.0386398776054047,-0.6070732099586938,0.0003993909378885,3,0.064900815
2018-07-09,68.75499725341797,12.390000343322754,10852.900390625,-0.0045606260720724,-0.0045606260720724,0.0046759656059056,0.0199524331440528,0.0598889215715445,67.85163604736329,65.46978986740112,0.0363808435124999,1,0.0762183580884245,0.0782557797605835,0.973952139630646,12.390000343322754,-0.073298395708651,-0.6380621473820094,0.0079172332781369,0,0.02845497
2018-07-10,68.65979766845703,12.399999618530272,10947.25,-0.001384620591432,-0.001384620591432,-0.0005095532912444,0.017031484162989,0.0575199041961651,67.8926319885254,65.49231386184692,0.036650379031375,1,0.076612982588244,0.0783976542864079,0.977223184320991,12.399999618530272,-0.0461538754976713,-0.6359704179365606,0.0148605307139695,1,0.06355693
2018-07-11,68.9000015258789,12.779999732971191,10948.2998046875,0.0034984643937019,0.0034984643937019,0.0010169939410438,0.0208920389204265,0.0569105529303708,67.93485809326172,65.51621286392212,0.0369167435603023,1,0.0770455964592911,0.0783120005421964,0.9838161726133524,12.779999732971191,0.0094786640604589,-0.4135966682016618,0.0097253212127303,4,0.07224194
2018-07-12,68.72000122070312,12.510000228881836,11023.2001953125,-0.0026124862291646,-0.0026124862291646,-0.0037692392516291,0.01192751457685,0.0527653875719875,67.9676580810547,65.53873937606812,0.0370608090437807,1,0.0755581345526745,0.0786266611324566,0.9609612376157156,12.510000228881836,-0.0055643636922693,-0.5790023445851513,0.0153361515934544,0,0.083566226
2018-07-13,68.54000091552734,12.300000190734863,11018.900390625,-0.0026193291906047,-0.0026193291906047,-0.0076733571976053,0.0112127788421059,0.0512979154198824,68.00525802612304,65.55994588851928,0.0372988736409556,1,0.0758895809886693,0.0788264064497938,0.9627309130994236,12.300000190734863,-0.0112539706085845,-0.7084219907560239,0.0195086615761201,0,0.075989224
2018-07-16,68.48670196533203,12.949999809265137,10936.849609375,-0.0007776327616482,-0.0007776327616482,-0.0039021932776326,0.0052356484117745,0.046728356243723,68.03878204345703,65.58096090316772,0.0374776628222688,1,0.0741002292840355,0.0786928278333651,0.9416269525094578,12.949999809265137,0.0451976957566573,-0.3252050799480118,0.0110143017380097,1,0.0985497
2018-07-17,68.72000122070312,12.829999923706056,11008.0498046875,0.003406489853887,0.003406489853887,0.0008768384744854,0.0098456743409067,0.0463646444986927,68.07080612182617,65.60054941177368,0.0376560369113179,1,0.0746806151165515,0.0786422230860742,0.9496128488377734,12.829999923706056,0.0346774450325952,-0.4033425136344392,0.0192780643104297,4,0.07284619
2018-07-18,68.35600280761719,13.68000030517578,10980.4501953125,-0.0052968336236914,-0.0052968336236914,-0.0078954819479559,0.0050874968463263,0.0355400787072401,68.0946762084961,65.6178744316101,0.0377458398087464,1,0.0772636519542092,0.0790631550662086,0.9772273148243767,13.68000030517578,0.0704225814561381,0.1027923597679767,0.0252090243711853,0,0.016566662
2018-07-19,68.6155014038086,13.59000015258789,10957.099609375,0.0037962810218985,0.0037962810218985,-0.0015206608707546,0.0083100415384356,0.0378236328813996,68.11458618164062,65.63462644577027,0.037784320109133,1,0.0782322023840259,0.0792977920565717,0.9865497361954156,13.59000015258789,0.086330927573659,0.0420375258497652,0.0171786993230365,4,0.054929934
2018-07-20,68.93509674072266,13.539999961853027,11010.2001953125,0.0046577716459901,0.0046577716459901,0.0057644560828391,0.0085603259643538,0.0413644347529436,68.14548812866211,65.65255193710327,0.0379716571253336,1,0.0783975237770205,0.079696475862704,0.9836889177277972,13.539999961853027,0.1008129879585051,0.0060873223627075,0.0250533554034473,4,0.040178835
2018-07-23,68.7332992553711,13.010000228881836,11084.75,-0.0029273547857713,-0.0029273547857713,0.0036006594413597,0.0133170779880895,0.0328845314695191,68.17251007080078,65.66859342575073,0.0381295915509618,1,0.073908518588233,0.0794722241220606,0.9299801210369806,13.010000228881836,0.0046332371042794,-0.3235707208605772,0.0242934803305017,0,0.06930314
2018-07-24,69.19999694824219,12.470000267028809,11134.2998046875,0.0067899794994146,0.0067899794994146,0.0069848038273092,0.0198231884700001,0.04194736169173,68.20294998168946,65.68779340744018,0.0382895579799518,1,0.0768977502088921,0.0802644688431039,0.9580427463671242,12.470000267028809,-0.0280592095727199,-0.6589415616804366,0.0345506462401057,4,0.015251676
2018-07-25,68.80999755859375,12.210000038146973,11132.0,-0.0056358295787228,-0.0056358295787228,0.006641622276456,0.0068773960475403,0.0284316750603155,68.20994995117188,65.70398488998413,0.0381402294759409,1,0.0766570639814828,0.0800665961022349,0.9574043397481632,12.210000038146973,-0.1074561574733764,-0.8221256218096161,0.033693429491975,0,0.02972258
2018-07-26,68.83999633789062,12.029999732971191,11167.2998046875,0.0004359654172538,0.0004359654172538,0.0032717815870915,0.006947977604967,0.0289984270218779,68.22554992675781,65.72096937179566,0.0381093063432049,1,0.0766577754620167,0.0800570930392659,0.9575268726975368,12.029999732971191,-0.1147903165637297,-0.9369997298976812,0.0464699473274525,2,0.08562199
2018-07-27,68.73999786376953,12.3100004196167,11278.349609375,-0.0014526217234275,-0.0014526217234275,-0.0028301821013891,-0.0072212596104315,0.0319771390767253,68.23754989624024,65.73957185745239,0.0379980880344701,1,0.0619637342463602,0.0795548980682975,0.7788704012009932,12.3100004196167,-0.0908419162261205,-0.768516216219091,0.0650905200088756,1,0.07758304
2018-07-30,68.61499786376953,12.59000015258789,11319.5498046875,-0.0018184463759763,-0.0018184463759763,-0.0017211656196224,-0.0026411392030959,0.0273444710883825,68.2503498840332,65.75659685134887,0.0379239977750334,1,0.0582332260352899,0.0791497064688946,0.7357259162073931,12.59000015258789,-0.0322828646352792,-0.6011981964512794,0.0564899257098632,1,0.10844161
2018-07-31,68.68499755859375,12.479999542236328,11356.5,0.0010201806748313,0.0010201806748313,-0.0074421880398871,0.0036531016134828,0.0239265903954706,68.2560498046875,65.77295083999634,0.0377525857207123,1,0.0552376443712603,0.0787580476406129,0.7013498261598645,12.479999542236328,0.0008018664790214,-0.6744884150983832,0.0656076312130173,3,0.07013066
2018-08-01,68.4968032836914,12.529999732971191,11346.2001953125,-0.0027399618780185,-0.0027399618780185,-0.0045515809622816,-0.0028822857485563,0.0275547482849314,68.25738586425781,65.78836187362671,0.0375297988932126,1,0.0544804016990079,0.0778595881489008,0.6997173151944267,12.529999732971191,0.0262080011322245,-0.6503392581837041,0.060402413208797,0,0.08504392
2018-08-02,68.30709838867188,12.5600004196167,11244.7001953125,-0.0027695437732156,-0.0027695437732156,-0.0077411094940084,-0.0075970278726171,0.0224006296230232,68.25052780151367,65.80370286941529,0.0371836967435403,1,0.0546511419085702,0.0780324486561425,0.7003553328700437,12.5600004196167,0.0440565834089679,-0.6373690343236758,0.044085812074994,0,0.08653333
2018-08-03,68.6155014038086,12.079999923706056,11360.7998046875,0.0045149482617734,0.0045149482617734,-0.0018111210915029,-0.0052841683877413,0.0222993283807309,68.25763580322266,65.82075338363647,0.0370230101345514,1,0.0565819599807058,0.0780106597129463,0.7253013227626014,12.079999923706056,-0.018684036398904,-0.9437731133709436,0.0568431642305635,4,0.057331968
2018-08-06,68.50499725341797,12.5600004196167,11387.099609375,-0.0016104837555627,-0.0016104837555627,-0.0016031569449286,-0.0081801425206693,0.0199888153329221,68.27330169677734,65.83804838180542,0.0369885404386456,1,0.0564762299418983,0.0781076633357109,0.7230469390976976,12.5600004196167,-0.0023828222881335,-0.6472634697831402,0.0570378872858188,1,0.08274943
2018-08-07,68.80999755859375,12.579999923706056,11389.4501953125,0.0044522343975506,0.0044522343975506,0.0018199025179168,0.0007999462929664,0.017598266247806,68.30144561767578,65.8587333869934,0.0370901793134816,1,0.0567094930901155,0.0774510800930902,0.7321881222809761,12.579999923706056,0.0080128513732147,-0.6372445288321016,0.0494383791775132,4,0.032566294
2018-08-08,68.59600067138672,12.539999961853027,11450.0,-0.0031099679523285,-0.0031099679523285,0.0014482046305792,-0.0009291754306992,0.0178958494236687,68.31076568603515,65.8782403755188,0.0369245641148046,1,0.0575656989564259,0.0773968171015325,0.7437638568140721,12.539999961853027,0.0007981028806824,-0.6650935985252772,0.0459247756285825,0,0.076144755
2018-08-09,68.45500183105469,12.68000030517578,11470.7001953125,-0.002055496515132,-0.002055496515132,0.0021652719244671,-0.0064586311316274,0.0159211134158823,68.33126571655274,65.89587186813354,0.0369582157330392,1,0.056471261714587,0.0775355882906667,0.728317597659693,12.68000030517578,0.0095541306966566,-0.5789869486265757,0.0477152069220223,1,0.11103467
2018-08-10,69.0999984741211,12.850000381469728,11429.5,0.0094221989016702,0.0094221989016702,0.0070610439390537,0.0055296456150744,0.0210112154735182,68.36456573486328,65.91617136001587,0.0371440622889784,1,0.0650110990721019,0.0792584874170492,0.8202311318268459,12.850000381469728,0.0637417601512237,-0.4752343725463049,0.0368586070731324,4,0.008550471
2018-08-13,69.08499908447266,13.399999618530272,11355.75,-0.0002170678723539,-0.0002170678723539,0.0084665623576205,0.0079515343108471,0.0091294187607102,68.40776565551758,65.93607583999633,0.037486152823519,1,0.0641930359599142,0.0759161656522555,0.8455668149408446,13.399999618530272,0.0668789148765973,-0.1303213043930169,0.0305701655731087,2,0.08574971
2018-08-14,69.9490966796875,13.279999732971191,11435.099609375,0.0125077456273579,0.0125077456273579,0.0165542677155856,0.0213529732399107,0.027756379501298,68.46554763793945,65.96064683914184,0.0379756857889266,1,0.0764821851766554,0.0788381346392186,0.9701043209904704,13.279999732971191,0.0556438643490004,-0.2110842573473853,0.0455569947284364,4,0.00010716878
2018-08-16,70.66000366210938,13.649999618530272,11385.0498046875,0.0101502036432188,0.0101502036432188,0.030089261334788,0.0282305356074672,0.0369827457445466,68.53694778442383,65.98854936599732,0.0386187973960776,1,0.0824695321771729,0.0811837224686933,1.015825757228831,13.649999618530272,0.0885167193025429,0.0239593860377991,0.03424766481702,4,0.0023646157
2018-08-17,70.00499725341797,13.15999984741211,11470.75,-0.0092698326456872,-0.0092698326456872,0.022642544458455,0.0241236230626555,0.0298639032712846,68.60044570922851,66.01437437057496,0.0391743671482291,1,0.0874928164367255,0.0833426923198604,1.0497833009478557,13.15999984741211,0.0378548525775983,-0.2896629338807129,0.044652067626226,0,0.021905234
2018-08-20,69.78500366210938,13.029999732971191,11551.75,-0.0031425412461943,-0.0031425412461943,0.0099132446181575,0.0170442864130389,0.0202485687914268,68.64794570922851,66.0402993965149,0.0394856827807055,1,0.0881473764301666,0.0828146080953458,1.0643812012909737,13.029999732971191,0.0140077312185165,-0.3710123059871115,0.0542707844068708,0,0.085394606
2018-08-21,69.73999786376953,12.899999618530272,11570.900390625,-0.000644920770625,-0.000644920770625,0.0094810564952889,0.0116762166313373,0.0191436146829107,68.6925456237793,66.064632396698,0.0397779134121487,1,0.0871460574838376,0.082837257892163,1.052002537248941,12.899999618530272,-0.0373134338980556,-0.4492950221003284,0.0509255222762627,1,0.11032437
2018-08-23,69.79000091552734,12.760000228881836,11582.75,-0.0002864438299059,-0.0002864438299059,-0.0022744505892433,0.0153739406023591,0.0166059630635069,68.73854568481445,66.08937040328979,0.0400847407890088,1,0.0862878886968381,0.0826346541326144,1.0441968373404842,12.760000228881836,-0.0391565899506998,-0.5350728945226065,0.0449265883308147,2,0.09248951
2018-08-24,70.2750015258789,12.40999984741211,11557.099609375,0.0069494283420141,0.0069494283420141,-0.0054486571791237,0.0155347489168353,0.0295179785644061,68.78584564208984,66.11739492416382,0.0403592839824786,1,0.0864315081010582,0.0828059710409028,1.0437709170447151,12.40999984741211,-0.0908424766133199,-0.754656531853702,0.03797273399352,4,0.014951954
2018-08-27,69.76499938964844,12.239999771118164,11691.9501953125,-0.0072572340826297,-0.0072572340826297,-0.0034282961672112,0.0138788237892535,0.0301719646177134,68.82554565429687,66.14344442367553,0.0405497665564769,1,0.0880955769929606,0.0825569936112433,1.0670750721946225,12.239999771118164,-0.0699088211976584,-0.857571390226339,0.050300951788762,0,0.014533338
2018-08-28,69.94499969482422,12.43000030517578,11738.5,0.0025800947000722,0.0025800947000722,0.0022926993525647,0.016051763737898,0.0377165061994744,68.861845703125,66.17066690444946,0.0406702686337074,1,0.0883510287973067,0.0819839113090801,1.0776498673545738,12.43000030517578,-0.046047539531192,-0.730097081372795,0.0511493561830171,4,0.12163899
2018-08-29,70.54000091552734,12.4399995803833,11691.900390625,0.0085067013124477,0.0085067013124477,0.0114712227740605,0.0261856722097242,0.035373605742931,68.9116456604004,66.19989992141724,0.0409629884969937,1,0.0919220506850197,0.0809499604817538,1.135527610024328,12.4399995803833,-0.0356589187402921,-0.717816017258889,0.0366676681937789,4,0.0053392397
2018-08-30,70.91000366210938,12.40999984741211,11676.7998046875,0.005245289789904,0.005245289789904,0.0160481835777257,0.033447582449779,0.0516091256293005,68.96964569091797,66.23149545669555,0.0413421169994978,1,0.0922565559516197,0.0784277329051757,1.1763106776589458,12.40999984741211,-0.0274294964883708,-0.7321246144373902,0.0315604424349156,4,0.0097668115
2018-08-31,71.40499877929688,12.600000381469728,11680.5,0.0069806105150718,0.0069806105150718,0.0160796475116666,0.039601096562357,0.0588715261278629,69.03674560546875,66.2626979637146,0.0418643931955988,1,0.0941285831005953,0.0793803487365135,1.185777069787912,12.600000381469728,0.01531027690522,-0.6085267371391415,0.0285299167877426,4,0.005710258
2018-09-03,70.99500274658203,13.390000343322754,11582.349609375,-0.0057418393631247,-0.0057418393631247,0.0176306653435749,0.0364717671939214,0.0608143370823099,69.08964569091796,66.29312047958373,0.0421842446260387,1,0.0965050447804492,0.0786712601432677,1.2266718231395255,13.390000343322754,0.093954296871652,-0.1048215616172304,0.0208130836753666,0,0.03125319
2018-09-04,71.06999969482422,13.779999732971191,11520.2998046875,0.0010563693970107,0.0010563693970107,0.016084066122074,0.0404482311696399,0.0597972305729168,69.15444564819336,66.32363046646118,0.0426818490155431,1,0.0951852385061751,0.0786409312814373,1.2103624231395584,13.779999732971191,0.1086081572526815,0.1422953086378461,0.0245092892285281,3,0.09200977
2018-09-05,71.75,13.649999618530272,11476.9501953125,0.0095680358533236,0.0095680358533236,0.0171533749470977,0.0456820766745489,0.0694589941343837,69.23234771728515,66.3565789604187,0.0433381105825516,1,0.0985134060946341,0.0805123204256131,1.2235665548740031,13.649999618530272,0.0972668873763489,0.0586530019255108,0.0102237864078087,4,0.00407046
2018-09-06,71.88999938964844,13.720000267028809,11536.900390625,0.001951211005553,0.001951211005553,0.0138202746711,0.0494124848105381,0.0757128644092079,69.30334777832032,66.38883695602416,0.0439006157650678,1,0.0975917933379891,0.0799011318245999,1.2213916088274248,13.720000267028809,0.105560067342779,0.1014635038713165,0.0131553061261244,3,0.08887801
2018-09-07,71.93890380859375,13.890000343322754,11589.099609375,0.0006802673440049,0.0006802673440049,0.0074771379934772,0.0454716808750885,0.067184392530007,69.3748258972168,66.42146448135377,0.04446396114455,1,0.0974030165058805,0.0784284421516507,1.2419190272645644,13.890000343322754,0.1023809462537932,0.2059976268659085,0.0175293285135631,2,0.11661075
2018-09-10,72.09500122070312,15.199999809265137,11438.099609375,0.0021698608658911,0.0021698608658911,0.0154940267844985,0.0510088126868879,0.0679158486059658,69.43192596435547,66.45741449356079,0.0447581581899019,1,0.0955516149887701,0.0784566363990803,1.21787526841543,15.199999809265137,0.1351754607568014,1.0398903284782084,-0.0010393354257641,3,0.10724287
2018-09-11,72.44499969482422,15.329999923706056,11287.5,0.0048546843497463,0.0048546843497463,0.0193471226383041,0.058286432795908,0.0734183136448825,69.50489196777343,66.49451448440551,0.0452725688233113,1,0.094538864322346,0.0787759185129297,1.2000832998669433,15.329999923706056,0.1124818737859771,1.1153773921244716,-0.0159711431903141,4,0.038221784
2018-09-12,72.98999786376953,14.25,11369.900390625,0.0075229232002365,0.0075229232002365,0.0172822001919097,0.0562952167228383,0.0748047994068148,69.59599197387695,66.53565797805786,0.0459953968867088,1,0.0930467379631099,0.0791600077207968,1.1754112364421694,14.25,0.0439560731309625,0.4188117789882823,-0.0052145421387637,4,0.0046512587
2018-09-14,72.02749633789062,13.84000015258789,11515.2001953125,0.0014222403255199,0.0014222403255199,0.0019126018835657,0.0425924193734166,0.0626659432736833,69.66264587402344,66.57194547653198,0.0464264695190708,1,0.0925982037133858,0.0789173322889007,1.173342125051584,13.84000015258789,0.0087463471737285,0.1538543133770543,0.0140413618926535,3,0.047384072
2018-09-17,72.09500122070312,14.5,11377.75,0.0009372099023936,0.0009372099023936,0.0021698608658911,0.0306780879650554,0.0581976240588537,69.72794586181641,66.60952348709107,0.046816464245232,1,0.0854914053809611,0.0785049960700815,1.0889793093592977,14.5,0.04391646087831,0.5735054569976032,-0.0050152260438538,3,0.0898894
2018-09-18,72.53479766845703,14.420000076293944,11278.900390625,0.0061002349720138,0.0061002349720138,0.0061002349720138,0.0265326055644261,0.0659043999349735,69.79904174804688,66.64947248458863,0.0472557268054374,1,0.0817597271523061,0.0789847249181512,1.0351202984720265,14.420000076293944,-0.0513157725499275,0.5183538894218143,-0.0093235792450196,4,0.006530234
2018-09-19,73.12000274658203,14.010000228881836,11234.349609375,0.0080679218380101,0.0080679218380101,0.0093174553744395,0.0444969018695586,0.0751360160247569,69.88004180908203,66.69290300369262,0.0477882752414142,1,0.0735236289210425,0.0800590021345375,0.9183565695825134,14.010000228881836,-0.0861056556682036,0.2514124308558461,-0.0206089741843383,4,0.033596717
2018-09-21,71.72000122070312,15.539999961853027,11143.099609375,-0.0086391594367841,-0.0086391594367841,-0.0173995983043698,0.0277279853414176,0.0539309038113335,69.93934188842773,66.72915300369263,0.0481077421222093,1,0.0811354756884771,0.082519401814591,0.9832171669592008,15.539999961853027,0.0905263131124931,1.2243058639171904,-0.0353756262579263,0,0.004044077
2018-09-24,72.2300033569336,17.43000030517578,10967.400390625,0.0071110168370054,0.0071110168370054,0.0028115237838197,0.0357041234504775,0.0567667149880268,70.01074600219727,66.76822900772095,0.048563771162799,1,0.0818204229563465,0.0831168222114728,0.9843908415715542,17.43000030517578,0.2593930717491075,2.4024384127685563,-0.0521567016935837,4,0.0053832303
2018-09-25,73.30000305175781,16.68000030517578,11067.4501953125,0.0148137843706954,0.0148137843706954,0.016714082955153,0.0502937683075677,0.0806427992487357,70.09874603271484,66.81223203659057,0.049190303870171,1,0.0907665441112624,0.0854396044364109,1.062334995286876,16.68000030517578,0.1503448486328125,1.905298931263078,-0.0444885545045433,4,0.00039665896
2018-09-26,73.08999633789062,17.09000015258789,11053.7998046875,-0.0028650300835444,-0.0028650300835444,0.0076542388933282,0.0400568445519717,0.077151393031408,70.18614593505859,66.8551370048523,0.0498242779752966,1,0.0925071331014849,0.0858776353861631,1.077184478834765,17.09000015258789,0.1851595050046739,2.1388845019804026,-0.0435489717748238,0,0.09506935
2018-09-27,72.7699966430664,16.920000076293945,10977.5498046875,-0.0043781599515325,-0.0043781599515325,-0.0047867353715599,0.043073135235544,0.0648229520422083,70.27074584960937,66.89722997665405,0.0504283342394389,1,0.0889140808545979,0.0859346854079169,1.0346584242918784,16.920000076293945,0.2077087651585543,2.0097678057008515,-0.0611019016238553,0,0.023667524
2018-09-28,72.94999694824219,17.0,10930.4501953125,0.0024735510990701,0.0024735510990701,0.017149968022923,0.042962288462778,0.067066470090574,70.36001174926758,66.9401954460144,0.0510876354702487,1,0.0889247408318155,0.0859351232941099,1.0347771975642563,17.0,0.0939510966364816,2.0373242521996446,-0.0688375690835711,4,0.11175251
2018-10-01,72.50499725341797,16.84000015258789,11008.2998046875,-0.0061000646119279,-0.0061000646119279,0.0038071976146181,0.0278564830222178,0.0471548164411033,70.43571166992187,66.98014444351196,0.0515909192958545,1,0.092334893835741,0.0840668126396878,1.0983382454767276,16.84000015258789,-0.033849692613757,1.9168505082148648,-0.0584678763159525,0,0.00730279
2018-10-03,73.27999877929688,18.1200008392334,10858.25,-0.0064402208909184,-0.0064402208909184,-0.0002729095720066,0.0334225778421994,0.0651673595738691,70.53419158935547,67.0238324546814,0.0523747897741841,1,0.0967790144118114,0.0840806430454206,1.15101240778004,18.1200008392334,0.0863309656901376,2.668813095458164,-0.0701005256901727,0,0.017518869
2018-10-04,73.8499984741211,18.920000076293945,10599.25,0.0077783802445321,0.0077783802445321,0.0103981690287275,0.0342412959403777,0.0791261943260981,70.63888153076172,67.07071744918824,0.0532000285262592,1,0.0973364228153566,0.0840967174813087,1.157420507126014,18.920000076293945,0.107080158418193,3.088400750986524,-0.0925688112666409,4,0.0029052538
2018-10-05,74.22000122070312,19.729999542236328,10316.4501953125,0.0050101930159374,0.0050101930159374,0.0199258574210046,0.045425710956485,0.0804311211782808,70.74457962036132,67.12006746292114,0.0540004248273804,1,0.0935925450070918,0.0842757689392149,1.1105378882595267,19.729999542236328,0.166075617805663,3.476257979526068,-0.1092955623648118,4,0.015353197
2018-10-08,73.76300048828125,20.14999961853028,10348.0498046875,-0.006157379748121,-0.006157379748121,0.011144668595612,0.0378922302662279,0.0716693088187729,70.84517364501953,67.16613245010376,0.0547752425323706,1,0.0982425971924288,0.0855930834087865,1.1477732254370263,20.14999961853028,0.1852940952076633,3.611239512883909,-0.1017551643511067,0,0.024445964
2018-10-09,73.88999938964844,19.76000022888184,10301.0498046875,0.0017217155013558,0.0017217155013558,0.0191021610743551,0.0298257754654833,0.0711799912114865,70.93897369384766,67.21398244857788,0.0554198860054093,1,0.0945014514454615,0.0855773176625558,1.1042686281598857,19.76000022888184,0.1733966775436886,3.299374664983762,-0.102457566741491,3,0.08359329
2018-10-10,74.55000305175781,17.90999984741211,10460.099609375,0.0089322461437431,0.0089322461437431,0.0173308446181326,0.0370010249644319,0.0793398491551498,71.05377380371094,67.26535745620727,0.0563204670393686,1,0.0976727891425729,0.0869560841586992,1.1232298102856946,17.90999984741211,-0.0115894581730148,2.227270342705538,-0.0933353626009477,4,0.011767274
2018-10-11,74.5999984741211,20.549999237060547,10234.650390625,0.0006706293805054,0.0006706293805054,0.0101557212660312,0.0369910371807673,0.0850120202777342,71.16897384643555,67.31799592971802,0.057205771852419,1,0.0976746142560452,0.0861382347768227,1.1339155091069637,20.549999237060547,0.0861521751688008,3.5875534582096438,-0.1168726876464431,3,0.10767926
2018-10-12,74.16000366210938,18.6299991607666,10472.5,-0.0058980539009575,-0.0058980539009575,-0.0008083745298701,0.0286427963997766,0.080108100816312,71.27737396240235,67.36779542922973,0.0580333452840928,1,0.101567705332412,0.0872031119595368,1.1647123403944524,18.6299991607666,-0.0557526815504956,2.5033647068488456,-0.0844195838776894,0,0.00858875
2018-10-15,73.6760025024414,18.88999938964844,10512.5,-0.0065264446570578,-0.0065264446570578,-0.0011794257997091,0.0169922398067887,0.0693178645978496,71.37859405517578,67.41593744277954,0.0587792258434383,1,0.1047974201840717,0.0884963730132504,1.1841867912664563,18.88999938964844,-0.0625310299124333,2.59908043223704,-0.0686600221483942,0,0.011754831
2018-10-16,74.08000183105469,17.3700008392334,10584.75,0.0054834588589398,0.0054834588589398,0.0025714229662434,0.0149336073323302,0.0779976792075021,71.486494140625,67.46651245117188,0.0595848450349725,1,0.1034810310243896,0.0885619773633658,1.1684457106700057,17.3700008392334,-0.1209513847148211,1.7743273078919346,-0.0690551687921903,4,0.023078084
2018-10-17,73.45549774169922,17.979999542236328,10453.0498046875,-0.0084301305874654,-0.0084301305874654,-0.0146814924916731,0.0198257814919686,0.0717171981399593,71.58566802978515,67.51374145507812,0.0603125598870326,1,0.1086190193021247,0.0903577195019054,1.2020867482505029,17.979999542236328,0.0039084140380007,2.074373256822097,-0.0922389860887846,0,0.0015551379
2018-10-19,74.16000366210938,19.790000915527344,10303.5498046875,0.0032468276394639,0.0032468276394639,-0.0058980539009575,0.0286427963997766,0.0828380040792322,71.70272613525391,67.56448898315429,0.061248700528637,1,0.108989798380007,0.0903525874254164,1.2062586720197923,19.790000915527344,-0.0369828880656403,2.968597202975496,-0.0944123570400562,4,0.11364539
2018-10-22,73.46499633789062,21.36000061035156,10245.25,-0.0093717272100655,-0.0093717272100655,-0.0093717272100655,0.0128241712851444,0.0690482397104206,71.79971603393555,67.6116729736328,0.0619426036379251,1,0.1125589501461868,0.092722055144975,1.2139262448826544,21.36000061035156,0.1465379266003477,3.677500673102008,-0.0916446067281672,0,0.0014869303
2018-10-23,73.8594970703125,19.040000915527344,10146.7998046875,0.0053699142732877,0.0053699142732877,0.0024905608561622,0.0101134340256165,0.0805122306256624,71.90680603027344,67.66039546966553,0.0627606523895019,1,0.1104986947535882,0.0921873888879798,1.1986183519039215,19.040000915527344,0.0079407904036832,2.4617597988685604,-0.0968057646861858,4,0.0284958
2018-10-24,73.22129821777344,18.8799991607666,10224.75,-0.0086407148417422,-0.0086407148417422,-0.0115915711670686,0.0209327519731963,0.0671247272079134,71.99503204345703,67.70619197845458,0.0633448720076774,1,0.1105002085846519,0.0941326129550954,1.173865584415249,18.8799991607666,0.0869313902462565,2.350838225584272,-0.0824141972671919,0,0.0028399206
2018-10-25,73.22049713134766,18.959999084472656,10124.900390625,-1.094062035611465e-05,-1.094062035611465e-05,-0.0031992242592641,0.0137130517566144,0.0621657267957882,72.08752197265625,67.7529564666748,0.063976034877732,1,0.1073496902994119,0.0938708873948443,1.1435765624683485,18.959999084472656,0.0545049814898068,2.359020848935274,-0.0768185686664794,2,0.07011692
2018-10-26,73.22019958496094,19.229999542236328,10030.0,-4.0637034488533175e-06,-4.0637034488533175e-06,-0.0126726541361892,-0.0010887239218875,0.0652798625731503,72.18282592773437,67.80175746917725,0.0646158539555374,1,0.0919862892910164,0.0935566105834314,0.9832047731593812,19.229999542236328,-0.0282971878415445,2.4575326132500277,-0.0937388627917116,2,0.08064164
2018-10-29,73.125,19.82999992370605,10250.849609375,-0.0013001819921355,-0.0013001819921355,-0.0046280045578014,0.000478911805489,0.056719699781107,72.26332595825195,67.8502869606018,0.0650408302652079,1,0.0917780222005752,0.0929314120846342,0.9875781779665026,19.82999992370605,-0.0716292435827007,2.7056357156981536,-0.0726401969910834,1,0.08429168
2018-10-30,73.5905990600586,20.5,10198.400390625,0.0063671666332798,0.0063671666332798,-0.0036406693914787,0.0112766587171524,0.0694753912379377,72.35343795776367,67.90139196395874,0.0655663435613811,1,0.0944153770982944,0.0925961740953634,1.0196356208566206,20.5,0.0766806204973451,2.97129638828335,-0.0709766230101545,4,0.01342586
2018-10-31,73.6500015258789,19.799999237060547,10386.599609375,0.0008072018244047,0.0008072018244047,0.0058548990326616,0.009595676585612,0.06987224642458,72.4274560546875,67.95331697463989,0.0658413640310944,1,0.0939152146014106,0.0925883564444399,1.014319768576924,19.799999237060547,0.0487288197663557,2.590265827720836,-0.0497555522617658,3,0.108958624
2018-11-01,74.06999969482422,19.190000534057617,10380.4501953125,0.0057026226781236,0.0057026226781236,0.0116019775439748,0.0215847527851946,0.0775385801090335,72.49565597534179,68.00640697479248,0.0660121479761945,1,0.094172571706937,0.0928906486913587,1.0137894313818705,19.190000534057617,0.0121308787284342,2.2685805388252667,-0.0570342033297142,4,0.028643161
2018-11-02,73.30999755859375,18.229999542236328,10553.0,-0.0102605932140104,-0.0102605932140104,0.0012264098451222,0.0004093719950408,0.0684252691247739,72.56175598144532,68.05477645874024,0.066225763381025,1,0.0982644015694455,0.0955097948760999,1.0288303190955297,18.229999542236328,-0.0520020813210954,1.799329476736113,-0.0281122648677273,0,0.007252943
2018-11-05,72.90499877929688,19.479999542236328,10524.0,-0.005524468596158,-0.005524468596158,-0.003008563701923,-0.0127962046628257,0.0614399267773595,72.62415588378906,68.10050146102905,0.066426154370518,1,0.0953098383941231,0.0964201055127819,0.9884748560727558,19.479999542236328,-0.0176500445192291,2.3515322598226214,-0.0070995589310564,0,0.012964711
2018-11-06,72.86000061035156,18.51000022888184,10530.0,-0.0006172165105102,-0.0006172165105102,-0.0099278774604182,-0.0183239098354016,0.0636992840175214,72.6865559387207,68.14644096374512,0.0666229213260158,1,0.0928786239907254,0.0961804072953022,0.9656608964512612,18.51000022888184,-0.0970731595667395,1.8809322014923908,0.0206999307556905,1,0.111845456
2018-11-07,73.2300033569336,17.719999313354492,10598.400390625,0.0050782698803526,0.0050782698803526,-0.0057026226781236,-0.0072258059978502,0.0720701813485045,72.75535598754882,68.19464847564697,0.0668777919359835,1,0.0934208066588858,0.0962064180964407,0.9710353786361724,17.719999313354492,-0.1050505052451126,1.502508750887347,0.0241930209713616,4,0.04263032
2018-11-09,72.9000015258789,17.770000457763672,10585.2001953125,0.0071843643574658,0.0071843643574658,-0.015795844117265,-0.013398265962203,0.0624421600719002,72.80785598754883,68.24154249191284,0.0669139841933839,1,0.0970005178221899,0.0967339264607658,1.0027455581054463,17.770000457763672,-0.0739968752879286,1.5119298058476072,0.0275846050657571,4,0.024923101
2018-11-12,72.47000122070312,19.3700008392334,10482.2001953125,-0.0058984951464388,-0.0058984951464388,-0.0114581416705034,-0.027900761179186,0.0578790471681587,72.86195602416993,68.28392099380493,0.0670441146866822,1,0.092587474196317,0.0976129592458212,0.9485064934529912,19.3700008392334,0.0625343568635781,2.219838361848016,0.0021128466040316,0,0.022439647
2018-11-13,73.18000030517578,18.700000762939453,10582.5,0.0097971446462432,0.0097971446462432,0.0037720530894103,-0.019034828391289,0.0635082531845876,72.92665603637695,68.33069599151611,0.0672605478134085,1,0.0998669481259767,0.0989326507618237,1.0094335684265792,18.700000762939453,-0.0400410060383056,1.8919215959543991,0.0339874442309853,4,0.002482457
2018-11-14,72.55000305175781,18.82999992370605,10576.2998046875,-0.0086088719703573,-0.0086088719703573,-0.0042547015646018,-0.0217098237708712,0.0576418791426773,72.96685607910156,68.37410800933839,0.0671708663334358,1,0.1020821308711656,0.1005045361545681,1.0156866455015257,18.82999992370605,0.0172879357572834,1.9295218702303736,0.0099116547803772,0,0.002813701
2018-11-15,72.4000015258789,18.450000762939453,10616.7001953125,-0.0020675605729733,-0.0020675605729733,-0.0113341771542619,-0.0173190853632458,0.0576290934088408,72.99665603637695,68.41694751739502,0.0669382175785837,1,0.1000622533728946,0.1005060834683272,0.995574141840731,18.450000762939453,0.0411964716632242,1.7398834045292697,0.0099120280915576,0,0.115909174
2018-11-16,71.8917007446289,18.350000381469727,10682.2001953125,-0.0070207288748234,-0.0070207288748234,-0.0138312861473954,-0.0295397007604882,0.0404009020572315,73.0063900756836,68.45700551986694,0.066456084680718,1,0.0999265438582648,0.1003587828031958,0.9956831418639022,18.350000381469727,0.032639274550646,1.677312822230671,0.0092066600829023,0,0.00732371
2018-11-19,71.7750015258789,19.26000022888184,10763.400390625,-0.0016232641256399,-0.0016232641256399,-0.009590170872326,-0.0228777459480249,0.0389375765658921,73.02199005126953,68.49712802886962,0.0660591495236531,1,0.0963999931558948,0.1004588458124113,0.9595873094997832,19.26000022888184,-0.005678916137616,2.0600256512652115,0.0296899557293153,1,0.09886016
2018-11-20,71.69000244140625,19.32999992370605,10656.2001953125,-0.0011842435759755,-0.0011842435759755,-0.0203607250280941,-0.0333063794327335,0.024888180753652,73.03439010620117,68.53768854141235,0.0656091802989795,1,0.0952550525206795,0.0976817040818798,0.9751475802802784,19.32999992370605,0.0336897933188944,2.0642236212445786,0.0342261062750008,1,0.08754799
2018-11-21,71.41500091552734,19.559999465942383,10600.0498046875,-0.0038359815387601,-0.0038359815387601,-0.0156444119708822,-0.0279043833737451,0.0106849308560512,73.02769012451172,68.57691354751587,0.0649019669558614,1,0.0909883829116784,0.0961218782896631,0.9465840446172238,19.559999465942383,0.0387678993730264,2.1369168789337727,0.0346306634476951,0,0.04731836
2018-11-22,71.29499816894531,19.15999984741211,10526.75,-0.0016803576985733,-0.0016803576985733,-0.0152624769840455,-0.0347213155124227,0.0184272689970623,73.01579010009766,68.61504154205322,0.064136790696939,1,0.0882240439471682,0.0942020334563164,0.9365308176416552,19.15999984741211,0.0384823336104589,1.9377232900616352,0.0374453229221074,1,0.10660671
2018-11-26,70.66999816894531,20.39999961853028,10628.599609375,-0.0023293699112013,-0.0023293699112013,-0.0169936524387325,-0.0348436877100989,0.0126817290305087,72.99041198730468,68.64954202651978,0.0632323222070148,1,0.0840475085290223,0.0940879321784786,0.8932773131019432,20.39999961853028,0.1117165773538997,2.43846216578002,0.0394972600185823,0,0.11836855
2018-11-27,70.80999755859375,18.31999969482422,10685.599609375,0.0019810300449385,0.0019810300449385,-0.0134448477432246,-0.0329211036143307,0.0153426975566355,72.9647119140625,68.68526700973511,0.0623051360304218,1,0.0845680598211716,0.0941022941551857,0.8986726828256452,18.31999969482422,-0.0488058423098053,1.5278583963510444,0.0553782454264113,3,0.0661927
2018-11-28,70.87999725341797,17.959999084472656,10728.849609375,0.0009885566620206,0.0009885566620206,-0.0112987189343495,-0.0319611575058261,0.0156182307435406,72.93341186523438,68.7197920036316,0.0613159577284532,1,0.084743085765481,0.0940901038993768,0.9006492883334349,17.959999084472656,-0.0708743323663051,1.362155101886566,0.0696759331380858,3,0.08918452
2018-11-29,70.5999984741211,18.700000762939453,10858.7001953125,-0.0039503215314158,-0.0039503215314158,-0.0114122023518598,-0.0345299353966346,0.0046246451965212,72.8856118774414,68.75212949752807,0.0601215178369411,1,0.0854858748958893,0.0936163954162567,0.9131409233913028,18.700000762939453,-0.043967215055417,1.6614140255311982,0.0592975810884577,0,0.029517904
2018-11-30,69.91999816894531,19.15999984741211,10876.75,-0.0096317325760997,-0.0096317325760997,-0.0192860654367604,-0.0498786657262789,0.0022217269498017,72.8434619140625,68.78015600204468,0.0590767184636369,1,0.086555317408355,0.0945228478413037,0.9156982008780782,19.15999984741211,0.0,1.8361817513137928,0.0665152948886553,0,0.0045605595
2018-12-03,69.76000213623047,18.21999931335449,10883.75,-0.0022882728390274,-0.0022882728390274,-0.012876695292101,-0.0528173701161646,-0.0026449004131947,72.79676193237304,68.80905601501465,0.0579532135492202,1,0.0861533271617215,0.0945620425388749,0.9110676311657788,18.21999931335449,-0.1068627620559165,1.426297311456714,0.0478645956638463,0,0.09664473
2018-12-04,70.48500061035156,18.11000061035156,10869.5,0.0103927530378409,0.0103927530378409,-0.0045897042712543,-0.0484001498480249,-0.0007797037774587,72.75576599121094,68.84048103332519,0.0568747472288926,1,0.0925299562722724,0.095300134625884,0.9709218744929928,18.11000061035156,-0.0114628323128187,1.368195373918727,0.0471125813896144,4,0.013843199
2018-12-05,70.62999725341797,18.38999938964844,10782.900390625,0.0020571276414957,0.0020571276414957,-0.0035270881727911,-0.0365570917259103,-0.003948757498669,72.70596588134765,68.87142852783204,0.0556767506567112,1,0.0875056578489931,0.0948432501242484,0.9226248057669122,18.38999938964844,0.0239421117536438,1.4720780895982126,0.0217853113451151,3,0.083175495
2018-12-06,70.87000274658203,19.309999465942383,10601.150390625,0.0033980674288141,0.0033980674288141,0.0038244232053334,-0.0279129835647529,-0.0074924170836896,72.68896591186524,68.90472202301025,0.0549199500085242,1,0.0870144273215176,0.0940811502600455,0.9248771109185694,19.309999465942383,0.0326202501666124,1.8359684409283288,0.0073308999073546,4,0.078893155
2018-12-07,70.75,18.59000015258789,10693.7001953125,-0.0016932798353506,-0.0016932798353506,0.0118707358808731,-0.0289596567756792,-0.0034509858032765,72.65936584472657,68.93722152709961,0.0539932453785327,1,0.0871172291817402,0.0933847705647011,0.932874769410209,18.59000015258789,-0.0297494623884982,1.5221695831728028,0.0155460774275877,1,0.09242961
2018-12-10,71.36499786376953,20.440000534057617,10488.4501953125,0.0086925493112302,0.0086925493112302,0.0230073921787552,-0.0254677783377088,0.0041508114564801,72.6206657409668,68.97392051696778,0.0528713635047308,1,0.0908632110558015,0.0948792628042711,0.9576618821476456,20.440000534057617,0.1218441989224423,2.25576456716642,-0.0103742254736628,4,0.0036129742
2018-12-11,72.7300033569336,17.950000762939453,10549.150390625,0.0191271005958657,0.0191271005958657,0.0318507870772768,-0.0023319364250625,0.0136585833718967,72.61346588134765,69.01811603546143,0.0520928424652873,1,0.1106109064485442,0.1003981857676643,1.101711190213345,17.950000762939453,-0.0088348891231208,1.2236054503228593,-0.0034056800081555,4,4.2795926e-07
2018-12-12,72.62000274658203,15.8100004196167,10737.599609375,-0.0015124516055873,-0.0015124516055873,0.028175075329877,0.0020698430157615,0.0101544493410958,72.61046600341797,69.05931606292725,0.0514217363122289,1,0.1085787482791879,0.1004412726414208,1.081006486848564,15.8100004196167,-0.1402935864959299,0.3454988913200268,0.0243650578412641,1,0.08927454
2018-12-13,72.1500015258789,15.550000190734863,10791.5498046875,-0.0064720628329257,-0.0064720628329257,0.0180612209635988,-0.014074867108521,0.0029344027516295,72.5944660949707,69.09754108428955,0.0506085304311392,1,0.1054740661150858,0.1014028934995485,1.0401382281791318,15.550000190734863,-0.1947177306679444,0.2378994287930763,0.0197542929069218,0,0.015628707
2018-12-14,71.5469970703125,15.15999984741211,10805.4501953125,-0.008357649935047,-0.008357649935047,0.0112649762588339,-0.0138250301758051,-0.0076011393454732,72.57530609130859,69.13095108032226,0.0498236311979041,1,0.1052293875758612,0.1028259457428763,1.023363932630969,15.15999984741211,-0.1845078147940895,0.0779937669123596,0.0216664045891965,0,0.0056436835
2018-12-17,71.91000366210938,14.539999961853027,10888.349609375,0.0050736803312672,0.0050736803312672,0.0076368782267774,-0.0067679261525206,-0.0073848579607774,72.54790618896484,69.16602611541748,0.0488951044824235,1,0.1066451503329855,0.102867002644425,1.0367183924200083,14.539999961853027,-0.288649726910421,-0.1749198426623633,0.02558699116157,4,0.028982585
2018-12-18,71.58999633789062,14.579999923706056,10908.7001953125,-0.0044501085790844,-0.0044501085790844,-0.0156745079942896,-0.0041966514022249,-0.0191807311529438,72.50270614624023,69.19921909332275,0.047738790931475,1,0.1048679186709508,0.1021980856040457,1.0261140601320546,14.579999923706056,-0.1877437713646945,-0.1590669405512359,0.021203497019218,0,0.020662878
2018-12-19,70.56999969482422,14.65999984741211,10967.2998046875,-0.0142477538097952,-0.0142477538097952,-0.0282291789345091,-0.0167886005633899,-0.0202352812074585,72.42970611572265,69.22855407714843,0.0462403423160746,1,0.1160481106613064,0.1060639216539711,1.0941233807714934,14.65999984741211,-0.0727388071905231,-0.1279911075963474,0.0189437730329253,0,0.0017982594
2018-12-20,70.68550109863281,14.329999923706056,10951.7001953125,0.0016366927066469,0.0016366927066469,-0.0202979957903508,-0.0140117353684627,-0.019550594329771,72.3681561279297,69.25807956695557,0.0449056136182268,1,0.1162413901174503,0.1061040709449762,1.095530958908934,14.329999923706056,-0.0784566078498004,-0.263482620793455,0.0277303348833466,3,0.051920056
2018-12-21,70.30000305175781,15.989999771118164,10754.0,-0.0054537074914002,-0.0054537074914002,-0.0174290196600314,-0.015612936350563,-0.0308099655411467,72.29635620117188,69.2850295639038,0.043462875836556,1,0.1169874310299265,0.1058290563238378,1.10542727740735,15.989999771118164,0.0547493358878721,0.4152336221413978,0.0145235350917334,0,0.019954955
2018-12-24,70.13999938964844,15.75,10663.5,-0.0022760121644884,-0.0022760121644884,-0.0246141591200277,-0.0162002778450167,-0.0407549677926248,72.20815612792968,69.3095295715332,0.0418214720878296,1,0.1170867502661013,0.1044828556286089,1.12062049741244,15.75,0.0832187098570504,0.3173087260166892,0.012990714133042,0,0.09534337
2018-12-26,70.23999786376953,15.920000076293944,10729.849609375,0.0,0.0,-0.0188573619664592,-0.0060846231260373,-0.0206358523667504,72.12095611572266,69.33479606628418,0.0401841529435653,1,0.1168919266661416,0.1031859760339369,1.1328166708528928,15.920000076293944,0.0919067324828404,0.3878845956419017,0.0095261844195064,2,0.056118123
2018-12-27,70.1500015258789,16.06999969482422,10779.7998046875,-0.0012812690863853,-0.0012812690863853,-0.0059515115596084,-0.0093206617069674,-0.0287969228074945,72.04075607299805,69.36052757263184,0.0386419854946975,1,0.116624292514584,0.1020566597092913,1.1427294418349925,16.06999969482422,0.0961800724480235,0.4473287447035434,0.0088156209062759,1,0.07117155
2018-12-28,69.98999786376953,15.270000457763672,10859.900390625,-0.0022808789540845,-0.0022808789540845,-0.009839404461359,-0.0125564252840814,-0.0451569583926354,71.96703598022461,69.38602756500244,0.0371978120927043,1,0.1166526577904641,0.0972089244257252,1.200007699621188,15.270000457763672,0.0655966880015523,0.1163076168763819,0.0122148027068518,0,0.08538011
2018-12-31,69.92250061035156,16.0,10862.5498046875,-0.0009643842760125,-0.0009643842760125,-0.0053698780230253,-0.009596287229636,-0.0433369255198197,71.88388595581054,69.41118408203126,0.0356239690545692,1,0.1160431946873662,0.0971207377327822,1.1948220593688703,16.0,0.0006254051923064,0.4103778512717443,0.0003545184327551,1,0.07942429
2019-01-02,69.70999908447266,16.389999389648438,10792.5,0.0,0.0,-0.0061306003552552,-0.0030034194790057,-0.0420502638416063,71.80897598266601,69.43428207397461,0.0342005971367489,1,0.1111898395601239,0.0968577474498395,1.147958676811364,16.389999389648438,0.0406348818824404,0.564961125695995,-0.0077458799733376,2,0.05533846
2019-01-03,69.95999908447266,16.790000915527344,10672.25,0.0035862860892748,0.0035862860892748,-0.003986315316238,0.0028669286427431,-0.0409869498129098,71.72497589111327,69.45925758361817,0.0326193856127461,1,0.1115566937131422,0.0970323227898712,1.1496740553214058,16.790000915527344,0.0546482936598031,0.7233597088418691,-0.0194326404042723,4,0.074581005
2019-01-04,70.30000305175781,16.15999984741211,10727.349609375,0.0048599767257662,0.0048599767257662,0.0021382968298806,-0.0026246372560374,-0.0304116169255659,71.66167602539062,69.48603008270264,0.0313105517770768,1,0.1067531936241513,0.0970306043812812,1.10018992579644,16.15999984741211,0.005600507423586,0.4576087162450064,-0.0130779144049864,4,0.016558846
2019-01-07,69.5250015258789,16.299999237060547,10771.7998046875,-0.0110242033034951,-0.0110242033034951,-0.0066437541374941,-0.0156448502125007,-0.0512417756000131,71.57498611450195,69.50951457977295,0.029714946899227,1,0.1129725954405667,0.0985862556893326,1.1459148005556123,16.299999237060547,0.0674524393202093,0.5099150505453474,-0.0010294619754765,0,0.0009501759
2019-01-08,69.80999755859375,15.699999809265137,10802.150390625,0.0040991877232647,0.0040991877232647,-0.0016089677968575,-0.0149570360788423,-0.0547054976168085,71.50676010131836,69.53438056945801,0.0283655296230063,1,0.1133146920649696,0.0975845817237722,1.1611827286711318,15.699999809265137,-0.0187500119209289,0.2560815801134717,0.0189602064487031,4,0.057986666
2019-01-09,70.33000183105469,15.270000457763672,10855.150390625,0.0074488510334709,0.0074488510334709,0.0088940289015171,-0.0059363698790856,-0.0524117397691897,71.4489501953125,69.56095859527588,0.0271415408608939,1,0.1165976057515427,0.0982799765244449,1.1863700369576806,15.270000457763672,-0.0683342875895488,0.0724617544833545,0.015097692320126,4,0.012470758
2019-01-10,70.55049896240234,15.350000381469728,10821.599609375,0.0031351788085733,0.0031351788085733,0.0084405358155692,-0.0114131426574412,-0.0435516655316817,71.39555618286133,69.58838607788086,0.0259694211467693,1,0.1127960265853036,0.0979091571891193,1.1520360075352685,15.350000381469728,-0.0857653636412792,0.1016063183131337,0.0317634548344798,4,0.06775647
2019-01-11,70.72000122070312,15.350000381469728,10794.9501953125,0.002402566399865,0.002402566399865,0.0059743691424323,-0.0276364917290884,-0.0429015860756578,71.34745620727539,69.61593559265137,0.0248724749568229,1,0.0884899400718175,0.0979806680635244,0.9031275117142008,15.350000381469728,-0.0501237298014018,0.0989200860335079,0.0233004361096171,4,0.103558406
2019-01-14,70.37000274658203,16.15999984741211,10737.599609375,-0.0049490733608561,-0.0049490733608561,0.0121539187653034,-0.0309831990485004,-0.0560697536427159,71.28304428100586,69.6416236114502,0.0235695347758346,1,0.0894182981661644,0.0964922168913375,0.926679626266992,16.15999984741211,-0.0085889200123474,0.4337200054971669,0.0,0,0.030742258
2019-01-15,71.08499908447266,15.579999923706056,10886.7998046875,0.0101605273551783,0.0101605273551783,0.018263881542307,-0.0147609482866643,-0.0471179552485888,71.23174423217773,69.67172061920166,0.022391059085544,1,0.0958734939489788,0.0988709573636249,0.9696732673793588,15.579999923706056,-0.0076433049055366,0.1875854309324372,0.0088263504060024,4,0.017942056
2019-01-16,71.09249877929688,16.079999923706055,10890.2998046875,0.0001055031992798,0.0001055031992798,0.0108417023800715,-0.006352443982645,-0.0413633324074359,71.17219421386719,69.7013830947876,0.0211016059334061,1,0.0916493640853423,0.0982741766638927,0.9325789807408736,16.079999923706055,0.0530451500759816,0.3925354952093582,0.0078524825751182,2,0.06290651
2019-01-17,71.36499786376953,16.239999771118164,10905.2001953125,0.0038330216148205,0.0038330216148205,0.0115449063202408,-0.0075789983393786,-0.031367128511014,71.13329421997071,69.73313308715821,0.0200788501939597,1,0.0908453151507433,0.0978486300363353,0.9284175639397813,16.239999771118164,0.0579804148228444,0.4555997632393786,0.0015475794350863,4,0.048215903
2019-01-18,71.03019714355469,16.6200008392334,10906.9501953125,-0.0046913855564594,-0.0046913855564594,0.0043862544894972,-0.0078195170131564,-0.0411690687380829,71.09579818725587,69.76480907440185,0.0190782305651342,1,0.0909889481364851,0.0975310312613624,0.9329134947744154,16.6200008392334,0.082736184117415,0.6103013588084001,-0.0001604224122643,0,0.019598061
2019-01-21,71.2300033569336,18.14999961853028,10961.849609375,0.0028129756274657,0.0028129756274657,0.0122211251497121,0.0093524679745433,-0.0302971792879467,71.0631982421875,69.796481590271,0.0181487178587675,1,0.0759412682301814,0.0963701555658416,0.7880082767949962,18.14999961853028,0.1231435513557166,1.2418740396233323,-0.0004969496056057,4,0.07657829
2019-01-22,71.5,17.989999771118164,10922.75,0.0037904903880665,0.0037904903880665,0.0058380941249529,0.0115228567203711,-0.0358684402744771,71.02859817504883,69.8284540939331,0.0171870349514151,1,0.0766989681801229,0.0964565801622157,0.7951574987796284,17.989999771118164,0.1546854851870136,1.16571849583662,-0.0026434430085011,4,0.044252016
2019-01-23,71.2302017211914,18.09000015258789,10831.5,-0.0037734025008194,-0.0037734025008194,0.0019369545909762,0.0132318439410128,-0.0304198560961009,70.99520217895508,69.85890510559082,0.0162656009516146,1,0.0752252454258079,0.0949421856240735,0.7923185316707351,18.09000015258789,0.125000014827026,1.1976844686784038,0.0072066207922634,0,0.0333435
2019-01-24,71.15730285644531,17.43000030517578,10849.7998046875,-0.0010234263414194,-0.0010234263414194,-0.0029103203747121,0.0145038989969967,-0.0365856026787558,70.96894821166993,69.89016662597656,0.0154353843719754,1,0.0747213828179448,0.0942877063643884,0.7924743662212985,17.43000030517578,0.0732758959870159,0.9163672626011448,0.0174707933312232,1,0.062454652
2019-01-25,70.98999786376953,17.690000534057617,10780.5498046875,-0.0023511991877109,-0.0023511991877109,-0.0005659463355269,0.0106776768623289,-0.0304733787615676,70.9251481628418,69.9201416015625,0.0143736345244591,1,0.0754682802780352,0.0928436379112561,0.8128447907801652,17.690000534057617,0.0643802431284097,1.016905903774627,0.0047251543272519,0,0.088736996
2019-01-28,70.9749984741211,18.89999961853028,10661.5498046875,-0.0002112887744724,-0.0002112887744724,-0.0035800206485274,0.0117604694269013,-0.0306676237556601,70.89364807128906,69.95070907592773,0.0134800491348532,1,0.075211773195627,0.0928431896261954,0.8100859461258784,18.89999961853028,0.0413223149180832,1.5051514345949384,-0.0109695914713165,2,0.067263916
2019-01-29,71.09010314941406,18.43000030517578,10652.2001953125,0.0016217636881661,0.0016217636881661,-0.005732823085118,0.0157180357082709,-0.0290916502224938,70.86745010375977,69.98163707733154,0.0126577922927035,1,0.0744659413200381,0.0929114764786489,0.801463314102387,18.43000030517578,0.0244580622376666,1.2997592353921446,-0.0191254236081024,3,0.05672456
2019-01-30,71.62000274658203,17.850000381469727,10651.7998046875,0.007453915154044,0.007453915154044,0.0054724122067824,0.0242769083115308,-0.0205811590211004,70.86201614379883,70.01538707733154,0.012092042932394,1,0.0774622527215551,0.0941083224428659,0.8231092383922187,17.850000381469727,-0.0132669855773235,1.052470011441302,-0.0194015220909785,4,0.011773811
2019-01-31,71.12000274658203,17.1200008392334,10830.9501953125,-0.0069812898746902,-0.0069812898746902,-0.0005241922946198,0.0202267060769971,-0.0335721728730631,70.8489161682129,70.04636058807372,0.0114574914870855,1,0.0825460688665448,0.0942247453144185,0.8760458045845085,17.1200008392334,-0.0177853964724447,0.7482129362066358,0.0035626773511698,0,0.009441383
2019-02-01,71.19999694824219,15.720000267028809,10893.650390625,0.0011247778201752,0.0011247778201752,0.0029581503140152,0.0177243836477514,-0.0332655061354729,70.8391160583496,70.07641056060791,0.0108839121701593,1,0.0820004965900626,0.0942408322052642,0.8701071983772632,15.720000267028809,-0.1113623633439734,0.1732484107594654,0.0207454276862892,3,0.049808044
2019-02-04,71.45169830322266,15.720000267028809,10912.25,0.0035351315416971,0.0035351315416971,0.0067164471905607,0.0163825775457922,-0.0353490131279765,70.83985000610352,70.10729053497315,0.0104491197069573,1,0.0813096313656735,0.0937871035536216,0.8669503730735549,15.720000267028809,-0.168253937337844,0.1774767976236089,0.0172363535596349,4,0.043164093
2019-02-05,71.68499755859375,15.779999732971191,10934.349609375,0.003265132402886,0.003265132402886,0.00836817479262,0.0310679034204817,-0.0221661445112066,70.84764999389648,70.13973751068116,0.0100928875462005,1,0.0693434216294812,0.0917935716806942,0.7554196327718713,15.779999732971191,-0.1437873319763526,0.205381309500052,0.0150903105919926,4,0.058862574
2019-02-06,71.7699966430664,15.630000114440918,11062.4501953125,0.0011857304508267,0.0011857304508267,0.0020943017415833,0.0280761947144829,-0.0155682347607799,70.8696499633789,70.17144100189209,0.009950044512667,1,0.068681288238408,0.0911384552149695,0.7535845817424544,15.630000114440918,-0.1243697602008688,0.1474586615283258,0.0240970358007059,3,0.048696138
2019-02-07,71.54049682617188,15.4399995803833,11069.400390625,-0.0031977125209563,-0.0031977125209563,0.0059124587085319,0.0172116445841279,-0.0181101259007157,70.88425994873047,70.20076847076416,0.0097362392585624,1,0.0665973741058307,0.0913646449040871,0.7289104583647674,15.4399995803833,-0.0981309098420187,0.070433106072678,0.0197371747318246,0,0.059171863
2019-02-08,71.58000183105469,15.56999969482422,10943.599609375,0.0005522047879931,0.0005522047879931,0.0053371474592722,0.0145924250543001,-0.0225317690870032,70.8982600402832,70.22861846923828,0.0095351665124701,1,0.0660655788489065,0.0907968431693355,0.7276117641439568,15.56999969482422,-0.0095420209705212,0.1248878384016812,0.0112737492056449,2,0.10395604
2019-02-11,71.1500015258789,15.84000015258789,10888.7998046875,-0.0060072687088033,-0.0060072687088033,-0.0042223877739536,0.0060803209523969,-0.0240054864659881,70.90926010131835,70.25379447937011,0.0093299675384894,1,0.0696576615043169,0.0903676172811549,0.770816945086123,15.84000015258789,0.0076335803766345,0.2339780032650436,0.0086938436655088,0,0.008213574
2019-02-12,71.2300033569336,15.75,10831.400390625,0.001124410812916,0.001124410812916,-0.0063471328333135,0.0122211251497121,-0.0171104987288904,70.93546020507813,70.27895999908448,0.0093413477661337,1,0.0670207671920822,0.0896695283058912,0.7474113118131266,15.75,-0.0019011237946037,0.1958436973561178,0.0087357309512734,3,0.042546317
2019-02-14,70.86509704589844,15.770000457763672,10746.0498046875,0.0007781314673693,0.0007781314673693,-0.0126083271491331,-0.0030935083548766,-0.0316330042309882,70.95756210327148,70.30056049346923,0.0093456098385344,1,0.0573116348702751,0.0873967471849948,0.6557564321304936,15.770000457763672,0.0089571556172545,0.2046167170033756,-0.0129285008014382,3,0.06776373
2019-02-15,71.01000213623047,16.459999084472656,10724.400390625,0.0020448019740688,0.0020448019740688,-0.007415306203847,-0.0011604127648194,-0.0212267519055607,70.96806213378906,70.32354000091553,0.0091650979581678,1,0.0576892859543444,0.085850286309114,0.6719676365317331,16.459999084472656,0.0660621458426253,0.500059459856838,-0.015233686586947,3,0.09570434
2019-02-18,71.31999969482422,18.0,10640.9501953125,0.0043655477998583,0.0043655477998583,-0.0036323292760473,-0.0006305355607409,-0.0149171520482447,70.98186218261719,70.34560150146484,0.0090447827237514,1,0.05813581144841,0.0862155430290346,0.6742999592181746,18.0,0.1560693868210902,1.149471582265735,-0.0242315588221466,4,0.048497327
2019-02-19,71.69999694824219,18.46999931335449,10604.349609375,0.0053280602221532,0.0053280602221532,0.007730083071934,0.0094297894645261,-0.0026665636561816,70.99846206665039,70.36960147857666,0.0089365375795851,1,0.0577474941914499,0.0856650417637093,0.6741001802176589,18.46999931335449,0.1660352989540165,1.3433336529913575,-0.0277438312744426,4,0.023053989
2019-02-20,71.5999984741211,17.059999465942383,10735.4501953125,-0.0013946789173963,-0.0013946789173963,0.0051943717499696,0.0051943717499696,-0.0024382173185285,71.01546203613282,70.39455146789551,0.0088204350377951,1,0.0576793216803441,0.085646547534274,0.6734497757482462,17.059999465942383,0.0831745692661829,0.7603742499942828,-0.0206533953785384,1,0.06671648
2019-02-21,71.30000305175781,16.049999237060547,10789.849609375,-0.0041898802898956,-0.0041898802898956,0.0061370974427326,-0.0027971601152753,-0.0054400805742361,71.01416213989258,70.41710800170898,0.0084788221943039,1,0.0586207637651833,0.0860536810807055,0.6812036606144232,16.049999237060547,0.0177551535300704,0.339769013057862,-0.0121673013320821,0,0.03151656
2019-02-22,71.18499755859375,15.449999809265137,10791.650390625,-0.0016129801997424,-0.0016129801997424,0.0024643770891255,-0.0006346207297656,-0.0032206588809773,70.98326202392577,70.43763298034668,0.007746271708638,1,0.0572585782882115,0.0857494585726319,0.6677349514080166,15.449999809265137,-0.0613608342275238,0.0900952115052944,-0.0036790480889073,1,0.08003683
2019-02-25,71.03099822998047,15.359999656677246,10880.099609375,-0.0021633677585859,-0.0021633677585859,-0.0040521798384797,-0.0017750058166152,-0.0037029237077649,70.95148193359375,70.45948795318604,0.0069826505230154,1,0.0577142807797126,0.0857976037941412,0.6726715613949614,15.359999656677246,-0.1466666857401529,0.053771280350501,0.002792660254838,0,0.10337289
2019-02-26,71.08999633789062,17.110000610351562,10835.2998046875,0.0008305966321793,0.0008305966321793,-0.0085076797254524,0.0014086276536167,0.0059430901348158,70.93028182983399,70.48088542938233,0.0063761457835533,1,0.0569877065765615,0.0856549330314895,0.6653095069971535,17.110000610351562,-0.0736328507613748,0.7902006599412759,0.0050785907019503,3,0.07384367
2019-02-27,70.94000244140625,18.89999961853028,10806.650390625,-0.0021099156591801,-0.0021099156591801,-0.0092178218824039,-0.000493075497953,0.0018359679041779,70.91814193725585,70.49999145507813,0.0059312132320492,1,0.0576015884181104,0.0857053773055225,0.6720805409004122,18.89999961853028,0.1078546430356675,1.5348687476981455,0.01360970858793,0,0.10623716
2019-02-28,71.19000244140625,18.280000686645508,10792.5,0.0035241047560787,0.0035241047560787,-0.0015427854928942,0.0014052489385509,0.0043736625282293,70.9037419128418,70.52012897491456,0.0054397651210151,1,0.0585357910599593,0.0859543092685825,0.6810026228519971,18.280000686645508,0.1389409068902467,1.2692874693046754,0.0131709695757726,4,0.072376564
2019-03-01,70.81600189208984,16.270000457763672,10863.5,-0.0052535543825024,-0.0052535543825024,-0.005183615637553,-0.0112259260494171,0.0030595385642668,70.88826202392578,70.53610897064209,0.0049925216803532,1,0.055596133489713,0.0862492908041115,0.6445906787257201,16.270000457763672,0.0530744762861934,0.4266481359324473,0.0198745938896953,0,0.021051032
2019-03-05,70.9000015258789,15.65999984741211,10987.4501953125,-0.0012677326468346,-0.0012677326468346,-0.0018442188251026,-0.0030933803741127,0.0140160666847508,70.89486206054687,70.55365898132324,0.0048360791509616,1,0.0501348038489488,0.083973084279258,0.5970270980535406,15.65999984741211,0.0195312628541921,0.1697990225046269,0.0144493324387855,1,0.058889456
2019-03-06,70.74250030517578,15.609999656677246,11053.0,-0.0022214558154224,-0.0022214558154224,-0.0048881143707364,-0.006425514925218,0.0140839756143735,70.89600204467773,70.57046047210693,0.0046130005443207,1,0.0505457438999766,0.0839647697962969,0.6019803548827325,15.609999656677246,-0.0876680830021019,0.1465662398452933,0.0146277513653398,0,0.101153
2019-03-07,70.36499786376953,15.289999961853027,11058.2001953125,-0.0053362892147965,-0.0053362892147965,-0.0081055054672665,-0.0152088818776769,-0.0017025288436247,70.89730194091797,70.58389545440674,0.0044401982136799,0,0.0517520491225399,0.082166371683002,0.6298369786269539,15.289999961853027,-0.191005276695237,0.0098670724571524,0.0133748947570391,0,0.008704202
2019-03-08,70.48750305175781,14.9399995803833,11035.400390625,0.0017409961160725,0.0017409961160725,-0.0098679500710319,-0.016704952885813,-0.0020174742630796,70.90425201416015,70.59403297424316,0.0043944088026557,0,0.0505889415708517,0.08213767345037,0.6158967444418085,14.9399995803833,-0.1827134015756494,-0.1386716948345406,0.0092415904795435,3,0.06575136
2019-03-11,69.98690032958984,14.899999618530272,11168.0498046875,-0.0071020067457969,-0.0071020067457969,-0.0117078278969122,-0.0248445924046009,-0.0124608774201688,70.89919006347657,70.60366748809814,0.0041856547385197,0,0.0548065983494262,0.0830832602713322,0.6596507951138004,14.899999618530272,-0.0842041057583171,-0.1573793209438022,0.0095457703773207,0,0.005053379
2019-03-12,69.79010009765625,15.100000381469728,11301.2001953125,-0.0028119581094004,-0.0028119581094004,-0.0156544626845676,-0.0244672151602289,-0.0135674897857773,70.8919920349121,70.61191799163818,0.0039663848715607,0,0.0546301001010183,0.0832002272907485,0.6566020944632499,15.100000381469728,-0.035759864074004,-0.0751616052529042,0.0209405926705676,0,0.07114777
2019-03-13,69.84500122070312,15.279999732971191,11341.7001953125,0.0007866606147584,0.0007866606147584,-0.0126868442676034,-0.0242386220448354,-0.0212989096695268,70.88909210205078,70.62126800537109,0.0037923999985289,0,0.0547204679578946,0.0812758153395592,0.6732604830698989,15.279999732971191,-0.0211402902603458,0.0006499992435021,0.0363774809155537,3,0.07720678
2019-03-14,69.72630310058594,15.149999618530272,11343.25,-0.0016994504695062,-0.0016994504695062,-0.0090768817249187,-0.0200098158082981,-0.0412993278936966,70.88516815185547,70.62789951324463,0.0036425922388163,0,0.0517027375157418,0.0711372411695795,0.726792463036761,15.149999618530272,-0.0091563337915004,-0.0521423421912609,0.0417355634655771,1,0.09150973
2019-03-15,69.3373031616211,15.869999885559082,11426.849609375,-0.0055789554539221,-0.0055789554539221,-0.0163177845765389,-0.0265716707302142,-0.0452037931810108,70.87771423339844,70.63243602752685,0.0034726001206584,0,0.0537457077227393,0.0718158559404868,0.7483717717645184,15.869999885559082,0.0622490181590702,0.2501071152222533,0.0549743520944332,0,0.017568981
2019-03-18,68.9530029296875,16.899999618530273,11462.2001953125,-0.0055424744605052,-0.0055424744605052,-0.0147727273966042,-0.026982170291427,-0.0443104439165493,70.85757431030274,70.6339510345459,0.0031659460143673,0,0.0553805817982929,0.0715327053815167,0.7741886360132891,16.899999618530273,0.1342281913559726,0.6785275897390277,0.0666431296747396,0,0.021057168
2019-03-19,68.61799621582031,16.489999771118164,11532.400390625,-0.0048584789586147,-0.0048584789586147,-0.0167947012569953,-0.033685478783977,-0.0409381382088437,70.82393417358398,70.6357405090332,0.0026642838766122,0,0.0551127835807173,0.0703281734539324,0.7836404279202542,16.489999771118164,0.092052937386293,0.502964636583746,0.0753422075425618,0,0.01821642
2019-03-20,69.31749725341797,16.030000686645508,11521.0498046875,0.0101941338449691,0.0101941338449691,-0.0075524942095468,-0.0280777124225306,-0.0360520967412694,70.81978408813477,70.64371948242187,0.0024922895765235,0,0.0658943346786428,0.0727046665409787,0.9063163548814064,16.030000686645508,0.0490838329045231,0.3073338328114431,0.0827087424732706,4,0.008482255
2019-03-22,68.93000030517578,16.270000457763672,11456.900390625,0.0015256572697353,0.0015256572697353,-0.0114204075076435,-0.0386331486884995,-0.0371559738620489,70.80218414306641,70.6513554763794,0.0021348304738109,0,0.0621672590848974,0.0723638144877139,0.8590813024947664,16.270000457763672,0.0739274499956754,0.4050261159489805,0.0803963291153928,3,0.0463739
2019-03-25,69.1604995727539,16.670000076293945,11354.25,0.0033439615052608,0.0033439615052608,-0.0025499057621994,-0.0340712144323426,-0.019973078194213,70.77879409790039,70.65650798797607,0.0017307126180807,0,0.0645297904799244,0.0670348607067638,0.9626159759803524,16.670000076293945,0.0504095902018766,0.5688755280657235,0.0576407876176157,4,0.05829932
2019-03-26,68.92340087890625,16.489999771118164,11483.25,-0.0034282385944629,-0.0034282385944629,-0.0004293076374271,-0.033332427365064,-0.0249287363368588,70.74625213623047,70.66397499084472,0.001164343576715,0,0.0641706755570236,0.0672610930518029,0.954039231392957,16.489999771118164,-0.0242603465483253,0.4896873933153689,0.0642641385865585,0,0.035668164
2019-03-27,69.42749786376953,17.049999237060547,11445.0498046875,0.0073138727694088,0.0073138727694088,0.0117972207378824,-0.024689186698048,-0.0124111685648989,70.72040206909179,70.67393749237061,0.0006574499507148,0,0.0708687543012631,0.0680486980397108,1.041426433074063,17.049999237060547,0.0339599438274831,0.720823264293039,0.0605467551682479,4,0.0053983233
2019-03-28,69.37000274658203,16.649999618530273,11570.0,-0.0008281317771283,-0.0008281317771283,0.000757463775302,-0.0233840932098483,-0.0109779961472318,70.7004020690918,70.68616249084472,0.0002014478894496,0,0.0707333716843571,0.0679129458054611,1.0415146822270078,16.649999618530273,0.0386774114365,0.5515204447954833,0.063409381843392,1,0.082370915
2019-04-01,69.43000030517578,18.010000228881836,11669.150390625,-0.0010071898535858,-0.0010071898535858,0.0072537356417574,-0.0233506276301505,-0.0115318562532524,70.66730209350585,70.69801250457763,-0.0004343886056172,0,0.0704546606546133,0.06794447572279,1.036929389413071,18.010000228881836,0.1069452810179778,1.1144377637989784,0.0769568540758571,1,0.07182173
2019-04-02,69.19529724121094,18.07999992370605,11713.2001953125,-0.0033804272351032,-0.0033804272351032,0.0005031436827669,-0.0245940955758546,-0.0136094691931798,70.62935806274415,70.70853900909424,-0.001119821558467,0,0.0708473741664333,0.0682359089852601,1.038255911939637,18.07999992370605,0.0845830738427673,1.1358409346120475,0.0838881403504967,0,0.03875838
2019-04-03,68.91020202636719,18.780000686645508,11643.9501953125,-0.0041201530481171,-0.0041201530481171,-0.0001915003086143,-0.032024165428502,-0.0154278592707501,70.58026214599609,70.71893951416016,-0.0019609650415685,0,0.0695767787473761,0.0685816944222346,1.014494681690709,18.780000686645508,0.1388721011105302,1.4160288961423413,0.0788927676916839,0,0.02618199
2019-04-04,68.8499984741211,18.64999961853028,11598.0,-0.0008736522383587,-0.0008736522383587,-0.0083180210639537,-0.0277621351875324,-0.015338440800438,70.53665817260742,70.72613948822021,-0.0026790846635189,0,0.0681651662313991,0.0685770223841503,0.9939797600105988,18.64999961853028,0.0938416688014804,1.3520061619229593,0.0676117273438579,1,0.0869437
2019-04-05,68.97039794921875,18.38999938964844,11665.9501953125,0.0017487215361799,0.0017487215361799,-0.0057604840931474,-0.0272158467578571,-0.0106096850518916,70.49146606445312,70.73344146728516,-0.0034209476848932,0,0.0689228041213522,0.068671270895397,1.0036482443741637,18.38999938964844,0.1045044931521601,1.2354667703976268,0.0617522708125188,3,0.07083527
2019-04-08,69.16000366210938,20.14999961853028,11604.5,0.0027490882832112,0.0027490882832112,-0.0038887605052521,-0.0223698149802407,-0.0114350404921722,70.44466613769531,70.74179149627686,-0.0042001390167959,0,0.0700042920662151,0.0685127168764917,1.0217558652147052,20.14999961853028,0.118822840780236,1.9388841394119904,0.0498959558490907,4,0.09314449
2019-04-09,69.55249786376953,20.280000686645508,11671.9501953125,0.0056751616668173,0.0056751616668173,0.0051622095257921,-0.0115469341955078,-0.0106330747587298,70.41111206054687,70.75000396728515,-0.004789991346078,0,0.0714259833370201,0.068768364137231,1.0386308530421735,20.280000686645508,0.1216814586406536,1.9693662721104324,0.0555017985892645,4,0.015926544
2019-04-10,69.26180267333984,21.1299991607666,11584.2998046875,-0.0041795075569976,-0.0041795075569976,0.0051023017874496,-0.0173889033566412,-0.0037856720138451,70.37320205688476,70.75741298675537,-0.0054299742408971,0,0.0722415042638403,0.0656073191202571,1.1011028057497534,21.1299991607666,0.1251330345153918,2.281072269149273,0.0497398730116589,0,0.03838061
2019-04-11,69.14019775390625,20.959999084472656,11596.7001953125,-0.001755728478612,-0.001755728478612,0.0042149496908736,-0.0120980150813396,-0.0095946114899275,70.3362060546875,70.76246398925781,-0.0060237859246256,0,0.0684284872023026,0.0651955602205266,1.0495720475258814,20.959999084472656,0.1238605637099965,2.1825235830173537,0.0383818480505957,1,0.098737195
2019-04-12,69.43000030517578,21.0,11643.4501953125,0.0041915204278275,0.0041915204278275,0.0066637625651431,-0.0051597546353506,-0.0127968363777506,70.3053060913086,70.7693639755249,-0.0065573273256601,0,0.0695075688101215,0.0639960608103239,1.0861056418845507,21.0,0.1419249971166776,2.17084763057223,0.0302843940541781,4,0.026051879
2019-04-15,69.16100311279297,21.38999938964844,11690.349609375,-0.0038743654212941,-0.0038743654212941,1.4451281530769576e-05,-0.0097930860613602,-0.019695053472972,70.26672409057618,70.77511898040771,-0.0071832431673095,0,0.0707188131202108,0.0641098836950823,1.1030703219839626,21.38999938964844,0.0615384513445766,2.290241046329762,0.0307404893497886,0,0.04180128
2019-04-16,69.80999755859375,21.690000534057617,11787.150390625,0.0093838206010741,0.0093838206010741,0.0037022350416311,0.001200328345059,-0.012867698619934,70.23052398681641,70.78391895294189,-0.007818088830224,0,0.0778387999996766,0.06671570884307,1.166706232208903,21.690000534057617,0.0695266173408268,2.3699044687029427,0.0391334397659401,4,0.0031103313
2019-04-18,69.4010009765625,22.739999771118164,11752.7998046875,-0.0069256799724278,-0.0069256799724278,0.0020097412693567,0.0009186658845516,-0.0137700970896522,70.19614395141602,70.7891739654541,-0.0083774111324915,0,0.07925152246554,0.06741805961027,1.1755061984499644,22.739999771118164,0.0761950153477029,2.72210298458074,0.0285249396338496,0,0.013239126
2019-04-22,69.36000061035156,24.049999237060547,11594.4501953125,-0.0003026202382122,-0.0003026202382122,0.0031790892069425,0.0059025374294296,-0.0242667017843134,70.1593440246582,70.79682395935059,-0.0090043578093053,0,0.0764511118154759,0.0641190532762483,1.192312044503483,24.049999237060547,0.1474236778415218,3.142762543947284,0.0115379244600948,2,0.103914216
2019-04-23,70.0625,24.64999961853028,11575.9501953125,0.0101283071434055,0.0101283071434055,0.0091098904226429,0.0210513839494288,-0.0144881499030503,70.13156005859375,70.80786197662354,-0.0095512263631554,0,0.0807133604685547,0.0673982971966208,1.1975400905604916,24.64999961853028,0.1738095056442989,3.2795247433114088,0.0037763000947228,4,0.0003939669
2019-04-24,69.75800323486328,23.709999084472656,11726.150390625,-0.00434607336502,-0.00434607336502,0.0086320338803744,0.0063549031471068,-0.0225179664682941,70.09302017211914,70.8149520111084,-0.0101946244188094,0,0.0759124071134648,0.0674450098560572,1.1255285119976184,23.709999084472656,0.1084618869108975,2.8756772345551624,0.0178022480081678,0,0.04105752
2019-04-25,70.0958023071289,23.229999542236328,11641.7998046875,0.0048424418217407,0.0048424418217407,0.0040940375093878,0.016912839065599,-0.0131548957204403,70.05953628540038,70.82360603332519,-0.0107883485566279,0,0.0773194093969135,0.0675750570052816,1.1441834996509246,23.229999542236328,0.0710004135666388,2.6540446203503376,0.0161386943901336,4,0.015764812
2019-04-26,70.16000366210938,21.71999931335449,11754.650390625,0.0009159086973449,0.0009159086973449,0.0109364803802065,0.0144519501092388,-0.0150217555018556,70.03192642211914,70.8282060623169,-0.0112424087022218,0,0.0767219370467541,0.0673516269882166,1.1391083091707264,21.71999931335449,-0.0448549018482914,2.0919040302898555,0.0352643627386222,3,0.081513524
2019-04-30,69.81179809570312,21.82999992370605,11748.150390625,-0.0004324728917929,-0.0004324728917929,0.0065138045181063,0.0128896311770472,-0.0236112154447115,69.99656234741211,70.83328155517579,-0.0118125150973262,0,0.0754471011551674,0.0668867099935058,1.1279665750627828,21.82999992370605,-0.0923076666852248,2.102363543832315,0.0230684162258072,2,0.11179197
2019-05-02,69.63289642333984,22.979999542236328,11724.75,0.0011055360824425,0.0011055360824425,-0.0061317192029995,0.0029584612133559,-0.0224245510928597,69.96622024536133,70.83927104949952,-0.0123243900057657,0,0.0715660926514867,0.0665299418684087,1.0756813392637217,22.979999542236328,-0.0677484828453527,2.4616607690150474,0.0244385302017597,3,0.07241464
2019-05-03,69.42440032958984,24.030000686645508,11712.25,-0.0029942183143212,-0.0029942183143212,-0.0047822886235756,0.0007841657900249,-0.024353122691447,69.93010818481446,70.84291904449464,-0.01288499785147,0,0.0724283392093426,0.0667580862453892,1.08492106891809,24.030000686645508,0.0134964831096267,2.768283395828949,0.0122947277441658,0,0.059983708
2019-05-06,69.16799926757812,26.43000030517578,11598.25,-0.0036932412926069,-0.0036932412926069,-0.0132362139958903,-0.0037735998335883,-0.0256655676999433,69.89616622924805,70.84460903167725,-0.0133876496093741,0,0.073632365297005,0.0669934201557921,1.0990820597562705,26.43000030517578,0.1377529412827269,3.4831639788196767,-0.0060758828407903,0,0.04385852
2019-05-07,69.40029907226562,26.479999542236328,11497.900390625,0.003358486686724,0.003358486686724,-0.0108281720380529,0.0029626555449291,-0.0221866775020732,69.86397216796875,70.8467105102539,-0.0138713334071157,0,0.073221449587912,0.067359075035749,1.0870155585345225,26.479999542236328,0.2191528719780007,3.406182867986642,-0.018380954913898,4,0.073096596
2019-05-08,69.91000366210938,26.3700008392334,11359.4501953125,0.0073444148895238,0.0073444148895238,0.001406718765095,0.0145087607689733,-0.0166000531019684,69.83577224731445,70.85091053009033,-0.0143278085656323,0,0.0748493691486538,0.0689051284423318,1.08625126444734,26.3700008392334,0.2079707252127465,3.2900306046747314,-0.0244332889807903,4,0.007999546
2019-05-09,70.01000213623047,25.489999771118164,11301.7998046875,0.0014303886265605,0.0014303886265605,0.0054156258357827,0.0168482743328657,-0.0224797619185849,69.80197235107421,70.8571855545044,-0.0148921128488584,0,0.0745278251881539,0.0672908334094399,1.1075314999174757,25.489999771118164,0.1092254255387845,2.9488771477534974,-0.0255389028550181,3,0.07826316
2019-05-10,70.41000366210938,26.34000015258789,11278.900390625,0.0057134911251759,0.0057134911251759,0.0141967856811209,0.0208728056629536,-0.0099831138505794,69.77817245483398,70.86593658447265,-0.0153496049310242,0,0.0761695668447984,0.0667991462561805,1.140260480159517,26.34000015258789,0.0961298127313889,3.1437530995018883,-0.0331777350500793,4,0.011617194
2019-05-13,69.92250061035156,27.3799991607666,11148.2001953125,-0.0069237754069335,-0.0069237754069335,0.0109082429846587,0.0110251143416282,-0.0179423650652581,69.75062240600586,70.87104907989502,-0.0158093705177987,0,0.0811379069689012,0.0682244087584849,1.189262306307698,27.3799991607666,0.0359439593122055,3.3768372444506247,-0.0393209362477917,0,0.011429952
2019-05-14,70.61699676513672,27.1299991607666,11222.0498046875,0.0099323701058016,0.0099323701058016,0.0175315914936355,0.0153049701169927,-0.0116820391664265,69.73926239013672,70.88053405761718,-0.0161013412589802,0,0.0855239730942481,0.0707336722105701,1.209081351782499,27.1299991607666,0.0245468138129498,3.22335343475581,-0.0385454344044136,4,0.000595214
2019-05-15,70.30699920654297,28.65999984741211,11157.0,-0.0043898434200587,-0.0043898434200587,0.0056786657650935,0.0150905187688024,-0.0192229671337358,69.72478240966797,70.88936904907227,-0.0164282268981422,0,0.0856902504502355,0.0709888331023909,1.2070777843165472,28.65999984741211,0.0868410669434505,3.5711394922058504,-0.0368861141278988,0,0.033288725
2019-05-16,70.20919799804688,28.3700008392334,11257.099609375,-0.0013910593482845,-0.0013910593482845,0.0028452486178873,0.0154613420104114,-0.021747230291536,69.7071664428711,70.89798152923584,-0.0167961775593524,0,0.0855473137725349,0.0709947682826248,1.204963561095392,28.3700008392334,0.1129855274215601,3.394943983786769,-0.0292842429499703,1,0.081667826
2019-05-17,70.23500061035156,28.07999992370605,11407.150390625,0.0003675104265599,0.0003675104265599,-0.0024854856221515,0.0115944159821035,-0.0182483526637002,69.69306640625,70.90555652618409,-0.0171000719737153,0,0.0848279590881929,0.0707165258534887,1.199532337485023,28.07999992370605,0.0660592164403313,3.2316625521290847,-0.0202946549969038,2,0.11525162
2019-05-20,70.28150177001953,23.68000030517578,11828.25,0.0006620795794669,0.0006620795794669,0.0051342723234188,0.0162013071932916,-0.0181405424394919,69.67489639282226,70.9151840209961,-0.0174897329154023,0,0.0830363481757161,0.0707205204991961,1.1741312628687053,23.68000030517578,-0.1351350974799381,1.9855218317412389,0.011796087818829,3,0.11016784
2019-05-21,70.12750244140625,25.64999961853028,11709.099609375,-0.0021911786847869,-0.0021911786847869,-0.006931678578154,0.0045481291207036,-0.0143710339078594,69.6611264038086,70.92274402618408,-0.0177886183014817,0,0.07807701520916,0.0698144079682497,1.1183350134495738,25.64999961853028,-0.0545521410990896,2.4869466865908536,-0.0066216836693692,0,0.10275038
2019-05-24,69.94499969482422,16.469999313354492,11844.099609375,-0.0003930682174525,-0.0003930682174525,-0.0051488403118342,0.0078384851890742,-0.0180402021837654,69.6420263671875,70.9277935409546,-0.0181278326813406,0,0.0732958430144707,0.0697842143623688,1.0503061957203794,16.469999313354492,-0.4253314933341958,-0.0174696521843216,0.007768345092638,2,0.082301855
2019-05-27,69.36000061035156,16.190000534057617,11924.75,-0.0083637012942319,-0.0083637012942319,-0.0120952440977738,0.0,-0.0212388961320696,69.61437637329101,70.9309270477295,-0.0185610244957404,0,0.0799677266650037,0.0717439178975094,1.114611724543902,16.190000534057617,-0.4293267516697368,-0.0958077995070808,0.0284877505292175,0,0.008995886
2019-05-28,69.72000122070312,15.920000076293944,11928.75,0.0051903201727745,0.0051903201727745,-0.0073325177642631,-0.0048884749944245,-0.018166467775237,69.60147644042969,70.9335270690918,-0.0187788579491421,0,0.0740972460467394,0.0724048184964891,1.0233603816015464,15.920000076293944,-0.4330484287909929,-0.1717586267104552,0.0304769629045535,4,0.017485093
2019-05-29,69.875,16.40999984741211,11861.099609375,0.0022231608804224,0.0022231608804224,-0.0057839084223003,0.0016771805342938,-0.0202607922182742,69.58922637939453,70.93885208129883,-0.0190251979318409,0,0.0724120680654333,0.0719954092829937,1.005773326566965,16.40999984741211,-0.3070101505097807,-0.0402720272827264,0.011508399112627,4,0.11018977
2019-05-30,69.81500244140625,15.609999656677246,11945.900390625,-0.000858641267889,-0.000858641267889,-0.0044561689653942,-0.0040059441005085,-0.0262900221348216,69.58578842163087,70.9437271118164,-0.019141067793707,0,0.070866606787687,0.0711518453535481,0.9959771311401706,15.609999656677246,-0.391423006283394,-0.2620517986587315,0.0261214409317582,1,0.106955126
2019-05-31,69.9800033569336,16.06999969482422,11922.7998046875,0.0023634019875,0.0023634019875,0.0005004455252284,-0.0025655686399713,-0.0226256306104953,69.5895864868164,70.94992713928222,-0.0191732494636016,0,0.0711979103907889,0.0712955321252658,0.9986167386892864,16.06999969482422,-0.0242865595146648,-0.1391462709411873,0.0143049268565749,4,0.107553855
2019-06-03,69.5696029663086,15.970000267028809,12088.5498046875,-0.005864538024266,-0.005864538024266,0.003021948588705,-0.0034692578618661,-0.0242692848721632,69.58407852172851,70.95470016479493,-0.019316854836721,0,0.0743973753995077,0.0717578438840592,1.0367694262147205,15.970000267028809,-0.0135886510050454,-0.1696004755147001,0.0289747239134883,0,0.029326633
2019-06-04,69.16190338134766,15.630000114440918,12021.650390625,-0.0058603120842644,-0.0058603120842644,-0.0080048455189892,-0.0067639444312174,-0.028420232445479,69.57279052734376,70.9570846939087,-0.0195088929109256,0,0.0771047823835316,0.0725998714401623,1.062036596173386,15.630000114440918,-0.0182160779185458,-0.2647849843656231,0.0253225348621506,0,0.008429248
2019-06-06,69.625,15.529999732971191,11843.75,0.0009344802140267,0.0009344802140267,-0.0035778175313059,0.0028894692565988,-0.0197941499488463,69.57854446411133,70.96272567749024,-0.0195057503804138,0,0.0765139029162553,0.072532334355218,1.0548791613734898,15.529999732971191,-0.0536258453762079,-0.2936504278525991,0.0112275608871053,3,0.07499842
2019-06-07,69.36000061035156,14.859999656677246,11870.650390625,-0.0038060953629937,-0.0038060953629937,-0.0065172500915767,0.0027758695467057,-0.0243352907111767,69.58668441772461,70.96799018859863,-0.0194637859576293,0,0.0765831446274724,0.0728564786869804,1.0511363556306776,14.859999656677246,-0.0480461253360235,-0.47969380564859,0.0234863354924235,0,0.03092232
2019-06-10,69.34500122070312,14.979999542236328,11922.7001953125,-0.0002162541741125,-0.0002162541741125,-0.0090740512399183,-0.0007967955801591,-0.0224838055513253,69.60122451782226,70.9716376876831,-0.0193093074150474,0,0.0755879586395281,0.0727609260006178,1.0388394424700402,14.979999542236328,-0.0678282621834122,-0.4477875907177771,0.0369458588312234,2,0.06676308
2019-06-11,69.52349853515625,14.489999771118164,11965.599609375,0.0025740473186384,0.0025740473186384,-0.0006627094188631,-0.005528609736901,-0.0234092407514894,69.60534454345704,70.9767301940918,-0.0193216233952253,0,0.0712759996280518,0.072585537446639,0.9819451669043908,14.489999771118164,-0.0926737928092719,-0.5848419972760536,0.0533608056411594,4,0.09134645
2019-06-12,69.3864974975586,14.119999885559082,11906.2001953125,-0.0019705716841676,-0.0019705716841676,0.003247367484561,-0.0089059365754426,-0.0201861776482318,69.61447448730469,70.97961269378662,-0.0192328212943522,0,0.0711356993332645,0.0719617031329337,0.9885078830607352,14.119999885559082,-0.096609099029162,-0.6894426106899885,0.0534782424985373,1,0.10326034
2019-06-13,69.69999694824219,13.65999984741211,11914.0498046875,0.0045181622072021,0.0045181622072021,0.0010771554505162,-0.0100838897449067,-0.0169253110269498,69.62526443481445,70.9851326751709,-0.0191570852812127,0,0.0699123209215501,0.0725431543792115,0.9637209437454608,13.65999984741211,-0.1204121003034501,-0.817579972188712,0.0563130617405251,4,0.038101625
2019-06-14,69.80000305175781,13.899999618530272,11823.2998046875,0.0014348078607504,0.0014348078607504,0.0063437490993991,-0.0017519047162855,-0.0133229282164488,69.64279647827148,70.99185768127441,-0.0190030412932661,0,0.0663533583867647,0.0724802268916774,0.9154557839636088,13.899999618530272,-0.0646029650287107,-0.7527884873996635,0.0605568250971004,3,0.05200838
2019-06-17,69.77050018310547,14.649999618530272,11672.150390625,-0.0004226771828429,-0.0004226771828429,0.0061359716621551,-0.011987150697538,-0.0084487699667815,69.6496565246582,70.99521018981933,-0.0189527386645315,0,0.0550838821717755,0.071687501490405,0.7683782060802052,14.649999618530272,-0.0220293680767891,-0.547342025664917,0.0401085892302395,2,0.095265515
2019-06-18,70.11250305175781,14.600000381469728,11691.5,0.0049018262411018,0.0049018262411018,0.008472020669439,-0.0027663839586408,-0.0053200919845982,69.66450653076171,71.00034770965576,-0.0188145723505009,0,0.0566987842047461,0.0722721422507286,0.7845069750537166,14.600000381469728,0.0075914846162261,-0.5633393614198102,0.0479071434973559,4,0.023138821
2019-06-19,69.76499938964844,14.729999542236328,11691.4501953125,-0.0049563722158492,-0.0049563722158492,0.0054549790772067,-0.006326786533166,-0.0031706067692154,69.67120651245118,70.99942722320557,-0.0187074848727832,0,0.0588717271067025,0.0715301901206559,0.8230217756394114,14.729999542236328,0.0432011091799731,-0.5290655029588771,0.038584591147774,0,0.027163967
2019-06-20,69.87000274658203,14.0,11831.75,0.0015051008077435,0.0015051008077435,0.0024391076869929,-0.0051968087221135,0.0011448994744809,69.6847006225586,70.99547721862793,-0.0184628183008452,0,0.0592050044869074,0.0713354827914074,0.8299400554976444,14.0,0.0248902017852001,-0.7316927193431889,0.0372222329709932,3,0.056175858
2019-06-21,69.77999877929688,14.609999656677246,11724.099609375,-0.0012881632137843,-0.0012881632137843,-0.0002865941488011,-0.0071356328207629,-0.0009306670523328,69.70209655761718,70.99435222625732,-0.0182022319820842,0,0.0591457359428577,0.0713836725583307,0.8285495166280669,14.609999656677246,0.0510791408368431,-0.5645453261062592,-0.0088052239870648,1,0.06727457
2019-06-24,69.56990051269531,15.220000267028809,11699.650390625,-0.0030108665846508,-0.0030108665846508,-0.002875135908209,-0.00795125891125,-0.0022430930787338,69.71649459838868,70.99327671051026,-0.0179845496824709,0,0.059507717537093,0.0715690114488597,0.8314616182451531,15.220000267028809,0.0389078951085817,-0.3990480006392283,-0.0008069978961007,0,0.07441047
2019-06-25,69.60250091552734,15.010000228881836,11796.4501953125,0.0004685992446702,0.0004685992446702,-0.0072740540421725,-0.0048966871226138,0.0038247486102551,69.72913665771485,70.99258922576904,-0.0177969641878561,0,0.0596095245073592,0.0706276359532321,0.8439852151021383,15.010000228881836,0.0280821805958633,-0.4608182599776961,-0.0040230507707638,2,0.10239081
2019-06-26,69.63749694824219,14.75,11847.5498046875,0.0005027984950902,0.0005027984950902,-0.0018275989754422,0.0040008122181187,0.0099269645914141,69.7386865234375,70.99182670593262,-0.0176518937551216,0,0.0523420145781183,0.0696525182799628,0.7514626090779337,14.75,0.0013578043710269,-0.5365703839725114,-0.0064739466498249,2,0.110566236
2019-06-27,69.60250091552734,14.649999618530272,11841.5498046875,-0.0005025458158103,-0.0005025458158103,-0.003828564770849,-0.0016853170269436,0.0143476165729252,69.73968658447265,70.98846420288086,-0.0175912753210053,0,0.0487113769168885,0.0688788560924476,0.7071933607339459,14.649999618530272,0.0464285441807337,-0.5668443001973311,-0.0073100865817876,2,0.11621635
2019-06-28,69.32499694824219,14.949999809265137,11788.849609375,-0.0039869827037098,-0.0039869827037098,-0.0065205193323918,-0.0078712422434034,0.0001081933872597,69.7409504699707,70.98626419067382,-0.0175430237793347,0,0.0493259021219299,0.0664638812107012,0.7421348120003598,14.949999809265137,0.0232717426815611,-0.4863699255649458,-0.0060913408013952,0,0.034277823
2019-07-01,68.94049835205078,14.600000381469728,11865.599609375,-0.0055463196987728,-0.0055463196987728,-0.0090470470132363,-0.0125260196057346,0.0001523001135721,69.73695648193359,70.98124168395996,-0.01752977508574,0,0.0521727663934757,0.0673702026669848,0.7744075261854123,14.600000381469728,-0.0407358656163883,-0.5877263289971433,-0.0067220367342941,0,0.01563736
2019-07-02,69.1675033569336,14.25,11910.2998046875,0.0032927671007481,0.0032927671007481,-0.006249740352314,-0.0116104595745135,0.0001012685596974,69.73170654296875,70.97437919616699,-0.0175087498794966,0,0.0529909629432519,0.0673600857964156,0.7866702609783591,14.25,-0.0506329258689459,-0.6900196334627198,-0.00104841146415,4,0.07333253
2019-07-03,69.0824966430664,13.699999809265137,11916.75,-0.0012289978637586,-0.0012289978637586,-0.0079698485657558,-0.0070017119901932,0.0023082982286333,69.73013641357421,70.96524166107177,-0.0174043689359417,0,0.0497700733852899,0.0670423449738956,0.7423566560509272,13.699999809265137,-0.0711864536091432,-0.8482774734823879,-0.0142117795321389,1,0.06801719
2019-07-04,69.00749969482422,13.529999732971191,11946.75,-0.0010856143290489,-0.0010856143290489,-0.0085485609407232,-0.0022324962005756,-0.0060494498846758,69.71408645629883,70.95325416564941,-0.0174645648592464,0,0.0460224294111685,0.0654430228418607,0.7032335026588652,13.529999732971191,-0.0764505061244118,-0.8987265978127036,-0.0062304582308774,1,0.07104202
2019-07-05,68.73999786376953,13.06999969482422,11811.150390625,-0.00387641679872,-0.00387641679872,-0.0084385014096634,-0.012710982207978,-0.0090818056489632,69.70086639404298,70.94197914123535,-0.0174947578601027,0,0.0472965788749269,0.0658718201853287,0.7179983905632269,13.06999969482422,-0.1257525176204886,-1.0289533867003462,-0.0027524736147757,0,0.04192597
2019-07-08,68.44000244140625,13.850000381469728,11558.599609375,-0.0043642047088482,-0.0043642047088482,-0.0072598243791146,-0.0132641026650741,-0.014258935034107,69.68246643066406,70.92882915496826,-0.0175720188695218,0,0.0478092988109781,0.0663989349669747,0.7200202656035283,13.850000381469728,-0.0513698616715035,-0.8121801147715383,-0.0262875892205911,0,0.025112638
2019-07-09,68.8499984741211,13.6899995803833,11555.900390625,0.0059905905623813,0.0059905905623813,-0.0045903765121323,-0.0071382614156512,-0.004990205705543,69.65821640014649,70.91432914733886,-0.0177131020245928,0,0.053037258268194,0.067190495221161,0.7893448135604316,13.6899995803833,-0.0392982750608209,-0.8600882551638391,-0.030764826648221,4,0.030812586
2019-07-10,68.76499938964844,13.640000343322754,11498.900390625,-0.0012345546311756,-0.0012345546311756,-0.0045959145781659,-0.0109099680178531,-0.0021071282981174,69.63835632324219,70.89870414733886,-0.0177767399172411,0,0.0520359674806305,0.0667190073739633,0.7799154935485952,13.640000343322754,-0.0043795231224605,-0.8778529882605295,-0.0390034126149719,1,0.06127426
2019-07-11,68.36759948730469,12.470000267028809,11582.900390625,-0.0057791013723701,-0.0057791013723701,-0.0092729081672194,-0.0146843845272598,-0.0070065213871823,69.6037922668457,70.88084762573243,-0.0180169312538399,0,0.0549663089275583,0.067705231736777,0.8118352996110019,12.470000267028809,-0.0783443818819357,-1.2097525554229838,-0.0271539029567791,0,0.02560367
2019-07-12,68.66999816894531,12.0,11552.5,0.0044231285566311,0.0044231285566311,-0.0010183255309804,-0.0147776014977695,-0.0043554885748899,69.57399215698243,70.86372261047363,-0.0182001510219924,0,0.0548535360672539,0.0682019916306143,0.8042687682138526,12.0,-0.0818668492584544,-1.3407903314675182,-0.0303465077462787,4,0.028523272
2019-07-15,68.55030059814453,12.020000457763672,11588.349609375,-0.0017430839375631,-0.0017430839375631,0.001611603635355,-0.0179040458305798,-0.0088158333094316,69.54876220703125,70.84424911499023,-0.0182864089060529,0,0.0543957334940162,0.0680580942224461,0.7992426892463156,12.020000457763672,-0.1321299547510814,-1.330928253568929,-0.0198717954542057,1,0.071169905
2019-07-16,68.74749755859375,11.5600004196167,11662.599609375,0.0028766753570523,0.0028766753570523,-0.0014887569760204,-0.0146623948778775,-0.0115739956133927,69.53105422973633,70.82303661346435,-0.0182424031149548,0,0.0559054057103585,0.067324163582361,0.8303790549571806,11.5600004196167,-0.1555879639192044,-1.454054831007114,-0.0008182537861807,4,0.09998022
2019-07-17,68.8949966430664,11.800000190734863,11687.5,0.002145519323768,0.002145519323768,0.0018904566941293,-0.0173650398387948,-0.0052959353657514,69.52046615600585,70.80737411499024,-0.018174773109005,0,0.0531759057068607,0.0669591956908208,0.7941420295781827,11.800000190734863,-0.1348973684952019,-1.3828833459235716,-0.0003421288970619,3,0.11165826
2019-07-18,68.78600311279297,11.75,11596.900390625,-0.0015820238853935,-0.0015820238853935,0.0061199110196339,-0.0140327712380189,-0.0051228468043146,69.51282623291016,70.79082912445068,-0.0180532267717021,0,0.05112046634322,0.0669417256084135,0.7636448303920738,11.75,-0.0577385927514788,-1.392206123725904,-0.0080870895490285,1,0.058400948
2019-07-19,68.8499984741211,12.520000457763672,11419.25,0.0009303544097944,0.0009303544097944,0.002621236493016,-0.0145986007208341,-0.0083537639133706,69.50182022094727,70.77240512847901,-0.0179531118834401,0,0.0508507099820934,0.0664253709403031,0.7655199171996409,12.520000457763672,0.0433333714803059,-1.1744837170617222,-0.0348638198068755,3,0.06877111
2019-07-22,68.83000183105469,13.010000228881836,11346.2001953125,-0.0002904378142277,-0.0002904378142277,0.0040802334996286,-0.0136141726119382,-0.004785952586582,69.48022018432617,70.75095512390136,-0.0179606754050152,0,0.0508215563126618,0.0659746710489817,0.7703075316192053,13.010000228881836,0.0823627066069474,-1.0376330717108435,-0.0322327024380036,2,0.08446748
2019-07-23,69.16000366210938,13.43000030517578,11331.0498046875,0.0047944475123606,0.0047944475123606,0.0060003071844767,-0.0058918705872108,-0.0093108998598491,69.46322021484374,70.7381551361084,-0.0180232990076082,0,0.053376736783901,0.0639265906028137,0.8349561790234548,13.43000030517578,0.1617646901107192,-0.9214295285328064,-0.0315052649977354,4,0.01703397
2019-07-24,69.0199966430664,12.760000228881836,11271.2998046875,-0.0020243928807029,-0.0020243928807029,0.0018143552665748,-0.0083690135382906,-0.005489896804583,69.4354200744629,70.72210510253906,-0.0181935340613887,0,0.0536365516712624,0.0625291322646941,0.8577712812794871,12.760000228881836,0.0813559341211491,-1.11077403144127,-0.0445176626807339,1,0.099494964
2019-07-25,69.18499755859375,12.640000343322754,11252.150390625,0.002390624797921,0.002390624797921,0.0058005179505273,-0.0064979272587116,-0.0025231120273619,69.42067001342774,70.70153007507324,-0.0181164404827651,0,0.054427406131564,0.0627080407905111,0.8679355551520368,12.640000343322754,0.0757447100700217,-1.1452121692718835,-0.0502550674086998,4,0.1002802
2019-07-26,69.15049743652344,12.130000114440918,11284.2998046875,-0.0004986647869879,-0.0004986647869879,0.0043645456653902,-0.0064940695098366,-0.0130169857409678,69.39134002685547,70.68183258056641,-0.0182577687447473,0,0.0544272301147179,0.0592680344206035,0.9183080279066864,12.130000114440918,-0.0311501860274225,-1.2880351424526224,-0.0470588739811246,2,0.10161434
2019-07-29,68.87000274658203,13.0600004196167,11189.2001953125,-0.0040562931625891,-0.0040562931625891,0.000581155229743,-0.0065632055057983,-0.0127297291651469,69.36260009765626,70.66233261108398,-0.0183935693232953,0,0.0544868126644997,0.0591869625457653,0.9205725340244554,13.0600004196167,0.003843212133376,-1.0269091409452824,-0.0508658125204712,0,0.048925824
2019-07-30,68.94999694824219,13.609999656677246,11085.400390625,0.0011615245893703,0.0011615245893703,-0.0030365341634914,0.0001377796276276,-0.0163462763984968,69.33741607666016,70.64233261108399,-0.0184721609011404,0,0.051217822610894,0.0583844346482808,0.8772362990775845,13.609999656677246,0.0134027808943606,-0.8743784788522477,-0.065753037725423,3,0.055065114
2019-07-31,69.07749938964844,13.59000015258789,11118.0,0.0018492015525679,0.0018492015525679,0.0008331316919558,-0.0013012464367941,-0.0154290794748853,69.3142660522461,70.62519512176513,-0.0185617762507962,0,0.0502882399968963,0.0584854244235933,0.8598275666961466,13.59000015258789,0.0650470147976469,-0.8828206897615712,-0.0665222385397618,3,0.08405314
2019-08-01,69.40499877929688,14.5600004196167,10980.0,0.004741042923414,0.004741042923414,0.0031798977880543,0.0046683624926986,-0.0058270854999119,69.29673599243164,70.60582012176513,-0.0185407396596467,0,0.0527287045692481,0.0592991382691922,0.8891835012236712,14.5600004196167,0.1518987360873143,-0.6116504396452082,-0.0786078419032034,4,0.01766855
2019-08-02,69.29720306396484,15.1899995803833,10997.349609375,-0.0015531405118932,-0.0015531405118932,0.0021215411729478,0.0041981432514117,-0.0048209018526835,69.2801300048828,70.58305614471436,-0.0184594747096272,0,0.0528999505774116,0.0593208368919793,0.8917449854720202,15.1899995803833,0.252267059940042,-0.4370274403397838,-0.0794693444346789,1,0.05638349
2019-08-05,69.65689849853516,16.59000015258789,10862.599609375,0.0051906198037789,0.0051906198037789,0.0114258126988702,0.0133386770913603,0.0033489402550332,69.27436798095704,70.56024063110351,-0.0182237565893397,0,0.0534080911158467,0.0599673159117218,0.8906051521351324,16.59000015258789,0.2702909356472129,-0.0436295252117989,-0.0803097708418736,4,0.013857934
2019-08-06,71.5199966430664,16.1200008392334,10948.25,0.0267467858129002,0.0267467858129002,0.0372733837356571,0.0450028359408234,0.0340041261912105,69.31756790161133,70.54902561187744,-0.0174553468256376,1,0.102696455438971,0.0799222022374032,1.2849391986812828,16.1200008392334,0.1844233097628853,-0.1801447690691923,-0.0528048059455191,4,3.4797674e-06
2019-08-07,71.2300033569336,16.739999771118164,10855.5,-0.0040547161597347,-0.0040547161597347,0.0311607105975773,0.0345679729202474,0.0263645014377058,69.34776794433594,70.53572563171387,-0.0168419290613182,1,0.1038130812785516,0.0802144361852104,1.2941783553835735,16.739999771118164,0.231788048797809,-0.0075360753667505,-0.0606097635795837,0,0.069183394
2019-08-08,71.16510009765625,16.09000015258789,11032.4501953125,-0.0009111786637453,-0.0009111786637453,0.0253598638328109,0.0349029408756036,0.0179530306079376,69.37356994628907,70.51880111694337,-0.0162400828220991,1,0.1037062595293322,0.0789866838656192,1.3129421506492882,16.09000015258789,0.1050823962140703,-0.1965182619054903,-0.0405647652790169,1,0.12384524
2019-08-09,70.47090148925781,15.850000381469728,11109.650390625,-0.0097547619190562,-0.0097547619190562,0.0169371687946711,0.0307646022052257,0.0065833357943696,69.3866879272461,70.49815563201905,-0.0157659118144097,0,0.1081178315154319,0.0814307149272077,1.3277115877036247,15.850000381469728,0.0434496918577118,-0.2696069257865969,-0.0408576422174052,0,0.0011995522
2019-08-13,71.58000183105469,17.780000686645508,10925.849609375,0.0076722480586852,0.0076722480586852,0.027608225085703,0.0423766381200425,0.0166169309486194,69.41868789672851,70.48525562286378,-0.0151317848918929,1,0.1098102391894464,0.0820750342494698,1.3379086866658123,17.780000686645508,0.0717299893377028,0.2772996256599485,-0.0542437040142825,4,0.0025421632
2019-08-14,71.08000183105469,16.360000610351562,11029.400390625,-0.0069851912155592,-0.0069851912155592,-0.0061520530294149,0.0369028466810053,0.0165540592884883,69.44889587402344,70.47227561950683,-0.0145217354837356,1,0.1132800825565629,0.0820964617310979,1.379824420486964,16.360000610351562,0.0148883224952474,-0.1358540145141666,-0.048233720727394,0,0.00909797
2019-08-16,71.72000122070312,16.649999618530273,11047.7998046875,0.0011837856196725,0.0011837856196725,0.0068790936498226,0.0432379907294211,0.0156195322102816,69.50005783081055,70.46047561645508,-0.0136305890251504,1,0.1131482596598016,0.0796623906304346,1.4203294482493989,16.649999618530273,-0.0053763532746977,-0.0574347879434315,-0.0527155029992877,3,0.07382418
2019-08-19,71.13200378417969,16.75,11053.900390625,-0.0081985140339582,-0.0081985140339582,-0.0004650638224515,0.0324698055027543,0.0117343164542278,69.53019790649414,70.44885814666748,-0.0130401012073294,1,0.1177436856633811,0.0808613381860663,1.4561004332134193,16.75,0.041019256752832,-0.0333916697466466,-0.0542117312834224,0,0.0044854223
2019-08-20,71.99500274658203,16.6299991607666,11017.0,0.0121323583828842,0.0121323583828842,0.0216273841417586,0.0466519275517005,0.0254354813821522,69.58289794921875,70.43803314208985,-0.0121402480268876,1,0.1236857096577904,0.0844337426371723,1.464867491682719,16.6299991607666,0.0492112782665148,-0.0732126827242966,-0.050004774645973,4,0.004055214
2019-08-21,71.80999755859375,17.020000457763672,10918.7001953125,-0.0025696948528426,-0.0025696948528426,0.0032131282712439,0.0429919992748473,0.0224246733758846,69.63219787597656,70.42975814819336,-0.0113241943915046,1,0.1244630798608424,0.084601023188176,1.4711596149894115,17.020000457763672,-0.0427446681401237,0.0352066195588215,-0.0438338599021389,0,0.08425304
2019-08-22,71.43779754638672,17.850000381469727,10741.349609375,-0.0051831224740445,-0.0051831224740445,0.0050337043629016,0.0378874857759403,0.016452348729697,69.67048385620117,70.41764965057374,-0.0106104903824558,1,0.1263821571707549,0.0852372202246642,1.4826935245438817,17.850000381469727,0.0910757772328803,0.2722226799359021,-0.0533086474348817,0,0.015033836
2019-08-23,71.92040252685547,17.350000381469727,10829.349609375,0.0067555971354713,0.0067555971354713,0.0027942178296351,0.0399132261217394,0.0255662903002604,69.72116195678711,70.41114517211913,-0.009799346589881,1,0.1272933742265293,0.0861893019408599,1.476887438146725,17.350000381469727,0.0420420888274617,0.1201603213790558,-0.0442765854850407,4,0.015070086
2019-08-26,71.50250244140625,16.65999984741211,11057.849609375,-0.0058105915813412,-0.0058105915813412,0.005208607061748,0.035967921168962,0.022267535254522,69.7572120666504,70.40255519866943,-0.0091664731514067,1,0.1291432385298082,0.0869948775954603,1.4844753808949134,16.65999984741211,-0.005373143438083,-0.0877826166044002,-0.0189374960307355,0,0.010467992
2019-08-27,72.16000366210938,16.010000228881836,11105.349609375,0.0091954994336307,0.0091954994336307,0.0022918384503454,0.043000740167636,0.0403691324555717,69.80441207885742,70.39725421905517,-0.0084213815833356,1,0.132205376412063,0.0872025502286833,1.5160549778692098,16.010000228881836,-0.0372819580981977,-0.284444687114784,-0.0130464645559936,4,0.015443966
2019-08-28,71.53500366210938,16.84000015258789,11046.099609375,-0.008661307764431,-0.008661307764431,-0.0038294653367728,0.034482849928517,0.0260327367990247,69.8397021484375,70.38930423736572,-0.0078080341165877,1,0.1365480422602962,0.0884381593134573,1.543977162608763,16.84000015258789,-0.0105758108304676,-0.0440241865163339,-0.0211089920894826,0,0.011152462
2019-08-29,72.08499908447266,16.43000030517578,10948.2998046875,0.0076884796841718,0.0076884796841718,0.0090596513374545,0.0466820997484305,0.031627893874385,69.8791520690918,70.3817762374878,-0.0071413964703022,1,0.1372365745124007,0.0896432712293062,1.5309017813459094,16.43000030517578,-0.0795518233023716,-0.1707430799696088,-0.0215297238783805,4,0.011970202
2019-08-30,71.6801986694336,16.280000686645508,11023.25,-0.0056155985320149,-0.0056155985320149,-0.0033398569666261,0.0395968359975542,0.0267162667449987,69.9174560546875,70.37192722320556,-0.0064581316222385,1,0.1394123412771623,0.090366793655744,1.542721534269757,16.280000686645508,-0.0616714507952984,-0.2201382468641448,-0.0056065084196291,0,0.032157116
2019-09-03,71.96209716796875,18.059999465942383,10797.900390625,0.0032371526203387,0.0032371526203387,0.006427673310303,0.0417588622027129,0.0283237170042056,69.95929794311523,70.3613877105713,-0.0057146366855361,1,0.1395845979985698,0.0904728460646771,1.5428171131222252,18.059999465942383,0.0840335913176939,0.3068568511581461,-0.0287911143528512,4,0.073069766
2019-09-04,72.45999908447266,17.239999771118164,10844.650390625,0.0069189467247146,0.0069189467247146,0.0041573642896142,0.044017006828146,0.0415468249770496,70.01289794921875,70.35713771820069,-0.0048927483429003,1,0.1404813271853434,0.0906556830399421,1.5495970343791343,17.239999771118164,0.0768269534448491,0.05675211663028,-0.0123269225295993,4,0.006841016
2019-09-05,71.95570373535156,17.270000457763672,10847.900390625,-0.006959637806967,-0.006959637806967,0.0058810379772864,0.0383637514046963,0.0403950761534039,70.06061401367188,70.35239124298096,-0.004147367618271,1,0.1430918956711311,0.0909858638552262,1.5726654333180647,17.270000457763672,0.0255344596959341,0.0615739642430564,-0.0135895669464393,0,0.01561908
2019-09-06,72.22000122070312,16.270000457763672,10946.2001953125,0.00367305816817,0.00367305816817,0.0018728187271288,0.0367961074554858,0.0372711126851437,70.11296401977539,70.34919124603272,-0.003357923837833,1,0.1426342134488034,0.0912289310222025,1.563458525624563,16.270000457763672,-0.009738274159478,-0.2436091095337047,0.0076961858987556,4,0.058766354
2019-09-09,71.66999816894531,15.850000381469728,11003.0498046875,-0.0076156610698054,-0.0076156610698054,-0.0001423056949845,0.0020973368696801,0.0333044627777727,70.15361404418945,70.34139122009277,-0.0026695118286156,1,0.1104455037799035,0.0922444665159926,1.1973000728524212,15.850000381469728,-0.0264127940441986,-0.3746801929178661,0.0050053483147991,0,0.007419619
2019-09-11,71.85900115966797,15.369999885559082,11035.7001953125,-0.0032388615123986,-0.0032388615123986,-0.0014326431879846,0.0088305176623741,0.0362535135151786,70.19874404907226,70.33618621826172,-0.0019540748024488,1,0.1101653562988538,0.0925076735964996,1.1908651590808494,15.369999885559082,-0.148947932443526,-0.524215020138675,0.0165998982370687,0,0.041229002
2019-09-12,71.56009674072266,14.899999618530272,10982.7998046875,-0.0041595960717734,-0.0041595960717734,-0.0124192983041706,0.0055504262977832,0.0292936668677072,70.24344604492188,70.33163669586182,-0.0012539257592042,1,0.110845672016279,0.0927932905192787,1.1945311656135775,14.899999618530272,-0.1357308691214747,-0.671042460565732,-0.0045003956279898,0,0.025848541
2019-09-13,71.28500366210938,14.119999885559082,11075.900390625,-0.0038442245209645,-0.0038442245209645,-0.0093210133238218,0.0115523167101199,0.0273613200409428,70.29033615112304,70.32216171264649,-0.0004525680204982,1,0.106623757695055,0.093040252826276,1.1459836841851196,14.119999885559082,-0.1823972489119719,-0.9124629005920872,-0.0030378993769669,0,0.032662615
2019-09-16,71.02069854736328,14.949999809265137,11003.5,-0.0037077239414744,-0.0037077239414744,-0.0166062400037185,-0.0078136807681493,0.018948373844289,70.32740005493164,70.31451519012451,0.000183246158667,1,0.1028622581395076,0.0929037495704894,1.1071797579246812,14.949999809265137,-0.0811309533718335,-0.6651354481373283,0.0071070345466197,0,0.026176995
2019-09-17,71.74909973144531,16.020000457763672,10817.599609375,0.0102561816340944,0.0102561816340944,0.001103691426272,0.0094133073038034,0.0279240199780823,70.38073211669922,70.31126068115235,0.0009880556097823,1,0.1075322575510949,0.0951215284583783,1.1304604628770625,16.020000457763672,0.0107255566058339,-0.3435674818701484,-0.0192032906367267,4,0.007794448
2019-09-18,71.70999908447266,15.350000381469728,10840.650390625,-0.000544963590052,-0.000544963590052,-0.0020735339037657,-0.0001394609043534,0.0277982656893267,70.43478210449219,70.31035217285157,0.0017697241984326,1,0.1074155219269811,0.0951245759177011,1.1291970733497874,15.350000381469728,-0.0013012039192104,-0.5548113203091573,-0.0187502867290016,2,0.09852382
2019-09-19,71.5425033569336,15.550000190734863,10704.7998046875,-0.0023357374100891,-0.0023357374100891,-0.0002458546674805,0.0057709547168023,0.0203957959412766,70.49083221435546,70.30918968200683,0.0025834820906081,1,0.1038425827720696,0.0947396941934291,1.0960715841922948,15.550000190734863,0.0436242005936848,-0.4989077927442917,-0.0315816656203613,0,0.090821624
2019-09-20,71.71749877929688,15.399999618530272,11274.2001953125,0.0024460343733041,0.0024460343733041,0.0060671262533353,-0.0038544892936799,0.0279868043679527,70.55638214111327,70.3093271636963,0.0035138293507173,1,0.094568500286907,0.0943267465452298,1.0025523109635792,15.399999618530272,0.0906515398969853,-0.5506074739499691,0.0233457561325678,4,0.10040815
2019-09-23,71.19159698486328,16.790000915527344,11600.2001953125,-0.0073329634103944,-0.0073329634103944,0.0024063187351788,-0.008611622263681,0.018915044888071,70.60321411132813,70.30821014404297,0.0041958679744622,1,0.097295042759558,0.0954416409351281,1.0194085348674389,16.790000915527344,0.1230769986446342,-0.1237212453378557,0.0624158542509092,0,0.008235956
2019-09-24,70.78959655761719,16.729999542236328,11588.2001953125,-0.0056467398439111,-0.0056467398439111,-0.0133730343296224,-0.0090736418399326,0.014468297448865,70.6437060546875,70.30568313598633,0.004807903196778,1,0.097576658641989,0.096069487141966,1.0156777751922634,16.729999542236328,0.0443195420839437,-0.1463612993239169,0.0788402404478458,0,0.029919382
2019-09-25,71.28500366210938,16.170000076293945,11440.2001953125,0.0069983038268761,0.0069983038268761,-0.0059265852431911,-0.0088347512308323,0.0246529481395634,70.7020541381836,70.30875816345215,0.0055938404404345,1,0.0978145526004711,0.0969222527218862,1.0091959344486958,16.170000076293945,0.0534201742310123,-0.3248769953314832,0.0564069503683475,4,0.020498741
2019-09-26,71.30999755859375,16.34000015258789,11571.2001953125,0.000350619277553,0.000350619277553,-0.0032498974376091,-0.0026922817557364,0.0245321162401721,70.75485412597656,70.31125816345215,0.0063090317839737,1,0.0960853314198306,0.09692047113295,0.9913730187610086,16.34000015258789,0.0508038554445633,-0.2755984772096088,0.0464240882334188,2,0.08742155
2019-09-27,71.21499633789062,16.110000610351562,11512.400390625,-0.0013322286349128,-0.0013322286349128,-0.007006692229363,-0.01309599883952,0.0226530168196728,70.80814804077148,70.31293315887451,0.0070430127097387,1,0.089500910153114,0.0969549973229225,0.9231085505213416,16.110000610351562,0.0461039616499063,-0.3510976985407877,0.0366535764805073,1,0.069977045
2019-09-30,70.49870300292969,15.869999885559082,11474.4501953125,-0.0100581811668201,-0.0100581811668201,-0.0097328057141479,-0.0144866234169021,0.012876004103502,70.8431721496582,70.31242668151856,0.0075483878624138,1,0.0911380980364252,0.0990255537851267,0.9203399952116048,15.869999885559082,-0.0547945789042481,-0.4274625094305289,0.0387784467898471,0,0.0014868517
2019-10-01,70.92250061035156,16.760000228881836,11359.900390625,0.0060114241733533,0.0060114241733533,0.0018774517612372,-0.0161267737932384,0.0230436888919312,70.88372222900391,70.31743919372559,0.0080532374581816,1,0.0892920367946898,0.0994616906333685,0.8977440307122901,16.760000228881836,0.0017932269854381,-0.1498365547120985,0.0375949319328352,4,0.017036483
2019-10-03,71.1416015625,17.700000762939453,11314.0,0.0005851348702075,0.0005851348702075,-0.0020116727536285,-0.0075138897063808,0.0319275790437296,70.93083419799805,70.32434719085694,0.008624139879964,1,0.0878885363671113,0.0988192426580476,0.8893778643231647,17.700000762939453,0.0946197080659614,0.141513349280008,0.0263760687637493,2,0.09800193
2019-10-04,71.0199966430664,17.579999923706055,11174.75,-0.001709336264053,-0.001709336264053,-0.0040667637842654,-0.0130916213114712,0.0267827114790186,70.97423416137696,70.3270221710205,0.0092028920090285,1,0.0867049049008146,0.0986735521070003,0.878695702685267,17.579999923706055,0.0758873781847411,0.0992913646924604,0.0349002672503062,1,0.08658419
2019-10-07,70.81500244140625,17.829999923706055,11126.400390625,-0.0028864293346902,-0.0028864293346902,-0.0056167087980534,-0.0227021344721339,0.0250787953899713,71.01393417358399,70.32794719696045,0.0097541163074525,1,0.0819258999106031,0.0988160677031037,0.8290662920372197,17.829999923706055,0.106765937193652,0.1742590286892028,0.0259805516869007,0,0.061839543
2019-10-09,71.20999908447266,17.15999984741211,11313.2998046875,-0.0021020393020728,-0.0021020393020728,0.0100894917387828,-0.0103633848627422,0.0319168119318722,71.05493408203125,70.3296471786499,0.0103126765521657,1,0.0795240321114614,0.098883098814019,0.8042145609379526,17.15999984741211,0.0812854424168498,-0.0409575478294012,0.0429022573312627,0,0.09655283
2019-10-10,71.41000366210938,17.229999542236328,11234.5498046875,0.0028086586182856,0.0028086586182856,0.0068737431359922,-0.0112156957200597,0.0388420989426174,71.10273422241211,70.33294719696045,0.0109448993129201,1,0.0789041047937125,0.0987211442083477,0.799254366144942,17.229999542236328,0.028042918074939,-0.022895776729966,0.0263424388582331,4,0.08751432
2019-10-11,70.9800033569336,17.139999389648438,11305.0498046875,-0.0060215695718265,-0.0060215695718265,-0.0022715008098944,-0.0096273870467419,0.0371128115856209,71.1386343383789,70.33102222442626,0.011483014015857,1,0.0774737497658631,0.0990813092047689,0.7819130416687363,17.139999389648438,-0.0316384943024158,-0.0534900291597279,0.02744693565518,0,0.010758567
2019-10-14,70.91400146484375,17.43000030517578,11341.150390625,-0.0009298660040623,-0.0009298660040623,-0.0014924694907459,-0.0131507490999557,0.0299782576102518,71.17390441894531,70.32194221496582,0.0121151688526341,1,0.0771249439434454,0.0983680164928254,0.7840369528251874,17.43000030517578,-0.0085324015461458,0.0385525839371233,0.0276783701900711,1,0.0762302
2019-10-15,71.45249938964844,16.850000381469727,11428.2998046875,0.0075936756307801,0.0075936756307801,0.0090022866096723,-0.0015035942651679,0.0390823823726314,71.22555435180664,70.31610469818115,0.0129337320024927,1,0.0818566442568484,0.0995059510339592,0.8226223736763153,16.850000381469727,-0.0549635191491706,-0.1457515558904736,0.0405634271699879,4,0.014905485
2019-10-16,71.76000213623047,16.360000610351562,11464.0,0.0043035967839997,0.0043035967839997,0.0077236772760713,0.0066633716731303,0.0496200345538784,71.2817544555664,70.31415470123291,0.0137610948811779,1,0.0825791729412889,0.0991222632755357,0.8330957861197658,16.360000610351562,-0.0466200025742538,-0.3003063200368444,0.0350400053889523,4,0.030295819
2019-10-17,71.62000274658203,15.880000114440918,11586.349609375,-0.0019509390395873,-0.0019509390395873,0.0029407516272692,0.0084384441645428,0.04295914746319,71.33260452270508,70.31451972961426,0.0144790122581472,1,0.0818478525048715,0.0988567266361251,0.8279358153372933,15.880000114440918,-0.078351681001855,-0.4511521634601162,0.0529694742013904,0,0.102185406
2019-10-18,71.42250061035156,15.93000030517578,11661.849609375,-0.0027576393277909,-0.0027576393277909,0.0062341114749291,-0.0045519612415514,0.0418991599912075,71.37295455932617,70.31208221435547,0.0150880518903777,1,0.0731061178206758,0.0989573402138029,0.7387565076650191,15.93000030517578,-0.070595048282407,-0.4337885241731754,0.0780441161150331,0,0.07505893
2019-10-22,71.1050033569336,16.809999465942383,11588.349609375,0.0010559563413448,0.0010559563413448,0.0026934299030429,-0.0084366996968775,0.0342922416387669,71.40911056518554,70.30965724945068,0.0156373015990409,1,0.0733563339317401,0.0988206957831697,0.7423100094608315,16.809999465942383,-0.0355709023739541,-0.1546918937630064,0.0689718044404983,3,0.055065155
2019-10-23,71.07499694824219,16.540000915527344,11604.099609375,-0.000422001368044,-0.000422001368044,-0.0052832643312815,-0.0065346666213085,0.0316423602786426,71.43747253417969,70.31218223571777,0.0160042010172496,1,0.0730897047826673,0.0987408048871238,0.7402103381259785,16.540000915527344,-0.0183975940014395,-0.2383281967910674,0.0840090259598977,2,0.09750952
2019-10-24,70.71499633789062,16.239999771118164,11582.599609375,-0.0050650809118391,-0.0050650809118391,-0.0145625106916243,-0.0139784914207806,0.0280433974617562,71.42137252807618,70.31232971191406,0.0157730915858729,1,0.0738715513296409,0.0992243813911033,0.7444824126044055,16.239999771118164,-0.0073350143494169,-0.3301953022924734,0.0273544383388477,0,0.028958317
2019-10-25,71.19000244140625,15.31999969482422,11583.900390625,0.0067171905269702,0.0067171905269702,-0.0060039135532747,-2.2397916672245444e-05,0.0339869864799591,71.42057250976562,70.3167797088623,0.0156974310466639,1,0.0744418755828071,0.1001088778421331,0.7436017023234924,15.31999969482422,-0.0352645097972919,-0.616759455093568,-0.0014051313264478,4,0.013279935
2019-10-29,70.73500061035156,16.420000076293945,11786.849609375,-0.0013412567873388,-0.0013412567873388,-0.0096258181122876,-0.0007712425260283,0.0276768666078601,71.41197052001954,70.31975471496582,0.0155321333170301,1,0.0719333585814047,0.1001485153087336,0.7182596776395148,16.420000076293945,0.0307595581752098,-0.2633730346838329,0.0171423871450593,1,0.07170434
2019-10-30,70.88459777832031,16.65999984741211,11844.099609375,0.0021148959733925,0.0021148959733925,-0.0030997196850816,-0.0056169721991876,0.0249362930146255,71.42024444580078,70.32297771453858,0.0156032461497339,1,0.0678119823803703,0.0997812604965056,0.6795995805561562,16.65999984741211,-0.0089232375547767,-0.183400890733657,0.0353052750097846,3,0.09847395
2019-10-31,70.98999786376953,16.280000686645508,11877.4501953125,0.0014869250690938,0.0014869250690938,-0.0011959069732293,-0.0044874450396844,0.0285424705377905,71.40844436645507,70.32717769622803,0.0153748053831688,1,0.0680504615766281,0.0997298817966945,0.6823409193889595,16.280000686645508,-0.0157194809244389,-0.3022433969363252,0.0264665717324692,3,0.04520281
2019-11-01,70.97000122070312,15.729999542236328,11890.599609375,-0.0002816825421628,-0.0002816825421628,0.0036060934174986,-0.0034402180690297,0.0258004441005816,71.40624435424805,70.3320777130127,0.0152727841429403,1,0.0679246304082631,0.0996255535614976,0.6817924336440534,15.729999542236328,-0.0314039554230067,-0.4720147239879261,0.032851465021837,2,0.08757265
2019-11-04,70.51210021972656,15.93000030517578,11941.2998046875,-0.0064520359743629,-0.0064520359743629,-0.0095224357133242,0.0001900349400232,0.0196904264420223,71.38208633422852,70.33502571105957,0.0148867596561397,1,0.0621940336441243,0.1004730041291104,0.6190062213923927,15.93000030517578,0.0398172730093229,-0.4048770882438846,0.0406860112187088,0,0.019640686
2019-11-05,71.0,15.920000076293944,11917.2001953125,0.0069193766566739,0.0069193766566739,0.0037463686627812,0.0010927334623214,0.030927793937451,71.37944625854492,70.3414757156372,0.0147561667188191,1,0.0633617293084997,0.101076416266093,0.6268633652219189,15.920000076293944,-0.0304506697732521,-0.4044104541977898,0.0490585115647161,4,0.018430892
2019-11-06,70.8949966430664,15.779999732971191,11966.0498046875,-0.0014789205201914,-0.0014789205201914,0.0001467013296543,-0.003466395386347,0.0282088438130643,71.3574461364746,70.34615070343017,0.0143759882087639,1,0.0635572389465714,0.101107553442614,0.6286039784225034,15.779999732971191,-0.0528211358043687,-0.4468664555537057,0.0576321199122769,1,0.060287964
2019-11-07,71.0,15.210000038146973,12012.0498046875,0.0014811109655912,0.0014811109655912,0.000140895006782,-0.0002815635597239,0.0278310683990923,71.34124618530274,70.34965068817138,0.0140952440762875,1,0.0634489277314759,0.1010845495488821,0.6276755482324782,15.210000038146973,-0.065724852786785,-0.6246467205600349,0.0749278332568961,3,0.042988237
2019-11-08,71.37650299072266,15.859999656677246,11908.150390625,0.0053028590242627,0.0053028590242627,0.0057277971400251,0.0079291185477399,0.028405795635773,71.34002029418946,70.3589081954956,0.0139443906089018,1,0.0648647090386454,0.1011953991860235,0.6409784296712814,15.859999656677246,0.0082644703257528,-0.4130567612455029,0.0702608186434397,4,0.034940712
2019-11-11,71.37650299072266,16.25,11913.4501953125,0.0,0.0,0.0122589281598828,0.002338209638965,0.0300055389658153,71.3291423034668,70.36674072265625,0.0136769384360682,1,0.0641981762370436,0.1011388893010828,0.6347463565629622,16.25,0.0200878649525355,-0.2832002328797166,0.053048217671765,2,0.06838043
2019-11-13,71.77999877929688,16.459999084472656,11840.4501953125,0.0028781581152472,0.0028781581152472,0.0109858982999559,0.0051812785073952,0.030479397253186,71.3346922302246,70.37399070739747,0.0136513719510602,1,0.0642284337966878,0.1007747424546248,0.6373402193053282,16.459999084472656,0.0339195355270638,-0.2128663989473711,0.0539318798846923,4,0.06501057
2019-11-14,72.1415023803711,15.649999618530272,11872.099609375,0.0050362720426582,0.0050362720426582,0.0175824218397306,0.016363749908502,0.0086899575849594,71.33432220458984,70.38194572448731,0.0135315452038031,1,0.0611564926456493,0.0856678911441631,0.7138704823753993,15.649999618530272,-0.0082382836907971,-0.4682106238995611,0.0501589833290587,4,0.014743209
2019-11-15,71.95580291748047,15.029999732971191,11895.4501953125,-0.002574100299596,-0.002574100299596,0.01346201292226,0.0146910543914688,0.0101895202350319,71.34273818969727,70.38812473297119,0.0135621379365846,1,0.0621196978474979,0.0854508160967869,0.7269558528415374,15.029999732971191,-0.0118343395611003,-0.6616593774487546,0.0488750951707424,0,0.103321895
2019-11-18,71.70580291748047,15.760000228881836,11884.5,-0.0034743549493388,-0.0034743549493388,0.0046135620681866,0.0035450618242296,0.0075978649518126,71.33515426635742,70.39480373382568,0.0133582378620922,1,0.0592503621282924,0.0856889554384512,0.6914504952782982,15.760000228881836,-0.0063051342976107,-0.4237471731814851,0.0399184658356077,0,0.052586377
2019-11-19,71.93509674072266,15.40999984741211,11940.099609375,0.0031977024719471,0.0031977024719471,0.0078260173389639,0.0024400027770314,0.0207773026954682,71.3402522277832,70.39905422210694,0.0133694694634221,1,0.058485943775637,0.0837475194929193,0.6983519724259948,15.40999984741211,-0.0516923170823316,-0.5307868322945052,0.041529972904309,4,0.054719232
2019-11-20,71.85099792480469,15.15999984741211,11999.099609375,-0.0011690929703075,-0.0011690929703075,0.0009891215758601,0.0032252885976562,0.0037859190670268,71.33803024291993,70.40284671783448,0.0132833197616786,1,0.058135636743429,0.0822873268803677,0.7064870431494819,15.15999984741211,-0.0789793019057264,-0.605194275811418,0.0356238171568745,1,0.05253259
2019-11-21,71.76820373535156,14.979999542236328,11968.400390625,-0.0011523039602007,-0.0011523039602007,-0.0051745338356178,0.0048402551303263,0.0096820749376542,71.3241943359375,70.40486274719238,0.0130577853982363,1,0.0572502622723807,0.0811491483336539,0.7054856146040881,14.979999542236328,-0.0428115075159896,-0.6573378933873142,0.0262866347550532,1,0.049991466
2019-11-22,71.7405014038086,14.869999885559082,11914.400390625,-0.0003859972815415,-0.0003859972815415,-0.002992135518504,0.0089374589251465,0.0002858363462987,71.31989028930664,70.40841426849366,0.0129455553044723,1,0.0573261362846004,0.08110898903913,0.7067703616251811,14.869999885559082,-0.0106453659517451,-0.6872058178093593,0.0281360842778013,2,0.09680953
2019-11-25,71.78260040283203,15.0,12073.75,0.0005868233173682,0.0005868233173682,0.0010710079551015,0.0099557296513868,0.009146327729306,71.31114227294921,70.41117725372314,0.0127815647220765,1,0.0572192720221661,0.0794402883321443,0.720271199315552,15.0,-0.0482233640764202,-0.6409634110850666,0.0404727989619777,2,0.10484334
2019-11-26,71.67949676513672,14.84000015258789,12037.7001953125,-0.0014363318842827,-0.0014363318842827,-0.0035532026391401,0.0136392629172674,-0.00438233168149,71.31133224487304,70.41207473754883,0.0127713536446136,1,0.0539918742964602,0.0755690113192365,0.7144616409858405,14.84000015258789,-0.0369889487649762,-0.6866863647470001,0.0392917480777925,1,0.065790564
2019-11-27,71.42839813232422,14.619999885559082,12100.7001953125,-0.0035030747165433,-0.0035030747165433,-0.0058816134039326,0.0033487242975469,-0.0053140153076619,71.30272018432618,70.41306571960449,0.0126347923589127,1,0.0513271538798704,0.0757108927374461,0.6779272320910383,14.619999885559082,-0.0356200506126791,-0.7519521845649416,0.0446136264349918,0,0.0431733
2019-11-28,71.22810363769531,13.989999771118164,12151.150390625,-0.0028041297280368,-0.0028041297280368,-0.0075256181643879,0.0069711320151113,-0.0029353355771536,71.29608032226562,70.41341972351074,0.0125354030839688,1,0.0521507801226732,0.0752243217412468,0.6932609780262123,13.989999771118164,-0.0660881042303669,-0.9479685662810532,0.0309073919938915,0,0.06862284
2019-11-29,71.54740142822266,13.899999618530272,12056.0498046875,0.004482750125589,0.004482750125589,-0.0026916451907553,0.0093504607584167,-0.0051863043799501,71.30132827758788,70.41620674133301,0.0125698553957369,1,0.0538607897583622,0.0745068556267667,0.7228873963058062,13.899999618530272,-0.065232029219504,-0.9702088605735348,0.0178950027695423,4,0.029117847
2019-12-02,71.7229995727539,14.199999809265137,12048.2001953125,0.0024542910158298,0.0024542910158298,-0.0008302963356531,0.0103254223276778,0.0030837680335502,71.3153742980957,70.41994674682617,0.0127155386028445,1,0.0542285054092026,0.0738135841332579,0.7346584153519528,14.199999809265137,-0.0533333460489908,-0.8673581023012626,0.0143759811400756,4,0.10579505
2019-12-03,71.625,14.5600004196167,11994.2001953125,-0.0013663618830456,-0.0013663618830456,-0.0007602838691136,0.0092292344375188,-0.0074141301962031,71.3128923034668,70.4226212310791,0.0126418337861413,1,0.0545204225257222,0.0714010211254323,0.7635697374720788,14.5600004196167,-0.0188679063404432,-0.7465481355573484,0.0087128142684929,1,0.05128167
2019-12-04,71.95999908447266,13.31999969482422,12043.2001953125,0.0046771250886235,0.0046771250886235,0.0074424313865142,0.0205340482021414,0.0059410833942319,71.31789230346679,70.42432121276856,0.0126883876949064,1,0.0506151502858805,0.0699836035378515,0.7232326501428997,13.31999969482422,-0.0889193023878842,-1.1341472660347287,0.0085334421119718,4,0.021731343
2019-12-05,71.4801025390625,14.3100004196167,12018.400390625,-0.0066689348459665,-0.0066689348459665,0.0035379139482498,0.0067620075924295,-0.0083914344606054,71.31664428710937,70.42612171173096,0.0126447765933144,1,0.0519267292062313,0.0694296351211403,0.7478936223992655,14.3100004196167,0.0228735277865526,-0.8121343670136147,0.008491943883959,0,0.021507332
2019-12-06,71.38500213623047,13.640000343322754,11921.5,-0.0013304458087488,-0.0013304458087488,-0.0022698139799683,0.0069117076855378,-0.0041182437923265,71.30999435424805,70.42704673767089,0.0125370529857085,1,0.0518689571439027,0.0686117483754261,0.7559667608720925,13.640000343322754,-0.018704984341216,-1.0182741049012891,-0.0037230168196398,1,0.068369456
2019-12-09,71.28679656982422,14.600000381469728,11937.5,-0.0013757170759599,-0.0013757170759599,-0.0060817730090501,0.0040393883073832,-0.0093841150372298,71.31189834594727,70.42622222900391,0.0125759424389315,1,0.0519250042360942,0.0682925983367383,0.76032022767442,14.600000381469728,0.0281690547589728,-0.7067384269838628,-0.0062062517138755,1,0.057609934
2019-12-10,70.96019744873047,14.289999961853027,11856.7998046875,-0.0045814812392902,-0.0045814812392902,-0.009281711012489,-0.0058325292575106,-0.0206983391483864,71.31531036376953,70.42259822845459,0.0126765009779805,1,0.0506364927665783,0.0672364503666468,0.7530995373925813,14.289999961853027,-0.0185439869493341,-0.7991306233603606,-0.0043122218189255,0,0.023897398
2019-12-11,71.01000213623047,13.380000114440918,11910.150390625,0.0007018679385155,0.0007018679385155,-0.0132017365248573,-0.0051347549842813,-0.0131428302417737,71.30981033325196,70.41879825592041,0.0126530429288693,1,0.0507654668873747,0.0659570884008202,0.7696624950510766,13.380000114440918,0.0045045361104634,-1.0803770995711266,-0.0002769814481449,3,0.09880797
2019-12-12,70.72930145263672,13.350000381469728,11971.7998046875,-0.003952973879021,-0.003952973879021,-0.0105036375124879,-0.0146377451174212,-0.0206410930887532,71.2981964111328,70.41474227905273,0.0125464370597134,1,0.0507705258917466,0.0658382744274553,0.7711282715864055,13.350000381469728,-0.0670859545769799,-1.081301670394038,0.0110932952048563,0,0.03819492
2019-12-13,70.55989837646484,13.300000190734863,12086.7001953125,-0.0023950904744239,-0.0023950904744239,-0.0115585029778524,-0.0219236355179731,-0.0154890445213026,71.2850944519043,70.40964176177978,0.0124337046492364,1,0.0465474296966856,0.0643407247312062,0.7234408137354427,13.300000190734863,-0.0249266967763921,-1.0885939853643924,0.0180760432441147,0,0.11215488
2019-12-16,70.68900299072266,13.420000076293944,12053.9501953125,0.0018297165561236,0.0018297165561236,-0.0083857545557687,-0.0176052503814124,-0.0162818596148535,71.28890045166015,70.407336769104,0.0125209065277838,1,0.0472266069966821,0.064220673875798,0.7353686714553153,13.420000076293944,-0.0808219365989495,-1.0425085673672414,0.0133244221443975,3,0.06937341
2019-12-17,70.92050170898438,12.520000457763672,12165.0,0.00327489013096,0.00327489013096,-0.0005594085300393,-0.0109517106920875,-0.0089378726534659,71.28886047363281,70.40578926086425,0.0125425937559855,1,0.0482611349701182,0.0641210345865794,0.7526450974501534,12.520000457763672,-0.1238628067749717,-1.3172573371755711,0.023602170894863,4,0.07317786
2019-12-18,71.21499633789062,12.34000015258789,12221.650390625,0.0041524611615788,0.0041524611615788,0.0028868355934827,-0.0100104182166809,-0.0009820764624013,71.29032836914062,70.40753875732422,0.012538282510615,1,0.0492901596371737,0.0642539088524258,0.7671034091788748,12.34000015258789,-0.0777279486515523,-1.3622760748396276,0.0235802707231131,4,0.033943206
2019-12-19,70.98989868164062,12.119999885559082,12259.7001953125,-0.0031608181959595,-0.0031608181959595,0.0036844309734687,-0.0119845133405835,-0.0004336744970498,71.2897264099121,70.40743824005126,0.0125311784083481,1,0.0501197771944529,0.0641363909154857,0.7814439670690079,12.119999885559082,-0.0921348659748302,-1.4189249231166652,0.0217183450776499,0,0.0799823
2019-12-20,71.22270202636719,12.329999923706056,12271.7998046875,0.0032793869134901,0.0032793869134901,0.0093934892928277,-0.007600882850516,-0.0073366454359485,71.29788040161132,70.40695175170899,0.0126539869677102,1,0.0517933710313508,0.061028309041545,0.8486638935415944,12.329999923706056,-0.0729323498585011,-1.3412991883447412,0.0253500387821381,4,0.06512831
2019-12-23,71.02400207519531,11.960000038146973,12262.75,-0.0027898401144387,-0.0027898401144387,0.0047390551613328,-0.009987375535338,-0.0095662671598873,71.29416046142578,70.40357177734376,0.012649765652495,1,0.0524745569436009,0.0612525659403016,0.8566775850199989,11.960000038146973,-0.1087928487218133,-1.4443133065825302,0.0292376953899504,0,0.08365442
2019-12-24,71.21070098876953,11.630000114440918,12214.5498046875,0.002628673520489,0.002628673520489,0.0040918954715798,-0.007967103599662,-0.0046378355885684,71.29017440795899,70.40162528991699,0.0126211449577038,1,0.0534614285067838,0.061347886937303,0.8714327378330435,11.630000114440918,-0.0710862868036769,-1.532811063837924,0.011661646521379,4,0.099687204
2019-12-26,71.54000091552734,11.119999885559082,12126.5498046875,0.001119533054571,0.001119533054571,0.0045637098132349,-0.001946105314696,-0.0024749589262135,71.30137435913086,70.40282527923584,0.0127629690474939,1,0.0535554232087395,0.0611809387211861,0.8753469459802236,11.119999885559082,-0.0988654985367204,-1.6744713982173836,0.0073809455239297,3,0.063622646
2019-12-27,71.30030059814453,10.529999732971191,12245.7998046875,-0.0033505774995145,-0.0033505774995145,0.0043724800608031,-0.0017933698294952,0.001526916348068,71.30910034179688,70.40340179443359,0.0128644145634861,1,0.0534413265851927,0.0597762030473291,0.8940084825126415,10.529999732971191,-0.1311881326403614,-1.836470652372999,0.0119910093658222,0,0.06476115
2019-12-30,71.31300354003906,11.010000228881836,12255.849609375,0.000178161126783,0.000178161126783,0.0012678754259904,0.0011919438818082,0.007393840449364,71.30631042480469,70.40481182098388,0.0128045027108802,1,0.052635403747251,0.0586894325558151,0.8968310754430767,11.010000228881836,-0.1070559369823146,-1.672574659352226,0.0086164038287912,2,0.050157655
2019-12-31,71.31099700927734,11.670000076293944,12168.4501953125,-2.8136954862589825e-05,-2.8136954862589825e-05,0.0040408161423821,-0.0033041649902894,0.0003646397675896,71.29733032226562,70.40591682434082,0.0126610594411948,1,0.0499321168882941,0.0569558396235848,0.8766658616995684,11.670000076293944,-0.0242474883719114,-1.4564653201719586,0.0093231524791228,2,0.05141995
2020-01-02,71.0250015258789,11.489999771118164,12282.2001953125,-0.0035187409644473,-0.0035187409644473,-0.0026077465930283,-0.0097318579958018,-0.0039965789156095,71.28543029785156,70.40634181976318,0.0124859274799249,1,0.0500386546187629,0.0573610569872414,0.8723301995584394,11.489999771118164,-0.0120378625920145,-1.499644621041495,0.0194219880319586,0,0.054948755
2020-01-03,71.41500091552734,12.699999809265137,12226.650390625,0.0054910155757805,0.0054910155757805,-0.001747274229806,-0.0029319243905432,0.0028084615308798,71.28528030395508,70.40746681213379,0.0124676192961683,1,0.0541881418577389,0.0583995082564548,0.9278710661178132,12.699999809265137,0.1420863255365596,-1.1246693388887314,0.0193802163985343,4,0.029159417
2020-01-06,71.73100280761719,14.779999732971191,11993.0498046875,0.0044248671573023,0.0044248671573023,0.006040678732901,-0.0031822718144652,0.0174797514308353,71.29780029296874,70.41204181671142,0.012579644807958,1,0.0539038455391574,0.0554015211284971,0.972949325070176,14.779999732971191,0.4036087471771286,-0.4916150606340822,-0.0041642080021654,4,0.029430145
2020-01-07,71.78700256347656,14.609999656677246,12052.9501953125,0.0007806911052055,0.0007806911052055,0.0066467404247161,0.0042935028562158,0.0121893890610904,71.31204040527344,70.41647682189941,0.0127180970107199,1,0.0487227597527636,0.0541433333813046,0.8998681248809511,14.609999656677246,0.3269754180705428,-0.5434092380471447,0.0028747423587627,3,0.09619768
2020-01-08,72.16000366210938,15.640000343322754,12025.349609375,0.0051959419576403,0.0051959419576403,0.0119056904045469,0.0108566435902026,0.0143151415942566,71.34094055175781,70.42356433868409,0.0130265518607073,1,0.0515308913948,0.0550838501919595,0.9354821010718068,15.640000343322754,0.3401885382240348,-0.2316445277301493,0.0087111193536886,4,0.022382636
2020-01-09,71.41190338134766,14.0,12215.900390625,-0.0103672428325352,-0.0103672428325352,0.0054474036910479,0.0017549787273847,0.0055182590369708,71.34537857055665,70.42879886627198,0.0130142742605201,1,0.063423994098052,0.0588853461768577,1.077057725870204,14.0,0.2184508510775689,-0.7293555582332161,0.0233214986910994,0,0.0003773474
2020-01-10,71.19429779052734,14.079999923706056,12256.7998046875,-0.0030471893412261,-0.0030471893412261,-0.0030904308922582,0.0032990373507064,0.0053561439814244,71.35456451416016,70.43233283996582,0.0130938680717818,1,0.0622552419803275,0.0589187856164391,1.0566101238996657,14.079999923706056,0.1086614279658615,-0.704588566410872,0.0337359158110996,0,0.05431298
2020-01-13,70.9530029296875,14.279999732971191,12329.5498046875,-0.0033892441997223,-0.0033892441997223,-0.0108460755806841,-0.0008026926465037,-0.0036089897217986,71.3559326171875,70.43716335296631,0.0130438140959363,1,0.0632960838448936,0.0591652838268454,1.069799888567185,14.279999732971191,-0.0338294999346042,-0.641222206221085,0.035213611945037,0,0.056153156
2020-01-14,70.71890258789062,13.90999984741211,12362.2998046875,-0.0032993718677257,-0.0032993718677257,-0.0148787376188536,-0.0001470234334642,-0.0096779308048887,71.35051071166993,70.44180736541747,0.0129000572279263,1,0.0628432218033526,0.059258688313029,1.0604716898171005,13.90999984741211,-0.0479123768456225,-0.7505968308425327,0.0326183202501517,0,0.05118192
2020-01-15,70.84510040283203,14.119999885559082,12343.2998046875,0.0017844990564519,0.0017844990564519,-0.0182220508944872,0.004041984653174,-0.0019005768909756,71.3480126953125,70.44680786132812,0.0127926993620259,1,0.0626229560696252,0.0581182980708655,1.0774898897310905,14.119999885559082,-0.0971867279026379,-0.6840978335405791,0.0212299143048584,3,0.06693744
2020-01-16,70.71800231933594,14.18000030517578,12355.5,-0.001794027854762,-0.001794027854762,-0.0097168823285133,0.0004102381896244,-0.0027638991096134,71.35213073730469,70.45176635742187,0.012779869497026,1,0.0625882987683007,0.0582033250256632,1.0753204120261606,14.18000030517578,0.0128571646554127,-0.6630630772884835,0.0250166791633803,1,0.10396923
2020-01-17,70.94560241699219,14.130000114440918,12352.349609375,0.0032184180858008,0.0032184180858008,-0.003493192309683,0.0003539273891604,-0.0070941811271291,71.35104278564454,70.45980785369873,0.0126488413621046,1,0.0625500432796301,0.0565288336293595,1.1064961501521895,14.130000114440918,0.0035511499293887,-0.6763675392342077,0.0154007077168105,4,0.078109995
2020-01-20,71.03469848632812,15.40999984741211,12224.5498046875,0.0012558363915533,0.0012558363915533,0.0011514037921915,-0.002531739954139,-0.0101073526799151,71.35383682250976,70.47021633148194,0.0125389212212916,1,0.0608393293236213,0.0559042950305766,1.088257011976167,15.40999984741211,0.0791316621548565,-0.2881958065746938,0.0002372358863025,3,0.048883718
2020-01-21,71.03099822998047,15.859999656677246,12169.849609375,-5.209082922152941e-05,-5.209082922152941e-05,0.0044131855935118,0.000578949246345,-0.0082240225357945,71.35445678710937,70.48228134155273,0.0123743929531754,1,0.0599155768897223,0.0557746636805614,1.0742243648210266,15.859999656677246,0.1401869037135845,-0.1513686167597071,-0.0073289382697836,2,0.057701983
2020-01-22,71.16999816894531,16.360000610351562,12106.900390625,0.0019568912507015,0.0019568912507015,0.0045860301455693,-0.0007399867727899,-0.0035353346529238,71.35032669067382,70.49154384613037,0.0121827782126322,1,0.0591435124512567,0.0556407742924684,1.062933617831491,16.360000610351562,0.1586402792455679,0.0004565305412018,-0.0134372640270348,3,0.09868542
2020-01-23,71.0781021118164,15.859999656677246,12180.349609375,-0.0012912190458507,-0.0012912190458507,0.0050920526693385,0.0007617148434386,-0.0003783312544427,71.3443586730957,70.50228435516357,0.0119439295568082,1,0.058532247143942,0.0556622510824276,1.051542013909066,15.859999656677246,0.118476679502486,-0.1504913487517021,-0.006719568663228,1,0.05263247
2020-01-24,71.32099914550781,15.5600004196167,12248.25,0.0034173258215208,0.0034173258215208,0.0052913318898777,0.0015488986234761,0.003461163669761,71.33517868041992,70.51308685302735,0.0116587127876854,1,0.0590569261120834,0.0560751267978538,1.0531562981333384,15.5600004196167,0.1012031347200284,-0.2403595519170324,0.0027590206639926,4,0.043078527
2020-01-27,71.32499694824219,17.18000030517578,12119.0,5.6053655757448695e-05,5.6053655757448695e-05,0.0040867135090316,-0.0030053671307472,0.0086261845710471,71.31884857177734,70.52509483337403,0.0112549120320741,1,0.0589034083632162,0.0551034049698176,1.0689419184451665,17.18000030517578,0.1148605110506162,0.2480332953168967,-0.0006225847260019,2,0.047442857
2020-01-28,71.44000244140625,17.299999237060547,12055.7998046875,0.0016124149749003,0.0016124149749003,0.0057581087358722,0.0019593443798939,0.0035117290550139,71.30853256225586,70.5351573562622,0.0109643932895402,1,0.0579681138876275,0.0535474020873589,1.0825367635257963,17.299999237060547,0.0907944269580764,0.2819202554419633,-0.0155155239372173,3,0.06822892
2020-01-29,71.23040008544922,16.5,12129.5,-0.0029339634489646,-0.0029339634489646,0.0008486991437111,-0.0011583224726113,0.007003597523475,71.29902450561524,70.54445934295654,0.0106963065517353,1,0.0589254353947614,0.0538097283548619,1.0950499500056905,16.5,0.0085574195859048,0.0384787337365595,-0.0103093309237696,0,0.06746253
2020-01-30,71.30000305175781,16.799999237060547,12035.7998046875,0.0009771525391559,0.0009771525391559,0.0031219311341814,-0.0001541691741892,0.0058603037395601,71.28632263183594,70.55380935668946,0.0103823348707257,1,0.0590275994078291,0.0536780704941833,1.099639000161625,16.799999237060547,0.0592685750776513,0.1275499210998607,-0.0109011738139093,3,0.063964404
2020-01-31,71.63999938964844,17.3700008392334,11962.099609375,0.0047685318841266,0.0047685318841266,0.0044727394170376,0.0086588926512791,0.0091562409556098,71.28210266113281,70.56603286743164,0.0101475138193811,1,0.0597394268614596,0.0544416478773936,1.097290987682937,17.3700008392334,0.1163239312856834,0.2985796031389482,-0.0260621534291279,4,0.014011851
2020-02-03,71.49649810791016,15.779999732971191,11707.900390625,-0.0020030888185492,-0.0020030888185492,0.0024045028672405,0.0011411775024579,0.0074185836008333,71.27666854858398,70.57896434783936,0.0098854411819657,1,0.0573112360747678,0.0545940738670101,1.0497510492315492,15.779999732971191,-0.0814901366318844,-0.1828656004497329,-0.0424278100237298,0,0.10667199
2020-02-04,71.31410217285156,14.380000114440918,11979.650390625,-0.0025511170460866,-0.0025511170460866,-0.0017623217280535,-0.0058120006475268,0.0113739620664514,71.26814056396485,70.59128486633301,0.0095883748101976,1,0.0556895208039258,0.0532520366490569,1.0457529618625427,14.380000114440918,-0.1687860838955601,-0.604108336544424,-0.001117264939337,0,0.07603945
2020-02-05,71.0999984741211,14.170000076293944,12089.150390625,-0.0030022631177705,-0.0030022631177705,-0.0018307016550755,-0.0095700344745275,0.0014084292129732,71.25448852539063,70.60193286895752,0.00924274492094,1,0.056326999009898,0.051759163417234,1.088230702748195,14.170000076293944,-0.1412121165882458,-0.6645506258719329,0.0030034302578116,0,0.06974106
2020-02-06,71.18000030517578,13.779999732971191,12137.9501953125,0.0011252015860985,0.0011252015860985,-0.0016830679024644,-0.0135809770953239,0.0040200814670219,71.2444985961914,70.61203285217285,0.0089569117113883,1,0.0528414779889585,0.0517318337523758,1.0214301857479784,13.779999732971191,-0.1797618834069516,-0.7780576060102063,0.0093636018573395,3,0.053691544
2020-02-07,71.47000122070312,13.75,12098.349609375,0.0040741909846024,0.0040741909846024,-0.0023729504521726,0.0008135595972735,0.0066197355028609,71.24533065795899,70.62162036895752,0.0088317187533071,1,0.0419160705605266,0.0522950818155621,0.8015145514793299,13.75,-0.2084053347341785,-0.7813441662085086,-0.0096227684813322,4,0.0592457
2020-02-10,71.5155029296875,14.210000038146973,12031.5,0.0006366546552007,0.0006366546552007,0.0002658147221232,0.0045116694612989,0.001947418732225,71.25107864379883,70.63288887023926,0.0087521519146025,1,0.0404106790772414,0.0511998780830158,0.7892575399140738,14.210000038146973,-0.0994930114950392,-0.6378723789889984,-0.0183816174105524,3,0.10784886
2020-02-11,71.27999877929688,13.880000114440918,12107.900390625,-0.0032930503281528,-0.0032930503281528,-0.0004782138807837,0.0046086259369941,-0.001352044543823,71.24573059082032,70.64358787536621,0.008523671200229,1,0.0403037349217522,0.0516073524609747,0.7809537216331247,13.880000114440918,-0.0347705143269005,-0.7319663012746636,-0.0179770889913783,0,0.065822236
2020-02-12,71.27529907226562,13.619999885559082,12201.2001953125,-6.593304028812419e-05,-6.593304028812419e-05,0.0024655499564931,0.007867719435882,-0.0070312025022883,71.23677658081054,70.65281436920166,0.0082652363790822,1,0.0382481114626372,0.0512496702577358,0.7462948537119676,13.619999885559082,-0.0388144098640478,-0.8049048249863493,-0.0130315242244744,2,0.059598647
2020-02-13,71.29620361328125,13.369999885559082,12174.650390625,0.0002932929259886,0.0002932929259886,0.0016325275022093,0.0063674581288502,-0.011717232649702,71.23020065307617,70.6634903717041,0.0080198455863282,1,0.0379034825945957,0.0501635117057302,0.7555836049385096,13.369999885559082,-0.0297532551057391,-0.8739768070821909,-0.013663235660731,2,0.059153438
2020-02-14,71.26850128173828,13.619999885559082,12113.4501953125,-0.0003885526877872,-0.0003885526877872,-0.0028193638662828,0.0077844246775593,-0.0095517193593183,71.21637069702149,70.67078289031983,0.0077201324845714,1,0.03722948626385,0.049938304168041,0.7454946936900912,13.619999885559082,-0.0094545537775213,-0.7924943340389322,-0.0195904499767309,2,0.10624037
2020-02-17,71.51480102539062,14.420000076293944,12045.7998046875,0.0034559411131527,0.0034559411131527,-9.814715245193284e-06,0.0080230287573412,-0.0026636880743061,71.21706466674804,70.68135189056396,0.0075792661268494,1,0.0374666450611236,0.0500120720868013,0.7491370455327677,14.420000076293944,0.014778327767996,-0.5472985936651266,-0.024817125031406,4,0.044290468
2020-02-18,71.34919738769531,14.510000228881836,11992.5,-0.0023156554352505,-0.0023156554352505,0.0009707997977481,0.0044273982725178,-0.0081448330449754,71.21634857177735,70.69129787445068,0.0074273738510102,1,0.0384484303772326,0.0497560766180834,0.7727228565365349,14.510000228881836,0.0453890568621435,-0.5162102991659039,-0.0189822781529771,0,0.110309675
2020-02-19,71.57499694824219,14.020000457763672,12125.900390625,0.0031647105898042,0.0031647105898042,0.0042047929630248,0.0076586100690909,-0.0038412963568209,71.2221125793457,70.6988603591919,0.0074011408033365,1,0.0397611873765567,0.0501566376980584,0.7927244822795125,14.020000457763672,0.0293686178829339,-0.6593976647629047,-0.0036113197911783,4,0.06631878
2020-02-20,71.82749938964844,13.699999809265137,12080.849609375,0.0035278023356235,0.0035278023356235,0.0074519504467447,0.0092384605538744,0.0008262106505483,71.23945861816406,70.70920783996581,0.0074990343463945,1,0.0409087953189851,0.0506301489593439,0.8079768316503,13.699999809265137,0.0246821186634778,-0.7523381152645086,-0.0021517300390256,4,0.045935333
2020-02-24,71.88680267333984,17.0,11829.400390625,-0.0030952424784708,-0.0030952424784708,0.0086756614841287,0.011377633019115,0.0020393120576027,71.25699462890626,70.71816284179687,0.0076194256956987,1,0.0423242253685206,0.0509963036684964,0.8299306497387708,17.0,0.2481644745110931,0.2367852603527906,-0.0288127377296198,0,0.071331054
2020-02-25,72.04669952392578,16.899999618530273,11797.900390625,0.0022242865816766,0.0022242865816766,0.0074376002017584,0.0101751291640965,0.0036791523239847,71.28334259033203,70.72759632110596,0.0078575591160054,1,0.0414289794501875,0.0511871531952361,0.8093470239524707,16.899999618530273,0.1719833237943857,0.2054225029546304,-0.0367684860592329,3,0.10258838
2020-02-26,71.87000274658203,18.26000022888184,11678.5,-0.0024525311847917,-0.0024525311847917,0.007299386369503,0.0076411611869444,0.0026577471947035,71.30954467773438,70.73788734436035,0.0080813458647859,1,0.0425111688119449,0.0513394201756992,0.8280253388355904,18.26000022888184,0.2584424494036679,0.6100977936699431,-0.0363478834887367,0,0.09441328
2020-02-27,71.66339874267578,17.770000457763672,11633.2998046875,-0.0028746903577386,-0.0028746903577386,0.0012350932337101,0.0031270477832465,0.0032900165269871,71.32903259277344,70.74803985595703,0.0082121389935228,1,0.0434364385974665,0.0511834089327179,0.8486263591431493,17.770000457763672,0.2674750269300749,0.4602000461701765,-0.0350453729196569,0,0.08288688
2020-02-28,71.93000030517578,23.239999771118164,11201.75,0.0037201914391096,0.0037201914391096,0.0014270427955636,0.0098216522564427,0.0098542096677274,71.34922256469727,70.76056785583496,0.008318965303693,1,0.0439532977385999,0.0514206343635264,0.8547627527330455,23.239999771118164,0.6963503718738191,2.073448006566452,-0.0764870769611277,4,0.04864835
2020-03-02,72.1500015258789,25.200000762939453,11132.75,0.0030585460832717,0.0030585460832717,0.0036612958533579,0.0119214367144426,0.0084223897112571,71.36792266845703,70.77547786712647,0.0083707637049488,1,0.0449480892483294,0.0509988772669337,0.8813372042656253,25.200000762939453,0.482352986055262,2.608942347363399,-0.0750303111834574,4,0.06949242
2020-03-03,72.82499694824219,24.540000915527344,11303.2998046875,0.0093554457115454,0.0093554457115454,0.0108026797821314,0.0165410045880733,0.015364630342467,71.40462463378907,70.79260135650635,0.0086453000109518,1,0.0527250378227446,0.0541062689043028,0.9744538745061608,24.540000915527344,0.4520710928667755,2.377948017508558,-0.0550739273372361,4,0.004525089
2020-03-04,73.34200286865234,24.229999542236328,11251.0,0.0070992920298726,0.0070992920298726,0.0204814257105383,0.0258125196279788,0.0239721168398232,71.44701065063477,70.80976135253906,0.0089994555259556,1,0.056366099435995,0.0557731472572273,1.0106133792783536,24.229999542236328,0.3269440984952312,2.255170256139198,-0.0390249639457864,4,0.038185738
2020-03-05,74.0425033569336,23.25,11269.0,0.0095511502397305,0.0095511502397305,0.0331983223793299,0.0382589291732078,0.0289397484568658,71.50738067626953,70.82992385864257,0.0095645566269275,1,0.0619805676929257,0.0581394613547716,1.066048776509045,23.25,0.3083848846971824,1.9511850670309476,-0.0593214632691734,4,0.0027787697
2020-03-06,73.8551025390625,25.63999938964844,10989.4501953125,-0.0025309897609444,-0.0025309897609444,0.0267635510318244,0.0387497063863397,0.033226029561193,71.56026870727538,70.84714935302735,0.0100656040611402,1,0.0615588064371299,0.056679829168142,1.0860604430206464,25.63999938964844,0.1032702083548602,2.5888380237695428,-0.0909658793032557,0,0.111079894
2020-03-09,73.99530029296875,30.799999237060547,10451.4501953125,0.001898281216685,0.001898281216685,0.0255758659468352,0.039551840063539,0.0365664786527122,71.60937469482423,70.86751335144044,0.0104682852311299,1,0.0615368753413367,0.0566434805405072,1.086370194485778,30.799999237060547,0.2222221549436129,3.903281039095941,-0.1389443829363628,3,0.109675966
2020-03-11,74.20500183105469,31.559999465942383,10458.400390625,-0.0027013467154156,-0.0027013467154156,0.0189496044029124,0.0382678125596462,0.0409361256452607,71.66746871948243,70.88545337677002,0.0110320990479646,1,0.0626654886887158,0.0568802670387462,1.1016893953158513,31.559999465942383,0.2860634999395306,3.96414266122881,-0.135551481954134,0,0.08057577
2020-03-12,74.76000213623047,41.15999984741211,9590.150390625,0.0074792842999906,0.0074792842999906,0.0193340679571787,0.045367774449309,0.0535483950738073,71.73640869140625,70.90771839141846,0.0116868842882988,1,0.0660794509020695,0.0576572775899885,1.146053154274993,41.15999984741211,0.69872062010007,5.988789606720907,-0.2029131537526493,4,0.01105273
2020-03-13,75.30000305175781,51.470001220703125,9955.2001953125,0.0072231260045088,0.0072231260045088,0.0169834843206508,0.0563973673022639,0.0604140372689625,71.81618881225586,70.93317241668701,0.0124485676515593,1,0.0661650921825856,0.0591431640144592,1.118708722747522,51.470001220703125,1.2137634933635757,7.468202267659513,-0.1777930215695621,4,0.0041848035
2020-03-16,73.90399932861328,58.880001068115234,9197.400390625,-0.0185392253196189,-0.0185392253196189,0.0006620637961327,0.0368809431957968,0.0448851863481569,71.87376876831054,70.95151741027831,0.0129983317016222,1,0.09754541172344,0.0700389276901426,1.3927114852971,58.880001068115234,1.2964119527977322,7.839930406869886,-0.2461888795039614,0,0.00021065884
2020-03-17,75.15499877929688,62.93000030517578,8967.0498046875,0.0169273579515101,0.0169273579515101,0.0156725965262192,0.0541234311289022,0.0651233988223078,71.94856872558594,70.97588489532471,0.0137044269570678,1,0.1114286982834052,0.0770892125853319,1.4454324945603658,62.93000030517578,1.0431818787012936,7.529832938438682,-0.2634655191747838,4,0.00016597516
2020-03-18,74.01239776611328,63.959999084472656,8468.7998046875,-0.0152032603518363,-0.0152032603518363,-0.0025955671476151,0.0385008304514198,0.0470143110637277,71.99419662475586,70.99530937194824,0.0140697640681357,1,0.1263865235495234,0.0834434891430914,1.5146179795384047,63.959999084472656,1.0266159748669947,6.901705520696173,-0.3008763260557555,0,0.002476206
2020-03-19,74.98200225830078,72.19999694824219,8263.4501953125,0.0131005685730052,0.0131005685730052,0.0029695039556818,0.0484822887457823,0.0572683561374451,72.05809661865234,71.02049438476563,0.0146098987746456,1,0.1326439324130974,0.0869886218205818,1.5248247967634434,72.19999694824219,0.7541301558770945,7.20167365164102,-0.3139973825484911,4,0.0009345805
2020-03-20,75.15969848632812,67.0999984741211,8745.4501953125,0.0023698517334227,0.0023698517334227,-0.0018632743657825,0.0534063624840432,0.0553914533635759,72.11809051513671,71.04949287414551,0.0150401867453731,1,0.1317850946834943,0.0867739525806774,1.5186997026701856,67.0999984741211,0.3036719814012945,6.01475604813748,-0.2707567066656243,4,0.1431903
2020-03-23,75.62210083007812,71.98999786376953,7610.25,0.0061522644856553,0.0061522644856553,0.0232477473083063,0.05654354249938,0.0652515672576312,72.20229446411133,71.07900337219239,0.0158034164609348,1,0.132504467104273,0.08710004548234,1.5212729809441674,71.98999786376953,0.2226561915392633,6.078156344156597,-0.3723971206390762,4,0.031697255
2020-03-24,76.50599670410156,83.61000061035156,7801.0498046875,0.0116883274111829,0.0116883274111829,0.0179761552358224,0.0651351829620756,0.0741799247630123,72.30852844238281,71.1121583557129,0.0168237065831344,1,0.1364871317295168,0.0896511363030361,1.522408024591541,83.61000061035156,0.3286191038437818,6.669393388018676,-0.3542631473010211,4,0.00027570518
2020-03-25,77.26000213623047,77.62999725341797,8317.849609375,0.0098555076021704,0.0098555076021704,0.0438791941369058,0.0747452837387543,0.0878013048945469,72.43466842651367,71.14938335418701,0.0180645989007157,1,0.1370584825054439,0.0910608660298328,1.5051139239837463,77.62999725341797,0.2137273040121716,5.638516897959072,-0.29684943152596,4,0.0006921255
2020-03-26,75.84549713134766,71.52999877929688,8641.4501953125,-0.0183083738774515,-0.0183083738774515,0.0115160284740367,0.05272687898993,0.0650856694039434,72.53720031738281,71.17871082305908,0.0190856153281668,1,0.1560574549363985,0.0989681134165302,1.5768298770102267,71.52999877929688,-0.0092797534247212,4.7992600944055885,-0.2675433840601603,0,0.0006260368
2020-03-27,74.72560119628906,70.38999938964844,8660.25,-0.0147654900741065,-0.0147654900741065,-0.0057756656663281,0.039732827891715,0.0445289382163021,72.61481033325195,71.20449081420898,0.0198066091466457,1,0.1662129242490963,0.1037577738756873,1.6019168118566522,70.38999938964844,0.049031311331493,4.4847524705351685,-0.2584450057798518,0,0.015097025
2020-03-30,75.46499633789062,71.88999938964844,8281.099609375,0.0098948035179979,0.0098948035179979,-0.0020774944158257,0.0530479667712295,0.0584106336832817,72.70975021362305,71.2360062789917,0.0206881886227523,1,0.1677167055181377,0.105096403177528,1.595821594514896,71.88999938964844,-0.0013890606624316,4.414055885540911,-0.2881555750812654,4,0.0045268736
2020-03-31,75.4000015258789,64.41000366210938,8597.75,-0.0008612577375702,-0.0008612577375702,-0.0144563201039031,0.048241362518852,0.0573106976702386,72.79883819580078,71.26488128662109,0.02152472412057,1,0.1679626332549978,0.1051411734673777,1.5974810840971565,64.41000366210938,-0.2296375649812527,3.669630127439091,-0.2324636775503827,1,0.15536866
2020-04-01,75.32499694824219,60.04999923706055,8253.7998046875,-0.0009947556514435,-0.0009947556514435,-0.0250453680363137,0.0440054796287767,0.0562886526245403,72.88464416503906,71.29470626831055,0.022300924990769,1,0.168238200366921,0.1051885422434832,1.599381428787839,60.04999923706055,-0.2264588256903924,3.2312893167475605,-0.2586018903965776,1,0.14721188
2020-04-03,77.13999938964844,55.29999923706055,8083.7998046875,-0.0055433841287545,-0.0055433841287545,0.0170676217740255,0.0592516666286027,0.0860964129869317,73.00682418823243,71.33368125915527,0.0234551603049706,1,0.1677707353943058,0.1055995424124033,1.5887298640863825,55.29999923706055,-0.2268978025892798,2.7959210607474985,-0.2848283293932332,0,0.028914958
2020-04-07,75.96489715576172,51.79999923706055,8792.2001953125,-0.0034777146726671,-0.0034777146726671,0.0165846234708406,0.0357625124010683,0.0637106515704757,73.10272216796875,71.3658882522583,0.0243370321346134,1,0.1670306005835795,0.1054747992125263,1.583591703790028,51.79999923706055,-0.2641000186643237,2.479599720275527,-0.2185405568116167,0,0.08225078
2020-04-08,76.66000366210938,52.2400016784668,8748.75,0.0091503646075157,0.0091503646075157,0.0158352531929923,0.0353513210183846,0.0687150696570042,73.2143601989746,71.40225578308106,0.0253788118599318,1,0.1667664232377841,0.1065934719082007,1.5644941079252548,52.2400016784668,-0.2733342311588762,2.472250217109671,-0.2236445114917029,4,0.0020210352
2020-04-09,75.95899963378906,49.75,9111.900390625,-0.0091443255261256,-0.0091443255261256,0.0074137678593853,0.0284868211186057,0.0581163291589374,73.30712020874023,71.43355079650878,0.0262281433771736,1,0.1698804599762633,0.1083770913730327,1.567479716832639,49.75,-0.2276044531687155,2.248693023538812,-0.1708502037243282,0,0.011784438
2020-04-13,76.16649627685547,51.459999084472656,8993.849609375,-0.0063079613750587,-0.0063079613750587,0.0111715813170427,0.0293423497883018,0.0555223449475774,73.4039501953125,71.46538326263428,0.0271259572701656,1,0.1712774959598414,0.1087889779036122,1.5743867152137216,51.459999084472656,-0.1430474648080674,2.3419895935495685,-0.1394639555945296,0,0.01737678
2020-04-15,75.93099975585938,49.7400016784668,8925.2998046875,-0.0127292141416489,-0.0127292141416489,-0.0156727980730487,0.02325985960804,0.0632821162934031,73.49377014160156,71.49618576049805,0.0279397335655797,1,0.1766385569463197,0.10982873323853,1.608294509490369,49.7400016784668,-0.1005424527179305,2.1824243225701307,-0.1465903511699345,0,0.029811462
2020-04-16,77.2125015258789,46.09999847412109,8992.7998046875,0.0168771881595124,0.0168771881595124,0.0164234326225578,0.0328049668214214,0.0845321033021313,73.61341217041016,71.53168575286865,0.0291021579546377,1,0.1848459694954934,0.1145108167742787,1.6142086878234985,46.09999847412109,-0.1100386263878816,1.8900447768576447,-0.0622879268422578,4,3.9099534e-05
2020-04-17,77.56999969482422,42.59000015258789,9266.75,0.0046300555205491,0.0046300555205491,0.0118705451244927,0.0301460365347676,0.0932588684328692,73.73881210327148,71.57071075439453,0.0302931370392158,1,0.1837621331026821,0.1145019360206743,1.6048683072153065,42.59000015258789,-0.1847243724315693,1.615443402909328,-0.0691548318271553,4,0.029835591
2020-04-20,76.55999755859375,43.459999084472656,9261.849609375,-0.0130205252056725,-0.0130205252056725,0.0079121358588474,0.0359384912062823,0.0825959504029876,73.8372120666504,71.60416072845459,0.0311860556073582,1,0.1777367368965379,0.1174987078432831,1.512656841101228,43.459999084472656,-0.1264321792065798,1.6624767567152594,0.0070073298989672,0,0.0015134389
2020-04-21,77.20999908447266,45.20000076293945,8981.4501953125,0.0084900933464822,0.0084900933464822,0.0137002863283115,0.0273434946251622,0.0898424682222087,73.95148208618164,71.64131072998048,0.0322463580392646,1,0.1698483270989107,0.1185432504355651,1.4327841837528177,45.20000076293945,-0.1216478513973015,1.7705035091072194,0.0016059228998006,4,0.0068985955
2020-04-22,76.96939849853516,42.81999969482422,9187.2998046875,-0.0031161842868857,-0.0031161842868857,0.0136755573614799,0.039952775773679,0.0883989362562911,74.06458801269531,71.67830821990967,0.0332915194575256,1,0.1615207972699739,0.1186842428424675,1.3609172749839047,42.81999969482422,-0.1391234770834025,1.5829212195669926,0.0848408294646791,0,0.08653799
2020-04-23,76.4000015258789,39.22999954223633,9313.900390625,-0.0073977058904401,-0.0073977058904401,-0.0105229073523499,0.018911195018417,0.0768814263754893,74.17058807373047,71.71229572296143,0.0342799282324737,1,0.1563996381715701,0.1196444543861381,1.3071924794302117,39.22999954223633,-0.1490238429344272,1.3135185448560964,0.1271200491906365,0,0.018084338
2020-04-24,76.42250061035156,39.119998931884766,9154.400390625,0.0002944906285771,0.0002944906285771,-0.01479307836776,0.0168015858160095,0.0758474694597375,74.27543807983399,71.74622074127197,0.0352522726971609,1,0.1560363852153481,0.1196344961958478,1.3042649562794526,39.119998931884766,-0.0814745529061069,1.2954684203630698,0.0467614801044427,2,0.10296798
2020-04-27,76.27149963378906,38.040000915527344,9282.2998046875,-0.0019758706579413,-0.0019758706579413,-0.003768259326078,0.0085874208278096,0.0737776679815362,74.3714680480957,71.77956573486328,0.0361091946809248,1,0.1539423289352466,0.1197299703530073,1.2857352486275917,38.040000915527344,-0.1247123396944976,1.209008216236513,0.2197102335255083,1,0.11431414
2020-04-28,76.1863021850586,35.349998474121094,9380.900390625,-0.0011170286298228,-0.0011170286298228,-0.0132586052525925,-0.0041786857607964,0.0704834079692602,74.46488403320312,71.81387226104736,0.0369150372858211,1,0.1465706880003083,0.1197286934762533,1.224179931851062,35.349998474121094,-0.217920400941555,1.0103816528528498,0.2025176899893908,1,0.09593061
2020-04-29,76.46499633789062,33.84000015258789,9553.349609375,0.0036580611584884,0.0036580611584884,-0.0065532818299747,-0.0102900048713179,0.0757883801905661,74.568583984375,71.85149475097656,0.0378153473746836,1,0.1418112019512968,0.1198564595555005,1.183165423972886,33.84000015258789,-0.2097150772124308,0.8974012419497213,0.1485359868261473,4,0.08323702
2020-04-30,75.25849914550781,33.9900016784668,9859.900390625,-0.0157784247716619,-0.0157784247716619,-0.0149411303347216,-0.007739391368525,0.0552081441255019,74.64824798583984,71.88194972991943,0.0384839068265978,1,0.1384157449317219,0.1240092686036769,1.1161635765348057,33.9900016784668,-0.1335711935996322,0.9029729887960152,0.1410006616682741,0,0.0022013488
2020-05-04,75.60050201416016,43.66999816894531,9293.5,-0.0015781722743857,-0.0015781722743857,-0.0107559761801364,0.0117081803808163,0.0599439922727307,74.73433395385742,71.9145397567749,0.0392103489310986,1,0.1304725641377818,0.1240577474442128,1.0516998343583406,43.66999816894531,0.116308777129134,1.5768633232249305,0.073121445685748,1,0.08853332
2020-05-05,75.8499984741211,43.61000061035156,9205.599609375,0.0033001958097342,0.0033001958097342,-0.0055263258450636,0.0051017313312604,0.0617300655376074,74.82596389770508,71.94875225067139,0.0399897365420516,1,0.1251511706989141,0.1241855107891066,1.0077678316564165,43.61000061035156,0.1464248044366012,1.5586457539285927,0.1116397632692858,4,0.09354697
2020-05-06,76.16999816894531,41.25,9270.900390625,0.0042188490607999,0.0042188490607999,-0.0002140019353306,0.0102121568631816,0.0693467687612376,74.91906784057618,71.98590225219726,0.0407463891763526,1,0.126829109629501,0.124285588735807,1.0204569207309937,41.25,0.1669024548953845,1.381658229676142,0.0782937850745835,4,0.04234092
2020-05-07,76.15129852294922,39.93000030517578,9199.0498046875,-0.0002454988374112,-0.0002454988374112,-0.0041025021900897,0.0109698188939164,0.0680406067818786,75.01510986328125,72.02445873260498,0.0415227158010202,1,0.1268934791519359,0.1242814311181277,1.0210089874354518,39.93000030517578,0.1799645427047127,1.2798025541708224,0.1145230102943826,2,0.08559121
2020-05-08,76.08000183105469,38.40999984741211,9251.5,-0.000936250507574,-0.000936250507574,0.010915746325987,-0.013741218135607,0.0619765840205717,75.1052099609375,72.06060874938964,0.0422505619142947,1,0.1260294709378155,0.1239621220106907,1.0166690616822849,38.40999984741211,0.130038186251266,1.166044010909364,0.1444494202634005,1,0.10080216
2020-05-11,75.5250015258789,38.040000915527344,9239.2001953125,-0.0072949565170651,-0.0072949565170651,-0.0009986770758096,-0.0057907750336425,0.0563454648070804,75.1791600036621,72.0944087600708,0.0427876626862606,1,0.1275648107293918,0.1247867896568136,1.022253948725396,38.040000915527344,-0.128921398888942,1.1335204679937283,0.0508405166022396,0,0.015576552
2020-05-12,76.30999755859375,38.209999084472656,9196.5498046875,0.0103938565621328,0.0103938565621328,0.0060645892383188,-0.0045656938011421,0.0700548030967718,75.26762390136719,72.13412075042724,0.0434399576558419,1,0.1289297163814379,0.1263543140842423,1.02037430966678,38.209999084472656,-0.1238248440793905,1.138728193537755,0.0511844325975139,4,0.01956949
2020-05-13,75.68000030517578,38.84000015258789,9383.5498046875,-0.0082557629874674,-0.0082557629874674,-0.0064329509721493,-0.0036730253157412,0.0644163421848977,75.34028991699219,72.1691707611084,0.0439400802647531,1,0.1282898097196415,0.1273425016719961,1.0074311451720783,38.84000015258789,-0.058424238725142,1.1750422371842533,0.0298125969794393,0,0.008497988
2020-05-14,75.42620086669922,38.18000030517578,9142.75,-0.0033535866471079,-0.0033535866471079,-0.00952180291491,-0.0097194363183698,0.0596544049356331,75.41141387939453,72.20355026245117,0.0444280593583439,1,0.127248833820428,0.1275251126408385,0.9978257094592744,38.18000030517578,-0.0438266963843013,1.1224697508941743,0.0165558016969495,0,0.04577423
2020-05-15,75.48500061035156,38.02000045776367,9136.849609375,0.0007795665561396,0.0007795665561396,-0.0078207308935717,-0.0058737425681452,0.0561774075986079,75.48784591674804,72.23723777770996,0.0449990647350182,1,0.1202208325407166,0.127280795945266,0.9445249546322728,38.02000045776367,-0.0101535899817171,1.1042654571873098,0.0237022631527061,3,0.101824164
2020-05-18,75.81999969482422,40.91999816894531,8823.25,0.0044379556436899,0.0044379556436899,0.0039059670703116,-0.018034668007589,0.0601897013766203,75.56564590454101,72.27186279296875,0.0455749026562064,1,0.1041576317577807,0.1275755315045209,0.8164325407615404,40.91999816894531,0.0757097051551962,1.2942877480658594,-0.0188539507572627,4,0.040333312
2020-05-19,75.60009765625,39.45000076293945,8879.099609375,-0.002900317059606,-0.002900317059606,-0.0093028426818997,-0.0253951533624365,0.0606074488066332,75.63464782714844,72.30593326568604,0.0460365340867829,1,0.1021518215071993,0.1275350296779978,0.8009644158212513,39.45000076293945,0.0324522823391193,1.1856329209042074,-0.0418323997760811,0,0.0617853
2020-05-20,76.0,35.810001373291016,9066.5498046875,0.0052897067086914,0.0052897067086914,0.0042283257602251,-0.0073144929003579,0.0662880547571469,75.6981478881836,72.34168327331543,0.0463973806385877,1,0.0956040555411255,0.1279485248820021,0.747201332941984,35.810001373291016,-0.0780123266579078,0.9318613477700264,-0.0210864797987881,4,0.009353031
2020-05-21,75.77999877929688,32.9900016784668,9106.25,-0.0028947529039884,-0.0028947529039884,0.0046906500464332,-0.0185209211518221,0.062889676290988,75.74690780639648,72.37643325805664,0.0465686743131219,1,0.0898939836910398,0.1281006800354291,0.7017393032330088,32.9900016784668,-0.135935007470532,0.73684250466185,0.0138952843887765,0,0.07021114
2020-05-22,75.625,32.380001068115234,9039.25,-0.0020453784876441,-0.0020453784876441,0.0018546650131343,-0.0174666623977935,0.0611279687367021,75.7785577392578,72.40875823974609,0.0465385622047858,1,0.0896774510484621,0.1281732626390712,0.6996525605221297,32.380001068115234,-0.1483429595408316,0.6930812977448443,-0.0161146155927079,1,0.101014934
2020-05-26,76.11000061035156,31.46999931335449,9029.0498046875,0.001645061512087,0.001645061512087,0.0038248604153863,-0.0037958234258557,0.0642552243601917,75.82365570068359,72.44420825958252,0.0466489664569431,1,0.0871290104745287,0.1280345693668844,0.6805062913795585,31.46999931335449,-0.2309383987891412,0.6292699950100309,-0.0305833833293105,3,0.06420572
2020-05-27,75.81999969482422,31.270000457763672,9314.9501953125,-0.003810286600995,-0.003810286600995,0.0029087533666174,-0.0078838157704268,0.0626608633428009,75.8601496887207,72.47738327026367,0.0466734071488603,1,0.0877067138893843,0.1281850486714388,0.6842141933416677,31.270000457763672,-0.2073510810387696,0.6136800419366276,0.0175379924229575,0,0.02912116
2020-05-28,76.12999725341797,30.020000457763672,9490.099609375,0.0040885987845091,0.0040885987845091,0.0017104901765521,-0.0018552458133183,0.0636395459222949,75.89864959716797,72.51228076934814,0.0467006249409176,1,0.0892535805457512,0.1282881489488981,0.6957219786476558,30.020000457763672,-0.1616866990640729,0.5273722097341111,0.0223866723829111,4,0.04261727
2020-05-29,75.95999908447266,30.21999931335449,9580.2998046875,-0.0022329984904561,-0.0022329984904561,0.0023753009775049,-0.0029703909245554,0.0575336706684763,75.92264953613281,72.54773075103759,0.0465199772640296,1,0.0894201105294542,0.1281822534614361,0.6975958880335036,30.21999931335449,-0.0839649052494696,0.5400313819839203,0.0212558929057358,0,0.097621575
2020-06-01,75.51319885253906,30.739999771118164,9826.150390625,-0.005882046304881,-0.005882046304881,-0.0014783622804751,-0.0124474927213188,0.0504459239295687,75.92691345214844,72.58054676055909,0.0461055591469834,1,0.0897438954326601,0.1285782528694949,0.6979656004359287,30.739999771118164,-0.0506485868714806,0.5741788573691791,0.0285555111457758,0,0.014130508
2020-06-02,75.7300033569336,30.1200008392334,9979.099609375,0.0028710809194814,0.0028710809194814,-0.0049927374900885,0.006265129078832,0.0511238385289896,75.96343353271484,72.61380928039551,0.0461293008246528,1,0.0729946381309948,0.1286306872437643,0.5674701132751677,30.1200008392334,-0.0428979505426366,0.5315232105794987,0.0120892923891338,4,0.09375374
2020-06-03,75.06580352783203,30.040000915527344,10061.5498046875,-0.0087706298647713,-0.0087706298647713,-0.0099471929573704,-0.007072684335191,0.0444664068334403,75.96164962768555,72.64211330413818,0.0456971331443665,1,0.0787211385922775,0.1297338066501903,0.6067850303622591,30.040000915527344,-0.0393348104966511,0.5255221508373021,0.0826437622733631,0,0.010473412
2020-06-04,75.54499816894531,29.690000534057617,10029.099609375,0.0063836609826684,0.0063836609826684,-0.0076842126044657,-0.004021098369301,0.0541643222952252,75.9923016357422,72.67335227966309,0.0456694132301349,1,0.0813047345553928,0.1302530020152548,0.6242014317983932,29.690000534057617,-0.0109926688432381,0.5011995939330032,0.0894564216285647,4,0.007194097
2020-06-05,75.49089813232422,28.68000030517578,10142.150390625,-0.0007161299613788,-0.0007161299613788,-0.0061756313560084,-0.0089155842581858,0.0495050439599706,76.00247955322266,72.70252227783203,0.0453898595537012,1,0.0795463722953535,0.1300447950539641,0.6116796953130609,28.68000030517578,-0.0509595977223655,0.4310587149470638,0.0939768483416165,1,0.09544309
2020-06-08,75.5177001953125,29.64999961853028,10167.4501953125,0.0003550370130886,0.0003550370130886,5.961001310805791e-05,-0.0083202563833599,0.0466763492475557,76.00963958740235,72.72251079559327,0.0452009804921129,1,0.0796111161396384,0.1298956360771125,0.6128805067159534,29.64999961853028,-0.0354586909793017,0.4956846972547846,0.1052717847153668,2,0.09125078
2020-06-09,75.625,30.209999084472656,10046.650390625,0.001420856360959,0.001420856360959,-0.0013865489539025,-0.0059805707164029,0.0384483785663296,76.00969757080078,72.7444857788086,0.0448860385365921,1,0.0799082684282971,0.1285153172063448,0.6217752746524554,30.209999084472656,0.0029879894665219,0.5298825841185898,0.0859482668351079,3,0.051557202
2020-06-10,75.50980377197266,29.440000534057617,10116.150390625,-0.0015232559077995,-0.0015232559077995,0.0059148137137572,-0.0002012281178311,0.0295574271022105,75.9897737121582,72.76620929718018,0.0443002933107707,1,0.0761361775067923,0.1276777636974952,0.5963104223595013,29.440000534057617,-0.0199733809315429,0.473991155188453,0.0949162456461782,1,0.070325986
2020-06-11,75.875,29.65999984741211,9902.0,0.0048364081190064,0.0048364081190064,0.0043682816738797,-0.0057004006357062,0.0247492529288557,75.9620736694336,72.79322978973389,0.0435321236446444,1,0.0684121977050261,0.1265360415006097,0.5406495749681053,29.65999984741211,-0.0010104643349903,0.4851874096893568,0.0767081362352792,4,0.032240957
2020-06-12,76.38999938964844,30.81999969482422,9972.900390625,0.0067874713627471,0.0067874713627471,0.0119100617368232,0.0093815946301483,0.0343225689686803,75.97296371459962,72.81727977752685,0.0433370203709075,1,0.0667208026282135,0.1272734679714214,0.5242277079735679,30.81999969482422,0.0746164353862381,0.5598891012323649,0.062806784021447,4,0.021170009
2020-06-15,75.95680236816406,32.58000183105469,9813.7001953125,-0.005670860386773,-0.005670860386773,0.0058145596557614,0.0070347106889629,0.0265084683409508,75.99758773803711,72.8416637802124,0.0433258082537377,1,0.0687400123596662,0.127649415282694,0.5385020660327263,32.58000183105469,0.0988196374442196,0.6744434125989731,0.0733860376049329,0,0.019825894
2020-06-16,75.97799682617188,32.970001220703125,9914.0,0.0002790330470348,0.0002790330470348,0.004667726627066,0.0065310487094665,0.0238932006113796,76.00784774780273,72.86295375823974,0.0431617691481158,1,0.0687010444011521,0.1275691027719815,0.5385356200892002,32.970001220703125,0.0913605501447716,0.6959497064151839,0.0850567125267764,2,0.09671004
2020-06-17,76.65499877929688,33.349998474121094,9881.150390625,0.0089105001632761,0.0089105001632761,0.0151661764448829,0.0110129133188279,0.0253477339341601,76.03294769287109,72.89056873321533,0.0431109128967985,1,0.0738215065545771,0.1279572558891492,0.5769186680578782,33.349998474121094,0.1328124276200404,0.7165968685774917,0.1198991744113564,4,0.00078859105
2020-06-18,76.55000305175781,31.459999084472656,10091.650390625,-0.0013697179467886,-0.0013697179467886,0.0088962510940073,0.0125648699533034,0.0166002649314742,76.05744781494141,72.9133437347412,0.0431211067707779,1,0.0731714841421928,0.1270495782151912,0.5759240545781616,31.459999084472656,0.0606877695994862,0.5841676294342886,0.1365623581888559,1,0.06612306
2020-06-19,76.40039825439453,29.96999931335449,10244.400390625,-0.0019543408412685,-0.0019543408412685,0.0001361286140748,0.0052683980841385,0.0337789422556287,76.04265579223633,72.93629573822021,0.0425900441278968,1,0.0713250647355812,0.1216706662172395,0.5862093201570315,29.96999931335449,-0.0275795064856043,0.479374384072528,0.1299116655520427,1,0.1018367
2020-06-22,76.2520980834961,30.459999084472656,10311.2001953125,-0.0019410915948976,-0.0019410915948976,0.0038876796564015,0.0062298668752183,0.0145978221278535,76.04839981079101,72.96036724090577,0.0423247947709604,1,0.0709069925163306,0.1166277610834292,0.607971754630987,30.459999084472656,-0.0650706761029485,0.5084109118297913,0.132321229409746,1,0.099605456
2020-06-23,75.78980255126953,29.34000015258789,10471.0,-0.0060627254048846,-0.0060627254048846,-0.0024769575767167,0.0021792072895143,0.0240149601796855,76.03099578857422,72.97971424102784,0.0418099958225242,1,0.0737329371183169,0.1133273415386398,0.6506133957071752,29.34000015258789,-0.1101001193119707,0.4287712992841129,0.1583925657549021,0,0.007958961
2020-06-24,75.60780334472656,29.57999992370605,10305.2998046875,-0.0024013679996045,-0.0024013679996045,-0.0136611499738636,-0.0065983085218461,0.0083460172785196,76.02397186279296,73.00024074554443,0.0414208376077593,1,0.0738501203089133,0.1100445729758721,0.6710866990088299,29.57999992370605,-0.1130434399671856,0.4410983311860228,0.1413493144469559,0,0.086798206
2020-06-25,75.97000122070312,29.729999542236328,10288.900390625,0.0047904827273601,0.0047904827273601,-0.007576770841701,0.0019783899562471,0.0107810801625607,76.02004196166992,73.0192907333374,0.0410953214992337,1,0.0747111955308076,0.1104152829200652,0.6766320469680553,29.729999542236328,-0.0549904511310105,0.4472169085339672,0.1045577458699258,4,0.037550323
2020-06-26,75.53980255126953,28.739999771118164,10383.0,-0.005662744011071,-0.005662744011071,-0.0112642829460054,-0.0077524592597031,-0.0010882834238302,76.01221801757812,73.0393147277832,0.0407027817946388,1,0.07578812327693,0.1100264367864468,0.6888111319363724,28.739999771118164,-0.0410410267072726,0.3762425469834637,0.0940875678209878,0,0.012421844
2020-06-29,75.61979675292969,28.90999984741211,10312.400390625,0.0010589675768064,0.0010589675768064,-0.0082922482981915,-0.0044787037341146,-0.0115834050839097,75.98036392211914,73.05698871612549,0.0400149972968757,1,0.0756206228573307,0.1071621857767664,0.7056585926332704,28.90999984741211,-0.0508863848866849,0.3839262998819091,0.0764172939117515,3,0.06416856
2020-06-30,75.69999694824219,29.1200008392334,10302.099609375,0.0010605714211919,0.0010605714211919,-0.0011849298982747,0.0024737145100672,-0.0201916275544177,75.9429638671875,73.07708770751952,0.0392171643612595,1,0.0728237116855858,0.1049926188185009,0.6936013112518185,29.1200008392334,-0.0074982723998072,0.3944282787318744,0.0484369971788847,3,0.08078832
2020-07-01,75.75,28.1200008392334,10430.0498046875,0.0006605423219765,0.0006605423219765,0.0018807140134082,0.0002640517916281,-0.0012591008689978,75.92676391601563,73.09602722167969,0.0387262728486066,1,0.0721741493764626,0.0990024109101012,0.7290066949511405,28.1200008392334,-0.0493576432805389,0.3230490665454971,0.0451894672830852,3,0.109923385
2020-07-02,75.45490264892578,26.51000022888184,10551.7001953125,-0.0038956746016398,-0.0038956746016398,-0.0067802891075506,0.0051834404323598,0.0097597267999356,75.89166198730469,73.11100173950196,0.0380334037510572,1,0.0664385034084817,0.0950555196790794,0.6989368391856231,26.51000022888184,-0.1083080848615538,0.2106348720383243,0.0487151979704605,0,0.0331224
2020-07-03,74.72100067138672,25.770000457763672,10607.349609375,-0.0097263657068612,-0.0097263657068612,-0.0108393436602787,-0.0109073733209423,-0.0098588180296558,75.84669403076173,73.12482822418212,0.0372221839377873,1,0.0709945074542389,0.0943683163147352,0.7523049888107921,25.770000457763672,-0.1033402692069311,0.1572839540050747,0.0576572197427835,0,0.017658409
2020-07-06,74.6792984008789,25.200000762939453,10763.650390625,-0.0005581064243399,-0.0005581064243399,-0.0124371975651249,-0.0107509613943485,-0.0095583966898546,75.81227996826172,73.13712471008301,0.0365772549684317,1,0.0709909093701062,0.0943706083144319,0.7522485908428646,25.200000762939453,-0.1283292668299601,0.1157338614304807,0.0612789177899086,1,0.110822
2020-07-07,74.60759735107422,25.100000381469727,10799.650390625,-0.0009601194888012,-0.0009601194888012,-0.0144306425522694,-0.0120515169540977,-0.0095240574342261,75.77598190307617,73.15181270599365,0.035872920984602,1,0.0709363050579175,0.0943704667517973,0.7516711088584043,25.100000381469727,-0.138049462290795,0.1063233368851943,0.0621788337457471,1,0.086884074
2020-07-08,75.125,26.100000381469727,10705.75,0.0069349860777727,0.0069349860777727,-0.0082508250825082,-0.0066115702479339,-0.0261213301217478,75.75305191040039,73.16814270019532,0.0353283425656527,1,0.0753203013215135,0.0951620397224273,0.7914869211955474,26.100000381469727,-0.0718350070226648,0.1715425641450967,0.0656039161062116,4,0.011931328
2020-07-09,74.93990325927734,24.90999984741211,10813.4501953125,-0.0024638501260919,-0.0024638501260919,-0.0068252608057107,-0.0075473711256927,-0.0134929939335359,75.72812393188477,73.18504173278808,0.0347486609132772,1,0.0755819950257073,0.095062621755129,0.7950674888065627,24.90999984741211,-0.060354597044725,0.0877550675644457,0.0689293632223688,0,0.0905511
2020-07-10,75.33999633789062,24.940000534057617,10768.0498046875,0.0053388523498494,0.0053388523498494,0.0082840923025933,-0.0070511191052305,-0.01721898331804,75.70562393188476,73.20531669616699,0.0341547219322211,1,0.0760350864194825,0.0937592557114406,0.8109522082948485,24.940000534057617,-0.0322079902585334,0.0870801989081808,0.0874621091383054,4,0.018498767
2020-07-13,75.15850067138672,25.25,10802.7001953125,-0.0024090214404832,-0.0024090214404832,0.0064168019888919,-0.0161212034049131,-0.0105385664142719,75.70362396240235,73.2260057067871,0.0338352233158281,1,0.0717473797877232,0.0922576931434059,0.7776760903842407,25.25,0.0019840966486825,0.1055207938464055,0.0832054640260471,0,0.09513183
2020-07-14,75.44999694824219,26.63999938964844,10607.349609375,0.0038784205944975,0.0038784205944975,0.0112910699054409,-0.0066722848266489,-0.0094070144175846,75.70061386108398,73.24451019287109,0.0335329386700158,1,0.0711416422326435,0.0919547592473414,0.7736507513497619,26.63999938964844,0.0613545412260483,0.1973294962534958,0.0808715773120505,4,0.03584964
2020-07-15,75.57499694824219,26.290000915527344,10618.2001953125,0.001656726375824,0.001656726375824,0.0059899760165349,-0.0053041656106267,-0.0046885041519516,75.69511383056641,73.26383518218994,0.0331852494799167,1,0.0714446024132403,0.0885928407934387,0.8064285482307654,26.290000915527344,0.0072797138421696,0.1702769998093575,0.0710308851434839,3,0.05758076
2020-07-16,75.1249008178711,25.36000061035156,10739.9501953125,-0.0059556222103368,-0.0059556222103368,0.0024686121885384,-0.0199608373334033,-0.0270370816480816,75.67421188354493,73.28174716949462,0.0326474846255606,1,0.0657798842312832,0.0822100385052877,0.8001344518601646,25.36000061035156,0.0180650648613391,0.1035972571434246,0.086912937333927,0,0.017552007
2020-07-17,75.17449951171875,24.15999984741211,10901.7001953125,0.0006602164303404,0.0006602164303404,-0.0021966662359478,-0.0179686934709727,-0.0308817866769349,75.65467590332031,73.29903217315673,0.032137446570901,1,0.0659927751493655,0.0815655624650973,0.809066523768292,24.15999984741211,-0.031275087006528,0.0185715774784866,0.0802693091151893,3,0.10674052
2020-07-20,74.89730072021484,24.709999084472656,11022.2001953125,-0.0036874045494734,-0.0036874045494734,-0.003475321471804,-0.0196739489390453,-0.0217175665020938,75.63102188110352,73.31756069183349,0.0315539847130745,1,0.0666266312960195,0.0778676163081695,0.8556288072763596,24.709999084472656,-0.02138617487237,0.0531567044700119,0.0759243855208247,0,0.033006255
2020-07-21,74.98999786376953,24.43000030517578,11162.25,0.0012376566667064,0.0012376566667064,-0.0060967409288062,-0.0165516785957097,-0.0287527683852748,75.62032180786133,73.33856269836426,0.0311126783174326,1,0.0669324810853287,0.0757840065843264,0.8831889591624251,24.43000030517578,-0.0829579254919729,0.0310961694131335,0.082536444697717,3,0.04895531
2020-07-22,74.7699966430664,24.88999938964844,11132.599609375,-0.0029337408583847,-0.0029337408583847,-0.0106516749941397,-0.013455714012624,-0.0285750168037315,75.58952178955079,73.35598766326905,0.0304478775002592,1,0.0646635137609586,0.075760496110823,0.8535142134253736,24.88999938964844,-0.0532522433292133,0.0596925700894634,0.0631839947832106,0,0.06491287
2020-07-23,74.81999969482422,24.63999938964844,11215.4501953125,0.0006687582453228,0.0006687582453228,-0.0040585893588872,-0.0104196076998881,-0.0206806518258968,75.57232177734375,73.3735376739502,0.0299669904586621,1,0.0644823420965444,0.0745356942800804,0.8651086920254919,24.63999938964844,-0.0283912146441047,0.0395469717032387,0.0883186717392741,3,0.098262616
2020-07-24,74.80729675292969,24.540000915527344,11194.150390625,-0.0001697800313598,-0.0001697800313598,-0.0048846718125714,-0.0153047841133452,-0.0211351872095518,75.55994369506836,73.39149917602539,0.0295462627605149,1,0.0615879195421145,0.0745215361766708,0.8264334884699557,24.540000915527344,0.0157285211305966,0.0294076133362616,0.0879831629845344,2,0.0755793
2020-07-27,74.75980377197266,25.020000457763672,11131.7998046875,-0.0006348709687222,-0.0006348709687222,-0.0018358064565746,-0.0103256661118155,-0.0198199310237071,75.54543975830079,73.4128046798706,0.0290499060447275,1,0.0589156489020635,0.0744618658602005,0.7912084529847944,25.020000457763672,0.0125455841674155,0.0590008639538506,0.0721178661935375,1,0.10109792
2020-07-28,75.0,23.63999938964844,11300.5498046875,0.0032129060793146,0.0032129060793146,0.0001333796041524,-0.008196223469824,-0.0155710692215647,75.5290397644043,73.43319217681885,0.0285408753924096,1,0.0600888651082769,0.0748138561389025,0.8031675553410804,23.63999938964844,-0.0323373272885293,-0.0394476491079626,0.0958214747907602,4,0.07286453
2020-07-29,75.08999633789062,24.11000061035156,11202.849609375,0.0011999511718749,0.0011999511718749,0.0042797874707929,-0.0080581325619951,-0.0179820841672969,75.5188377380371,73.4529341506958,0.0281255420389729,1,0.0601330374956793,0.0744310706351475,0.8078915040593256,24.11000061035156,-0.0313378384260337,-0.0104316333449124,0.0874336333518179,3,0.0615911
2020-07-30,74.8311996459961,24.729999542236328,11102.150390625,-0.0034464869425482,-0.0034464869425482,0.0001496919435652,-0.0121293776106126,-0.0056777573877145,75.49546173095703,73.47199016571045,0.0275407207655977,1,0.0609169200854051,0.0679088901398692,0.897025749267726,24.729999542236328,0.0036526036857653,0.0289628348597161,0.0644388664026744,0,0.041678235
2020-07-31,74.98999786376953,24.190000534057617,11073.4501953125,0.0021220856878503,0.0021220856878503,0.0024422899739748,-0.0061613595516695,-0.0080753981008786,75.47966171264649,73.49286514282227,0.0270338701037602,1,0.0603464849207091,0.0680187282363054,0.8871909148337241,24.190000534057617,-0.0142624437005732,-0.011897953841115,0.0494470076236417,3,0.093085274
2020-08-03,74.91780090332031,25.190000534057617,10891.599609375,-0.0009627545340162,-0.0009627545340162,0.0021133968172197,0.0026338008078758,-0.0122900143645861,75.46551773071289,73.51140415191651,0.026582454808754,1,0.049787278285012,0.0676617769788401,0.7358148823921576,25.190000534057617,0.0067945672735267,0.0540902614324579,0.0267974574674878,1,0.064098954
2020-08-04,75.33000183105469,23.81999969482422,11095.25,0.0055020425421496,0.0055020425421496,0.0044000244140625,0.0087133040094029,-0.011027915952256,75.44991775512695,73.53100414276123,0.0260966599699921,1,0.0530509374553843,0.0680547568230842,0.779521673578534,23.81999969482422,0.0076142263038549,-0.0441592955352607,0.0308073559936337,4,0.023981433
2020-08-05,75.25,23.56999969482422,11101.650390625,-0.0010620181748317,-0.0010620181748317,0.0021308252751723,0.0086104186669204,-0.0118356290756828,75.43851776123047,73.55235412597656,0.0256438241531111,1,0.0530854660328227,0.0680745018446668,0.7798027865288754,23.56999969482422,-0.0223973829057263,-0.0644310490852371,0.0279638681880074,1,0.06506443
2020-08-06,74.8822021484375,23.14999961853028,11200.150390625,-0.0048876790905315,-0.0048876790905315,0.0006815673500182,-0.0032319181572378,-0.015743949182297,75.41356185913087,73.57219512939453,0.0250280248740417,1,0.0505219567693752,0.0686910939778667,0.7354843016672913,23.14999961853028,-0.0638900102285716,-0.0966911583815484,0.0461808271839898,0,0.031574536
2020-08-07,74.8998031616211,22.57999992370605,11214.0498046875,0.0002350493532321,0.0002350493532321,-0.0012027564304281,-0.0005350967363476,-0.0082780317990934,75.39235794067383,73.58943164825439,0.0244997991156818,1,0.049824291552656,0.0672175551644946,0.7412282431648219,22.57999992370605,-0.0665564520383045,-0.139392157813659,0.0370464192407946,2,0.0764211
2020-08-10,75.0248031616211,22.51000022888184,11270.150390625,0.0016688962416933,0.0016688962416933,0.0014282621354417,-0.0041836101883511,-0.0168417564944335,75.38259002685547,73.60575565338135,0.0241398835960797,1,0.0463509135272493,0.0638077784218507,0.7264033989307169,22.51000022888184,-0.1063914350280517,-0.1473756283676087,0.0466287391909097,3,0.062270004
2020-08-11,75.0999984741211,21.36000061035156,11322.5,0.001002272706241,0.001002272706241,-0.0030532769327342,-0.0007783843044103,-0.0076638719439199,75.36998992919922,73.62315563201905,0.0237266968820399,1,0.0458014256551016,0.061792543741518,0.7412008258773545,21.36000061035156,-0.1032745220818447,-0.2304054307453208,0.048117581279637,3,0.080477044
2020-08-12,74.9000015258789,20.850000381469727,11308.400390625,-0.0026630752637245,-0.0026630752637245,-0.0046511425132371,-0.0072895353824941,-0.0069763468764688,75.36667388916015,73.64054313659668,0.0234399514050522,1,0.0443448431574892,0.0616641549058971,0.7191231940495537,20.850000381469727,-0.1154009057518903,-0.2684204261222272,0.0660910413125628,0,0.084407486
2020-08-13,74.77210235595703,20.56999969482422,11300.4501953125,-0.0017075990295899,-0.0017075990295899,-0.0014703065524465,-0.0106238124340913,-0.0094442372475356,75.35121597290039,73.65887863159179,0.0229753340364153,1,0.0439615035387311,0.0617076185256114,0.7124045974305104,20.56999969482422,-0.1114470827740711,-0.2902965206341935,0.0642528853714008,1,0.08148852
2020-08-14,75.02999877929688,21.670000076293945,11178.400390625,0.0034490995333007,0.0034490995333007,0.0017382638161924,-0.0012632567569612,-0.0104194265194816,75.34199798583984,73.67865364074707,0.0225756615098198,1,0.0412572952832773,0.0614354177087094,0.6715446118439383,21.670000076293945,-0.040301144839984,-0.2152700795735251,0.040824229846416,4,0.07135417
2020-08-17,74.90280151367188,21.309999465942383,11247.099609375,-0.0016952854550771,-0.0016952854550771,-0.0016261508568892,-0.0036142308869581,-0.0092234820350193,75.32970001220703,73.69959266662597,0.0221182680473515,1,0.041547245046726,0.0612699169406646,0.6780907993748622,21.309999465942383,-0.0533096735112323,-0.242456308534458,0.0316830776736103,1,0.085566856
2020-08-18,75.0,20.43000030517578,11385.349609375,0.0012976615609014,0.0012976615609014,-0.0013315376318623,0.0013712013490152,-0.0131578947368421,75.31720001220702,73.71864265441894,0.0216845739453162,1,0.039779481007666,0.0603250286710952,0.6594082502023891,20.43000030517578,-0.0435393388858368,-0.3055417075687607,0.0329470892950156,3,0.051408947
2020-08-19,74.79499816894531,19.959999084472656,11408.400390625,-0.0027333577473958,-0.0027333577473958,-0.0014019139491915,-0.0026003427174176,-0.0129981608104837,75.30290390014649,73.73894264221191,0.0212094342811919,1,0.0406769196901298,0.0602974357389452,0.6745932824233724,19.959999084472656,-0.0426859127440617,-0.339846697052285,0.0220520406392079,0,0.08963881
2020-08-20,74.966796875,20.6200008392334,11312.2001953125,0.0022969277392939,0.0022969277392939,0.0026038390376683,0.0026320749066375,-0.0087035123966942,75.28473983764648,73.75935363769531,0.0206805798142408,1,0.0401516604488961,0.0604048288009432,0.6646984446022394,20.6200008392334,0.0024307800267864,-0.2946203064366715,0.0161328523650714,3,0.112655595
2020-08-21,74.9999008178711,19.940000534057617,11371.599609375,0.000441581396712,0.000441581396712,-0.0004011457005925,0.0024044523360151,-0.0145854655574589,75.25693786621093,73.77940315246582,0.0200263847444222,1,0.0401208259937162,0.0603027193754597,0.665312627632768,19.940000534057617,-0.0798338503066676,-0.3437514900579632,0.0139227058515905,2,0.09584634
2020-08-24,74.92179870605469,19.229999542236328,11466.4501953125,-0.0010413628680132,-0.0010413628680132,0.0002536245907884,0.00153062546162,-0.0118464915904087,75.23623779296875,73.79916213989257,0.0194727909017731,1,0.0403125826813144,0.059886644854206,0.6731368845686567,19.229999542236328,-0.09760675625686,-0.3949046257427803,0.0243251872795589,1,0.06104765
2020-08-25,74.4000015258789,19.31999969482422,11472.25,-0.0069645575678579,-0.0069645575678579,-0.0079999796549479,-0.004812776758901,-0.0227242321023647,75.20467788696288,73.81860164642335,0.018776788094396,1,0.0471089999650707,0.0607566227835674,0.7753594990522227,19.31999969482422,-0.0543318939682224,-0.3890667366677612,0.0305835715055835,0,0.008686748
2020-08-26,74.45249938964844,19.299999237060547,11549.599609375,0.0007056164340435,0.0007056164340435,-0.0045791668919256,-0.0073000081380207,-0.0198459677855943,75.16062789916992,73.83586414337158,0.0179420092277375,1,0.0455789871472834,0.060672143674282,0.7512217826056605,19.299999237060547,-0.0330661261365256,-0.3914589092422941,0.0220387334237661,3,0.10002264
2020-08-27,74.24009704589844,18.89999961853028,11559.25,-0.0028528571302676,-0.0028528571302676,-0.0096936225021493,-0.0113184090217264,-0.0168593282497105,75.11442977905273,73.85258964538575,0.0170859294132528,1,0.0460083671037654,0.0598383488047704,0.7688647691316047,18.89999961853028,-0.0834142168137306,-0.4204298813187567,0.0318133691919553,0,0.066616945
2020-08-28,73.77449798583984,18.350000381469727,11647.599609375,-0.0062715308651972,-0.0062715308651972,-0.0163387260338784,-0.0141211375088892,-0.0258220689873336,75.06191177368164,73.86646213531495,0.016183929808047,0,0.0491894926004314,0.0606799894185199,0.8106244323270494,18.350000381469727,-0.0797392231696364,-0.4597834905363417,0.0491300513466828,0,0.013592797
2020-08-31,73.12830352783203,22.84000015258789,11387.5,-0.0087590492060256,-0.0087590492060256,-0.0239382290494544,-0.0248259019732144,-0.0258106875427188,74.99943588256836,73.87522113800048,0.0152177513278481,0,0.0554448258043167,0.0606735065428536,0.913807609875768,22.84000015258789,0.1877275453087057,-0.1447989109833732,0.0283606102116611,0,0.0272298
2020-09-01,73.66999816894531,21.799999237060547,11470.25,0.0074074553214149,0.0074074553214149,-0.0098118728758315,-0.0166556241551358,-0.0248196445224188,74.95703979492187,73.88668861389161,0.0144863872114173,0,0.0629516220088237,0.0611717960181209,1.0290787099248475,21.799999237060547,0.1283643675678065,-0.2196818757092621,0.053128136488503,4,0.0069221286
2020-09-02,73.2699966430664,21.11000061035156,11535.0,-0.0054296394165993,-0.0054296394165993,-0.0158826467382026,-0.0273464109639652,-0.0294194604144847,74.91028366088867,73.89413860321045,0.0137513621091736,0,0.0605231947669511,0.0619943076132176,0.9762544472647692,21.11000061035156,0.0937824582819351,-0.2694333930047867,0.0396340776458394,0,0.028049925
2020-09-03,73.24849700927734,20.5,11527.4501953125,-0.0002934302548667,-0.0002934302548667,-0.0133566640680445,-0.0265980463883409,-0.0300486267479846,74.85585357666015,73.89967357635499,0.0129388934217309,0,0.0606217629830454,0.0619729479472388,0.9781813970388896,20.5,0.0846561065483315,-0.3135414269848518,0.0383546400494718,2,0.08161797
2020-09-04,73.4478988647461,22.14999961853028,11333.849609375,0.0027222654881708,0.0027222654881708,-0.004426992118014,-0.01915412798422,-0.0287881141851755,74.81401550292969,73.90713405609131,0.0122705535591478,0,0.0606408193314719,0.0621891879688119,0.975086606296848,22.14999961853028,0.2070844227827855,-0.1985579844556631,0.0119372699550455,4,0.08662467
2020-09-07,73.29029846191406,22.01000022888184,11355.0498046875,-0.0021457441978326,-0.0021457441978326,0.0022152152623147,-0.0214887707546306,-0.0293936045279781,74.76742553710938,73.91505653381347,0.0115317371489254,0,0.0606334452771392,0.0622450450185116,0.9740931373086796,22.01000022888184,-0.0363397512329705,-0.2102951286745213,0.0125735129106578,0,0.098348394
2020-09-08,73.6500015258789,22.71999931335449,11317.349609375,0.0049079219421075,0.0049079219421075,-0.0002714353680388,-0.0183246283603109,-0.0293245268417936,74.72642562866211,73.92363105773926,0.0108597827167853,0,0.0634220267557329,0.0622699647394112,1.018484730743109,22.71999931335449,0.0422018398390546,-0.1617874265853252,0.0041879848195514,4,0.0207468
2020-09-09,73.78679656982422,22.229999542236328,11278.0,0.001857366478088,0.001857366478088,0.0070533635926774,-0.0174860443539076,-0.034077796054767,74.6871615600586,73.93331005096435,0.0101963716838133,0,0.0638085439516553,0.060696995945451,1.0512463048862395,22.229999542236328,0.0530553718381023,-0.1982550100962546,-0.0039302274232722,3,0.08693951
2020-09-10,73.55000305175781,21.26000022888184,11449.25,-0.0032091584006134,-0.0032091584006134,0.0041162079058398,-0.0180240113033195,-0.0316864223001442,74.64906356811524,73.94221904754639,0.0095594171999942,0,0.0640336395680986,0.0600479001160132,1.0663582421057995,21.26000022888184,0.0370731818966751,-0.2685738002655889,0.0124553079577698,0,0.052646726
2020-09-11,73.52729797363281,20.709999084472656,11464.4501953125,-0.000308702612956,-0.000308702612956,0.0010810262800429,-0.0166479788999145,-0.0322553759629377,74.62518951416016,73.9511530303955,0.0091146176380456,0,0.0639831162175799,0.0600282540310044,1.0658655892097766,20.709999084472656,-0.065011311912301,-0.3084190490741008,0.0145126961462145,2,0.082642
2020-09-14,73.47859954833984,21.190000534057617,11440.0498046875,-0.000662317623999,-0.000662317623999,0.0025692498240217,-0.0206770525949296,-0.0414376006984545,74.60117553710937,73.95963302612304,0.0086742251784799,0,0.0621074776272741,0.0568912232844522,1.091669019801642,21.190000534057617,-0.0372557785686983,-0.2756063514689463,0.0234066954948166,1,0.10504402
2020-09-15,73.61499786376953,20.600000381469727,11521.7998046875,0.0018562998787143,0.0018562998787143,-0.0004752703514483,-0.0171929971092907,-0.0383410198691153,74.58132354736328,73.96931053161622,0.0082738775222932,0,0.0628118300159798,0.0570943482382409,1.1001216728530296,20.600000381469727,-0.0933098149628313,-0.3185504787382993,0.0244240919751013,3,0.07693635
2020-09-16,73.80000305175781,19.65999984741211,11604.5498046875,0.0025131453284918,0.0025131453284918,0.0001789816409918,-0.0159999593098958,-0.0340364089985243,74.55482360839844,73.98116855621338,0.0077540685471759,0,0.0634654142754411,0.0573665579732429,1.106294507168012,19.65999984741211,-0.1156095253147125,-0.3864374338000853,0.0192528295426259,4,0.09392409
2020-09-17,73.55069732666016,20.100000381469727,11516.099609375,-0.0033781262166454,-0.0033781262166454,9.439495221474914e-06,-0.0166361504478489,-0.0354272318366624,74.52703948974609,73.9927815246582,0.0072204065596568,0,0.0637566353308389,0.0575804944438926,1.107241761378099,20.100000381469727,-0.0545625510312199,-0.3565957856198737,0.0094403435242773,0,0.054585118
2020-09-18,73.58360290527344,20.049999237060547,11504.9501953125,0.000447386358108,0.000447386358108,0.0007657690843041,-0.0184507545658234,-0.0291094523501848,74.49191162109375,74.00296253204345,0.0066071556100011,0,0.0629447501664676,0.056516743671812,1.1137166149444329,20.049999237060547,-0.0318686565228747,-0.3617228831160247,0.0170391256052797,2,0.09622853
2020-09-21,73.53479766845703,22.190000534057617,11250.5498046875,-0.0006632623966406,-0.0006632623966406,0.0007648229615511,-0.0195347344921416,-0.0274178799616471,74.45943756103516,74.01202152252198,0.0060451806248398,0,0.0627688146395625,0.0563811379585711,1.1132748227050957,22.190000534057617,0.0471920705425539,-0.2117638296552112,-0.0106449232162293,1,0.09797944
2020-09-22,73.57980346679688,21.40999984741211,11153.650390625,0.0006120340269752,0.0006120340269752,-0.0004780873190785,-0.0179119463551982,-0.031462389304989,74.42203369140626,74.02179553985596,0.0054070311133536,0,0.0629932757909111,0.0554182171817063,1.1366684517461023,21.40999984741211,0.0393203616962551,-0.2696549760617905,-0.0272795677266686,3,0.103435315
2020-09-23,73.50299835205078,20.989999771118164,11131.849609375,-0.0010438341926362,-0.0010438341926362,-0.0040244537591513,-0.0120564940246152,-0.0269633243724241,74.38059371948242,74.02951053619385,0.0047424760848164,0,0.0589654570663015,0.0544308536735973,1.0832895278542265,20.989999771118164,0.0676500475090862,-0.3015674353831272,-0.0296716329076685,1,0.07553065
2020-09-24,73.77839660644531,23.51000022888184,10805.5498046875,0.0037467621807136,0.0037467621807136,0.0030958140175596,-0.0090541323492069,-0.0243507682584855,74.35366363525391,74.04100200653076,0.0042228173613259,0,0.0607102418717407,0.0549918480665431,1.1039661338921634,23.51000022888184,0.1696517304823439,-0.1240088635607136,-0.0644221297579478,4,0.04949063
2020-09-25,73.68240356445312,20.68000030517578,11050.25,-0.0013010995956477,-0.0013010995956477,0.0013426993960445,-0.0075120252213641,-0.0266524896317834,74.3238217163086,74.05248901367187,0.0036640591862702,0,0.0601641941005815,0.0549422880541375,1.095023545756849,20.68000030517578,0.0314215008522662,-0.3278420803855053,-0.0440339987455933,1,0.059711657
2020-09-28,73.69930267333984,19.56999969482422,11227.5498046875,0.0002293506735557,0.0002293506735557,0.0022371042023465,-0.0010192588842072,-0.0270719119031043,74.2998617553711,74.06455154418946,0.0031770962798747,0,0.0561884555761627,0.0549144918088665,1.0231804127645217,19.56999969482422,-0.1180712382233688,-0.4085576595190807,-0.0360632077659509,2,0.060290795
2020-09-29,73.9749984741211,19.770000457763672,11222.400390625,0.0037408196655974,0.0037408196655974,0.0053709712272138,0.0115782112457567,-0.0196130950123988,74.27956176757813,74.0796255493164,0.0026989366749514,0,0.0478168082516735,0.0550790700222226,0.8681326699908211,19.770000457763672,-0.0765996917952649,-0.3957686576070259,-0.0144983191547749,4,0.0403458
2020-09-30,73.84500122070312,19.530000686645508,11247.5498046875,-0.0017573133639664,-0.0017573133639664,0.0046529104433847,0.0023754996078115,-0.011723604379124,74.26106185913086,74.09380054473877,0.0022574265749952,0,0.0413670045966614,0.051745792433223,0.7994119567902442,19.530000686645508,-0.0695568890134809,-0.4138843643838964,-0.0194154613293083,1,0.08804832
2020-10-01,73.70500183105469,18.350000381469727,11416.9501953125,-0.0018958546595457,-0.0018958546595457,-0.000994800358459,0.0059370166223344,-0.013046407648264,74.23876190185547,74.10867904663085,0.0017552985277575,0,0.0369758547485983,0.0518543727246504,0.7130573517413208,18.350000381469727,-0.2194810632572047,-0.4989375514300618,-0.0102340532889033,1,0.09271498
2020-10-05,73.32240295410156,19.700000762939453,11503.349609375,0.0014395574978438,0.0014395574978438,-0.0048858423848328,0.0010089755809576,-0.0172260526086242,74.2090640258789,74.12249156951904,0.0011679647368392,0,0.0371216084614326,0.0519340351192584,0.7147700656443237,19.700000762939453,-0.0473887585964423,-0.4034973261912652,-0.0020907126492986,3,0.04486445
2020-10-06,73.1082992553711,19.63999938964844,11662.400390625,-0.0029200311242457,-0.0029200311242457,-0.0080191181806464,-0.0046236803860157,-0.0268446022579554,74.17603393554687,74.13458805084228,0.000559062723545,0,0.037751262550099,0.0501680214107931,0.7524815411683001,19.63999938964844,0.0035768878853246,-0.4089365563986298,0.0289884542828442,0,0.06336208
2020-10-07,73.81500244140625,20.059999465942383,11738.849609375,0.009666524775342,0.009666524775342,-0.0021628392837454,0.0071592555973127,-0.0150107054979662,74.152333984375,74.14906055450439,4.414661286511468e-05,0,0.0493104315474337,0.0537974195205283,0.9165776985068862,20.059999465942383,0.0146686394266029,-0.3801810355938175,0.0337999226149641,4,0.0053805457
2020-10-08,73.5425033569336,20.3799991607666,11834.599609375,-0.0036916490612997,-0.0036916490612997,-0.0040963891769119,-0.0014595813539466,-0.0238584160914409,74.12138412475586,74.1606980895996,-0.0005301185918752,0,0.0489751637427964,0.0530940079454558,0.9224061854008626,20.3799991607666,0.043522705798076,-0.3587561447438013,0.0457041637709525,0,0.029411966
2020-10-09,73.28050231933594,20.3799991607666,11914.2001953125,-0.0035625798094749,-0.0035625798094749,-0.0057594396740099,-0.0068615832916554,-0.024987171581055,74.09037017822266,74.17215110778808,-0.0011025826856037,0,0.0503161957391363,0.0533322893784962,0.9434294476392,20.3799991607666,0.1106266341741777,-0.3599693092163064,0.0564107284370012,0,0.03106176
2020-10-12,73.01480102539062,21.1299991607666,11930.9501953125,-0.0036258115806502,-0.0036258115806502,-0.0041951970518954,-0.0072767097778441,-0.0322756265254997,74.05086624145508,74.1811116027832,-0.0017557752710088,0,0.0506697819476564,0.0530590870018935,0.9549509774804592,21.1299991607666,0.0725887483475293,-0.3072269154437493,0.0420726419033998,0,0.05104342
2020-10-13,73.35079956054688,20.71999931335449,11934.5,0.0046017866300753,0.0046017866300753,0.003317001047018,-0.0024004474249716,-0.0294303338076025,74.01952621459961,74.19274559020997,-0.002334721194537,0,0.053121310785221,0.0538463769383869,0.9865162205765996,20.71999931335449,0.0549898145249065,-0.3377084687704932,0.041000640822679,4,0.026122129
2020-10-14,73.62000274658203,20.209999084472656,11971.0498046875,0.0036700784128869,0.0036700784128869,-0.0026417352621374,0.001924413354519,-0.0200319475287888,73.98532623291015,74.20479209899902,-0.0029575699881494,0,0.0543339275606624,0.0532206568326028,1.0208988369444787,20.209999084472656,0.0074775484807434,-0.3751525427175798,0.0464158818419151,4,0.06603952
2020-10-15,73.29620361328125,22.059999465942383,11680.349609375,-0.0043982494053331,-0.0043982494053331,-0.0033490802244919,-0.0043305611592658,-0.0249858118196676,73.94625030517578,74.2135731124878,-0.0036020743389733,0,0.0565173165345207,0.0538423512991327,1.0496619391414277,22.059999465942383,0.0824337769556899,-0.2437139390041638,0.0137608539789935,0,0.03822381
2020-10-16,73.37100219726562,21.64999961853028,11762.4501953125,0.0010204973831799,0.0010204973831799,0.0012349789516359,-0.0058130194681877,-0.0203785518072384,73.91602630615235,74.2239266204834,-0.0041482622700006,0,0.0559532275253919,0.0534570290475407,1.0466758412591726,21.64999961853028,0.0623160211021276,-0.2746144992654474,0.0136067657326282,3,0.05606568
2020-10-19,73.44380187988281,21.81999969482422,11873.0498046875,0.0009922132782302,0.0009922132782302,0.0058755327477095,-0.0014533573529913,-0.0206186961985999,73.88690628051758,74.23458061218261,-0.0046834551875676,0,0.0546169064347434,0.0534321535874937,1.0221539019835575,21.81999969482422,0.03265501947292,-0.2638700958428774,0.030995754415142,3,0.07057379
2020-10-20,73.57499694824219,22.690000534057617,11896.7998046875,0.0017863327469613,0.0017863327469613,0.0030565091183532,-0.0001169548199797,-0.0159823424966681,73.85791015625,74.24590061187745,-0.0052257491986753,0,0.0548733796315458,0.053291397852047,1.029666178352268,22.690000534057617,0.0950772821422547,-0.2028490557050698,0.0340592182254428,3,0.07654934
2020-10-21,73.64749908447266,22.920000076293945,11937.650390625,0.0009854181343897,0.0009854181343897,0.0003734900416301,0.0015326269955042,-0.0156709518194861,73.82886016845703,74.25901309967041,-0.0057926023153046,0,0.0547996356765111,0.0533148030850005,1.0278310089251577,22.920000076293945,0.1340920887969452,-0.1881468003813021,0.061072622926501,3,0.075678155
2020-10-22,73.6812973022461,22.63999938964844,11896.4501953125,0.0004589187439301,0.0004589187439301,0.0052539377209308,0.0013793708418237,-0.0150520002667987,73.80448608398437,74.27034458160401,-0.0062724698564953,0,0.0547945614650149,0.0533281876676023,1.027477894592098,22.63999938964844,0.0262919282750435,-0.2102962925269675,0.0665970134147155,2,0.10098763
2020-10-23,73.72000122070312,21.82999992370605,11930.349609375,0.0005252882328912,0.0005252882328912,0.0047566342694784,0.0029522995458359,-0.0139085778561038,73.7834440612793,74.28028957366944,-0.0066887934234205,0,0.0545470795661748,0.0533339996462756,1.0227257884679462,21.82999992370605,0.008314102002187,-0.2706694006176717,0.0717311163930494,2,0.11063478
2020-10-26,73.8228988647461,22.82999992370605,11767.75,0.0013957900480077,0.0013957900480077,0.0051617287662109,0.0006031882007164,-0.0156946818033854,73.75930206298828,74.29046905517578,-0.0071498672567673,0,0.0533585037288401,0.05299641275596,1.006813369825106,22.82999992370605,0.0462878204861483,-0.2006110051010739,0.0890468520995657,3,0.052065473
2020-10-27,73.94850158691406,22.200000762939453,11889.400390625,0.001701405987837,0.001701405987837,0.0050765158568015,0.0036114188678464,-0.0152016887288162,73.74021606445312,74.29941154479981,-0.0075262437308741,0,0.0532010059212589,0.053057406088286,1.0026876011453412,22.200000762939453,-0.0215954058873941,-0.2478625531652422,0.0759394937331734,3,0.082010135
2020-10-28,73.80500030517578,23.280000686645508,11729.599609375,-0.0019405569911328,-0.0019405569911328,0.0021385820653934,0.0014341741102277,-0.0137135225103293,73.71631607055664,74.31137702941895,-0.0080076696550345,0,0.0538636289890042,0.0527597095474749,1.020904181368845,23.280000686645508,0.0157068328600884,-0.1718207282580912,0.0447158831108362,1,0.09263255
2020-10-29,74.44000244140625,24.020000457763672,11670.7998046875,0.0086037820419322,0.0086037820419322,0.0102971197161185,0.0062859611608891,-0.0073342504071333,73.70921615600587,74.32760555267333,-0.0083197809490747,1,0.059964055964922,0.055399955969639,1.0823650046360878,24.020000457763672,0.0609541124257362,-0.1205979148104721,0.0399557490781639,4,0.0067149266
2020-10-30,74.26399993896484,24.75,11642.400390625,-0.0023643537972737,-0.0023643537972737,0.0073792554158145,0.0056740295393786,-0.0087269107805124,73.69516021728515,74.34416053771973,-0.0087296744726211,0,0.0603034214458486,0.0555690621483881,1.085178225729189,24.75,0.1337608834859869,-0.0704980921803619,0.0351054756630588,0,0.10212332
2020-11-02,74.55049896240234,25.209999084472656,11669.150390625,0.003857845304225,0.003857845304225,0.0098560217607996,0.0114713670760864,-0.0103478408297474,73.68617218017579,74.36331851959228,-0.0091059187902983,1,0.0606046806521706,0.0549984153477924,1.101914997985577,25.209999084472656,0.1042487590328582,-0.0396990116288616,0.0220899794601929,4,0.035395958
2020-11-03,74.45680236816406,24.239999771118164,11813.5,-0.0012568204846695,-0.0012568204846695,0.0068737130616849,0.0154713889392388,-0.0105408323167566,73.67687225341797,74.38137702941894,-0.0094715210196005,1,0.0610020713463951,0.0550143082996302,1.1088199490614348,24.239999771118164,0.0918918440572431,-0.1123989205327381,0.0269617460267601,1,0.060165346
2020-11-04,74.65560150146484,23.200000762939453,11908.5,0.0026699928949107,0.0026699928949107,0.0115249805944301,0.02116452252143,-0.003026094859276,73.68198425292968,74.40106502532959,-0.0096649257931333,1,0.0598404450863458,0.0543898723203597,1.100192781132252,23.200000762939453,-0.0034364227382496,-0.1901288699268778,0.0211019688170568,4,0.08049102
2020-11-05,74.37999725341797,20.96999931335449,12120.2998046875,-0.0036916754068543,-0.0036916754068543,-0.0008060879368658,0.0076542002753465,-0.0069400170128814,73.68053421020508,74.41823699951172,-0.009912930204346,0,0.0529748088630884,0.0549039761624891,0.964845312131848,20.96999931335449,-0.1269775639585123,-0.3541096507509138,0.0324946828697645,0,0.0536881
2020-11-06,74.12000274658203,20.5,12263.5498046875,-0.0034954895998465,-0.0034954895998465,-0.0019389905270542,0.0078525935790569,-0.012060017179784,73.67813232421875,74.43366352081298,-0.0101503964853614,0,0.0527894128792413,0.055236766276101,0.9556760969547214,20.5,-0.1717171717171717,-0.3899254453070045,0.0362454336835105,0,0.04507973
2020-11-09,73.97979736328125,20.11000061035156,12461.0498046875,-0.0018915998125383,-0.0018915998125383,-0.007655235136775,0.0095427162998689,-0.0149161269454067,73.68223831176758,74.44840751647949,-0.0102912772787291,0,0.0515199371226801,0.0553092266001306,0.9314721759349746,20.11000061035156,-0.2023006211556067,-0.4198353269114097,0.0458989777249296,1,0.09855462
2020-11-10,73.95320129394531,21.57999992370605,12631.099609375,-0.0003595044901966,-0.0003595044901966,-0.0067636677670981,0.012852192368892,-0.0126408573116846,73.69873626708984,74.46232353210449,-0.010254679531796,0,0.0494594628692921,0.0550713046178416,0.8980823158301043,21.57999992370605,-0.109735968338642,-0.3146443185737956,0.0586834579476811,2,0.09916776
2020-11-11,74.28160095214844,22.030000686645508,12749.150390625,0.0044406415470483,0.0044406415470483,-0.0050096783335014,0.0126897238636538,-0.0065599520189165,73.7109683227539,74.47834102630615,-0.0103033001672421,0,0.0492985986032591,0.0557066750780991,0.8849516432725858,22.030000686645508,-0.0504310361128499,-0.2840890208592735,0.0682601190351501,4,0.025885245
2020-11-12,74.56999969482422,20.6200008392334,12690.7998046875,0.0038825057481133,0.0038825057481133,0.0025544830387516,0.0129040602119006,-0.0061308688785369,73.73696838378906,74.49458602905274,-0.0101701034350094,1,0.0494701925199404,0.0558221462753967,0.8861949893666915,20.6200008392334,-0.0166904380344065,-0.3887440995210798,0.0601242173195342,4,0.03519663
2020-11-13,74.86499786376953,19.700000762939453,12719.9501953125,0.0039559899443821,0.0039559899443821,0.0100512019641263,0.0214034857625833,-0.0005047027499424,73.76929840087891,74.51228603363037,-0.0099713439528096,1,0.0472156987630566,0.056261356431579,0.839205851970952,19.700000762939453,-0.0390243530273437,-0.4572528637671422,0.0890042353786297,4,0.030422056
2020-11-17,74.41809844970703,19.799999237060547,12874.2001953125,-0.0009344222601239,-0.0009344222601239,0.005924605122578,0.0142712545976431,-0.0077586873372396,73.78870239257813,74.52717651367188,-0.0099087897279762,0,0.0476950928724135,0.0562459189341549,0.8479592087212348,19.799999237060547,-0.0154152841313908,-0.4511606549607424,0.094516872041086,1,0.07706057
2020-11-18,74.47969818115234,19.1200008392334,12938.25,0.0008277520217334,0.0008277520217334,0.0071193251677414,0.0141046116180605,-0.0042155223679634,73.81249038696289,74.54342300415038,-0.0098054608673765,0,0.0476953614894142,0.0559752564812024,0.852064151618123,19.1200008392334,-0.1139943972738524,-0.5022437659477937,0.0897158028337383,3,0.09316665
2020-11-19,74.41999816894531,19.56999969482422,12771.7001953125,-0.0008015608771912,-0.0008015608771912,0.001863142622438,0.0114848964424363,-0.0072938784748456,73.82789031982422,74.55902297973633,-0.0098060922835699,0,0.0479396554363948,0.0558293707823541,0.8586662557424168,19.56999969482422,-0.1116659516634754,-0.4710119886810873,0.0735408181181864,1,0.091533504
2020-11-20,74.09960174560547,19.6200008392334,12859.0498046875,-0.0043052463211903,-0.0043052463211903,-0.0063081393475102,0.0061387374554873,-0.0120040035046432,73.83414642333985,74.57132099151612,-0.0098854969762456,0,0.0510677876257107,0.0565059566777656,0.9037433729961412,19.6200008392334,-0.0484966032638229,-0.4687924105206171,0.0771843188493861,0,0.03104029
2020-11-23,74.16239929199219,20.799999237060547,12926.4501953125,0.0008474748164275,0.0008474748164275,-0.0093848739975368,0.0065294994436997,-0.0101358940545714,73.84639434814453,74.58465049743653,-0.0098982316652053,0,0.0510780316468411,0.0564907220589773,0.9041684300846008,20.799999237060547,0.0558374838335267,-0.3841833072908079,0.0865804490490655,3,0.08111437
2020-11-24,74.24490356445312,21.059999465942383,13055.150390625,0.0011124811663132,0.0011124811663132,-0.0023273221012353,0.0071202161565155,-0.0020846499764093,73.86074645996094,74.59930450439452,-0.0099003341832775,0,0.0511141329471873,0.0547073400864803,0.9343023909405505,21.059999465942383,0.0636363776481081,-0.3671877007142342,0.094280621949764,3,0.05712861
2020-11-25,73.96080017089844,23.1299991607666,12858.400390625,-0.0038265709821826,-0.0038265709821826,-0.0069669725163469,0.0018680017755059,-0.0066042002992631,73.87039047241211,74.61360851287841,-0.0099608912540133,0,0.0532262798761219,0.0552710963126493,0.9629864511569248,23.1299991607666,0.2097279364813029,-0.2177474104867812,0.0926813019162542,0,0.04823876
2020-11-26,73.77989959716797,20.020000457763672,12987.0,-0.0024458980069506,-0.0024458980069506,-0.0086011634980723,-0.0022799919691128,-0.0061987721870292,73.87368850708008,74.62660800933838,-0.0100891561648371,0,0.0538202373589334,0.055189064594506,0.9751798218458884,20.020000457763672,0.0229944184954926,-0.448457528550151,0.0923174906482648,0,0.097092055
2020-11-27,74.04879760742188,19.81999969482422,12968.9501953125,0.0036445971290564,0.0036445971290564,-0.0006856195848125,0.003303262668356,0.0037180818449578,73.87866439819337,74.63950199127197,-0.0101934977160964,0,0.0545755042192756,0.05409366637228,1.0088888217497538,19.81999969482422,0.0101936211537203,-0.4650142520939185,0.1056600930305358,4,0.05811119
2020-12-01,74.02519989013672,20.18000030517578,13109.0498046875,0.0011400615503227,0.0011400615503227,-0.0018499860194016,-0.0055723070615968,0.0122646953236558,73.88815444946289,74.65205047607422,-0.0102327534440083,0,0.0458757325201696,0.050922600603509,0.9008737005334304,20.18000030517578,-0.0298076420493361,-0.4404837924823569,0.1232349131224352,3,0.048839558
2020-12-02,73.65499877929688,19.90999984741211,13113.75,-0.0050010146732365,-0.0050010146732365,-0.0079453909539278,-0.0082004896069224,-0.0002036024164686,73.88958236694336,74.66392547607421,-0.0103710473859158,0,0.0484591270032636,0.050029050343417,0.9686004045694492,19.90999984741211,-0.0546058712104916,-0.4624231743723203,0.1263785439435496,0,0.03542822
2020-12-03,73.66259765625,19.0,13133.900390625,0.0001031685164492,0.0001031685164492,-0.0040318995191965,-0.0119100652377944,0.0053582780288108,73.89213836669921,74.67586196899414,-0.0104950057706777,0,0.0463151259474638,0.0486999246475389,0.9510112237633744,19.0,-0.1785559580897848,-0.53165388502714,0.1255232772710497,2,0.06365697
2020-12-04,73.86489868164062,18.030000686645508,13258.5498046875,0.0027463194596351,0.0027463194596351,0.0011520628916106,-0.0079496253894529,0.0084152125645009,73.8978402709961,74.68870544433594,-0.0105888188667194,0,0.0472913781035743,0.0489287410988502,0.966516009312903,18.030000686645508,-0.0994005856951142,-0.6051307826756734,0.1223219033044822,4,0.08640164
2020-12-07,73.79029846191406,18.020000457763672,13355.75,-0.0010099549455566,-0.0010099549455566,-0.0034909296823194,-0.0115905976530615,0.0046618024812186,73.90358627319335,74.70131443023682,-0.0106789038871392,0,0.0463171120598982,0.0487612684999909,0.9498555642444496,18.020000457763672,-0.0908173191107867,-0.607504175373716,0.1215308393164547,1,0.08583508
2020-12-08,74.0199966430664,18.6200008392334,13392.9501953125,0.003112850685526,0.003112850685526,-7.029021303606164e-05,-0.0048400191401596,0.0099562724735189,73.90841827392578,74.7138404083252,-0.0107800928181128,0,0.0459260294459355,0.0488289574358313,0.9405297865821018,18.6200008392334,-0.0773042340114471,-0.5647466147671056,0.1050015602858935,4,0.07473363
2020-12-09,73.72640228271484,18.920000076293945,13529.099609375,-0.0039664195307561,-0.0039664195307561,0.0009694318729394,-0.0053103136708307,0.0010373490190505,73.90929824829101,74.72572643280029,-0.0109256640715761,0,0.0464147469425256,0.048702901715798,0.9529985341496816,18.920000076293945,-0.0497237457913313,-0.5448347443316732,0.1031960423240396,0,0.031405848
2020-12-10,73.93499755859375,18.709999084472656,13478.2998046875,0.0028293158138792,0.0028293158138792,0.0036979404882639,-0.0006055680913467,0.002008502817022,73.9140121459961,74.73752643585205,-0.0110187522805264,0,0.0467924261476123,0.0488734083622837,0.9574013827596926,18.709999084472656,-0.0152632060803865,-0.5622451871636728,0.0816343739848739,4,0.081094824
2020-12-11,73.72669982910156,18.790000915527344,13513.849609375,-0.0028173089385322,-0.0028173089385322,-0.001870967875211,-0.0030627675459709,0.002402403399214,73.9090461730957,74.74702243804931,-0.0112108313832585,0,0.0479787615132651,0.0487670019037042,0.9838164296335632,18.790000915527344,0.0421519800298595,-0.5584578621470924,0.0698870270443285,0,0.07758763
2020-12-14,73.73799896240234,19.39999961853028,13558.150390625,0.000153257006308,0.000153257006308,-0.0007087584764101,-0.0073181243104369,0.0028656158267246,73.90690612792969,74.75627841949463,-0.011361885710772,0,0.0453977005498204,0.0487541815910733,0.9311359135237508,19.39999961853028,0.0765815275088992,-0.5150178962792024,0.0634552087953164,2,0.058488764
2020-12-15,73.86000061035156,19.350000381469727,13567.849609375,0.0016545288679643,0.0016545288679643,-0.0021615244524579,-0.0095212429580033,0.0051906414160873,73.91000610351563,74.76534492492675,-0.0114403113136171,0,0.0435949795634538,0.048796432770311,0.8933867436972527,19.350000381469727,0.0392051293949555,-0.5207880498962411,0.06910910409,3,0.05721439
2020-12-16,73.75980377197266,19.200000762939453,13682.7001953125,-0.0013565778168279,-0.0013565778168279,0.0004530465101189,-0.0147624941338805,0.0019670707383718,73.91875411987304,74.7747939300537,-0.0114482403118546,0,0.041116739708064,0.0488018624847868,0.8425067222415731,19.200000762939453,0.0147991905664068,-0.5343796683259551,0.0756881894360552,1,0.05511552
2020-12-17,73.6166000366211,19.15999984741211,13740.7001953125,-0.0019414874773023,-0.0019414874773023,-0.0043064520522952,-0.0107702081856821,-0.0024851356036948,73.92892013549805,74.78455993652344,-0.0114413964827987,0,0.0414300391595686,0.0487734605505467,0.8494207561072501,19.15999984741211,0.02405135141417,-0.5397890447064809,0.0673051519204659,1,0.093418665
2020-12-18,73.52980041503906,18.6200008392334,13760.5498046875,-0.0011790767508802,-0.0011790767508802,-0.0026706663192427,-0.0127537810881417,-0.0002841157511842,73.9232160949707,74.79255893707276,-0.0116233867975219,0,0.0412373443698798,0.0483186963206666,0.8534272255399571,18.6200008392334,-0.0090473692395333,-0.5824312289769552,0.0635557208036248,1,0.062151205
2020-12-21,73.60359954833984,23.190000534057617,13328.400390625,0.0010036629078853,0.0010036629078853,-0.0018226615307397,-0.0109701510439722,0.0002717540630912,73.92443801879882,74.79982692718505,-0.0117030873512365,0,0.0415650619931894,0.0483426607748555,0.8597830889713703,23.190000534057617,0.1953608757758556,-0.2438990838497582,0.0435885737058581,3,0.06922041
2020-12-22,73.935302734375,21.989999771118164,13466.2998046875,0.0045066163621156,0.0045066163621156,0.0010195250934357,-0.0022172725272469,0.0054464699518683,73.93753402709962,74.80537845611572,-0.0116013640586715,0,0.0424723168429091,0.0490601762351489,0.8657011531753847,21.989999771118164,0.1364340742947269,-0.3373006340665758,0.0472235514461294,4,0.018280024
2020-12-23,74.2699966430664,20.5,13601.099609375,0.0045268484244103,0.0045268484244103,0.0069169499511008,0.0014508342785755,0.0093801986924439,73.96263793945313,74.81001842498779,-0.011327099008595,0,0.0452545648211384,0.0497809430963108,0.9090558143459064,20.5,0.0677082909064177,-0.4524458502480858,0.0521913908202846,4,0.03776004
2020-12-24,73.83979797363281,19.96999931335449,13749.25,-0.005792361503678,-0.005792361503678,0.0030318968398526,-0.0054563420702491,0.0045821208540213,73.97241790771484,74.8090048980713,-0.0111829717758753,0,0.0495105389928985,0.0512113096962488,0.9667702801642062,19.96999931335449,0.042275546575841,-0.4955786855444034,0.0531667264341464,0,0.025132205
2020-12-28,73.68900299072266,20.43000030517578,13873.2001953125,0.0017836680437879,0.0017836680437879,0.0021651435851175,-0.003674881552765,-0.0012116502910669,73.97379791259766,74.80817440032959,-0.0111535469809332,0,0.0481077717615605,0.0508211988478152,0.9465897354346487,20.43000030517578,0.0972072709109985,-0.4642004830153891,0.0789211545650254,3,0.07955299
2020-12-29,73.5448989868164,20.790000915527344,13932.599609375,-0.0019555700044467,-0.0019555700044467,-0.0007975229728389,-0.0031851576328328,-0.0018661793180571,73.97877182006836,74.80592239379882,-0.0110572872743432,0,0.0478123769571751,0.0509194285330707,0.938962580138598,20.790000915527344,-0.1034928660310099,-0.440568128985933,0.0728112427331177,1,0.0895091
2020-12-30,73.45359802246094,21.11000061035156,13981.9501953125,-0.0012414316371803,-0.0012414316371803,-0.006515219307949,-0.0080379372007693,-0.0033338802670623,73.98042373657226,74.80216537475586,-0.0109855327592015,0,0.0462229696499556,0.0510061526856326,0.9062056440365756,21.11000061035156,-0.0400181523386099,-0.4201361668737901,0.0781096376147807,1,0.059264045
2020-12-31,73.13400268554688,21.100000381469727,13981.75,-0.0043509827362893,-0.0043509827362893,-0.0152954626210499,-0.0120391056817475,-0.0113686489479066,73.97422775268555,74.79403537750244,-0.0109608690142085,0,0.0481957419625526,0.0513034934597687,0.939405863159844,21.100000381469727,0.0292683112912062,-0.4249247356598984,0.0665723456936171,0,0.02024585
2021-01-04,73.09200286865234,20.030000686645508,14132.900390625,3.830918497671476e-05,3.830918497671476e-05,-0.0101272636911533,-0.0076436890906959,-0.0101970118437708,73.96456787109375,74.78299537658691,-0.0109440321475728,0,0.0451887327625502,0.0511657557396886,0.8831658781035152,20.030000686645508,0.0030045756311516,-0.5104014893572504,0.077716167429225,2,0.057901226
2021-01-05,73.31999969482422,20.459999084472656,14199.5,0.0031193128827182,0.0031193128827182,-0.0050075761772064,-0.0046509079550048,-0.0052235550731409,73.95801788330078,74.78007537841796,-0.0109930016913893,0,0.0465879719872998,0.051344821308504,0.9073371659084516,20.459999084472656,0.00146836900875,-0.4816526197725543,0.0811335229963847,4,0.0787047
2021-01-06,73.37480163574219,21.0,14146.25,0.0007474350947362,0.0007474350947362,-0.0023128368305286,-0.0066350466140997,0.0007146339935615,73.9518879699707,74.77117439270019,-0.0109572496270632,0,0.045603957440595,0.0512956128896219,0.8890247303213539,21.0,0.0101009656192854,-0.4442392317442339,0.0669530384837908,3,0.11032436
2021-01-07,73.36000061035156,20.6200008392334,14137.349609375,-0.000201718097503,-0.000201718097503,-0.0012742386299545,-0.0058313607687139,0.0034428561127002,73.94468795776368,74.76791240692138,-0.0110103976780485,0,0.0454869280905457,0.0509123480024515,0.8934185213739134,20.6200008392334,-0.0232117364732752,-0.4772030074840276,0.0585215812945734,2,0.06367714
2021-01-08,73.44599914550781,20.63999938964844,14347.25,0.001172281003827,0.001172281003827,0.0042660930415967,-0.0077546274465059,-0.0049990284318062,73.9371499633789,74.76023239135742,-0.0110096290721759,0,0.0442598481581764,0.0472156925411338,0.937377138807816,20.63999938964844,-0.0218009944789036,-0.4789958011712247,0.0712538903505743,3,0.06607198
2021-01-11,73.37339782714844,22.3799991607666,14484.75,-0.0009884992947749,-0.0009884992947749,0.0038498734123042,-0.0047880331148231,-0.0022994258023066,73.92564788818359,74.75130088806152,-0.0110453328580104,0,0.0421826153926303,0.0466397098960131,0.9044162382321744,22.3799991607666,0.117323933777391,-0.3480543421547794,0.0706366586260316,1,0.06982562
2021-01-12,73.51349639892578,22.850000381469727,14563.4501953125,0.0019093919039621,0.0019093919039621,0.0026390712616877,-0.0057009694134895,0.0031794825665156,73.91981781005859,74.74075786590576,-0.0109838337111866,0,0.0415164887662202,0.0461548191963948,0.8994854709341384,22.850000381469727,0.116813362851559,-0.3148848489779096,0.0805109254393945,3,0.09568
2021-01-13,73.16500091552734,23.290000915527344,14564.849609375,-0.0047405646645795,-0.0047405646645795,-0.0028593020429051,-0.00761866345403,0.0020571156536397,73.89431777954101,74.7240528869629,-0.011103989617333,0,0.0436091473140224,0.0465850206730436,0.9360994281972724,23.290000915527344,0.1090476626441592,-0.283677645772981,0.0777720657236622,0,0.035049543
2021-01-14,73.1698989868164,23.030000686645508,14595.599609375,6.694555084774123e-05,6.694555084774123e-05,-0.002591352534808,-0.0077043042065136,-0.002466238606999,73.87243576049805,74.70360237121582,-0.0111261918345992,0,0.0436026294136756,0.0457225342829635,0.95361459032973,23.030000686645508,0.116876806465819,-0.3070820807734119,0.0765184917455525,2,0.05712577
2021-01-15,73.08760070800781,24.01000022888184,14433.7001953125,-0.0011247559440176,-0.0011247559440176,-0.0048797544000995,-0.0104576211205107,-0.0072317579287096,73.84317779541016,74.68981288909912,-0.011335348971165,0,0.0432118711038874,0.0452202172168838,0.9555662974890856,24.01000022888184,0.1632752392872429,-0.2347548660452349,0.0638163460582008,1,0.053310066
2021-01-18,73.15899658203125,24.39999961853028,14281.2998046875,0.0009768534379541,0.0009768534379541,-0.0029220569234407,-0.0081454553729398,-0.0018719527681667,73.8172216796875,74.68197986602783,-0.0115792081020296,0,0.0432392316751276,0.0443342000660404,0.975279949356713,24.39999961853028,0.0902591838030473,-0.2080268642325393,0.0437486461612359,3,0.08436238
2021-01-19,73.1886978149414,22.89999961853028,14521.150390625,0.0004059819611774,0.0004059819611774,-0.0044182170607398,-0.0058125778895904,-0.002484692546983,73.78788360595703,74.67059837341309,-0.0118214502988414,0,0.0427928959937601,0.0443020640114292,0.9659127861386868,22.89999961853028,0.0021881503818748,-0.3279016264912408,0.0567984297902621,2,0.10976094
2021-01-20,73.19190216064453,21.549999237060547,14644.7001953125,4.37819745233714e-05,4.37819745233714e-05,0.0003676791468676,-0.0045953919701572,-0.0034298295130508,73.76412170410157,74.65955787658692,-0.0119935906125443,0,0.0426001835483026,0.0442683445206513,0.9622953312179696,21.549999237060547,-0.0747102451725,-0.4359590505635595,0.0642525482756377,2,0.059729934
2021-01-21,72.91089630126953,22.18000030517578,14590.349609375,-0.0038393025878495,-0.0038393025878495,-0.003539743653241,-0.0094112686243744,-0.0090261729462228,73.73993957519531,74.64748737335205,-0.0121577809259353,0,0.0444205667064831,0.0448354349886963,0.9907247692124042,22.18000030517578,-0.0369083958370274,-0.390012703917065,0.0946812206840392,0,0.04134064
2021-01-25,72.99590301513672,23.25,14238.900390625,0.0005619960375828,0.0005619960375828,-0.0012546272142307,-0.0127056992329257,-0.0088474975720297,73.72026168823243,74.62676689147949,-0.0121471858021838,0,0.0410920472946001,0.0448068958291144,0.917071568174376,23.25,-0.0316534869486435,-0.3098866347979659,0.0573728936042672,2,0.112097576
2021-01-27,72.91999816894531,24.38999938964844,13967.5,-0.0006852549118996,-0.0006852549118996,-0.0032668355807471,-0.0181769023177561,-0.0103323253142229,73.69959762573242,74.61154239654542,-0.0122225696121679,0,0.0369379833692423,0.0448205081053262,0.8241129076344704,24.38999938964844,-0.0004098454523844,-0.223864741087737,0.0269390270748732,1,0.11445864
2021-01-28,73.03710174560547,24.290000915527344,13817.5498046875,0.0016059185353904,0.0016059185353904,-0.0020713043661365,-0.0108707803928983,-0.0092634219179296,73.67470764160156,74.59342788696289,-0.0123163698382856,0,0.0326565552579592,0.0449231008835701,0.7269272977236718,24.290000915527344,0.0606987476048821,-0.2346678397929029,0.0049675294788806,3,0.06237455
2021-01-29,72.93879699707031,25.34000015258789,13634.599609375,-0.0013459563178939,-0.0013459563178939,-0.0034581033707621,-0.0101807048976737,-0.0119759841630654,73.64208358764648,74.5783268737793,-0.0125538252918622,0,0.0319087063978714,0.0449179902369651,0.7103611686180078,25.34000015258789,0.1758701183158049,-0.1553012392011587,-0.0171986695627818,1,0.055494655
2021-02-01,72.90660095214844,23.31999969482422,14281.2001953125,-0.0004414117897114,-0.0004414117897114,-5.891230719956564e-05,-0.0086790252411984,-0.0140895435662214,73.60291564941406,74.56202739715576,-0.0128632734546363,0,0.0314469840842153,0.04478896977711,0.702098801153608,23.31999969482422,0.0513976273202492,-0.3167929452913735,0.0250204983787041,2,0.10156325
2021-02-02,73.11979675292969,23.350000381469727,14647.849609375,0.0029242317979023,0.0029242317979023,0.0016972697463208,-0.0045443828283153,-0.0092839719451642,73.57694961547851,74.54797138214111,-0.0130254619764907,0,0.0332922699639065,0.0450112218418214,0.7396273412341161,23.350000381469727,0.0043010916761172,-0.3173471973610443,0.0476256462625468,4,0.09441973
2021-02-03,72.91629791259766,23.75,14789.9501953125,-0.0027830881562711,-0.0027830881562711,-5.0744054313933695e-05,-0.0029767928043714,-0.0204688941272932,73.54568161010742,74.5264903640747,-0.0131605386108464,0,0.0312051907519227,0.0418405960981143,0.7457935084204179,23.75,-0.026240238034613,-0.2882049036258288,0.0578039369401184,0,0.094540074
2021-02-04,72.85800170898438,23.1200008392334,14895.650390625,-0.0007994948356149,-0.0007994948356149,-0.0024521788562327,-0.0032014604947749,-0.018932433361198,73.5144416809082,74.5029303741455,-0.0132677827338228,0,0.0312855584003082,0.0416212165002154,0.7516552704526519,23.1200008392334,-0.0481679716836085,-0.3400829369689179,0.0539698136205619,1,0.107925236
2021-02-05,72.9457015991211,23.420000076293945,14924.25,0.0012037097927419,0.0012037097927419,9.466295490256904e-05,-0.0051049931432221,-0.0215263128431989,73.49136367797851,74.48485889434815,-0.0133382170701141,0,0.0294004954166301,0.0409201704833991,0.7184666291145616,23.420000076293945,-0.0757695368876255,-0.318969794004297,0.0510405295961124,3,0.06755404
2021-02-08,72.78479766845703,23.959999084472656,15115.7998046875,-0.0022058041411174,-0.0022058041411174,-0.0016706756603747,-0.0080409616671147,-0.0224560368767856,73.46381164550782,74.46273288726806,-0.0134150494217362,0,0.0299086769065546,0.0410661561956569,0.7282870224580514,23.959999084472656,0.0274442280456153,-0.2788681770466554,0.0685375844967748,1,0.10713862
2021-02-09,72.92990112304688,24.270000457763672,15109.2998046875,0.0019935956303789,0.0019935956303789,-0.0025970481089336,-0.0058628610104455,-0.0231154842196819,73.43751159667968,74.44253540039062,-0.013500665960736,0,0.0310326848109629,0.0408968011808848,0.7587861428958019,24.270000457763672,0.039400430889245,-0.256786850196378,0.0687505241200205,3,0.09545277
2021-02-10,72.85489654541016,23.950000762939453,15106.5,-0.0010284475432124,-0.0010284475432124,-0.0008420801514237,-0.0080481252481375,-0.0205041780629768,73.41539352416993,74.42480987548828,-0.0135629013094838,0,0.0306602635415304,0.0403148214236151,0.7605020177902437,23.950000762939453,0.0084210847553454,-0.2851695974505856,0.0529195490424994,1,0.07272513
2021-02-11,72.80729675292969,23.049999237060547,15173.2998046875,-0.0006533506289559,-0.0006533506289559,-0.0006959421733417,-0.0077153449476656,-0.0177105497167953,73.39594146728516,74.40673385620117,-0.0135846896716294,0,0.0306004112777397,0.0397546997271276,0.7697112989526721,23.049999237060547,-0.0030277508491289,-0.3600482437077,0.0475361883834721,1,0.112055145
2021-02-12,72.70950317382812,22.040000915527344,15163.2998046875,-0.0013431837667785,-0.0013431837667785,-0.0032380033383051,-0.0109366750934377,-0.0171708254784112,73.36915557861329,74.38892387390136,-0.0137086039450807,0,0.0295936452318731,0.0396698841602667,0.7459789681600615,22.040000915527344,-0.0589239605581153,-0.4437093532535054,0.0411887019442736,1,0.059305657
2021-02-16,72.63870239257812,21.780000686645508,15313.4501953125,0.0006047200957295,0.0006047200957295,-0.0020072223947696,-0.0071933098662413,-0.0177747396781701,73.34142562866211,74.37118587493896,-0.0138462259833865,0,0.0255338679586761,0.0396913100483907,0.6432950848047546,21.780000686645508,-0.0909849115662071,-0.4678935822470692,0.0513977559682898,2,0.11145727
2021-02-18,72.79730224609375,21.540000915527344,15118.9501953125,-0.0018879182437674,-0.0018879182437674,-0.0018181688842469,-0.0050922134085464,-0.0199820505620342,73.32427169799804,74.35284740447997,-0.0138337097016133,0,0.0260918833731475,0.0387646059982687,0.6730678574794576,21.540000915527344,-0.1124845278428099,-0.4904999758992899,0.035856737643128,1,0.07357094
2021-02-19,72.60540008544922,22.25,14981.75,-0.0026361163768926,-0.0026361163768926,-0.0034245668004679,-0.0065975708312691,-0.026345710304614,73.30312774658204,74.33958190917969,-0.0139421575421809,0,0.0271451134497868,0.0381708547506969,0.7111290144813114,22.25,-0.0709812404503158,-0.4370915565768851,0.0379701529941356,0,0.11132336
2021-02-22,72.5530014038086,25.46999931335449,14675.7001953125,-0.0007216912458157,-0.0007216912458157,-0.0034927179068884,-0.0082832625724051,-0.0308822083207434,73.27688980102539,74.32434440612793,-0.0140930217881098,0,0.0266580443022726,0.0371895193369187,0.7167967744889613,25.46999931335449,0.104989160798018,-0.1830713579751749,0.0276165612387428,1,0.11449613
2021-02-23,72.44400024414062,25.229999542236328,14707.7998046875,-0.001502365960869,-0.001502365960869,-0.0036515574732062,-0.0101750351220042,-0.0265271250769801,73.24996383666992,74.30731441497802,-0.0142294279726381,0,0.0266378825866409,0.037242183358575,0.7152418290932088,25.229999542236328,0.1447367737839615,-0.2065761471352082,0.0128536244747525,1,0.0564391
2021-02-24,72.37699890136719,24.170000076293945,14982.0,-0.0009248708319203,-0.0009248708319203,-0.0036028106586561,-0.011133789875945,-0.0282318447997854,73.21710388183594,74.28834941864014,-0.0144201014720002,0,0.0265467812707313,0.0371772432732752,0.7140407650679375,24.170000076293945,0.1097336691597936,-0.2961743396391958,0.0230322096177471,1,0.071512945
2021-02-25,72.4000015258789,22.88999938964844,15097.349609375,0.0003178167768889,0.0003178167768889,-0.0054576297191859,-0.0070071114374947,-0.027143196624121,73.19057586669922,74.26959293365479,-0.0145283826709466,0,0.0240680152490248,0.037195708873181,0.647046902216073,22.88999938964844,0.0626740212043321,-0.4034614286965404,0.0347489959852798,2,0.087151445
2021-02-26,73.1509017944336,28.13999938964844,14529.150390625,0.0103715504520573,0.0103715504520573,0.0075132387996261,0.0021233901204664,-0.0128030371125191,73.17489395141601,74.25494743347168,-0.0145452056648931,0,0.0445831759601576,0.042158122075991,1.057497731565597,28.13999938964844,0.2647190736920648,0.0171825289619635,0.0203842987897509,4,0.0025224648
2021-03-01,73.59590148925781,25.6299991607666,14761.5498046875,0.0060833111268367,0.0060833111268367,0.0143743203626371,0.009269107752122,-0.0076386121288223,73.17227798461914,74.24530193328857,-0.014452415448907,0,0.0491938063856358,0.0439256003665199,1.119909257150947,25.6299991607666,0.0062818944532998,-0.190515998756489,0.0568498159790584,4,0.02553311
2021-03-02,73.30940246582031,23.61000061035156,14919.099609375,-0.0038928665542512,-0.0038928665542512,0.0119458094357467,0.0037282519939425,-0.012600206259554,73.1637060546875,74.2302989578247,-0.014368700087591,0,0.0510432635455546,0.0445156908146321,1.1466095662433478,23.61000061035156,-0.0642092335028705,-0.3587394096304808,0.0797210663437455,0,0.050448887
2021-03-03,73.27749633789062,22.09000015258789,15245.599609375,-0.0004352255898493,-0.0004352255898493,0.0124417625791668,0.004643610187784,-0.0092387295895789,73.15205596923828,74.21828643798828,-0.0143661423608975,0,0.0508234350288137,0.0438887217698724,1.1579803420786523,22.09000015258789,-0.0860570921448249,-0.4864657640413281,0.1181552848014908,2,0.11361109
2021-03-04,72.88069915771484,24.14999961853028,15080.75,-0.0054149936884593,-0.0054149936884593,0.0066394699130511,-0.0003552736528013,-0.0121876072529603,73.13447387695312,74.20555892944336,-0.0144340271529879,0,0.0543007482692595,0.0449250507150227,1.2086695225828534,24.14999961853028,0.0550458830266131,-0.320923203472688,0.0559861771946825,0,0.035754573
2021-03-05,73.13179779052734,25.559999465942383,14938.099609375,0.0034453378701693,0.0034453378701693,-0.0002611588297288,0.0001641284321154,-0.0123837232544424,73.12477783203126,74.19379291534423,-0.0144084166789091,0,0.0546986102798876,0.0448585311090111,1.2193308518309525,25.559999465942383,-0.0916844342454085,-0.2086938466501945,0.0198151952498359,4,0.058511905
2021-03-08,73.1333999633789,24.68000030517578,14956.2001953125,2.190801949319976e-05,2.190801949319976e-05,-0.0062843380748099,0.0029774146109486,-0.0120472478031989,73.11684982299805,74.18035991668701,-0.0143368149586144,0,0.0538243964830577,0.0447841452306591,1.2018359258598623,24.68000030517578,-0.0370658949160264,-0.2832250750632862,0.0112407410305337,2,0.05467369
2021-03-09,73.33000183105469,22.5,15098.400390625,0.0026882637450771,0.0026882637450771,0.0002809921311797,0.0064783566801023,-0.0044124221523107,73.11137786865234,74.16900943756103,-0.0142597504932171,0,0.0545002523520433,0.0440411059592828,1.2374579090843003,22.5,-0.0470140017643578,-0.4641013617728827,0.0136113559786288,4,0.09234199
2021-03-10,72.7759017944336,20.75,15174.7998046875,-0.0075562528676555,-0.0075562528676555,-0.0068451375732615,-0.0023277561386776,-0.0120372602925872,73.08818984985352,74.15288894653321,-0.0143581607110058,0,0.0605666982843938,0.0465339251296669,1.3015320883321115,20.75,-0.0606609390372008,-0.6067701690298276,0.0167881002186038,0,0.008407586
2021-03-12,72.63899993896484,21.709999084472656,15030.9501953125,-0.0009215379967577,-0.0009215379967577,-0.0033163680033716,-0.0020031343654524,-0.0165964993461837,73.05556991577149,74.13718395233154,-0.0145893596019981,0,0.0601991414540046,0.0461793582847744,1.303565924776556,21.709999084472656,-0.1010352203974948,-0.5265886440045595,-0.0056133059759555,1,0.10392519
2021-03-15,72.68299865722656,21.229999542236328,14929.5,0.000605717566303,0.000605717566303,-0.006136853555635,-0.0033854764920596,-0.0150060350448238,73.03243392944336,74.12247394561767,-0.0147059313882865,0,0.0597635029565199,0.046179970277613,1.2941153595789938,21.229999542236328,-0.1694053213684764,-0.5646378884254625,-0.011899942883635,3,0.104656175
2021-03-16,72.51529693603516,20.190000534057617,14910.4501953125,-0.0023073032798535,-0.0023073032798535,-0.0084517201121958,-0.0046613148254671,-0.0203282866154006,73.00895980834962,74.1045004272461,-0.0147837258544378,0,0.0601424149918485,0.045873933007878,1.311008235838084,20.190000534057617,-0.1819286756725259,-0.6482136109770873,-0.012977844284745,0,0.10278108
2021-03-17,72.5156021118164,20.15999984741211,14721.2998046875,4.208433173946702e-06,4.208433173946702e-06,-0.0111059552557298,-0.004006392959529,-0.016422884250549,72.98837387084961,74.08797843933105,-0.0148418757218741,0,0.0601352922173742,0.0452601541299427,1.3286292268360749,20.15999984741211,-0.1040000067816839,-0.6493247310507948,-0.0297891695160708,2,0.06961158
2021-03-18,72.29560089111328,20.07999992370605,14557.849609375,-0.0030338467074146,-0.0030338467074146,-0.006599724517011,-0.005692547255141,-0.0221734864626355,72.96521392822265,74.06880645751953,-0.0148995586951953,0,0.0608014875671698,0.0451753686411043,1.345869298397942,20.07999992370605,-0.0322891603033228,-0.6535648211385191,-0.0399286568959966,0,0.060864527
2021-03-19,72.6688003540039,19.989999771118164,14744.0,0.0051621323882862,0.0051621323882862,0.0004102536525021,0.000414351584409,-0.0143489329856058,72.9559098815918,74.05235046386719,-0.0148062900827217,0,0.0636733647956608,0.0461827000349066,1.3786977818480362,19.989999771118164,-0.0792261347714502,-0.6569192052380266,-0.0371862766423997,4,0.026589701
2021-03-22,72.40499877929688,20.489999771118164,14736.400390625,-0.0036301903075588,-0.0036301903075588,-0.0038248267554388,-0.0053889835844559,-0.0180775204353611,72.94216979980469,74.03680946350097,-0.0147850734199442,0,0.0645624783238515,0.0466878714308694,1.3828237082030763,20.489999771118164,-0.0348563253449892,-0.6120683274695754,-0.0253026698114334,0,0.04757433
2021-03-23,72.38050079345703,20.670000076293945,14814.75,-0.0003383466093896,-0.0003383466093896,-0.0018588649329674,-0.0030975559907046,-0.020031137349966,72.92337982177735,74.0200619506836,-0.014816012037884,0,0.0639595381675151,0.0465285090127555,1.374601613569171,20.670000076293945,0.0237741223149865,-0.5916675646907108,-0.0111468953893903,2,0.08668319
2021-03-24,72.61219787597656,22.459999084472656,14549.400390625,0.0032010980855285,0.0032010980855285,0.0013320687044866,0.0008159065927335,-0.0155586896562781,72.90812774658202,74.00779392242431,-0.0148587887512897,0,0.0649111435299062,0.0469883911661735,1.3813999696304675,22.459999084472656,0.1140872646065913,-0.438776754453495,-0.0086060496607747,4,0.060649663
2021-03-25,72.64559936523438,22.700000762939453,14324.900390625,0.0004599983230759,0.0004599983230759,0.0048412139854572,0.0027828270169283,-0.0131899689866645,72.89383972167968,73.99329692840575,-0.0148588757680291,0,0.0646590746698281,0.046872450481617,1.3794391922392473,22.700000762939453,0.130478129939646,-0.4124667965554005,-0.0260337656989637,2,0.11138674
2021-03-26,72.61280059814453,20.64999961853028,14507.2998046875,-0.0004514900747799,-0.0004514900747799,-0.000770616214752,0.0032579645516759,-0.0124711315917971,72.87717575073242,73.97890644073486,-0.0148924976457315,0,0.0645773432904363,0.0468309920934033,1.3789151476119368,20.64999961853028,0.0330165009989489,-0.5795143481337409,-0.0316847013290949,2,0.09477604
2021-03-30,72.74189758300781,20.489999771118164,14845.099609375,0.0040677988234587,0.0040677988234587,0.0046529771340493,0.0047223211315361,-0.0117073345681429,72.86454574584961,73.96502742767333,-0.014878405647856,0,0.065949287226035,0.0475342040422218,1.3873778088226456,20.489999771118164,0.0,-0.5895002370866865,-0.0167082306846335,4,0.033834822
2021-03-31,73.44529724121094,20.64999961853028,14690.7001953125,0.0096698007829731,0.0096698007829731,0.0147110953375741,0.0040244951129193,-0.0066274901845535,72.86318176269532,73.9541289138794,-0.0147516733305655,0,0.0646424947225301,0.0505930046815359,1.2776710428324929,20.64999961853028,-0.0009676080159577,-0.5752280158027251,0.0111190124917242,4,0.0051161647
2021-04-01,73.20349884033203,19.989999771118164,14867.349609375,-0.0032922244168307,-0.0032922244168307,0.0081432731917221,-0.005331854641159,-0.0143597394767613,72.86395172119141,73.94259738922119,-0.0145876085790166,0,0.0622877208004802,0.050150431583906,1.2419928770382058,19.989999771118164,-0.1099732597523606,-0.6333530553318826,0.0071672558835187,0,0.07115386
2021-04-05,73.3759994506836,21.21999931335449,14637.7998046875,0.001210296199851,0.001210296199851,0.0100542922328583,0.0009084371529877,-0.0062811456108646,72.86807373046875,73.93010238647462,-0.0143653075232337,0,0.060857005894987,0.0488856679830172,1.2448589442857545,21.21999931335449,-0.0651982995525378,-0.5200174042404009,-0.0188550121691482,3,0.06660488
2021-04-06,73.27950286865234,20.84000015258789,14683.5,-0.0013150973445493,-0.0013150973445493,0.0091816079949524,2.7382632622474645e-05,-0.0055571402169991,72.87191177368165,73.91454990386963,-0.0141059930899125,0,0.0610397146598177,0.0488098787721764,1.2505350486460016,20.84000015258789,0.0092009945553275,-0.5660851299641788,-0.0368696295178411,1,0.06666046
2021-04-07,73.48999786376953,20.25,14819.0498046875,0.0028724948570473,0.0028724948570473,0.010284310770255,0.0083602203751662,-0.0007464980413762,72.8785317993164,73.90221588134766,-0.0138518726376866,0,0.058279635986415,0.0490122464146455,1.1890588820290968,20.25,-0.0117130197071284,-0.6370012159521835,-0.017353261297515,4,0.08624593
2021-04-08,74.40149688720703,20.309999465942383,14873.7998046875,0.0124030351059087,0.0124030351059087,0.0130192086071312,0.0173617924765983,0.0129047302006395,72.90278778076171,73.89433338165283,-0.0134184254125405,1,0.0708772754713337,0.0548637874178483,1.2918536425109035,20.309999465942383,-0.0164648987345643,-0.6389689567894582,-0.0043044166506391,4,0.0001968079
2021-04-09,74.54450225830078,19.790000915527344,14834.849609375,0.0019220765317469,0.0019220765317469,0.0183188432139518,0.0192949089694787,0.019286508613765,72.92983978271485,73.88378089904785,-0.012911373845857,1,0.0708763310944231,0.0541748143091044,1.308265173275156,19.790000915527344,-0.0100049453667219,-0.7098456186119484,-0.0081137310515229,3,0.10498126
2021-04-12,74.72949981689453,23.0,14310.7998046875,0.0024817062692661,0.0024817062692661,0.0184460910426254,0.0190849304635796,0.0224032299564262,72.96621185302735,73.87467838287354,-0.0122974008108414,1,0.0708186608923552,0.0543454117477819,1.3030972720153045,23.0,0.0838831641962067,-0.3291830993014698,-0.0521645052164958,4,0.1069382
2021-04-13,74.99099731445312,20.459999084472656,14504.7998046875,0.0034992539519109,0.0034992539519109,0.0233557049215862,0.0304372115686921,0.0227904749943264,73.00611373901367,73.86763137817383,-0.0116629926137676,1,0.063995093012843,0.0544294279591716,1.175722760453874,20.459999084472656,-0.0182342161868001,-0.6566372802809559,-0.0441521475487958,4,0.044949442
2021-04-15,75.0261001586914,20.88999938964844,14581.4501953125,-0.0020670395029931,-0.0020670395029931,0.020902195394935,0.0328625149263113,0.022504981085289,73.04823577880859,73.86150138854981,-0.011010683433891,1,0.064668984386968,0.054637272965763,1.1835839765193608,20.88999938964844,0.0316049081307872,-0.6048124058667128,-0.0299049623715857,1,0.09258126
2021-04-16,74.72740173339844,20.39999961853028,14617.849609375,-0.0039812601836051,-0.0039812601836051,0.0043803533507595,0.0281276655330813,0.0186396007588627,73.08204177856446,73.85618938446045,-0.0104818243717685,1,0.067348826733959,0.0552996646567494,1.2178664967589885,20.39999961853028,0.0044313222528054,-0.6757303149371445,-0.0208748042884892,0,0.041718304
2021-04-19,74.56320190429688,22.489999771118164,14359.4501953125,-0.0021973175206515,-0.0021973175206515,0.000250852114235,0.0282410064467935,0.0152112132966659,73.11452987670899,73.8509663772583,-0.0099719277441452,1,0.067276386379545,0.0554812677541699,1.212574559454425,22.489999771118164,0.1364324775484162,-0.3732722654248644,-0.036953947921252,0,0.09923668
2021-04-20,74.8781967163086,22.43000030517578,14296.400390625,0.0042245344079512,0.0042245344079512,0.0019898018825015,0.0325805004121617,0.0205087802081229,73.15396179199219,73.84550735473633,-0.0093647614799654,1,0.0678626722429103,0.0560063589919307,1.2116742061108008,22.43000030517578,-0.0247825954271398,-0.3767473781656342,-0.0288629006745182,4,0.033344008
2021-04-22,75.42949676513672,23.030000686645508,14406.150390625,-0.0002611919697271,-0.0002611919697271,0.0058473612351743,0.0433483619389718,0.0260632463434147,73.20015579223633,73.84495582580567,-0.0087318087790636,1,0.0662035833059926,0.0559175430365028,1.183928974379319,23.030000686645508,0.1256110321199015,-0.2780451544843171,-0.0104204413990036,2,0.083182245
2021-04-23,75.0916976928711,22.690000534057617,14341.349609375,-0.0044783418523581,-0.0044783418523581,0.0008743295205393,0.033341644929655,0.0263335850917054,73.2436637878418,73.84231533050537,-0.0081071610496517,1,0.0680680440828335,0.0558249276610411,1.2192908731606396,22.690000534057617,0.0861656867879625,-0.3243762305877731,-0.0273094404927428,0,0.027627256
2021-04-26,74.86810302734375,23.5,14485.0,-0.0029776216598785,-0.0029776216598785,0.001882860780404,0.0340184281413338,0.0232090526848112,73.28386581420898,73.83815586090088,-0.0075068240834196,1,0.067526865893479,0.0561958420177916,1.201613177340115,23.5,0.1519608058548123,-0.183293170596245,-0.0170598235634894,0,0.061281323
2021-04-27,74.81490325927734,23.07999992370605,14653.0498046875,-0.0007105798853614,-0.0007105798853614,0.0033756779289539,0.0336334018020552,0.023633318573013,73.3212498474121,73.83348037719726,-0.0069376457288522,1,0.0676441107584185,0.0561622721971937,1.2044189754634418,23.07999992370605,0.026233888776894,-0.2442977201086291,-0.0109148109358916,1,0.10906458
2021-04-28,74.57499694824219,22.57999992370605,14864.5498046875,-0.0032066647229862,-0.0032066647229862,-0.0040492397168049,0.0270312582414615,0.0193551091781749,73.35705383300781,73.82908084869385,-0.0063935106635475,1,0.0688348424461765,0.0565507719268357,1.2172004536874994,22.57999992370605,0.006687455037424,-0.3222948132832616,0.0216606461848123,0,0.041354395
2021-04-29,74.31179809570312,23.309999465942383,14894.900390625,-0.0035293176441124,-0.0035293176441124,-0.0148177930036276,0.0229359898607448,0.0153452693420164,73.38469177246094,73.82703483581543,-0.0059916135645731,1,0.0704877614647811,0.0570211486726071,1.2361470604955076,23.309999465942383,0.01215800134384,-0.1853388198212642,0.0397908526032781,0,0.026509743
2021-04-30,74.10579681396484,23.030000686645508,14631.099609375,-0.0027721208074252,-0.0027721208074252,-0.0131292927074126,0.0205610609082946,0.012486280945595,73.40970977783203,73.82416732788086,-0.005614117504476,1,0.0714017639464995,0.0573052340916093,1.2459685246871592,23.030000686645508,0.014984581074714,-0.2258320063851143,0.0085336214425995,0,0.06768113
2021-05-03,74.09480285644531,23.690000534057617,14634.150390625,-0.0001483548924942,-0.0001483548924942,-0.0103288335035817,0.0185987074628299,0.0162377177518686,73.43545989990234,73.82160335540772,-0.0052307649516405,1,0.0702696898572788,0.0567645850439801,1.2378924625340553,23.690000534057617,0.0080851291088348,-0.093185552541733,-0.0142100237991519,2,0.078142375
2021-05-04,73.8375015258789,23.01000022888184,14496.5,-0.0034725961963204,-0.0034725961963204,-0.0130642651506367,0.0053400871042823,0.0115293937875893,73.45801986694336,73.81516586303711,-0.0048383823556859,1,0.0626404701442909,0.057200349916603,1.0950872704161332,23.01000022888184,-0.0030329157303121,-0.2120599387882686,-0.0132192606703978,0,0.04150774
2021-05-06,73.79940032958984,22.040000915527344,14724.7998046875,0.0002778597006023,0.0002778597006023,-0.0104002232704164,0.0081403416325436,0.0120598214855556,73.48123382568359,73.80946334838868,-0.0044469842729489,0,0.0616880695051885,0.0571840441747712,1.078744808111977,22.040000915527344,-0.0239149251551492,-0.3903739434569748,-0.0095881114275816,2,0.08861387
2021-05-07,73.61519622802734,20.81999969482422,14823.150390625,-0.002496010817701,-0.002496010817701,-0.0093740413437265,0.0032598776048633,0.0079150797143543,73.49759170532226,73.80083934783936,-0.0041089999137789,0,0.0620267417723087,0.0573164509712234,1.0821615532667297,20.81999969482422,-0.1068210994494546,-0.6222677058988448,0.0126624621466775,0,0.088538446
2021-05-10,73.29029846191406,20.229999542236328,14942.349609375,-0.0044134605728264,-0.0044134605728264,-0.0110045149922347,0.0001473207764668,0.004819128904167,73.51128967285156,73.79149833679199,-0.0037973028093497,0,0.0635856797020448,0.0579293058710319,1.0976237522999317,20.229999542236328,-0.1215805931796096,-0.7329963904253861,0.0176286041730513,0,0.020816457
2021-05-12,73.3750991821289,20.07999992370605,14696.5,-0.0016993308553889,-0.0016993308553889,-0.0097132814525573,-0.0015634601303651,0.006426005654659,73.52773162841797,73.78112384796142,-0.0034343773356667,0,0.0625577513623198,0.0580165080736181,1.0782564339533598,20.07999992370605,-0.1523849948910595,-0.7569258431031588,-0.0082697478112756,1,0.09415454
2021-05-14,73.44490051269531,20.270000457763672,14677.7998046875,-0.0032124975213808,-0.0032124975213808,-0.005317095040736,-0.0128572194718329,0.0044461797516224,73.54774963378907,73.77047336578369,-0.00301914467717,0,0.0412792646173897,0.0580181564165323,0.7114764703064059,20.270000457763672,-0.1190786503200012,-0.7132507780340558,-0.0131775338228117,0,0.065188676
2021-05-17,73.27890014648438,19.61000061035156,14923.150390625,-0.0022602027513434,-0.0022602027513434,-0.0070529053187546,-0.0169778061892615,0.0049728557848802,73.5657876586914,73.76124336242675,-0.0026498428554813,0,0.0395558107807701,0.0579324936098863,0.6827796550149688,19.61000061035156,-0.110254092751141,-0.853195208106757,0.0059522532128803,0,0.114667736
2021-05-18,73.26969909667969,19.239999771118164,15108.099609375,-0.0001255620620164,-0.0001255620620164,-0.0046932854770563,-0.0195344639505377,0.0056506818474071,73.58318161010742,73.75171936035156,-0.0022852043546356,0,0.0371305715574055,0.0579189136319249,0.6410674538184987,19.239999771118164,-0.0758885661318639,-0.9409055246602108,0.0557131547900169,2,0.06269991
2021-05-19,73.1281967163086,19.31999969482422,15030.150390625,-0.0019312537394807,-0.0019312537394807,-0.0022117763061055,-0.0248403230368228,0.0025017939808218,73.58272750854492,73.74287384033204,-0.002171685526304,0,0.0319225110694538,0.0579560563670748,0.550795935308904,19.31999969482422,-0.0449826924371503,-0.9305063398428192,0.036219085613834,1,0.09751005
2021-05-21,73.02189636230469,19.07999992370605,15175.2998046875,-0.0027450978757739,-0.0027450978757739,-0.0048136605437154,-0.0267134209581403,0.0032575304382609,73.57124740600585,73.7330333328247,-0.0021942122750947,0,0.0320338320032239,0.0580411447137611,0.5519064149197284,19.07999992370605,-0.0498007970019671,-0.989532693687821,0.0407263750464206,0,0.093753174
2021-05-24,72.90979766845703,19.1299991607666,15197.7001953125,-0.0015351380809321,-0.0015351380809321,-0.0072857726064423,-0.0243231267618,-0.0002756544884919,73.5632553100586,73.72373233795166,-0.0021767349916229,0,0.0312438923178468,0.0579210328002814,0.5394129108965771,19.1299991607666,-0.0562408125926032,-0.9817919980983656,0.0396672972723441,1,0.065587886
2021-05-26,72.80490112304688,20.8700008392334,15301.4501953125,-0.0004352225904301,-0.0004352225904301,-0.0064684243689516,-0.0235813475862639,-0.0006862328372413,73.55380340576171,73.71365684509277,-0.0021685729099966,0,0.0316188623135388,0.0579022051085916,0.5460641125865284,20.8700008392334,0.0642529418493094,-0.576998667843809,0.0656013974899614,2,0.10742267
2021-05-27,72.67250061035156,19.90999984741211,15337.849609375,-0.0018185659296692,-0.0018185659296692,-0.0081506883976706,-0.0294571210670813,-0.0018514097980529,73.54963943481445,73.70298286437988,-0.0020805593424568,0,0.0227978888784773,0.0579800030968929,0.3931958341662267,19.90999984741211,0.0348232892029294,-0.80602009375077,0.0728469537991494,1,0.09221078
2021-05-28,72.68299865722656,17.399999618530273,15435.650390625,0.00014445693745,0.00014445693745,-0.0060879124479046,-0.0364114600480747,-0.0003645261684459,73.54066345214844,73.69259883880615,-0.0020617455355327,0,0.0232474277345373,0.0579468563546951,0.4011783903142389,17.399999618530273,-0.0993788875063134,-1.4290229311038185,0.0714625331601397,2,0.059729327
2021-06-01,72.48719787597656,17.389999389648438,15574.849609375,0.0012942680293033,0.0012942680293033,-0.0073224404317736,-0.0346842580060856,-0.0020857271896564,73.52773941040039,73.68003482818604,-0.0020669835205804,0,0.0243002493323781,0.0580055350133453,0.4189226149568748,17.389999389648438,-0.0885744518247017,-1.445972066086252,0.0860100362656004,3,0.046546113
2021-06-02,72.8550033569336,17.209999084472656,15576.2001953125,0.0050740750330331,0.0050740750330331,-0.0007515356409656,-0.0268886159660666,0.000792627048799,73.51823944091797,73.66885986328126,-0.002044560247611,0,0.0336044123864141,0.0588754967711721,0.5707610715532245,17.209999084472656,-0.1003659257984517,-1.508401625237399,0.0753331166939939,4,0.03271819
2021-06-03,72.96510314941406,15.75,15690.349609375,0.001511218000239,0.001511218000239,0.0022004291455108,-0.024725021744032,0.0049542191564471,73.52202346801758,73.65952938079835,-0.0018667769660853,0,0.0350421174959002,0.0587473711651288,0.5964781116638036,15.75,-0.2453282526758857,-1.9362728321585048,0.0707907103649965,3,0.036612056
2021-06-04,73.04419708251953,15.9399995803833,15670.25,0.0010839967284566,0.0010839967284566,0.0051146784415867,-0.0205269852948849,0.0067701634557761,73.53012741088867,73.64980037689209,-0.0016248919262646,0,0.0352666570524974,0.058778513083011,0.5999821230688376,15.9399995803833,-0.1993973027350287,-1.924934811253268,0.0542027983288417,3,0.07222389
2021-06-07,72.90969848632812,15.56999969482422,15751.650390625,-0.0018413317082458,-0.0018413317082458,0.003119021412018,-0.0188677928041693,0.0064283893851535,73.53466140747071,73.63975986480713,-0.0014271971762179,0,0.0342755405122602,0.0588163625028813,0.5827452822384053,15.56999969482422,-0.1051724117141462,-2.044817061095017,0.0575196864384033,1,0.07731078
2021-06-08,72.80940246582031,15.229999542236328,15740.099609375,-0.0013756197404467,-0.0013756197404467,0.0044449861394151,-0.0174938318442078,0.0059743229343121,73.5405435180664,73.62715686798096,-0.0011763777605844,0,0.0337153373022922,0.0588502251488482,0.5728910012836349,15.229999542236328,-0.124209311283695,-2.1397796358746533,0.0757974471918296,1,0.055463154
2021-06-09,72.97530364990234,14.75,15635.349609375,0.0022785681308112,0.0022785681308112,0.0016512289812049,-0.0151090112043612,0.0079461617665546,73.54973754882812,73.61578338623048,-0.0008971695248536,0,0.0354533303915085,0.0590326277034495,0.6005616082007597,14.75,-0.1429401054815939,-2.270863197746725,0.0684152610179127,3,0.108776286
2021-06-10,72.98529815673828,15.0,15737.75,0.0001369573860752,0.0001369573860752,0.0002767762458015,-0.0115416062506115,-0.0022638632420511,73.56353149414062,73.60629886627197,-0.0005810286998542,0,0.0342647204698631,0.0551182259414629,0.6216473450888534,15.0,-0.0476190476190476,-2.187738001106767,0.0856241161659709,2,0.056823153
2021-06-11,73.01229858398438,14.100000381469728,15799.349609375,0.0003699433711719,0.0003699433711719,-0.0004367013371249,-0.0106654219694232,-0.0079298288826399,73.57040145874024,73.5968613433838,-0.000359524634075,0,0.0342983135959238,0.0536364773727485,0.639446806149569,14.100000381469728,-0.1154328260571589,-2.433090658076098,0.0729755119893329,2,0.07351486
2021-06-14,73.23159790039062,14.720000267028809,15811.849609375,0.0030035941979555,0.0030035941979555,0.0044150424531361,-0.0052108579110283,-0.0010613176865813,73.5869334411621,73.58789531707764,-1.3071115995244575e-05,0,0.035857574385859,0.0535261167611472,0.6698954951350262,14.720000267028809,-0.0545921287383177,-2.2340467686650705,0.0666996686058929,4,0.086522676
2021-06-15,73.18080139160156,14.609999656677246,15869.25,-0.0006936419557327,-0.0006936419557327,0.0051009747807722,-0.0014940186165213,-0.0013195721895735,73.602939453125,73.57829933166504,0.0003348829978917,0,0.0328027466116608,0.0535336403701907,0.6127387124454498,14.609999656677246,-0.0407091204329769,-2.248851235477339,0.0620317697588506,1,0.11563422
2021-06-16,73.3447036743164,14.869999885559082,15767.5498046875,0.0022396896398795,0.0022396896398795,0.00506198680839,-0.0004142482688446,0.0063666309731393,73.61758956909179,73.57052284240723,0.0006397497919836,0,0.0334081831567789,0.0526751237706999,0.6342187079331305,14.869999885559082,0.0081355854616327,-2.16065904790072,0.0728778828079814,3,0.10506678
2021-06-17,73.8240966796875,15.289999961853027,15691.400390625,0.0065361639130729,0.0065361639130729,0.0114927053000164,0.005163001983053,0.0094664552229812,73.64115951538086,73.56578281402588,0.0010246163157883,1,0.0384335408791037,0.0538608708764376,0.7135574805277848,15.289999961853027,0.0193333307902017,-2.0254758912953967,0.0690567114571079,4,0.010017326
2021-06-18,74.25389862060547,14.800000190734863,15683.349609375,0.0058219735865217,0.0058219735865217,0.017005354723806,0.0133053098800892,0.0153212985829682,73.67398147583008,73.56190231323242,0.0015236033744805,1,0.0414032772493952,0.0551105980732963,0.7512625054771682,14.800000190734863,0.0496453752004912,-2.1543157895296563,0.0509409339751458,4,0.026066056
2021-06-21,74.1438980102539,15.0600004196167,15746.5,-0.0014814119176906,-0.0014814119176906,0.0124577386813844,0.0119312474918276,0.0110990884886974,73.702021484375,73.55810779571533,0.0019564626248862,1,0.0420503288798173,0.0549390603539893,0.7653855603521186,15.0600004196167,0.0230978360339744,-2.063695776004178,0.0422555057969604,1,0.057484575
2021-06-22,74.13520050048828,14.739999771118164,15772.75,-0.0001173058066683,-0.0001173058066683,0.0130416597077092,0.0137703899370884,0.0186778682577404,73.71581954956055,73.55378379821778,0.0022029560272152,1,0.0410535694541879,0.0527437634906354,0.778343985967001,14.739999771118164,0.0088980231003292,-2.1380480009551603,0.0494073306038369,2,0.059469454
2021-06-23,74.33219909667969,15.369999885559082,15686.9501953125,0.0026572882363771,0.0026572882363771,0.0134637591113355,0.0179439702287902,0.0233097806844471,73.7383935546875,73.55146980285645,0.002541400631858,1,0.0393544248158316,0.0529386622055183,0.7433826204453822,15.369999885559082,0.0336247480731706,-1.9413617762072,0.0337159988408899,4,0.100971386
2021-06-24,74.24690246582031,15.100000381469728,15790.4501953125,-0.0011475058170744,-0.0011475058170744,0.0057272056841726,0.0183391648327362,0.0215167761028838,73.75581161499024,73.54787033081055,0.0028272917114307,1,0.0390505749151756,0.0529985641509245,0.7368093594878072,15.100000381469728,-0.0124263950855021,-2.0107471136433133,0.0390026117361379,1,0.060455065
2021-06-25,74.19029998779297,13.369999885559082,15860.349609375,-0.0007623547400297,-0.0007623547400297,-0.0008565022711797,0.0190289230996227,0.023098616740621,73.77402755737305,73.54382232666016,0.0031301776740726,1,0.0392293656434511,0.0527958605852886,0.7430245891245665,13.369999885559082,-0.0966216409963963,-2.496522092896683,0.0365259113958829,1,0.10222469
2021-06-28,74.21299743652344,13.399999618530272,15814.7001953125,0.0003059355297687,0.0003059355297687,0.0009319637640305,0.0211977957719049,0.0234073120166569,73.78848754882813,73.5402783203125,0.0033751467112286,1,0.0379120784782686,0.0527951103698515,0.7180846886765692,13.399999618530272,-0.1102258137339864,-2.464795218166018,0.0310897940768719,2,0.06773247
2021-06-29,74.285400390625,13.0,15748.4501953125,0.0009756101572839,0.0009756101572839,0.0020260266259848,0.0220464450146777,0.0275231061777689,73.78616561889649,73.53970531463624,0.0033513909690796,1,0.0377315211767973,0.0524076284236065,0.7199486479940368,13.0,-0.1180461192765791,-2.5643318341044963,0.0202647635034207,3,0.081364796
2021-06-30,74.28759765625,13.050000190734863,15721.5,2.9578700706300864e-05,2.9578700706300864e-05,-0.0006000285336866,0.0248374862462454,0.0222763730013453,73.78102752685547,73.53888080596924,0.0032927713643768,1,0.0379588408518086,0.0514502345886094,0.7377634600086387,13.050000190734863,-0.1509433774950108,-2.546576527260265,0.0094158463357956,2,0.06272577
2021-07-01,74.37100219726562,12.84000015258789,15680.0,0.0011227249722296,0.0011227249722296,0.0016714465832758,0.0208084382743736,0.027152868601814,73.7738575744629,73.53953533172607,0.0031863438037762,1,0.0352087362399946,0.0508978014692461,0.6917399864762701,12.84000015258789,-0.1496688855488536,-2.6095827700449457,0.0066640004228204,3,0.058897685
2021-07-02,74.54499816894531,12.09000015258789,15722.2001953125,0.0023395673923847,0.0023395673923847,0.0047809239376401,0.0216527483870752,0.0299044266309351,73.76493759155274,73.5433878326416,0.0030125041209048,1,0.0354810413016255,0.051054093881556,0.6949559506038503,12.09000015258789,-0.0957367048561995,-2.835311409194577,0.0020299474983316,3,0.10871942
2021-07-06,74.31780242919922,12.279999732971191,15818.25,-0.0022017975354208,-0.0022017975354208,0.0014122188335732,0.0174360920860128,0.0234892291256059,73.7507716369629,73.54933532714844,0.0027387917092447,1,0.0371942022529014,0.0509453068425411,0.7300667027318966,12.279999732971191,-0.0835820833912772,-2.7634047774150443,0.0094446482985275,1,0.09974023
2021-07-07,74.76290130615234,12.210000038146973,15879.650390625,0.0059891286125846,0.0059891286125846,0.006427924101054,0.025417781972747,0.0291456324872891,73.75148162841796,73.55479984283447,0.0026739490285303,1,0.0398104367087546,0.0522418412662261,0.7620266383653067,12.210000038146973,-0.0607692278348482,-2.7585327138367477,0.008126132616312,4,0.016764423
2021-07-08,74.8218994140625,13.5600004196167,15727.900390625,0.0007891361474665,0.0007891361474665,0.0071923413149643,0.0276406189322448,0.0304229942616263,73.75665557861328,73.56255935668945,0.0026385191545972,1,0.0387098377945222,0.0522290105024992,0.7411416812307539,13.5600004196167,0.0390804767377643,-2.339860413941416,-0.0007750407591279,3,0.11690728
2021-07-09,74.72139739990234,12.9399995803833,15689.7998046875,-0.0013432165575479,-0.0013432165575479,0.0047114492515147,0.0239271871807049,0.0272126502423952,73.75351959228516,73.56992385864258,0.0024955270307922,1,0.0396285578479587,0.0517664346394882,0.7655113320552687,12.9399995803833,0.0077881173369966,-2.507494015750995,0.0034825057752372,1,0.05768279
2021-07-12,74.4905014038086,12.989999771118164,15692.599609375,-0.0030900920503134,-0.0030900920503134,-0.0007310586420997,0.0206233760097525,0.0142310563352336,73.7347396850586,73.57513687133789,0.0021692492940899,1,0.0421829079385066,0.0484915217436389,0.8698848074247655,12.989999771118164,0.0744416548528847,-2.4742664024180137,-0.0028689228526949,0,0.08264432
2021-07-13,74.54170227050781,12.619999885559082,15812.349609375,0.0006873475910931,0.0006873475910931,0.0030127349570365,0.0209472063773501,0.0182805938428518,73.72373977661132,73.58139389038087,0.0019345364188467,1,0.0421359283559181,0.0480366827731462,0.8771432326347086,12.619999885559082,0.0276873094447231,-2.5676457458160584,0.0008228186806047,3,0.12032463
2021-07-14,74.65910339355469,12.59000015258789,15853.9501953125,0.0015749723909017,0.0015749723909017,-0.0013883612163819,0.0194930267001103,0.0174866980003929,73.71955978393555,73.58643939971924,0.0018090341821432,1,0.0415803826599993,0.0480768845201017,0.8648546639487477,12.59000015258789,0.0311220403975189,-2.551863749124763,0.0026625971646314,3,0.042312782
2021-07-15,74.46910095214844,12.270000457763672,15924.2001953125,-0.0025449333406092,-0.0025449333406092,-0.0047151765014903,0.0176043379690937,0.0162337084304236,73.71264373779297,73.58985092163086,0.0016686107476,1,0.0429809454068908,0.0482856625621177,0.8901204416767992,12.270000457763672,-0.0951327376057331,-2.623177630986557,0.0034626838264253,0,0.110865116
2021-07-16,74.53700256347656,11.710000038146973,15923.400390625,0.0009118091995197,0.0009118091995197,-0.0024677648283116,0.01625610070571,0.0142469006686853,73.71188385009765,73.59478591918945,0.0015911172163307,1,0.0426950065263668,0.0479818314495679,0.8897975637648898,11.710000038146973,-0.0950540635334312,-2.76369883978775,0.0098842615287739,3,0.08531394
2021-07-19,74.63179779052734,12.68000030517578,15752.400390625,0.0012717874852836,0.0012717874852836,0.0018968376377652,0.0109408871515805,0.0030953799715811,73.71828384399414,73.60030841827393,0.0016029202629119,1,0.0373637622649762,0.0409795408552431,0.9117440005723074,12.68000030517578,-0.0238644704699405,-2.446172908001416,0.0038874796692107,3,0.054734312
2021-07-20,74.99340057373047,13.210000038146973,15632.099609375,0.0048451570765861,0.0048451570765861,0.0060596724982677,0.0099590993451188,0.0060218835974548,73.73603591918945,73.60788242340088,0.0017410295143585,1,0.0357492142307159,0.041980774458381,0.8515412864731627,13.210000038146973,0.0467512011044486,-2.2605908252922235,-0.0032677968212456,4,0.041065462
2021-07-22,74.44020080566406,11.890000343322754,15824.0498046875,-0.0011646734885938,-0.0011646734885938,-0.0029320280841936,0.0039963207136637,-0.0038712825850476,73.74294387817383,73.61200843811035,0.0017787239180353,1,0.0355426022963135,0.0417058198885584,0.8522012081305681,11.890000343322754,-0.0555996664639635,-2.6159617146884746,0.0049248915433588,1,0.047652133
2021-07-23,74.4520034790039,11.760000228881836,15856.0498046875,0.0001585524113598,0.0001585524113598,-0.0002295915074296,0.004273313842505,-0.0071874472236861,73.75523391723632,73.61526844024658,0.001901310420451,1,0.035492119269024,0.0410488077302696,0.8646110964084371,11.760000228881836,-0.0415648092791341,-2.6119593185996863,0.0052812480187347,2,0.05645582
2021-07-26,74.44889831542969,12.449999809265137,15824.4501953125,-4.1706917599526605e-05,-4.1706917599526605e-05,-0.0011820202720366,0.0015699686026806,-0.0076933472756927,73.76822387695313,73.61975944519043,0.0020166383710236,1,0.0346887028615457,0.040873818840296,0.8486570422997985,12.449999809265137,0.063193831657345,-2.375085031803148,0.0087652474373947,2,0.056447364
2021-07-27,74.28949737548828,13.229999542236328,15746.4501953125,-0.0021410785592292,-0.0021410785592292,-0.0045865224364528,0.00057369275018,-0.0058600238701252,73.78170989990234,73.6232889175415,0.0021517781219779,1,0.0354155690296743,0.04033814155568,0.8779455304171571,13.229999542236328,0.0433753331091046,-2.124054721140941,-0.0027864943339653,1,0.10854672
2021-07-28,74.5022964477539,13.6899995803833,15709.400390625,0.002864457019948,0.002864457019948,-0.0065486312424748,0.0042053537997861,-0.0008168299507999,73.80594985961915,73.62812641143799,0.0024151565013004,1,0.0361783110139442,0.0405577571455929,0.8919975255670611,13.6899995803833,0.0363360742505842,-1.968269225663998,-0.0095173954211434,4,0.10777874
2021-07-29,74.38999938964844,12.949999809265137,15778.4501953125,-0.001507296599699,-0.001507296599699,-0.0006743858220732,0.0023850532822959,-0.0065198862695611,73.82624786376954,73.63217739105225,0.0026356747768927,1,0.036864825477927,0.039709000317783,0.92835117559589,12.949999809265137,0.089150499187131,-2.1557842121168704,-0.0022921711794918,1,0.060518265
2021-07-30,74.25199890136719,12.800000190734863,15763.0498046875,-0.0018550946284918,-0.0018550946284918,-0.0026863558842056,-0.0004496373322641,-0.0156105756271432,73.84238983154297,73.63592239379882,0.0028038955856353,1,0.0376554267362702,0.0398549922800709,0.9447870842522978,12.800000190734863,0.0884353691846748,-2.1723886374935595,0.0009270505474465,1,0.08810304
2021-08-02,74.37909698486328,12.8100004196167,15885.150390625,0.0017117126188741,0.0017117126188741,-0.0009375737203076,0.0012316905042033,-0.0094897402762471,73.86439376831055,73.63892589569092,0.0030618028424125,1,0.0379424166504845,0.0390526823133887,0.9715451758431703,12.8100004196167,0.0289157121178149,-2.1476590818161525,0.0104093369350888,3,0.05330155
2021-08-03,74.33200073242188,13.75,16130.75,-0.0006331920438747,-0.0006331920438747,0.0005721314376212,-0.0005244176317579,-0.0071606234597139,73.88563980102539,73.64217388153077,0.0033060664380479,1,0.0380078463720334,0.0386238190824622,0.9840265216747924,13.75,0.0393046466935684,-1.862916779942448,0.0287468112244897,1,0.11877958
2021-08-04,74.21440124511719,13.210000038146973,16258.7998046875,-0.0015820842456268,-0.0015820842456268,-0.0038642460214446,-0.0044348639338467,-0.0080265025816991,73.90736389160156,73.64474937438965,0.003565963893459,1,0.0378033804671062,0.0387246231377466,0.9761852077277112,13.210000038146973,-0.0350620567530279,-1.9955123203380436,0.0341300583066601,1,0.07323955
2021-08-05,74.18399810791016,12.869999885559082,16294.599609375,-0.00040966627362,-0.00040966627362,-0.00276920665988,-0.0018004343093505,-0.0052430285797181,73.93060592651368,73.6457943725586,0.0038673159327236,1,0.0369106397031837,0.0381991780467821,0.9662426090784398,12.869999885559082,-0.0061776003771689,-2.0666722878340624,0.0301139259636811,2,0.09820421
2021-08-06,74.08200073242188,12.609999656677246,16238.2001953125,-0.0013749242166742,-0.0013749242166742,-0.002289475993382,-0.0091074658933071,-0.0030923402362744,73.95404998779297,73.6469793701172,0.00416949371586,1,0.0306823378278387,0.0376308161494133,0.815329712124911,12.609999656677246,-0.0148437915020616,-2.114319835189359,0.0225792001629443,1,0.052808363
2021-08-09,74.49140167236328,12.609999656677246,16258.25,0.0055263213181853,0.0055263213181853,0.0015098958182142,-0.0044171257918788,0.0052034371800422,73.9877799987793,73.65091136932374,0.0045738555462855,1,0.0363487794272346,0.0387657524218332,0.9376276617579968,12.609999656677246,-0.0156128615447335,-2.088798834147657,0.0337203057116974,4,0.021021798
2021-08-10,74.46620178222656,12.710000038146973,16280.099609375,-0.0003382926025148,-0.0003382926025148,0.0018054276554155,-0.0034152950367081,0.0050124828120645,74.0236540222168,73.65663036346436,0.0049829004794454,1,0.0360151148625595,0.0387737067205943,0.9288301036570052,12.710000038146973,-0.0756363608620384,-2.037641765237212,0.037623157212697,2,0.08777024
2021-08-11,74.43550109863281,12.710000038146973,16282.25,-0.0004122767491691,-0.0004122767491691,0.0029792041680074,-0.0007383532683936,0.0080988597988289,74.05870407104493,73.66326637268067,0.0053681803405736,1,0.0341378830042921,0.0380870905539338,0.8962875929931915,12.710000038146973,-0.0378501134410396,-2.0145610796760027,0.0375750611946241,2,0.09363149
2021-08-12,74.10299682617188,12.369999885559082,16364.400390625,-0.0044670119439425,-0.0044670119439425,-0.0010918969562742,-0.0058853692761656,0.004113807093637,74.09102005004883,73.6647063446045,0.0057872178767675,1,0.0378052044635114,0.0392148215727938,0.9640293878157328,12.369999885559082,-0.038850039195496,-2.08347984979064,0.0349126344210537,0,0.038035937
2021-08-13,74.26010131835938,12.989999771118164,16529.099609375,0.0021200828430194,0.0021200828430194,0.0024041006476158,-0.0053443191393824,0.0087604886406116,74.11912200927735,73.66829433441163,0.006119697475541,1,0.0381336794992376,0.039045809454274,0.9766144797027344,12.989999771118164,0.0301348235358356,-1.8936602534512408,0.0425855642123891,3,0.0961632
2021-08-16,74.216796875,13.460000038146973,16563.05078125,-0.0005831454925401,-0.0005831454925401,-0.0036863958953421,-0.0033880371042824,0.012641487789375,74.14415588378907,73.67297580718994,0.0063955618927658,1,0.0370451006730838,0.0379417462062045,0.976342104278843,13.460000038146973,0.06740685207074,-1.7467866618034802,0.0401182212043249,1,0.11821701
2021-08-17,74.13500213623047,13.40999984741211,16614.599609375,-0.001102105483039,-0.001102105483039,-0.0044476505860292,-0.0053933001518775,0.010356414677074,74.16597198486328,73.67857681274414,0.0066151545429258,1,0.0371717885377961,0.037834917886832,0.9824471194006104,13.40999984741211,0.0550747291238553,-1.742871611900448,0.0434077647860282,1,0.05686136
2021-08-18,74.364501953125,12.90999984741211,16568.849609375,0.0030957012245416,0.0030957012245416,-0.0009538344534516,-0.0035815275166301,0.0125209706053142,74.19506805419923,73.68364532470703,0.0069407902830875,1,0.0384470851171825,0.037576584481958,1.0231388112677104,12.90999984741211,0.0157356261734751,-1.8597396808926956,0.0518301464223769,4,0.08354579
2021-08-20,74.4292984008789,14.020000457763672,16450.5,0.0021475771547345,0.0021475771547345,0.004403351938282,-0.0075220241852742,0.0156989017588267,74.22746597290039,73.68769180297852,0.0073251605080137,1,0.0352831872731063,0.0373552506420477,0.9445055825113242,14.020000457763672,0.1333872746539655,-1.545072028114206,0.0523538367254379,3,0.10410917
2021-08-23,74.30149841308594,13.6899995803833,16496.44921875,-0.0017170655983431,-0.0017170655983431,0.0005574607897327,-0.0018632726816552,0.0140822103697297,74.25398986816407,73.69271827697754,0.0076163779042179,1,0.0355638213589461,0.0375883365753091,0.946114632475491,13.6899995803833,0.0538875921169381,-1.6205042106889265,0.0424922458132883,1,0.07620883
2021-08-24,74.10590362548828,13.1899995803833,16624.599609375,-0.0026324474172813,-0.0026324474172813,-0.0014941799455249,-0.0046486304913638,0.0133697664250163,74.27640197753907,73.69639278411866,0.0078702521454401,1,0.0366783272080517,0.0377919396804671,0.9705073888975234,13.1899995803833,-0.0200594693163791,-1.737968567539052,0.0484704459278562,0,0.104512654
2021-08-25,74.1447982788086,13.5,16634.650390625,0.0005248522913487,0.0005248522913487,0.0001321392364719,-0.0040846814862547,0.0153776055189327,74.29905197143555,73.69989776611328,0.0081296477129952,1,0.0367535183658343,0.0372459764021915,0.9867517290254976,13.5,0.0067114208510046,-1.6385643325343997,0.0511992635012681,2,0.108570136
2021-08-26,74.0999984741211,13.539999961853027,16636.900390625,-0.0006042204676184,-0.0006042204676184,-0.0035568513478464,-0.0025508168457432,0.0163242917100971,74.31641998291016,73.70252277374267,0.0083293920759277,1,0.0360741195975122,0.0370898018828411,0.9725893689616014,13.539999961853027,0.0487993897666239,-1.6120855867008346,0.0565492656610042,1,0.10971421
2021-08-27,74.15599822998047,13.40999984741211,16705.19921875,0.0007557322133944,0.0007557322133944,-0.0036719433982359,-0.0046481549466905,0.0185577768267293,74.33592391967774,73.70506526947021,0.008559230602416,1,0.0346320396456358,0.0370478811292616,0.9347661411098076,13.40999984741211,-0.0435093145816389,-1.630512733320752,0.0633887228897207,3,0.11485405
2021-08-30,73.49659729003906,13.31999969482422,16931.05078125,-0.0088920782631285,-0.0088920782631285,-0.0108329056645931,-0.0120097070431445,0.0113398695898199,74.33896179199219,73.70414176940918,0.0086130847920204,0,0.0458773424798143,0.0412973375285732,1.1108762537492716,13.31999969482422,-0.0270270194959875,-1.6379867618260189,0.0730490366081655,0,0.007204263
2021-08-31,73.41120147705078,14.520000457763672,17132.19921875,-0.0011619015864269,-0.0011619015864269,-0.0093744508122907,-0.0113235661902285,0.010018887955606,74.33070388793945,73.70259777069091,0.0085221706730438,0,0.0456838011206091,0.0414099173266184,1.1031825438757934,14.520000457763672,0.1008340348515555,-1.3085929965832723,0.086858154419797,1,0.062206488
2021-09-01,72.99669647216797,14.1899995803833,17076.25,-0.0056463454696678,-0.0056463454696678,-0.0154845900628576,-0.0185858738373314,0.0070288079981122,74.3055598449707,73.69846675872803,0.0082375266805774,0,0.0482779780444777,0.0430654028049674,1.121012550389029,14.1899995803833,0.0511110800283927,-1.3839264610782245,0.0749819535909432,0,0.039782718
2021-09-02,72.98509979248047,14.239999771118164,17234.150390625,-0.0001588658151389,-0.0001588658151389,-0.0150458664588231,-0.0181200684317638,0.0017856897886545,74.28238388061523,73.69364974975586,0.0079889397914005,0,0.0483300183434968,0.0419386350245993,1.1523709806999818,14.239999771118164,0.0516986566644965,-1.3593189750158383,0.0684035392418207,2,0.07232996
2021-09-03,73.0542984008789,14.539999961853027,17323.599609375,0.0009481196654548,0.0009481196654548,-0.0148565167403565,-0.0156317752993339,0.0012224371324767,74.26076583862304,73.68989624023438,0.0077469182006661,0,0.0486116018273566,0.0418802199566318,1.160701667183862,14.539999961853027,0.0842654830200455,-1.269879501997315,0.0654906768936605,3,0.06648442
2021-09-06,72.99449920654297,15.109999656677246,17377.80078125,-0.0008185581908923,-0.0008185581908923,-0.0068315827127978,-0.0160344404683731,-0.0006803808921387,74.23401184082032,73.68266872406006,0.0074826702982897,0,0.0486030716622163,0.04188164657075,1.1604584629128878,15.109999656677246,0.1343843845993908,-1.1119247062823223,0.0664760839690585,1,0.091545686
2021-09-07,73.11000061035156,14.899999618530272,17362.099609375,0.0015823302449375,0.0015823302449375,-0.0041029278998161,-0.0131205976142719,0.0027472630964315,74.21127380371094,73.676898727417,0.0072529529000802,0,0.0491653127790625,0.0417878384381715,1.1765178123293585,14.899999618530272,0.0261707402745583,-1.1581515419215105,0.0692132995371579,3,0.043699153
2021-09-08,73.3904037475586,14.40999984741211,17353.5,0.0038353595249092,0.0038353595249092,0.0053934944239666,-0.0147802014740872,0.0079797562136432,74.19527587890624,73.67109825134277,0.0071151053806086,0,0.0468192171285612,0.0422960684502996,1.1069139976822575,14.40999984741211,0.0155038952455603,-1.2760806125924085,0.0673657989020959,4,0.04918489
2021-09-09,73.78900146484375,13.9399995803833,17369.25,0.0054311966814655,0.0054311966814655,0.0110145998929784,-0.0090940628254849,0.0111503176313607,74.18679595947266,73.66775924682617,0.0070456427337153,1,0.0513413497308745,0.0433633897193045,1.1839518568854404,13.9399995803833,-0.0210674294632594,-1.3863219021750115,0.0669007203124116,4,0.010640998
2021-09-13,73.52429962158203,14.029999732971191,17355.30078125,-0.0001863307705244,-0.0001863307705244,0.0064335874957559,-0.0122414904662677,0.0073850690270007,74.17157394409179,73.66210273742676,0.006916327225698,0,0.0513449320414957,0.043373526663506,1.1837577488700468,14.029999732971191,-0.0350756692035671,-1.3520436022314872,0.0659031019208034,2,0.06744031
2021-09-14,73.54080200195312,13.579999923706056,17380.0,0.0002244479778255,0.0002244479778255,0.0074841638938347,-0.007586667858218,0.0072385533426375,74.15663803100585,73.65790676116943,0.0067709128831685,0,0.049139547774326,0.0433736488756469,1.132909407871102,13.579999923706056,-0.1012574300288,-1.4561728752771794,0.0620615228870118,2,0.065209284
2021-09-15,73.65080261230469,13.729999542236328,17519.44921875,0.0014957765941774,0.0014957765941774,0.0073971002248431,-0.0082049269424313,0.0057243693150634,74.14223403930664,73.65556076049805,0.0066074207267403,0,0.0488251178023782,0.0430962944421956,1.1329044765876224,13.729999542236328,-0.078523497063643,-1.4063323070339433,0.0599155206744166,3,0.050627388
2021-09-16,73.43800354003906,14.40999984741211,17629.5,-0.0028892973968769,-0.0028892973968769,0.0006485833303793,-0.0104934916050422,0.0035146123511433,74.12009414672852,73.65285179138183,0.0063438460831106,0,0.0497194236404694,0.0435197819525341,1.1424294649552893,14.40999984741211,0.0,-1.223638602479484,0.0643872456128227,0,0.07383643
2021-09-17,73.56490325927734,15.229999542236328,17585.150390625,0.0017279843285649,0.0017279843285649,-0.0030370136621672,-0.0076900095842111,0.0030022561129801,74.10503616333008,73.6509103012085,0.0061659232759563,0,0.0500911459765564,0.0434364664024317,1.1531783532787312,15.229999542236328,0.0925394548553892,-1.0086250760170377,0.058415538386032,3,0.06657399
2021-09-20,73.69609832763672,17.489999771118164,17396.900390625,0.0017833921142664,0.0017833921142664,0.002336624856529,-0.0089882081898376,-0.0017338288960873,74.08370010375977,73.64798278808594,0.0059162152061591,1,0.0492218103303431,0.0416383646857516,1.182098014746756,17.489999771118164,0.246614405131869,-0.4320854465495494,0.0499763592990469,3,0.077330984
2021-09-21,73.65899658203125,16.520000457763672,17562.0,-0.000503442467748,-0.000503442467748,0.0016071973225826,-0.0103494435040726,-0.0080117279984694,74.06044204711914,73.64342777252197,0.0056626135856316,1,0.0484781373480371,0.0400349550888988,1.2108650147197093,16.520000457763672,0.2164948859038928,-0.6732136041197384,0.0675663353697455,2,0.10172381
2021-09-22,73.7927017211914,16.489999771118164,17546.650390625,0.0018151908845411,0.0018151908845411,0.001926647149165,-0.0068477312404364,-0.0047366849934694,74.04186813354492,73.63806629180908,0.005483601920448,1,0.0487469359195712,0.0400612103030081,1.216780990137008,16.489999771118164,0.2010196883395008,-0.6754827766376166,0.0636622559163417,3,0.0811586
2021-09-23,73.8749008178711,16.600000381469727,17822.94921875,0.0011139190565248,0.0011139190565248,0.0059491987359627,-0.0031171984459512,-0.003511148292038,74.02955612182618,73.6353503036499,0.005353486016576,1,0.0480760641613558,0.040107896538095,1.1986384146892093,16.600000381469727,0.1519778318700619,-0.6426863517654353,0.0720829155307429,3,0.0504364
2021-09-24,73.83999633789062,16.920000076293945,17853.19921875,-0.0004724809048004,-0.0004724809048004,0.0037394608899807,-0.004110901209439,-0.0066216628159875,74.01552200317383,73.6321517944336,0.0052065598980528,1,0.0480677077415222,0.0397948593137213,1.2078570125246395,16.920000076293945,0.1109652386640493,-0.5573475425196167,0.0732536482288652,2,0.10755255
2021-09-27,73.81289672851562,18.049999237060547,17855.099609375,-0.0003670044788598,-0.0003670044788598,0.0015848654613932,-0.0038745175643388,-0.0058454389730868,73.99859786987305,73.62911628723144,0.0050181450120934,1,0.0480389879034747,0.039727209557726,1.209190860556475,18.049999237060547,0.032018266053218,-0.2657592770054659,0.0732227271996208,2,0.091284014
2021-09-28,73.82530212402344,18.540000915527344,17748.599609375,0.00016806542024,0.00016806542024,0.0022577763709688,-0.0044594653682826,-0.0049197518250982,73.98572189331054,73.62774478912354,0.0048619865407024,1,0.04796276476449,0.0396889847698251,1.2084349500923572,18.540000915527344,0.1222760533771269,-0.1374970498935481,0.0624596197244915,2,0.060792297
2021-09-29,74.16329956054688,18.84000015258789,17711.30078125,0.0045783413924349,0.0045783413924349,0.0050221475933445,0.0090711991451359,-0.0006696653914171,73.97824783325196,73.62774929046631,0.0047604136506047,1,0.0384068306659362,0.0406814286835568,0.94406435182813,18.84000015258789,0.1425106376038705,-0.0571162640010975,0.0460839678576874,4,0.03511875
2021-09-30,74.3219985961914,18.39999961853028,17618.150390625,0.0021398594262243,0.0021398594262243,0.0060520931110632,0.0124067867139505,0.0004926702336389,73.97205184936523,73.628134765625,0.0046710008997916,1,0.0382060577220936,0.0408403708007205,0.935474421476068,18.39999961853028,0.1084336864877337,-0.1659076560893796,0.0283647864276035,3,0.103692845
2021-10-01,74.25440216064453,17.209999084472656,17532.05078125,-0.0009095077745976,-0.0009095077745976,0.0056122134792313,0.0172296247537186,-0.0004468511117976,73.95727188110351,73.62960277557373,0.0044502359537172,1,0.0310666998709465,0.0408992462654482,0.7595724404522998,17.209999084472656,0.0171394212098745,-0.4664472282222715,0.026692088792914,1,0.07917633
2021-10-04,74.152099609375,16.739999771118164,17691.25,-0.0013777304549326,-0.0013777304549326,0.0045954419335005,0.0159895625300598,-0.0029433862852888,73.95150985717774,73.63146377563477,0.0043465940391758,1,0.0319043478763134,0.0409714067030566,0.7786788827792572,16.739999771118164,-0.0725761507652958,-0.582545445079333,0.0265228977938856,1,0.035649188
2021-10-05,74.57279968261719,16.399999618530273,17822.30078125,0.0056734748639402,0.0056734748639402,0.0101252218018421,0.0207859265639052,0.0003729494178652,73.95392578125,73.63408378601075,0.0043436677526775,1,0.035905232875044,0.0422212966041204,0.8503855963045861,16.399999618530273,-0.1154261699741777,-0.6645124138830367,0.0287873873282731,4,0.018218383
2021-10-06,74.56320190429688,17.329999923706055,17646.0,-0.0001287034731317,-0.0001287034731317,0.0053921865143489,0.021490697447148,0.0033020281423343,73.95621185302734,73.63677379608154,0.0043380235238226,1,0.0355072019836194,0.0419454021249193,0.8464898104461127,17.329999923706055,-0.0801486314571191,-0.4232562215750194,0.0154334384497822,2,0.05771289
2021-10-07,74.76000213623047,16.15999984741211,17790.349609375,0.0026393747439412,0.0026393747439412,0.0058933229502995,0.0225687527301878,-3.877818906472541e-05,73.96562194824219,73.64229881286622,0.0043904541355719,1,0.0358461137703173,0.0405888389004372,0.8831302301604155,16.15999984741211,-0.1217391205194541,-0.7183244501167124,0.0246657955912634,4,0.10566431
2021-10-08,74.83000183105469,15.649999618530272,17895.19921875,0.0009363254791869,0.0009363254791869,0.0077517245262426,0.0196156174375043,0.0001082893785862,73.9721760559082,73.64813583374024,0.0043998428269722,1,0.0345735130396177,0.0405989430367797,0.8515655553579812,15.649999618530272,-0.0906449476426678,-0.8430971543543814,0.0312155599014607,3,0.083922066
2021-10-11,75.30580139160156,16.09000015258789,17945.94921875,0.0063584063731696,0.0063584063731696,0.0155585855060629,0.0205559080167316,0.0078211062966546,73.99049209594726,73.65534034729004,0.00455027085717,1,0.0361535098718497,0.0423116699390296,0.854436978898875,16.09000015258789,-0.0388291294753617,-0.7261185726516156,0.0332023097571858,4,0.01806365
2021-10-12,75.40260314941406,15.850000381469728,17991.94921875,0.0012854488767619,0.0012854488767619,0.0111274281015132,0.0255467041168615,0.0122445376043451,74.0135041809082,73.66340187072754,0.0047527306815813,1,0.0358341966493012,0.0417882485809487,0.8574979897015323,15.850000381469728,-0.0335365396252268,-0.7810320243169084,0.0366832269589825,3,0.06440346
2021-10-13,75.48390197753906,16.100000381469727,18161.75,0.0010781965705335,0.0010781965705335,0.0123479149195326,0.0264220666988963,0.0126399005970114,74.03560028076171,73.6707213973999,0.0049528344020626,1,0.0356616561521065,0.04180761982021,0.8529737720465939,16.100000381469727,-0.0709751614340048,-0.7117461926969416,0.0449798619102417,3,0.07047875
2021-10-14,75.3062973022461,15.770000457763672,18338.55078125,-0.0023528814838668,-0.0023528814838668,0.0073073187587682,0.0224776191327591,0.0086686536440145,74.0550862121582,73.67862087249756,0.0051095600759427,1,0.0377515642559006,0.0420869666954125,0.8969681174931987,15.770000457763672,-0.0241336258249341,-0.7900851967997226,0.0467538421027167,0,0.108027026
2021-10-18,75.00589752197266,17.18000030517578,18477.05078125,0.000145273351445,0.000145273351445,0.0023506038569274,0.0213498993212521,0.007208312749326,74.0709161376953,73.68397537231445,0.0052513557177893,1,0.0351218181742289,0.0416862507092497,0.8425074231732904,17.18000030517578,0.0977636245328672,-0.4253874882006446,0.0480757129385405,2,0.05387976
2021-10-19,75.2354965209961,17.3799991607666,18418.75,0.0030610792832146,0.0030610792832146,-0.0009335916928879,0.0227091070293505,0.0093711033915628,74.09194610595704,73.69151935577392,0.0054338240503619,1,0.0356706399464601,0.0420228759511108,0.848818419032984,17.3799991607666,0.080173958728722,-0.3710093351417938,0.0474036099127936,4,0.0970162
2021-10-20,75.12010192871094,18.309999465942383,18266.599609375,-0.0015337785702385,-0.0015337785702385,-0.0037465711912271,0.0193226457490789,0.0065428430325924,74.11270812988282,73.69842987060547,0.0056212630310403,1,0.0368985185170074,0.0421581738588095,0.8752192023634058,18.309999465942383,0.1552049858212398,-0.1321105651073854,0.0499916191518041,1,0.06947112
2021-10-21,74.80919647216797,18.040000915527344,18178.099609375,-0.0041387784169677,-0.0041387784169677,-0.0089384025957197,0.0156151990049957,-0.0024562708205423,74.11906402587891,73.70317584991454,0.0056427443073994,1,0.0408418922470223,0.0420902517142353,0.970317835266694,18.040000915527344,0.1204969247261917,-0.199353994082957,0.0350814035630908,0,0.032186743
2021-10-22,74.86540222167969,17.549999237060547,18114.900390625,0.0007513213904473,0.0007513213904473,-0.0058546907278795,0.0145366747045152,0.0057119864188124,74.12704803466796,73.70870384216309,0.005675641690847,1,0.0407203009707709,0.0420114670733778,0.969243270090518,17.549999237060547,0.1128724621197185,-0.322510671257487,0.0323850984290203,3,0.09550713
2021-10-25,74.99369812011719,17.610000610351562,18125.400390625,0.0017136874261038,0.0017136874261038,-0.0001626459019691,0.015144484660688,0.0072757564041381,74.13821197509766,73.71558933258056,0.0057331515130452,1,0.0408151196852336,0.0421151284322075,0.9691090136865714,17.610000610351562,0.0250291209276776,-0.3063814356156722,0.0169697600639975,3,0.06580964
2021-10-26,75.08989715576172,16.75,18268.400390625,0.00128276159272,0.00128276159272,-0.0019352482799623,0.0169271516774129,0.0086099170684328,74.15794998168946,73.72338981628418,0.0058944680445132,1,0.040514242135302,0.0421600199777158,0.9609407494580487,16.75,-0.0362485150280532,-0.5228489510770532,0.0232564016559531,3,0.042307526
2021-10-27,74.88890075683594,16.829999923706055,18210.94921875,-0.0026767435639024,-0.0026767435639024,-0.0030777537029224,0.0145774529385815,0.0080684807748534,74.17052597045898,73.72981632232666,0.0059773599083126,1,0.0422492436014135,0.0422984155876704,0.9988138846468728,16.829999923706055,-0.0808301248172731,-0.4993715233714578,0.0199298585367821,0,0.080819465
2021-10-28,75.05000305175781,17.90999984741211,17857.25,0.0021512172470654,0.0021512172470654,0.0032189435383045,0.0165891759667562,0.0073515398869348,74.18719009399415,73.73538982391358,0.0061273192039739,1,0.0423804905521402,0.042144453361495,1.00557681011589,17.90999984741211,-0.0072062672681652,-0.2215639839641784,0.0061216317352501,3,0.10410571
2021-10-29,74.79720306396484,17.43000030517578,17671.650390625,-0.0033684207530094,-0.0033684207530094,-0.0009109569399347,0.0085474015742847,0.00547390345016,74.20043411254883,73.73802585601807,0.0062709606225921,1,0.0428280494745043,0.0426232938806382,1.0047802690746417,17.43000030517578,-0.006837546273584,-0.341137568724764,-0.0022387057345316,0,0.053043626
2021-11-01,74.92829895019531,17.239999771118164,17929.650390625,0.0017526843365835,0.0017526843365835,-0.0008720622073754,0.0081577509412533,0.0091081729628113,74.21171005249023,73.74346836090088,0.0063496022359266,1,0.04267407763053,0.0425164658634071,1.0036834689919192,17.239999771118164,-0.0210108362526633,-0.3864777300726806,0.0176806300941645,3,0.063205265
2021-11-02,74.82990264892578,17.059999465942383,17888.94921875,-0.0013132061270326,-0.0013132061270326,-0.0034624432404883,0.0077503888191867,0.0060609187572449,74.21972213745117,73.7491728591919,0.00638040075592,1,0.0428749862932113,0.0425350541999584,1.007968113160181,17.059999465942383,0.0185074308025303,-0.4284669289093658,0.0203569132871603,1,0.055945415
2021-11-03,74.71199798583984,16.1299991607666,17829.19921875,-0.0015756356605073,-0.0015756356605073,-0.0023622027991904,0.0075506746189835,0.0051121623213918,74.22793212890625,73.75500835418701,0.0064120903145743,1,0.0429934975360202,0.0426552431706925,1.0079063307093918,16.1299991607666,-0.0415924400542307,-0.6610938195045645,0.0077975959160601,1,0.069389954
2021-11-04,74.43550109863281,15.75,17916.80078125,-0.003700836474209,-0.003700836474209,-0.0081879004415391,-0.0018411348986322,0.0029792041680074,74.23452407836913,73.75991786956787,0.0064344731191339,1,0.0411678408597627,0.0432266484070061,0.9523497663382128,15.75,-0.1206030075831752,-0.752953535415289,0.0053023457049619,0,0.05092892
2021-11-08,74.19110107421875,16.34000015258789,18068.55078125,-0.0038535159927367,-0.0038535159927367,-0.0081032707764188,-0.0049904084129289,9.574795764266676e-05,74.23545013427734,73.76520336151123,0.0063749132563426,1,0.0434043969676132,0.0439635971411813,0.9872579254674138,16.34000015258789,-0.0625358653759873,-0.5971131773931349,0.0239459810296951,0,0.042419586
2021-11-09,73.91850280761719,16.0,18044.25,-0.0036742717476164,-0.0036742717476164,-0.0134768326083224,-0.0112560099594415,-0.002206985815559,74.23182022094727,73.76933586120606,0.0062693306689294,1,0.0439552453591724,0.0445218215686262,0.9872520161693032,16.0,-0.0719257417390174,-0.678341439813254,0.01427180444454,0,0.034369312
2021-11-10,74.17479705810547,16.309999465942383,18017.19921875,0.003467254351124,0.003467254351124,-0.0087545963262016,-0.0087559101552407,-0.0042502168995334,74.23219619750977,73.77360984802246,0.0062161300013923,1,0.0457378270383659,0.0436843347016307,1.0469835552538078,16.309999465942383,-0.0439624867220692,-0.5939599165768962,0.0068174709042732,4,0.08475739
2021-11-11,74.40489959716797,16.350000381469727,17873.599609375,0.0031021660751191,0.0031021660751191,-0.0041104293413499,-0.0119632455638944,-0.0008232215903514,74.25036224365235,73.7787603378296,0.0063921093775947,1,0.0409554060226585,0.0440945592055835,0.9287875414328036,16.350000381469727,0.0136392580377957,-0.5781686196740387,-0.0040315287028344,4,0.0922362
2021-11-12,74.32209777832031,15.220000267028809,18102.75,-0.0011128543858798,-0.0011128543858798,-0.0015235112095535,-0.0143298152313477,-0.0015235112095535,74.26858016967773,73.78357082366944,0.0065734057134125,1,0.0405525880717794,0.0441512681288697,0.9184712312721112,15.220000267028809,-0.0336507766965835,-0.8603077790564767,0.0061583533781059,1,0.057554506
2021-11-15,74.33999633789062,15.470000267028809,18109.44921875,0.0002408241977196,0.0002408241977196,0.0020069154051631,-0.0151542992569305,0.003198244630709,74.29544616699219,73.78804080963135,0.0068765256780554,1,0.0402408652200093,0.0431602094501591,0.9323386840324278,15.470000267028809,-0.0532435665504748,-0.7897171849511675,-0.0028797214613128,2,0.064728156
2021-11-16,74.43509674072266,15.199999809265137,17999.19921875,0.0012792629474958,0.0012792629474958,0.0069886958404714,-0.0115687610828457,0.0023565201131769,74.32444610595704,73.79334930419923,0.0071970822135809,1,0.0401619141868094,0.0430396026865328,0.9331169100793262,15.199999809265137,-0.0500000119209289,-0.852154689256513,-0.0185048189765881,3,0.05436387
2021-11-17,74.45860290527344,14.979999542236328,17898.650390625,0.0003157941022453,0.0003157941022453,0.0038261762542557,-0.0072966877909685,0.0032581038316796,74.35253219604492,73.79807483673096,0.0075131683386135,1,0.0401943981168635,0.0430130412346641,0.9344483095085632,14.979999542236328,-0.0815450623700684,-0.90129910979939,-0.0313037181892655,2,0.074347004
2021-11-18,74.25980377197266,14.859999656677246,17764.80078125,-0.0026699283298894,-0.0026699283298894,-0.0019500842818264,-0.0129685161146128,0.0016834374067036,74.37783828735351,73.80354885101319,0.0077813254956022,1,0.0389074442537384,0.0433171312142516,0.898179195711424,14.859999656677246,-0.0911315406745294,-0.9247041989559788,-0.0355045385137428,0,0.08673103
2021-11-22,74.30259704589844,17.520000457763672,17416.55078125,0.0017283148328663,0.0017283148328663,-0.0002623813509683,-0.0108826380931739,-0.0008324523879092,74.40169021606445,73.8092123413086,0.0080271534671867,1,0.0396041039946498,0.0430259929186785,0.9204478702358302,17.520000457763672,0.1511169612603338,-0.237044032343166,-0.0465356906212981,3,0.068637125
2021-11-23,74.42980194091797,18.020000457763672,17503.349609375,0.0017119845076336,0.0017119845076336,0.001208038841153,-0.0050714958740554,6.765347112969167e-06,74.42247817993164,73.81592334747315,0.0082171272125564,1,0.0379651368645616,0.0429521254473585,0.8838736755277564,18.020000457763672,0.164835174319271,-0.1026715471868518,-0.0371188416005824,3,0.055623822
2021-11-24,74.4469985961914,17.100000381469727,17415.05078125,0.0002310452913349,0.0002310452913349,0.0001598957479722,-0.0055887447749144,0.0019582402268194,74.4356381225586,73.82236335754395,0.0083074387912016,1,0.0378414086376132,0.0427875173042984,0.8843823301587458,17.100000381469727,0.1250000392135826,-0.3342729053125884,-0.0386339198275246,2,0.057837564
2021-11-25,74.625,16.65999984741211,17536.25,0.0023909815998639,0.0023909815998639,0.0022347598294081,-0.0049163880347204,0.0070047911045669,74.45765213012696,73.82954486846924,0.0085075326250043,1,0.0383505401323454,0.0426325010513305,0.8995400139944306,16.65999984741211,0.1121495565095977,-0.4423585609200981,-0.0325041311048625,4,0.11459534
2021-11-26,74.50579833984375,20.799999237060547,17026.44921875,-0.0015973421796482,-0.0015973421796482,0.0033126207635352,-0.007778660486195,0.0048688521570681,74.47695205688477,73.83611434936523,0.0086791905718024,1,0.0382409752704083,0.0427865577166878,0.8937405477455833,20.799999237060547,0.3997308019932692,0.6454250407415252,-0.0679835752074027,1,0.06287599
2021-11-29,74.98159790039062,20.82999992370605,17053.94921875,0.0063860742539338,0.0063860742539338,0.0091383192713001,0.0012377954892899,0.0118974283997781,74.50356796264649,73.84646785736084,0.0088981927552023,1,0.0437567738354683,0.0444960129010915,0.9833642975705216,20.82999992370605,0.1889269052202342,0.6573348022741973,-0.0635332066495881,4,0.020523462
2021-11-30,75.05490112304688,21.170000076293945,16983.19921875,0.0009776161712855,0.0009776161712855,0.0083985065904799,6.52641051284153e-05,0.0121217826544339,74.53590591430664,73.85676284790038,0.0091954079791565,1,0.043246104953705,0.0445070423197003,0.971646981079716,21.170000076293945,0.1748057457553027,0.7464110612334252,-0.0489465500706995,3,0.07374095
2021-12-01,75.0509033203125,19.450000762939453,17166.900390625,-5.326504564728829e-05,-5.326504564728829e-05,0.0081118746962081,0.0033918414854456,0.0211479998746022,74.56562591552735,73.86741737365723,0.0094521856414477,1,0.0414469302802413,0.0403878330634572,1.0261977664747504,19.450000762939453,0.1374269198272233,0.2954691850873302,-0.028562697249136,2,0.054940104
2021-12-02,75.01789855957031,18.09000015258789,17401.650390625,-0.0004397650032448,-0.0004397650032448,0.0052649723225501,0.0011958046643305,0.0218862659947312,74.59206192016602,73.87732135772706,0.0096746951473518,1,0.041101163950121,0.0402953548073148,1.0199722567129104,18.09000015258789,0.0858343528375189,-0.0601551710910099,-0.0294484269629752,2,0.097240254
2021-12-03,74.9834976196289,18.450000762939453,17196.69921875,-0.0004585697627091,-0.0004585697627091,0.0064115718565449,0.0020525881401147,0.0272176857786772,74.61855194091797,73.88754486083984,0.0098935088647877,1,0.0408399370719487,0.0383820345024881,1.0640101180458097,18.450000762939453,-0.1129807000153138,0.0378970424569461,-0.0386970744639617,2,0.106690645
2021-12-06,75.23400115966797,20.07999992370605,16912.25,0.0033407822786528,0.0033407822786528,0.0033662027263363,0.0069868720941856,0.0308131573921504,74.6473779296875,73.89918186187744,0.0101245514356096,1,0.0417952317529268,0.038752655071567,1.0784848984113329,20.07999992370605,-0.0360057610536256,0.4701740633216839,-0.0514296355938237,4,0.06014955
2021-12-07,75.39129638671875,18.459999084472656,17176.69921875,0.0020907465325012,0.0020907465325012,0.0044819892990117,0.0128405837803045,0.0319898765301362,74.67770584106445,73.91053936004639,0.0103796628689301,1,0.0394502270044211,0.0388599474581369,1.0151637977154044,18.459999084472656,-0.1280113831863389,0.0449300034483647,-0.0413076849788115,3,0.10164418
2021-12-08,75.40859985351562,17.270000457763672,17469.75,0.0002295154431104,0.0002295154431104,0.0047660523375248,0.0164103074582884,0.0330723639892616,74.70907791137695,73.92300086975098,0.0106337274241747,1,0.035975063531304,0.0387573343864732,0.9281891005063267,17.270000457763672,-0.1120822735045652,-0.2668504702664906,-0.0331404985656837,2,0.05523219
2021-12-09,75.38330078125,16.600000381469727,17516.849609375,-0.0003354931972582,-0.0003354931972582,0.0048708672023054,0.0198163912687077,0.031094243631788,74.74048599243164,73.93562736511231,0.0108859376190146,1,0.0323847459334179,0.0387593420862666,0.8355123868964078,16.600000381469727,-0.0823659346904432,-0.440445288079878,-0.0292281691189714,2,0.07784836
2021-12-10,75.59919738769531,16.059999465942383,17511.30078125,0.0028639845192213,0.0028639845192213,0.0082111369516222,0.0192032925748892,0.03009649119433,74.77596389770508,73.94889484405518,0.0111843328476246,1,0.0318669768594534,0.0384793053484032,0.8281373178026454,16.059999465942383,-0.1295393603342212,-0.5795369722964785,-0.028078639268945,4,0.100061394
2021-12-13,75.70999908447266,16.56999969482422,17368.25,0.0014656464698841,0.0014656464698841,0.0063268989747664,0.0175405046491636,0.0260336578825253,74.8068978881836,73.96352085113526,0.0114026080335709,1,0.0309745140981804,0.0372546567719626,0.8314043230474149,16.56999969482422,-0.1748008088754021,-0.4416994377744127,-0.0282735218657318,3,0.055045307
2021-12-14,75.82689666748047,16.950000762939453,17324.900390625,0.0015440177575143,0.0015440177575143,0.0057778590054655,0.020246991596611,0.0313174971777976,74.83699584960938,73.97800582885742,0.0116114243838794,1,0.030172244293519,0.037278302607806,0.8093564574140194,16.950000762939453,-0.0817983963392129,-0.3386176915182504,-0.0429685881634005,3,0.046210974
2021-12-15,76.04720306396484,17.219999313354492,17221.400390625,0.0029053859008694,0.0029053859008694,0.008468572705099,0.0229648481325532,0.0340817749301285,74.87285186767578,73.99396736145019,0.0118777859542571,1,0.0307215256032754,0.0375626146758634,0.8178532835130896,17.219999313354492,-0.0028952601669852,-0.2638080624420772,-0.0490378706385802,4,0.10301454
2021-12-16,76.2114028930664,15.899999618530272,17248.400390625,0.0021591830137848,0.0021591830137848,0.0109852195809179,0.0238638254012231,0.0347667668231754,74.9140379333496,74.01098789215088,0.0122015671850597,1,0.0309229094589584,0.0376495444254546,0.8213137401023132,15.899999618530272,-0.0421687196899617,-0.6073187502616462,-0.0417129017241435,3,0.10428186
2021-12-17,76.1675033569336,16.34000015258789,16985.19921875,-0.0005760231994995,-0.0005760231994995,0.0075173545338562,0.0229510141874973,0.0371674022348167,74.94593200683593,74.0282778930664,0.0123959943400964,1,0.031387888646177,0.0370525980827449,0.8470942167636277,16.34000015258789,0.0174346635091295,-0.4853488390979855,-0.0510346395923487,1,0.10771374
2021-12-20,76.00599670410156,18.96999931335449,16614.19921875,-0.0021204141623912,-0.0021204141623912,0.0039096238701397,0.0235146451166352,0.033182854006083,74.97478790283203,74.04511436462403,0.0125555014153935,1,0.0305956520899067,0.0373983152098564,0.8180805428716351,18.96999931335449,0.144840052065899,0.2128777815026576,-0.0647686161341258,1,0.104472354
2021-12-21,75.75869750976562,17.540000915527344,16770.849609375,-0.003253680039204,-0.003253680039204,-0.0008994058930554,0.0195968986517083,0.027987902059062,74.99476181030273,74.05992134094238,0.0126227580644693,1,0.034104134737893,0.0380985930304464,0.8951312081113166,17.540000915527344,0.0348082670224949,-0.1639235502844379,-0.0370739981747785,0,0.07854292
2021-12-22,75.6864013671875,16.579999923706055,16955.44921875,-0.0009542949516628,-0.0009542949516628,-0.0047444440063609,0.0168830145116738,0.0275241977115232,75.01188980102539,74.07532634735108,0.0126433928793321,1,0.0345780649916297,0.0381582531619472,0.9061515131043318,16.579999923706055,-0.0371660519842241,-0.4148468002314984,-0.0313026022362906,1,0.07477691
2021-12-23,75.45850372314453,15.829999923706056,17072.599609375,-0.0030110778148552,-0.0030110778148552,-0.0098790881855078,0.0135869161420414,0.0225740752553955,75.01494384765626,74.08985385894775,0.0124860549795347,1,0.0369898409022885,0.0387036665693389,0.9556946017354706,15.829999923706056,-0.0044024966354486,-0.6093312838794193,-0.0196640926389776,0,0.07164398
2021-12-24,75.06739807128906,16.149999618530273,17003.75,-0.0051830560183173,-0.0051830560183173,-0.0144432367763094,0.0059282823623325,0.016142116472791,75.00823974609375,74.1029708480835,0.0122163644405852,1,0.0415147524825988,0.0402702070174117,1.030879269763368,16.149999618530273,-0.0116279395522236,-0.5212385542827586,-0.0303656711098438,0,0.022588175
2021-12-27,75.31500244140625,17.1200008392334,17086.25,0.0032984274995391,0.0032984274995391,-0.0090913124313785,0.0108609547121618,0.0199757066179422,75.0048617553711,74.11766086578369,0.0119701685026729,1,0.0421769605462715,0.0406681448935599,1.037075174721719,17.1200008392334,-0.0975223268890015,-0.2631075086842181,0.0035122285616748,4,0.095785595
2021-12-28,74.98030090332031,16.479999542236328,17233.25,-0.0044440221368422,-0.0044440221368422,-0.0102746830665214,-1.7297538417837544e-05,0.0158157209179639,74.99834182739258,74.1305623626709,0.011706095799951,1,0.0398102108154855,0.0417797506550086,0.9528361791344,16.479999542236328,-0.0604333704653713,-0.430962711218241,0.0105137396007293,0,0.040219713
2021-12-29,74.74500274658203,16.239999771118164,17213.599609375,-0.003138133001649,-0.003138133001649,-0.0124381474558201,-0.0041289558953223,0.01245779693544,74.99312393188477,74.13853286743164,0.0115269486918663,1,0.0410725664439398,0.0423503907401705,0.9698044320651364,16.239999771118164,-0.0205066437968892,-0.4918296931292058,0.0135663715450402,0,0.054363996
2021-12-30,74.57029724121094,16.56999969482422,17203.94921875,-0.0023373536551122,-0.0023373536551122,-0.0117707937224994,-0.0064037347698583,0.0054878583217807,74.97981994628907,74.1434048461914,0.0112810451830851,1,0.0417309303967794,0.0417485050953496,0.9995550917662924,16.56999969482422,0.0467466692788787,-0.4018721124613665,0.0021581547793703,0,0.10825528
2021-12-31,74.43119812011719,16.219999313354492,17354.05078125,-0.0018653421836821,-0.0018653421836821,-0.0084750499886474,-0.0078208061105209,0.0014692759342909,74.96604187011718,74.14901382446288,0.0110187311133833,1,0.0420807091316543,0.0417470130494908,1.0079691476997756,16.219999313354492,0.0043343465311231,-0.4917165364324503,-0.0027353502861224,1,0.09900874
2022-01-03,74.51380157470703,16.450000762939453,17625.69921875,0.0011097961160928,0.0011097961160928,-0.0106379982835762,-0.0062639922093861,0.0034933876849658,74.96013397216797,74.15519535064698,0.0108547839125066,1,0.0423889278165031,0.0417435670803204,1.0154357987458091,16.450000762939453,-0.0391355165566654,-0.4282593620229777,0.0249466478736948,3,0.048398845
2022-01-04,74.4032974243164,16.1200008392334,17805.25,-0.0014830024512952,-0.0014830024512952,-0.0076954009526835,-0.0110415998424512,0.0033876021888077,74.95089187622071,74.16280834197998,0.0106263982157568,1,0.0404226373299442,0.041759587402866,0.9679614163466012,16.1200008392334,-0.0218445820996714,-0.5119869852286818,0.052801963074103,1,0.06634225
2022-01-05,74.53489685058594,17.229999542236328,17925.25,0.0017687311023197,0.0017687311023197,-0.0028109691387455,-0.011359395277406,-0.0005082661800624,74.94171585083008,74.16982383728028,0.0104070897518004,1,0.0401746657453353,0.0403603240114282,0.9953753185589252,17.229999542236328,0.0609605778984565,-0.2161847845770683,0.0435794311652664,3,0.07014763
2022-01-06,74.43009948730469,17.979999542236328,17745.900390625,-0.0014060174188116,-0.0014060174188116,-0.0018800750311179,-0.0129759784442585,-0.0017850952425974,74.92851989746094,74.1763073348999,0.0101408736776942,1,0.0401790207077616,0.0404665981091479,0.9928689268730996,17.979999542236328,0.0850935349052863,-0.0164954809038033,0.0158073464488615,1,0.054185666
2022-01-07,74.41929626464844,17.600000381469727,17812.69921875,-0.0001451458849398,-0.0001451458849398,-0.0001599041231278,-0.0127880380218285,-0.0045573282751006,74.91912780761719,74.18175380706788,0.0099400993196665,1,0.0402013304723407,0.0401240941178421,1.0018999669950868,17.600000381469727,0.0850802174189384,-0.1154215874555322,0.0168894302327435,2,0.06085555
2022-01-10,74.2699966430664,17.68000030517578,18003.30078125,-0.0020061950203223,-0.0020061950203223,-0.0032719432707535,-0.0175822070942416,-0.00748369870754,74.90352767944336,74.18922428131104,0.0096281286811117,1,0.0383986749019288,0.0402779490258148,0.9533186895546616,17.68000030517578,0.0747720051787121,-0.0932663282922201,0.0280961423794856,1,0.10739954
2022-01-11,74.05699920654297,17.760000228881836,18055.75,-0.0028678799804863,-0.0028678799804863,-0.0046543396564606,-0.0218333099711884,-0.0165830807451956,74.88872360229492,74.19631427764892,0.0093321256101068,0,0.0380506828475742,0.0385076630291214,0.9881070869377924,17.760000228881836,0.1017369295451247,-0.066640438482479,0.0395837231730311,0,0.08432769
2022-01-12,73.81529998779297,17.18000030517578,18212.349609375,-0.0032636917690374,-0.0032636917690374,-0.009654495990455,-0.0265288013633057,-0.0210510392920489,74.86646362304687,74.20197578430175,0.0089551232527382,0,0.037565945377857,0.0388734608385482,0.9663399714757274,17.18000030517578,-0.0029018710614577,-0.2161014028838809,0.0512239146396606,0,0.06790824
2022-01-13,73.79910278320312,16.700000762939453,18257.80078125,-0.0002194288256299,-0.0002194288256299,-0.0084777087287003,-0.0295619061607144,-0.0223199801573223,74.84584762573242,74.2083948135376,0.0085900363940838,0,0.0346271926530116,0.0387784424623875,0.8929265212256928,16.700000762939453,-0.0711901452661366,-0.3400902672476196,0.0601809589880504,2,0.06962795
2022-01-14,73.97229766845703,16.559999465942383,18255.75,0.0023468426948589,0.0023468426948589,-0.0060064878146898,-0.0293801864236917,-0.0177143171497993,74.83105361938476,74.2156782913208,0.0082917160124631,0,0.0348771819323999,0.0388965201441286,0.8966428143277011,16.559999465942383,-0.0590909598287461,-0.3738857337252123,0.058402494524798,3,0.11755284
2022-01-17,74.37899780273438,16.770000457763672,18308.099609375,0.0054980059711025,0.0054980059711025,0.0014676338305468,-0.0234812154183127,-0.00835800570288,74.8299235534668,74.2260952758789,0.0081349864268573,1,0.0422826717623811,0.0405317396143328,1.0431733005145667,16.770000457763672,-0.0514705787163198,-0.3142691740792246,0.0778854797984733,4,0.021054547
2022-01-18,74.25509643554688,17.780000686645508,18113.05078125,-0.0016658111946615,-0.0016658111946615,0.0026749291913843,-0.0230363437686516,-0.0130310841395938,74.83120346069336,74.23402675628662,0.0080445144969341,1,0.0421773537375332,0.0401239459908124,1.0511504176775908,17.780000686645508,0.0011261518865943,-0.0418310726435742,0.0902150950982016,1,0.07438499
2022-01-19,74.61969757080078,17.81999969482422,17938.400390625,0.0049101159752769,0.0049101159752769,0.0108974370237719,-0.0150345765754225,-0.0066613908269858,74.84522735595704,74.24510025024414,0.0080830533421083,1,0.0462258239646768,0.0413030536865891,1.1191594974051104,17.81999969482422,0.0372525831361962,-0.0277084119594133,0.0696178672186846,4,0.015762554
2022-01-20,74.44920349121094,17.790000915527344,17757.0,-0.0022848401312277,-0.0022848401312277,0.0088090597783767,-0.0163463694088767,-0.0048121487455217,74.85071548461914,74.25544376373291,0.0080165398079132,1,0.0465405736643431,0.0407274649328869,1.1427038495321025,17.790000915527344,0.0652694672330083,-0.0322630145171285,0.0472739336427379,0,0.098224126
2022-01-21,74.45220184326172,18.88999938964844,17617.150390625,4.027379622861815e-05,4.027379622861815e-05,0.0064876202298813,-0.0133358313540765,-0.0055192434175997,74.85166152954102,74.26464378356934,0.0079044039810172,1,0.0458936876360342,0.0406944131084829,1.1277361287301368,18.88999938964844,0.1407004830222356,0.2635614728970766,0.031896184161138,2,0.052315366
2022-01-24,74.41320037841797,22.82999992370605,17149.099609375,-0.0005238456872753,-0.0005238456872753,0.0004598418464081,-0.0087148044248159,-0.0077406202954471,74.85348358154297,74.27348178863525,0.0078090023375809,1,0.0428106048807163,0.0405403409485043,1.05597407187627,22.82999992370605,0.3613595289520044,1.3130347188894644,0.0085480914136586,1,0.10937244
2022-01-25,74.6447982788086,21.36000061035156,17277.94921875,0.0031123228031164,0.0031123228031164,0.0052481494465497,-0.0088986807524711,-0.0059275467647776,74.85957962036133,74.28364177703857,0.0077532257377934,1,0.0426116918559155,0.040958960437972,1.0403255130200837,21.36000061035156,0.2013498192041678,0.9196060359752012,0.011219502158168,4,0.081276566
2022-01-27,74.8949966430664,21.06999969482422,17110.150390625,0.0015378158016414,0.0015378158016414,0.0036893619409863,-0.0011376889559818,8.139906139437159e-05,74.8687776184082,74.29440727233887,0.0077310038151845,1,0.040483018481942,0.0407404788018909,0.9936560888914804,21.06999969482422,0.1823793521693468,0.8413605160326164,-0.0071431453367762,3,0.057255078
2022-01-28,75.20929718017578,20.700000762939453,17101.94921875,0.0041965491848174,0.0041965491848174,0.0102095610607113,0.0062117120413776,0.0021225066214602,74.88379150390625,74.3032272720337,0.0078134457033345,1,0.0415906846238007,0.0413828110377015,1.0049989012831786,20.700000762939453,0.1635750251632772,0.7424795000698267,-0.0064861733256647,4,0.020628905
2022-01-31,75.03900146484375,21.950000762939453,17339.849609375,-0.0022642907421945,-0.0022642907421945,0.0078815616872873,0.0062854010373152,0.0032327198207147,74.89937545776367,74.31240478515625,0.0078986903237003,1,0.0415349886461762,0.0410733914845599,1.011213730623117,21.950000762939453,0.1619905490821702,1.077204234898466,0.0078993717603448,0,0.09584711
2022-02-01,74.55580139160156,19.979999542236328,17576.849609375,-0.006439319071544,-0.006439319071544,0.0019163402791226,0.0016740731659765,-0.0049713868299792,74.90443954467773,74.31830379486084,0.0078868289490943,1,0.0470749843417907,0.0429077168451963,1.0970960635253957,19.979999542236328,-0.1248357595704746,0.5556357144272015,0.012838433569972,0,0.014598372
2022-02-02,74.74549865722656,18.64999961853028,17780.0,0.002544366261032,0.002544366261032,0.001349060895601,0.0031094519085466,-0.0011279446947193,74.9107534790039,74.32563377380372,0.0078723809739837,1,0.0477593430893595,0.0431554892298188,1.106654965259786,18.64999961853028,-0.1268727019842851,0.2051340991657849,0.0087543069545779,4,0.10142708
2022-02-03,74.82240295410156,19.15999984741211,17560.19921875,0.0010288819829495,0.0010288819829495,-0.0009692728782779,0.0056328891903141,0.0014777408078772,74.91826156616212,74.33229579925538,0.0078830575674564,1,0.047524939680983,0.0430916071759931,1.102855983785987,19.15999984741211,-0.09065020764482,0.3476900232394742,-0.013762838558852,3,0.052856676
2022-02-04,74.6438980102539,18.89999961853028,17516.30078125,-0.002385715197588,-0.002385715197588,-0.0075176765522402,0.0014624177972162,0.0027996978396767,74.91863952636719,74.3335078048706,0.0078717087189343,1,0.0479582208446467,0.0427101855936732,1.1228492063154232,18.89999961853028,-0.0869565738196412,0.284499355712341,-0.0228141431081854,0,0.093386464
2022-02-07,74.64219665527344,20.440000534057617,17213.599609375,-2.279295462614961e-05,-2.279295462614961e-05,-0.0052879809409006,0.002849615537662,0.0060801844766182,74.92136749267578,74.33399627685547,0.0079017844491053,1,0.0476903276664326,0.0419758812552384,1.1361093592554878,20.440000534057617,-0.0687927187424672,0.7104976752122878,-0.0299957043335603,2,0.048745275
2022-02-08,74.6583023071289,19.68000030517578,17266.75,0.000215771407825,0.000215771407825,0.0013748214574069,0.0032116138485174,0.0100083128230714,74.91490158081055,74.33364028930664,0.0078196263393215,1,0.0476877615740476,0.0412734133004038,1.1553831480768972,19.68000030517578,-0.0150149771738667,0.508302398930722,-0.0306494379119882,2,0.052832372
2022-02-09,74.69519805908203,18.559999465942383,17463.80078125,0.0004941948961194,0.0004941948961194,-0.0006729582255542,0.0057250765481935,0.0070158736068923,74.90770751953124,74.33216129302978,0.0077428964325758,1,0.0470985551802873,0.040727168181134,1.1564123132378972,18.559999465942383,-0.0048257455457785,0.2053565717503939,-0.029966727021629,2,0.09717193
2022-02-10,74.80889892578125,17.709999084472656,17605.849609375,0.0015221978072712,0.0015221978072712,-0.0001804810830333,0.0101529865818794,0.0054297409283603,74.90286743164063,74.33107528686523,0.0076925046835214,1,0.0459485276427294,0.0403754510745697,1.138003128553047,17.709999084472656,-0.0756785372905575,-0.0230010989384971,-0.0249172917560888,3,0.051208068
2022-02-11,75.53839874267578,18.68000030517578,17374.75,0.0097515112155075,0.0097515112155075,0.0119835747631908,0.0233433821330777,0.0163652668683185,74.91327743530273,74.33513027191162,0.0077775765143115,1,0.0542469728129683,0.0446887267702612,1.213857786417861,18.68000030517578,-0.011640175544702,0.2499261715934369,-0.0459907495375465,4,0.025727201
2022-02-14,75.34100341796875,22.979999542236328,16842.80078125,-0.0026131785686834,-0.0026131785686834,0.0093620873180175,0.0208932165380819,0.0134652559777961,74.92042755126953,74.33901927947998,0.0078210376922476,1,0.0555534142595332,0.0450544419425969,1.2330012061653122,22.979999542236328,0.1242660930437111,1.443255414622118,-0.0775011194915187,0,0.09124779
2022-02-15,75.6854019165039,20.61000061035156,17352.44921875,0.0045711960673597,0.0045711960673597,0.0137573394737764,0.0231587270105491,0.016797253319041,74.92945556640625,74.34305530548096,0.0078877611165659,1,0.0568013318616409,0.0458473049845322,1.2388970951227958,20.61000061035156,0.0472561123350792,0.7949905295231993,-0.049480343521904,4,0.03249342
2022-02-16,75.17479705810547,20.59000015258789,17322.19921875,-0.0067464114012598,-0.0067464114012598,0.0064207474039239,0.010699246815367,0.0096186891089424,74.92512557983399,74.3417818069458,0.0078467822361729,1,0.0603397162214459,0.047939140219241,1.2586470532939358,20.59000015258789,0.1093750401432156,0.8008277528962336,-0.0538505039660234,0,0.017218994
2022-02-17,75.04199981689453,22.01000022888184,17304.599609375,-0.0017665127996061,-0.0017665127996061,0.0031159513702312,0.0105972979515376,0.0105332360872343,74.91779357910156,74.34153331756592,0.0077515251007,1,0.0603847280249983,0.0477571570181207,1.264385642060826,22.01000022888184,0.2428007547543711,1.2032375705337328,-0.0446336280750606,1,0.092365734
2022-02-18,75.06300354003906,22.170000076293945,17276.30078125,0.0002798929025848,0.0002798929025848,-0.0062934244112874,0.005940870623573,0.0102339154265482,74.91138763427735,74.3425078201294,0.0076521472146775,1,0.0581377057777776,0.0476516085490034,1.220031967777627,22.170000076293945,0.1868308198127368,1.2518918301206294,-0.0369096237656189,2,0.06798683
2022-02-21,74.68240356445312,22.89999961853028,17206.650390625,-0.0050704069599736,-0.0050704069599736,-0.0087415859045826,0.0031323380547612,0.0033938236693908,74.8930517578125,74.34184532165527,0.0074144841814502,1,0.060396131019054,0.0486606805204923,1.2411435522375789,22.89999961853028,-0.0034812848259206,1.4607116824113484,-0.0309933890507968,0,0.025211057
2022-02-22,74.51699829101562,26.65999984741211,17092.19921875,-0.0022147824058013,-0.0022147824058013,-0.0154376352097233,0.0008703093548572,0.0009402621481613,74.86919174194335,74.34155532836914,0.0070974626673281,1,0.0609129292812754,0.0488649817721235,1.2465303483583006,26.65999984741211,0.2935467762199815,2.4976830173906905,-0.0297977346072014,0,0.097523205
2022-02-23,74.62300109863281,24.540000915527344,17063.25,0.0014225319061189,0.0014225319061189,-0.0073401722527585,0.0028194019226148,-2.678594796901024e-05,74.8451138305664,74.34311134338378,0.0067525084451189,1,0.0610901199792312,0.0487097820539886,1.2541395847745156,24.540000915527344,0.1918407350008197,1.898865583706584,-0.0050060709501079,3,0.053379126
2022-02-24,74.63300323486328,31.979999542236328,16247.9501953125,0.0001340355665573,0.0001340355665573,-0.0054502356417635,-0.0001580156181982,0.001707315374829,74.81682983398437,74.34574737548829,0.0063363739706165,1,0.0600747878369418,0.0486055240320442,1.23594083373123,31.979999542236328,0.4529758841288749,3.870751671205016,-0.0596134998660458,2,0.08422196
2022-02-25,75.4083023071289,26.739999771118164,16658.400390625,0.0103881532118683,0.0103881532118683,0.0046001192439049,0.0068536709669513,0.0056907883892409,74.80076782226563,74.3523148727417,0.0060314591454413,1,0.0700804902577605,0.0513247061460734,1.3654072300205848,26.739999771118164,0.2061344014026798,2.426714336472352,-0.0264024564183563,4,0.013870774
2022-02-28,75.06800079345703,28.56999969482422,16793.900390625,-0.0045127857710662,-0.0045127857710662,0.005163160404594,-0.0018787090428494,0.0001745345102603,74.7787777709961,74.35846736907959,0.0056524887721298,1,0.0705258496323792,0.0520973929274417,1.3537048970128829,28.56999969482422,0.2475982607312306,2.8847462558253545,-0.0180124981184756,0,0.027855894
2022-03-02,75.80120086669922,29.229999542236328,16605.94921875,0.0068593290310263,0.0068593290310263,0.0172336863418507,0.0101573766571583,0.0099971820883286,74.77468185424804,74.36847637176514,0.0054620654113215,1,0.0739636190773945,0.0538835976020013,1.3726300718379587,29.229999542236328,0.0963990888797281,3.0110075119367505,-0.0423244957227431,4,0.006176899
2022-03-03,75.63099670410156,28.15999984741211,16498.05078125,-0.0022454019283543,-0.0022454019283543,0.0135078406205673,0.0144213500818344,0.0081726915349995,74.77212783813476,74.3785553741455,0.0052914776579011,1,0.0704534576568531,0.054076293876768,1.3028288326964612,28.15999984741211,0.1475142133998153,2.689088301275682,-0.0613761198451399,0,0.0971607
2022-03-04,75.8917007446289,27.959999084472656,16245.349609375,0.0034470528207808,0.0034470528207808,0.0168651595836846,0.0153347306258357,0.0121120400332226,74.77623382568359,74.39156238555908,0.0051709014811494,1,0.0708430941507527,0.054486551827487,1.3001702549427976,27.959999084472656,-0.1257035808413447,2.6001806517166437,-0.0863132953107423,4,0.060653318
2022-03-07,76.41799926757812,29.32999992370605,15863.150390625,0.0069348626764893,0.0069348626764893,0.0133897320262805,0.0213251145443076,0.0157375400704447,74.79542373657226,74.40677688598633,0.005223272218624,1,0.0741727057817727,0.0558075590668932,1.329056098597132,29.32999992370605,0.0968586452788733,2.9006293138058323,-0.0966417753571364,4,0.022710787
2022-03-08,77.08080291748047,28.59000015258789,16013.4501953125,0.0086733970563863,0.0086733970563863,0.0268130508705231,0.0326470746060421,0.0224098352427237,74.8356918334961,74.42495639801025,0.0055187863771033,1,0.0778435054951927,0.0582244251836632,1.3369332254706114,28.59000015258789,0.0007000510317574,2.673887359070984,-0.085797258491142,4,0.0012672894
2022-03-09,76.91449737548828,27.46999931335449,16345.349609375,-0.0021575481273882,-0.0021575481273882,0.0146870563534589,0.0304425756748452,0.0199698379879473,74.86768173217773,74.44313438415527,0.0057029751841402,1,0.0786835354532232,0.058428861722845,1.346632237920553,27.46999931335449,-0.0602121196183633,2.3807679516641027,-0.0504397696997162,0,0.10497773
2022-03-10,76.13490295410156,25.57999992370605,16594.900390625,-0.0101358579720129,-0.0101358579720129,0.006662694820372,0.0197781171194895,0.0099704067752697,74.89077377319336,74.45746040344238,0.0058196098470602,1,0.0880944949319927,0.0620036276405182,1.420772904931141,25.57999992370605,-0.0916193159689651,1.9070774531849053,-0.0389100212474843,0,0.0031576306
2022-03-11,76.310302734375,25.350000381469727,16630.44921875,0.0023038025067054,0.0023038025067054,0.0055157808513828,0.0216226038254221,0.0094062552414799,74.92207977294922,74.47337093353272,0.0060250910331018,1,0.0882356103710135,0.0619118344284881,1.4251586312516382,25.350000381469727,-0.0933475961539773,1.8448132634019256,-0.0477187968952742,4,0.09724893
2022-03-14,76.75370025634766,25.68000030517578,16871.30078125,0.0058104542386112,0.0058104542386112,0.0043929570518337,0.0259969249446627,0.0137855129374722,74.96574783325195,74.49202995300293,0.0063593095871852,1,0.0898544123922504,0.0629084123350946,1.4283142864795797,25.68000030517578,-0.1244459470857396,1.9159139514509005,-0.0417218620187381,4,0.0052592955
2022-03-15,76.49009704589844,26.729999542236328,16663.0,-0.0034344039384266,-0.0034344039384266,-0.0076634628756321,0.0125988678481874,0.0087462418688484,75.00692581176757,74.50993144989013,0.0066701760719198,1,0.0853561876005441,0.0632472442259742,1.3495424046173097,26.729999542236328,-0.0650577334880916,2.184926946498896,-0.0409646181959452,0,0.040162448
2022-03-16,76.26589965820312,24.1200008392334,16975.349609375,-0.0029310642338548,-0.0029310642338548,-0.0084327108596806,0.0122761338218888,0.0028758006268072,75.0419677734375,74.52723644256592,0.0069066203906307,1,0.0855079631176776,0.0632615136181953,1.3516371422378013,24.1200008392334,-0.1219511670134078,1.5408570189546196,0.0078697616772003,0,0.0668557
2022-03-17,76.02420043945312,22.61000061035156,17287.05078125,-0.0031691649850484,-0.0031691649850484,-0.001454031073175,0.0044764051504011,-0.0024563575332151,75.07438583374024,74.54399494171143,0.0071151390858987,1,0.085018723151695,0.0634125091062278,1.3407036505309144,22.61000061035156,-0.1161063065759461,1.1665797985762834,-0.0037688303636892,0,0.04319503
2022-03-21,75.94640350341797,24.6200008392334,17117.599609375,-0.0004631963257576,-0.0004631963257576,-0.0047686775955235,0.0102641639952296,-0.0029028108283858,75.10261596679688,74.56031196594239,0.007273360136988,1,0.0813611014133393,0.0634095091638568,1.283085445712114,24.6200008392334,-0.0287968256903831,1.6605933592372817,-0.0118114107101098,2,0.10419686
2022-03-22,76.30709838867188,24.06999969482422,17315.5,0.0047493346441043,0.0047493346441043,-0.005818636315698,0.0168585402156691,0.0039615516883821,75.14015594482422,74.57941146850585,0.0075187570574375,1,0.0823122112868973,0.0640072532920001,1.2859624666118612,24.06999969482422,-0.0626947270723773,1.5239149112854973,0.0006299129058782,4,0.037208367
2022-03-23,76.10189819335938,24.75,17245.650390625,-0.0026891363928858,-0.0026891363928858,-0.0050751517847613,0.0138403022038167,0.0045301819444494,75.17380798339843,74.595645942688,0.0077506137711393,1,0.0831408490944136,0.0639002967830345,1.3010823454288185,24.75,-0.074074058217162,1.696495184160526,-0.0017741292544677,0,0.05284195
2022-03-24,76.55239868164062,23.93000030517578,17222.75,0.0059197010715372,0.0059197010715372,0.0037565809191457,0.0250393001287596,0.011441914251568,75.21945602416992,74.61358242034912,0.0081201516421969,1,0.0824817979017932,0.0649472243110862,1.269962324246547,23.93000030517578,-0.0078773021329486,1.4945155572357571,0.0009356620265714,4,0.013269499
2022-03-25,76.32350158691406,23.43000030517578,17153.0,-0.0029900708360358,-0.0029900708360358,0.0039369193721321,0.0242428350219288,0.0114632257610511,75.26478607177734,74.62997894287109,0.0085060606729125,1,0.0829146522830562,0.0649431172522876,1.2767076648522089,23.43000030517578,0.0362671239579179,1.3671741291665824,0.0035572239986123,0,0.06943882
2022-03-28,76.27850341796875,22.61000061035156,17222.0,-0.0005895715999622,-0.0005895715999622,0.0043728195046897,0.0221848799292831,0.0161335729996867,75.31405014038086,74.6468229675293,0.0089384537255094,1,0.0830915443304837,0.0640613538541683,1.2970416997107763,22.61000061035156,-0.0816409488369629,1.1588497053780462,0.009303620353684,1,0.09981592
2022-03-29,76.03410339355469,21.299999237060547,17325.30078125,-0.0032040484994162,-0.0032040484994162,-0.003577583224652,0.0187731981558114,0.0095479111576459,75.35875015258789,74.66294647216797,0.0093192636146404,1,0.0842992556857909,0.0641016352844667,1.3150669283984668,21.299999237060547,-0.1150810341871049,0.8334220089905255,0.0663068616648216,0,0.042791598
2022-03-30,75.66670227050781,20.61000061035156,17498.25,-0.004832057019798,-0.004832057019798,-0.0057185948469486,0.0034266779051261,0.009154422680599,75.39263824462891,74.676403465271,0.0095911793568232,1,0.0787678825670976,0.0642178640731262,1.2265536568414606,20.61000061035156,-0.1672727026120581,0.6624951065615676,0.0504159817078024,0,0.022289965
2022-03-31,75.82779693603516,20.559999465942383,17464.75,0.0021290033884577,0.0021290033884577,-0.0094654348927573,0.0101214383565193,0.0144865094610306,75.42161422729492,74.69061595916747,0.009787016196614,1,0.0772509669731325,0.0640063392374171,1.2069079560797236,20.559999465942383,-0.1408274465631539,0.6495270461265418,0.0399460276511758,3,0.096263304
2022-04-01,75.9092025756836,18.43000030517578,17670.44921875,0.0010735593402126,0.0010735593402126,-0.005428197116437,0.0014248020842611,0.0179549416323463,75.45469635009766,74.70510047912597,0.0100340654943786,1,0.0736529418962506,0.0638263818493794,1.1539395751819752,18.43000030517578,-0.2134016190727696,0.1207166832010728,0.0641035321725576,3,0.05561437
2022-04-04,75.99479675292969,17.90999984741211,18053.400390625,0.0011275863049773,0.0011275863049773,-0.003719352797006,0.0048101977321739,0.0210073016732736,75.48219833374023,74.71891647338867,0.0102153764585626,1,0.073222398143421,0.0637085884438683,1.149315196219388,17.90999984741211,-0.2078726508652831,-0.0067493426007203,0.0942747497869658,3,0.055441745
2022-04-05,75.47799682617188,18.489999771118164,17957.400390625,-0.0068004646217819,-0.0068004646217819,-0.0073139097137029,-0.0054512405756872,0.0129398209605255,75.50277420043945,74.73040245056153,0.0103354421299803,1,0.0761579126463333,0.0652320678577827,1.167474030385452,18.489999771118164,-0.1319248622813645,0.1394478671760919,0.1053871306199527,0,0.007943623
2022-04-06,75.45069885253906,19.020000457763672,17807.650390625,-0.0003616679665688,-0.0003616679665688,-0.0028546693788311,-0.0126580180626301,0.0140773522744483,75.522744140625,74.74093242645263,0.0104602884763538,1,0.0715739926105374,0.0651567044755909,1.098473207222182,19.020000457763672,-0.0771470211305717,0.2733254917406564,0.1225796863874646,2,0.08299483
2022-04-07,75.94509887695312,19.0,17639.55078125,0.0065526235267923,0.0065526235267923,0.0015469517203159,-0.0147339414943975,0.0189200238539821,75.5533821105957,74.75153743743897,0.0107267984130468,1,0.0684310277487801,0.066327380468392,1.031700567171093,19.0,-0.0758754623766659,0.2702009376818958,0.101545923339712,4,0.00892027
2022-04-08,75.91320037841797,17.690000534057617,17784.349609375,-0.0004200205017421,-0.0004200205017421,5.2665587290112725e-05,-0.013018312947975,0.0199260904033353,75.57875015258789,74.75983394622803,0.0109539596750425,1,0.068219839614897,0.0662571720214429,1.029606424892302,17.690000534057617,-0.0401519131234276,-0.0525391600981429,0.0880372726426512,2,0.0887246
2022-04-11,75.91729736328125,18.270000457763672,17674.94921875,5.396933396117909e-05,5.396933396117909e-05,-0.0010197986304298,-0.0028581581164094,0.0201292026910016,75.59919616699219,74.76870094299316,0.0111075251211363,1,0.0587221007562544,0.0662534667591373,0.8863115745800779,18.270000457763672,0.0201005367626276,0.0974459158266368,0.0650831763193442,2,0.050102152
2022-04-12,75.83699798583984,18.15999984741211,17530.30078125,-0.0010577217607886,-0.0010577217607886,0.0047563684088589,-0.0062023702118265,0.0210987129877529,75.61175018310547,74.77720993041993,0.0111603555877797,1,0.0581377213084653,0.0661487164160441,0.8788808850337635,18.15999984741211,-0.0178474812217965,0.0723609670319626,0.0541086744358934,1,0.068222925
2022-04-13,76.1498031616211,17.790000915527344,17475.650390625,0.0041247040902074,0.0041247040902074,0.0092657101884285,-0.0078679867251952,0.0282593674804638,75.63396621704102,74.78629795074463,0.0113345397422224,1,0.0561790269253359,0.0662768589770354,0.8476288732380652,17.790000915527344,-0.0646687440921832,-0.0180083196578617,0.0358211626483861,4,0.033056393
2022-04-18,76.3313980102539,19.34000015258789,17173.650390625,0.0002961423410861,0.0002961423410861,0.0050865577767784,-0.0020747657771869,0.0340864024514839,75.66947814941406,74.7967204284668,0.01166839556531,1,0.0550681884576278,0.0658613308428036,0.8361105316643187,19.34000015258789,0.0178947448730468,0.373699360513771,0.0306457655059113,2,0.06594502
2022-04-19,76.28019714355469,19.770000457763672,16958.650390625,-0.0006707707186541,-0.0006707707186541,0.004834426203971,0.0001874689135725,0.0336195735013227,75.70017211914063,74.8071699142456,0.0119373878990303,1,0.054187674521891,0.0658859323035812,0.8224343223663143,19.770000457763672,0.1175805461227399,0.482281249622958,-0.0009837334213592,1,0.0910623
2022-04-20,76.44539642333984,18.670000076293945,17136.55078125,0.0021656902573843,0.0021656902573843,0.0069562415733994,0.0055402882431123,0.0334327691964795,75.73263198852538,74.81833190917969,0.0122202681617593,1,0.0534751648694715,0.0658655566970481,0.8118712674693077,18.670000076293945,0.0218937935691345,0.2080140567693598,-0.0087059384451647,3,0.11082266
2022-04-21,76.27619934082031,17.850000381469727,17392.599609375,-0.0022133063655337,-0.0022133063655337,0.0057913863502676,0.0043424813050889,0.0255072210453499,75.76527801513672,74.82828590393066,0.0125218972997593,1,0.0540871075224922,0.0652575970868031,0.8288119870328918,17.850000381469727,-0.0170704553164717,0.0041689428347953,0.0160653366287051,0,0.10540374
2022-04-22,76.28520202636719,18.350000381469727,17171.94921875,0.0001180274531855,0.0001180274531855,0.0017780592874117,-0.0002869505297287,0.0273396128787259,75.7981381225586,74.83827392578125,0.0128258462739168,1,0.0513969712066135,0.0651355462327413,0.7890650361314137,18.350000381469727,0.0314783269883707,0.1324349031680743,-0.008290305290058,2,0.05358269
2022-04-25,76.4635009765625,21.26000022888184,16953.94921875,0.0023372678508957,0.0023372678508957,0.0017306504237069,0.0047515606284138,0.0247093390322612,75.83424209594726,74.84873641967773,0.0131666307730806,1,0.0511652602295504,0.0646025367852767,0.7919885315197028,21.26000022888184,0.0992761148472396,0.8662644449187572,-0.016914477869363,4,0.11058233
2022-04-26,76.52780151367188,19.190000534057617,17200.80078125,0.0008409311146906,0.0008409311146906,0.0032459849264836,-0.0003213115250776,0.0279196811381108,75.87089416503906,74.85865043640136,0.0135220675598164,1,0.0467609874637803,0.0643969592931126,0.7261252992652112,19.190000534057617,-0.0293373753301199,0.3442060296467121,-0.0012744317109636,3,0.08689992
2022-04-27,76.79409790039062,20.61000061035156,17038.400390625,0.0034797339195897,0.0034797339195897,0.0045614450753808,0.0061658113646774,0.0314550275095841,75.91059814453125,74.87103191375732,0.0138847589541892,1,0.0471105665773359,0.064697179564818,0.7281590748645109,20.61000061035156,0.1039100442490577,0.7070046488766759,-0.0066810242741794,4,0.03661962
2022-04-28,76.47219848632812,19.3799991607666,17245.05078125,-0.0041917207554158,-0.0041917207554158,0.0025695976884223,0.002539313957145,0.0276697964533094,75.9292741394043,74.8795783996582,0.0140184515215018,1,0.0494627749737089,0.0653231777412993,0.7571894003717025,19.3799991607666,0.0857142154957701,0.3968689938556763,0.0013384497299964,0,0.034622945
2022-04-29,76.58899688720703,19.420000076293945,17102.55078125,0.0015273315425838,0.0015273315425838,0.003982356378041,0.0072979553764209,0.0260460025779236,75.95423400878906,74.88841388702393,0.0142321097008812,1,0.0482707790219014,0.0651266763036869,0.7411715227918967,19.420000076293945,0.058310608859972,0.4088420088317945,-0.0128569196467323,3,0.054064285
2022-05-02,76.52310180664062,20.280000686645508,17069.099609375,-0.0008603726807318,-0.0008603726807318,0.0007794677109591,0.0113180502180627,0.0217385037258686,75.9709880065918,74.89742240905761,0.0143338123396401,1,0.0448394574839839,0.0651206884408907,0.6885487547621492,20.280000686645508,-0.0460959328168302,0.6270930033849118,-0.0245253319974854,1,0.06275408
2022-05-04,76.46730041503906,21.8799991607666,16677.599609375,-0.0007422608217789,-0.0007422608217789,-0.0007905767242248,0.0084336286275514,0.0167266984539096,75.99683807373047,74.90730640411377,0.0145450653870644,1,0.0445795224326411,0.0646607925151074,0.6894260226736774,21.8799991607666,0.1401771001483238,1.0341787426363953,-0.0450708078057229,1,0.090662375
2022-05-05,76.00160217285156,20.290000915527344,16682.650390625,-0.0060901619340534,-0.0060901619340534,-0.0103197478609229,0.0012172384115858,0.0128280052934712,76.0160301208496,74.91460590362549,0.0147023962008296,1,0.0496406548451111,0.0656981608393357,0.7555751734258073,20.290000915527344,-0.0155264282070662,0.6340703153296582,-0.0559011723978614,0,0.020894524
2022-05-06,76.54180145263672,21.25,16411.25,0.0071077354205846,0.0071077354205846,0.0009101734707031,0.0071979230563037,0.0266377669338402,76.04560607910156,74.9240193939209,0.0149696545147131,1,0.0553976283417648,0.0657703082880999,0.8422765151501178,21.25,0.0964912755527398,0.8817282432282639,-0.0909607251317462,4,0.012230007
2022-05-09,76.9574966430664,22.030000686645508,16301.849609375,0.0054309564517751,0.0054309564517751,0.0048113929002369,0.0196017366531582,0.0295937283927127,76.09110794067382,74.93646137237549,0.0154083412420642,1,0.0518826449730445,0.0664110157943519,0.781223764291414,22.030000686645508,0.1343975592223401,1.081970483916121,-0.0921932320512445,4,0.028605526
2022-05-10,77.3655014038086,22.299999237060547,16240.0498046875,0.0053016896149122,0.0053016896149122,0.0110084350644403,0.0253781950384823,0.0339884626702919,76.1480780029297,74.95060386657715,0.0159768444092087,1,0.0539132739384151,0.0671211215126161,0.8032117090977492,22.299999237060547,0.0996054478314303,1.1538654886719566,-0.0880296137643614,4,0.017440766
2022-05-11,77.27140045166016,22.799999237060547,16167.099609375,-0.0012163167101739,-0.0012163167101739,0.0105156064390492,0.0174639521749246,0.0352004987875271,76.20104598999023,74.96380187988281,0.0165045539191022,1,0.0506293348412592,0.0669595067677405,0.7561074024853529,22.799999237060547,0.0420475370923967,1.282324467785968,-0.0834744144074318,1,0.048428148
2022-05-12,77.41840362548828,24.270000457763672,15808.0,0.0019024266801024,0.0019024266801024,0.018641731386326,0.0198279513914187,0.0371935325408019,76.25675399780273,74.9759268951416,0.0170831779706097,1,0.0506040766295372,0.0670105261331357,0.75515481514328,24.270000457763672,0.1961557103326965,1.6520817220233637,-0.1111285851203223,3,0.102446556
2022-05-13,77.44380187988281,23.489999771118164,15782.150390625,0.000328064816699,0.000328064816699,0.0117844159678452,0.0201074665408187,0.0373099774127589,76.2974639892578,74.9909449005127,0.0174223579990677,1,0.0505593070409056,0.0670088415193194,0.7545056949034719,23.489999771118164,0.1054117539349723,1.4527348304733196,-0.1070893502832288,2,0.08585614
2022-05-16,77.48629760742188,24.530000686645508,15842.2998046875,0.0005487298725981,0.0005487298725981,0.0068713379127711,0.0217479550270434,0.0373665191453425,76.3458299255371,75.00611637115479,0.0178613907664939,1,0.0500984136338146,0.0670088444678763,0.7476276662279254,24.530000686645508,0.1134816124411421,1.7122224382445832,-0.0962904742837011,2,0.1110699
2022-05-17,77.8053970336914,22.739999771118164,16259.2998046875,0.0041181400598879,0.0041181400598879,0.005685940398509,0.0217412757923545,0.0400553697613303,76.38591384887695,75.0228988647461,0.018167986104991,1,0.0500931439931587,0.0673666727380837,0.7435783656638114,22.739999771118164,0.0197309663278542,1.2598414409447871,-0.0696025932511229,4,0.030171435
2022-05-18,77.37239837646484,22.299999237060547,16240.2998046875,-0.005565149382106,-0.005565149382106,0.0013070544110025,0.0136379051523607,0.0242790377386294,76.42074188232422,75.03831336975098,0.0184229688873913,1,0.054910098543949,0.0658218230911277,0.834210627337107,22.299999237060547,-0.0219298252952249,1.149589174317449,-0.0543478273231304,0,0.02553263
2022-05-19,77.81999969482422,24.559999465942383,15809.400390625,0.0057850257682527,0.0057850257682527,0.0051873462966074,0.0201861375419851,0.032903680126249,76.45930786132813,75.05490188598633,0.0187117155582348,1,0.0574484463076404,0.0664413128431143,0.8646364620582897,24.559999465942383,0.0119488670255027,1.7166521785893425,-0.0677677747655747,4,0.0145949
2022-05-20,77.42109680175781,23.100000381469727,16266.150390625,-0.0051259688335997,-0.0051259688335997,-0.000293181346652,0.0127633634472208,0.0229330206526314,76.47936981201173,75.07005737304688,0.0187732964151277,1,0.060962137270448,0.0668274546922622,0.9122182691665106,23.100000381469727,-0.0166027838845684,1.3404735396276048,-0.0507920410434841,0,0.020015057
2022-05-23,77.81839752197266,23.39999961853028,16214.7001953125,0.0051316855046907,0.0051316855046907,0.0042859179597576,0.0202186028470221,0.0351660472302153,76.49412170410156,75.08788936614991,0.0187278181584578,1,0.0619765870243916,0.0659547561177032,0.9396691156688356,23.39999961853028,-0.0460660838354733,1.408699960077188,-0.0677241723788999,4,0.011466789
2022-05-24,77.52680206298828,25.63999938964844,16125.150390625,-0.0037471275208672,-0.0037471275208672,-0.0035806638269898,0.0162757652026921,0.0331121538892456,76.50636779785157,75.10362789154053,0.0186773921006422,1,0.0640500353102944,0.0663475998186303,0.9653562469348392,25.63999938964844,0.1275285685012863,1.9547223435833587,-0.0609598138679564,0,0.02832042
2022-05-25,77.47879791259766,25.280000686645508,16025.7998046875,-0.0006191942542866,-0.0006191942542866,0.0013751614059462,0.0132781905493231,0.0321835559280543,76.53324569702148,75.1193618774414,0.0188218294756929,1,0.063960867771862,0.0663816346656187,0.96351806604309,25.280000686645508,0.1336323565712267,1.848131071794587,-0.0547453222896305,1,0.097861454
2022-05-26,77.49729919433594,22.71999931335449,16170.150390625,0.0002387915434509,0.0002387915434509,-0.0041467553553555,0.0126685683044331,0.0376915510954796,76.55698562622071,75.1357763671875,0.0189152136006125,1,0.063970503521852,0.0654323614693786,0.9776435458201048,22.71999931335449,-0.074918574617212,1.2042776368495507,-0.0599187446987047,2,0.058606885
2022-05-27,77.63020324707031,21.479999542236328,16352.4501953125,0.0017149507675242,0.0017149507675242,0.0027008974807982,0.0108876250849927,0.0417784536072762,76.57451568603516,75.1530073928833,0.0189148557385139,1,0.0632600234517364,0.0652351489182162,0.9697081219653656,21.479999542236328,-0.0701299053022062,0.8927291416872584,-0.0402590724238367,3,0.06840001
2022-05-30,77.69200134277344,19.979999542236328,16661.400390625,0.0007960573735257,0.0007960573735257,-0.0016242454641079,0.01595093224191,0.0411267330308007,76.59855377197266,75.17105739593507,0.0189899733419844,1,0.0608916857790069,0.0652146020508847,0.93369813149154,19.979999542236328,-0.1461538517968896,0.5197139331913899,-0.0338445156252937,3,0.089029446
2022-05-31,77.5208969116211,20.479999542236328,16584.55078125,-0.0022023429464436,-0.0022023429464436,-7.61691596976588e-05,0.0121675444553279,0.0386945928957176,76.62365371704101,75.18620487213134,0.0191185184483553,1,0.0616654342738167,0.065446245856875,0.9422158788571692,20.479999542236328,-0.2012480487614731,0.64195568906787,-0.0302878796634182,0,0.09681264
2022-06-01,77.5989990234375,20.850000381469727,16522.75,0.0010074975255438,0.0010074975255438,0.0015514065018851,0.0140597700746039,0.0290511342820867,76.6551496887207,75.2018688583374,0.0193250626938663,1,0.0614538050374176,0.0623240787960725,0.986020494871644,20.850000381469727,-0.1752373490842501,0.7313461119012188,-0.0320081095006864,3,0.059391968
2022-06-02,77.58409881591797,20.31999969482422,16628.0,-0.0001920154603415,-0.0001920154603415,0.0011200341493755,0.0146049147127895,0.0335175840020538,76.6879035949707,75.21761184692383,0.0195471740187536,1,0.0613237212259475,0.0615361042029985,0.9965324501402096,20.31999969482422,-0.1056337892193326,0.6008267508878521,-0.0029740256713632,2,0.071231835
2022-06-03,77.3604965209961,19.979999542236328,16584.30078125,-0.0028820634425671,-0.0028820634425671,-0.0034742499026549,0.0178798118630969,0.020570856879154,76.70897155761719,75.23389934539794,0.0196064835805891,1,0.0577523699833268,0.0604943659934473,0.95465774997679,19.979999542236328,-0.0698324037228462,0.5164932283465292,-0.0058953228097538,0,0.071292385
2022-06-06,77.69419860839844,20.200000762939453,16569.55078125,0.0043135980559765,0.0043135980559765,2.8281748275515994e-05,0.0150557882606774,0.0272798454893956,76.74081756591796,75.25106983184814,0.0197970306255941,1,0.0546666276809856,0.0607915686608467,0.8992320753209675,20.200000762939453,0.0110110723595391,0.5679014895507881,0.0096458698301469,4,0.034073126
2022-06-07,77.82099914550781,20.43000030517578,16416.349609375,0.0016320463996093,0.0016320463996093,0.003871243056293,0.0112205118423533,0.0254217309923108,76.76618957519531,75.26909084320069,0.019889953701093,1,0.052061400020768,0.0605308494768356,0.860066237372955,20.43000030517578,-0.0024413690516659,0.6214073197852215,0.0070237428723518,3,0.05812919
2022-06-08,77.67060089111328,19.84000015258789,16356.25,-0.001932617880083,-0.001932617880083,0.000922716382645,0.0039436115809838,0.0163914475063546,76.7931315612793,75.2867688369751,0.0200083327731337,1,0.049696213853612,0.0592123637922017,0.8392736144497991,19.84000015258789,-0.0484412570936673,0.4726532700556171,0.0071551624970362,1,0.10038952
2022-06-09,77.72429656982422,19.13999938964844,16478.099609375,0.0006913256508238,0.0006913256508238,0.0018070423713871,0.0058611092269174,0.0083482998099104,76.82204742431641,75.3035678100586,0.0201647764962205,1,0.0494537800213745,0.056690196653906,0.8723361463559287,19.13999938964844,-0.0580708820323624,0.2963049432748263,0.0192365982467044,3,0.1026696
2022-06-10,77.8187026977539,19.57999992370605,16201.7998046875,0.0012146282706446,0.0012146282706446,0.0059229994294756,0.0051705932119456,0.0117559803823639,76.85773941040038,75.32051483154297,0.0204091087573614,1,0.0492268572262746,0.0565420242632801,0.8706088481765788,19.57999992370605,-0.0200200013861214,0.4016741870260866,0.0249114248916688,3,0.0567559
2022-06-13,78.17759704589844,22.3700008392334,15774.400390625,0.0046119292111366,0.0046119292111366,0.0062218086569947,0.009475195537969,0.0268299296713929,76.9079573059082,75.33989532470703,0.0208131690977666,1,0.0514966783638825,0.0532145305034217,0.967700178438911,22.3700008392334,0.1074257422937925,1.0836871350353416,-0.0004910610916877,4,0.018414412
2022-06-14,78.16059875488281,21.88999938964844,15732.099609375,-0.0002174317407791,-0.0002174317407791,0.0043638556829632,0.0087021985600244,0.0242470014428906,76.95461334228516,75.360168800354,0.0211576561904365,1,0.051547323502283,0.0530869437797303,0.9709798465007498,21.88999938964844,0.071463488138215,0.9576873133111504,-0.006956073087311,2,0.07699361
2022-06-15,77.9854965209961,22.14999961853028,15692.150390625,-0.0022402877751211,-0.0022402877751211,0.0040542448013793,0.0023147428606618,0.0160486889952458,76.99613922119141,75.37937229156495,0.0214484000128425,1,0.0504911079785792,0.0521619711850171,0.9679492335567328,22.14999961853028,0.1164314237992116,1.0138463904093478,-0.03488153984952,0,0.10010207
2022-06-16,77.90019989013672,22.8700008392334,15360.599609375,-0.0010937499235695,-0.0010937499235695,0.0022631703093571,0.0068215736457308,0.0184351033492888,77.03424728393554,75.39837329864503,0.0216964095340757,1,0.0463599698141095,0.0517009973456187,0.8966765733285185,22.8700008392334,0.1948799147612443,1.1817597928082475,-0.0541677312544802,1,0.06041954
2022-06-17,77.97769927978516,22.76000022888184,15293.5,0.0009948548239637,0.0009948548239637,0.0020431667005396,0.002026466018753,0.0224451508374479,77.08424133300781,75.41748180389405,0.0221004399675899,1,0.0420219789946696,0.0513075113781547,0.8190060063321396,22.76000022888184,0.1624106393037148,1.1453907782609687,-0.0326325083733681,3,0.07336366
2022-06-20,77.9614028930664,22.40999984741211,15350.150390625,-0.0002089877858575,-0.0002089877858575,-0.00276542335658,0.0069787966539931,0.0254813920095891,77.13445541381836,75.43980583190918,0.0224635994647852,1,0.0375294587742725,0.0508255332014321,0.7383832107048963,22.40999984741211,0.0017880646704562,1.0508892704520951,-0.0563132626960055,2,0.065075465
2022-06-21,77.93399810791016,21.13999938964844,15638.7998046875,-0.0003515173424193,-0.0003515173424193,-0.0028991672349298,0.0014855174305645,0.0261710168329791,77.1742333984375,75.46241981506347,0.0226843187320149,1,0.0332611167293211,0.0508184921002422,0.654495260671104,21.13999938964844,-0.0342622211471904,0.7325757228801447,-0.0355171778502254,2,0.09487553
2022-06-22,78.13490295410156,21.299999237060547,15413.2998046875,0.0025778845057227,0.0025778845057227,0.0019158233231899,0.0078437504828228,0.0239532704561733,77.21866744995117,75.48811084747314,0.0229248895362434,1,0.0312652406183932,0.0502422760927659,0.6222771094915692,21.299999237060547,-0.0383747357159607,0.7657621429543195,-0.0441453610473836,4,0.11627495
2022-06-23,78.19309997558594,20.8799991607666,15556.650390625,0.0007448274623,0.0007448274623,0.0037599401010819,0.0092193229920019,0.0274789700634436,77.26418350219727,75.51415084838867,0.0231748968126805,1,0.0310757715537023,0.049866726760938,0.6231639894611017,20.8799991607666,-0.0870136250739859,0.6570801846068993,-0.0292746333899213,3,0.11150821
2022-06-24,78.14240264892578,20.549999237060547,15699.25,-0.0006483606184687,-0.0006483606184687,0.002112185543583,0.0083242056342138,0.0207701390768633,77.31029159545898,75.53959136962891,0.0234406910829807,1,0.0312989173111891,0.0486275866761255,0.6436320578191005,20.549999237060547,-0.097100218347839,0.5707017108759802,-0.029121583859728,1,0.10848598
2022-06-27,78.2522964477539,21.01000022888184,15832.0498046875,0.001406327360087,0.001406327360087,0.0037312508997111,0.0080135459481367,0.0252713098945469,77.35234146118164,75.56588035583496,0.023641107559845,1,0.0311530509769957,0.0482126259235319,0.6461461958162062,21.01000022888184,-0.0624720940679498,0.6783607301706381,-0.0318240009545588,3,0.06432501
2022-06-28,78.44110107421875,21.450000762939453,15850.2001953125,0.0024127678679808,0.0024127678679808,0.0065068260145775,0.0096419157506359,0.0283513383108742,77.39453552246094,75.59253585815429,0.0238383280022251,1,0.0319178249013655,0.0483441478475076,0.6602074111354894,21.450000762939453,0.0146642091883317,0.7803995318128812,-0.0486873957947102,3,0.11765997
2022-06-29,79.07319641113281,21.89999961853028,15799.099609375,0.0080582160150453,0.0080582160150453,0.0120086340618152,0.0200242716655025,0.0399701302696724,77.4503955078125,75.62094982147217,0.0241923129854799,1,0.0399245767489174,0.0501315665512567,0.7963800677968002,21.89999961853028,0.0281690330028636,0.8844118817952258,-0.0473604128465757,4,0.0077438178
2022-06-30,78.89830017089844,21.84000015258789,15780.25,-0.0022118271193315,-0.0022118271193315,0.0090187010814597,0.016743787469069,0.042708322200136,77.49945358276368,75.64649631500244,0.024494951624002,1,0.0413941822194661,0.0492449464380143,0.8405601925341981,21.84000015258789,0.0459770608432363,0.8628428087077914,-0.0449380399751857,1,0.10816772
2022-07-01,78.96299743652344,21.25,15752.0498046875,0.00082000835867,0.00082000835867,0.0105012740814278,0.0177729540157081,0.0413463218921286,77.55318954467774,75.67368980407714,0.0248368983389961,1,0.0412385200965087,0.0491530865416412,0.8389642245019275,21.25,0.0340632987312743,0.7113032358733813,-0.0526792275266116,3,0.099111505
2022-07-04,78.95069885253906,20.96999931335449,15835.349609375,-0.0001557512301159,-0.0001557512301159,0.0089250084213368,0.0205557410184327,0.0400675566815895,77.60649948120117,75.70073928833008,0.0251749218143353,1,0.0391653288760153,0.0491679267425148,0.7965463448310395,20.96999931335449,-0.0019038988620457,0.6362217101462405,-0.0451602501518637,2,0.075111076
2022-07-05,78.93949890136719,20.790000915527344,15810.849609375,-0.0001418600637442,-0.0001418600637442,0.0063537841810361,0.0160282275288716,0.0387487337851717,77.65601943969726,75.7271827697754,0.0254708626331165,1,0.0373762129870924,0.0491776034214301,0.7600096462032777,20.790000915527344,-0.030769222561168,0.5857679691333096,-0.0457888799697299,2,0.06224988
2022-07-06,79.36840057373047,20.270000457763672,15989.7998046875,0.0054332961107237,0.0054332961107237,0.0037333025095225,0.0198841115536099,0.0515435479364709,77.71283142089844,75.75683475494385,0.0258194085362963,1,0.0406681553168983,0.0477871899681172,0.8510084885832856,20.270000457763672,-0.0744291867195929,0.4511613993626828,-0.0259832310371793,4,0.02485283
2022-07-07,79.04389953613281,19.200000762939453,16132.900390625,-0.0040885419795779,-0.0040885419795779,0.0018454056034034,0.0176810611642461,0.0476231597352903,77.75782745361329,75.78422973632813,0.026042327330525,1,0.0431949475206083,0.0487179061957281,0.8866157082236751,19.200000762939453,-0.1208790920880839,0.1794433576552927,-0.0136553066488345,0,0.04408532
2022-07-08,79.22160339355469,18.39999961853028,16220.599609375,0.0022481666322731,0.0022481666322731,0.0032750271067045,0.019264334189057,0.0431430673612023,77.81281555175781,75.81185726165772,0.0263937378976741,1,0.0434639613540646,0.0473614768635271,0.9176876766665756,18.39999961853028,-0.1341176650103399,-0.0266896810100884,-0.0156268020041279,3,0.10844542
2022-07-11,79.3313980102539,18.3700008392334,16216.0,0.0013859176284753,0.0013859176284753,0.0048219859133342,0.0194387115186855,0.0450277107907008,77.86766357421875,75.84021926879883,0.0267331018418353,1,0.0434830049734092,0.0473346418298067,0.918610233061812,18.3700008392334,-0.1239865788867867,-0.0404811706850066,0.0008764578925601,3,0.050599646
2022-07-12,79.47779846191406,18.549999237060547,16058.2998046875,0.0018454288633769,0.0018454288633769,0.0068191408361923,0.0166313811775549,0.0468997346098216,77.92675750732423,75.86864475250245,0.0271273167134555,1,0.0415365008216284,0.0473754044456112,0.8767339207708961,18.549999237060547,-0.1077441837337205,-0.0014386289609837,0.0179974773704378,3,0.076720305
2022-07-13,79.47640228271484,18.520000457763672,15966.650390625,-1.7566908321997587e-05,-1.7566908321997587e-05,0.0013607645889757,0.0168346142275404,0.0479898254616373,77.98693954467774,75.89665225982667,0.027541231696164,1,0.0414812146992635,0.0472641969972416,0.8776270349975352,18.520000457763672,-0.0863344825100744,-0.0140774099284687,0.0149090577274395,2,0.06389908
2022-07-14,79.80750274658203,18.34000015258789,15938.650390625,0.00416602229539,0.00416602229539,0.0096604951796457,0.0233633984121059,0.0480329486498842,78.06305755615234,75.92648979187011,0.0281399518157496,1,0.0415041714738799,0.0472763818240165,0.8778864199454495,18.34000015258789,-0.0447916966759484,-0.0655708496979773,0.0157084907972375,4,0.027415704
2022-07-15,79.87830352783203,17.600000381469727,16049.2001953125,0.0008871444264435,0.0008871444264435,0.0082894072594694,0.0253927928360266,0.0464671892567938,78.12978759765625,75.9568168258667,0.0286079757235107,1,0.0407430383145442,0.0472698253469049,0.8619066414758907,17.600000381469727,-0.0434782203068573,-0.2602369476490234,0.044829017320211,3,0.0882439
2022-07-18,79.72049713134766,17.15999984741211,16278.5,-0.0019755852279635,-0.0019755852279635,0.0049047304201479,0.0223499521999144,0.0451008271690558,78.18504760742188,75.98629280090331,0.0289362031686382,1,0.0422028229282828,0.047497949121106,0.8885001396700409,17.15999984741211,-0.0658683144552204,-0.379346884328713,0.064406447183444,1,0.09649907
2022-07-19,80.0302963256836,17.200000762939453,16340.5498046875,0.0038860670151807,0.0038860670151807,0.0069515999997695,0.0265374064067949,0.0468949089163102,78.23834350585938,76.015627784729,0.0292402468532515,1,0.0430316379699583,0.0478364566153826,0.8995385836654433,17.200000762939453,-0.0727762010590258,-0.3754745110438886,0.0645205023311941,4,0.05233393
2022-07-20,79.85590362548828,16.81999969482422,16520.849609375,-0.0021790835246394,-0.0021790835246394,0.0047750191487463,0.0246606816567653,0.0469308161078267,78.29003356933593,76.04329730987548,0.0295454870967131,1,0.044335395783538,0.0478279405547294,0.9269575129477546,16.81999969482422,-0.0917926955140437,-0.4808587301200602,0.0564013745110489,1,0.10509397
2022-07-21,80.00340270996094,16.860000610351562,16605.25,0.0018470654989317,0.0018470654989317,0.0024546559738996,0.0239137656183816,0.0487407856940405,78.34173355102538,76.07204231262207,0.0298360760327149,1,0.0441135557998978,0.0478626524169404,0.9216504293409232,16.860000610351562,-0.0806979023949184,-0.4786988220164112,0.0773325770870947,3,0.06848999
2022-07-22,79.7759017944336,16.649999618530273,16719.44921875,-0.0028436404930438,-0.0028436404930438,-0.0012819718105649,0.0202422185505095,0.0433200255751617,78.38837554931641,76.10016132354737,0.0300684543366533,1,0.0462096356303675,0.0482884113074026,0.9569310202645548,16.649999618530273,-0.0539773149061785,-0.5401194466114226,0.0747460924381089,0,0.08387092
2022-07-25,79.87680053710938,17.68000030517578,16631.0,0.0012647772122436,0.0012647772122436,0.0019606426375413,0.022195348868089,0.0437618611432237,78.43618560791016,76.12668132781982,0.0303376456165882,1,0.0458450651148518,0.0483016730380107,0.949120664166455,17.68000030517578,0.0303030572486917,-0.2752555262570362,0.0593499689475611,3,0.05494777
2022-07-26,79.72250366210938,18.170000076293945,16483.849609375,-0.0019316857205405,-0.0019316857205405,-0.0038459518170675,0.0187880392153996,0.038133213902938,78.47452774047852,76.15247783660888,0.0304921122704868,1,0.0469626855233413,0.0482412843754939,0.9734755750330384,18.170000076293945,0.0563953064144353,-0.1535556155487351,0.0411696408695301,1,0.10036089
2022-07-27,79.84120178222656,18.1299991607666,16641.80078125,0.0014888910240484,0.0014888910240484,-0.0001841046509306,0.0178490700517204,0.0440552692688802,78.52390380859374,76.17788383483887,0.0307966020537047,1,0.0466937386580316,0.0472767884209547,0.9876464237767878,18.1299991607666,0.0778834417188183,-0.1720681558594551,0.049942623827023,3,0.05089871
2022-07-28,79.84739685058594,17.010000228881836,16929.599609375,7.759237362514604e-05,7.759237362514604e-05,-0.0019499903015447,0.0097909339016442,0.0425439697059562,78.56445175170899,76.20297080993652,0.0309893553581055,1,0.0386563667363132,0.0472611740944484,0.8179134260532025,17.010000228881836,0.0088967742052261,-0.4788807638498283,0.0715547105816825,2,0.058183618
2022-07-29,79.57150268554688,16.549999237060547,17158.25,-0.0034552681229587,-0.0034552681229587,-0.0025621660713207,0.0085325350887184,0.0398363475465093,78.60745986938477,76.22429931640625,0.0312651027867905,1,0.0399600486128949,0.0478826007491984,0.8345247221944545,16.549999237060547,-0.0060060290547053,-0.6083382695598991,0.0873243453050489,0,0.065545395
2022-08-01,79.1948013305664,17.489999771118164,17340.05078125,-0.0047341239296325,-0.0047341239296325,-0.0085381387581506,0.0029356015041008,0.0356688532316868,78.63498794555665,76.24326030731201,0.0313696925945237,1,0.0436952593570267,0.0489983168129791,0.8917524202184922,17.489999771118164,-0.0107466363562219,-0.3600828818450457,0.1008123384735579,0,0.012435801
2022-08-02,78.95570373535156,18.530000686645508,17345.44921875,-0.0030191072039795,-0.0030191072039795,-0.0096183623385407,6.339250804909824e-05,0.0388689379966153,78.6635659790039,76.26061931610107,0.0315096662530709,1,0.0450470075323633,0.0476708777890485,0.944938811340716,18.530000686645508,0.0198129118789189,-0.0849214729363729,0.09536256834399,0,0.07664227
2022-08-03,78.60449981689453,18.450000762939453,17388.150390625,-0.0044481133324353,-0.0044481133324353,-0.0154895209206048,-0.0042437447556036,0.0269486519145252,78.68608001708985,76.27711032867431,0.0315818163278001,1,0.0476224384054197,0.0468643771369087,1.0161539566042403,18.450000762939453,0.0176503925529867,-0.1134050521459155,0.099760659307944,0,0.03600214
2022-08-04,79.11830139160156,19.26000022888184,17382.0,0.0065365414944933,0.0065365414944933,-0.0091311111913728,-0.0031511178292747,0.0280778980968818,78.71850006103516,76.29767234802246,0.0317287230201517,1,0.0493869241389492,0.0473934186898292,1.0420409302234477,19.26000022888184,0.1322751304952751,0.1017704737604791,0.08706801913207,4,0.014032735
2022-08-05,79.15489959716797,18.920000076293945,17397.5,0.0004625757242342,0.0004625757242342,-0.0052355815124573,0.001404283716853,0.0231291487922973,78.74899398803711,76.31726936340333,0.0318633599566375,1,0.0472802259105515,0.0463542496111045,1.019954078711842,18.920000076293945,0.1432024742288953,0.0025978154231631,0.0783863768296662,2,0.09576069
2022-08-08,79.41059875488281,19.299999237060547,17525.099609375,0.0032303642480269,0.0032303642480269,0.0027248938148811,0.0023856543320543,0.0276842181029306,78.7833659362793,76.33872184753417,0.0320236444831711,1,0.0479675201497435,0.0465893593783567,1.0295589214112522,19.299999237060547,0.1034876780805507,0.1013881992699729,0.0804224277409597,4,0.07920456
2022-08-10,79.57839965820312,19.59000015258789,17534.75,-0.000295200688546,-0.000295200688546,0.0078866490119415,0.0031135421049468,0.0279002915529469,78.82451599121094,76.36256786346435,0.0322402480250341,1,0.047760600532522,0.046515820071889,1.0267382950664048,19.59000015258789,0.0572045022484171,0.1754753586436333,0.0813240009866798,2,0.08413772
2022-08-11,79.0978012084961,18.36000061035156,17659.0,-0.0060393077992425,-0.0060393077992425,0.006275739846328,-0.0047811748786683,0.0213574138725611,78.85449203491211,76.38372985839844,0.032346707618154,1,0.051652005624481,0.0482676811387422,1.0700935763298325,18.36000061035156,-0.0048780568491182,-0.175363035903586,0.0996805524109873,0,0.02361792
2022-08-12,79.61399841308594,17.610000610351562,17698.150390625,0.0065260626301,0.0065260626301,0.0062652636970919,0.0017312828263367,0.0274590588447507,78.89509002685547,76.40683135986328,0.0325659188152027,1,0.0568730872428708,0.049846560852497,1.14094022395926,17.610000610351562,-0.0856697611070625,-0.3940402780397238,0.108444786955232,4,0.01001142
2022-08-16,79.55290222167969,17.68000030517578,17825.25,-0.0009381094034282,-0.0009381094034282,0.0050281489400809,-0.0031901828291858,0.0224599482119676,78.93893814086914,76.42914638519287,0.032838149768509,1,0.0548449312107759,0.0493354099523648,1.111652251627747,17.68000030517578,-0.0655390996891082,-0.3821449465441009,0.118366333606557,1,0.07888898
2022-08-17,79.14600372314453,17.68000030517578,17944.25,-0.0051148165204747,-0.0051148165204747,-0.0033319863580806,-0.0091676935080668,0.0229229723247041,78.96797424316406,76.45043190002441,0.0329303874493722,1,0.0571433293579527,0.0491249698840104,1.1632000242004743,17.68000030517578,-0.0839377718095442,-0.3901590628373098,0.1180775229684647,0,0.035271287
2022-08-18,79.35970306396484,17.350000381469727,17956.5,0.0027000648266188,0.0027000648266188,-0.0027481904031446,-0.004525737801012,0.0197854455818384,78.9987483215332,76.47198040008544,0.033041748209321,1,0.0579682075916339,0.0481079043424123,1.2049371812554392,17.350000381469727,-0.1143440405140708,-0.4936134845140518,0.1030807506834168,4,0.1087095
2022-08-19,79.7667007446289,18.290000915527344,17758.44921875,0.0051285181893387,0.0051285181893387,0.0084566135330315,-0.0032936974265593,0.0302967025754903,79.04067031860352,76.49682788848877,0.0332542211269593,1,0.0592529631356173,0.0477995720511756,1.2395869043613272,18.290000915527344,-0.0038126194170575,-0.2302411380243273,0.0867718302633706,4,0.009865241
2022-08-22,79.91790008544922,19.040000915527344,17490.69921875,0.0018955195515026,0.0018955195515026,0.0038171889167839,0.000776354122191,0.0269795142322706,79.08454238891602,76.52177589416505,0.0334906824208505,1,0.0592827155018757,0.0469382386891992,1.262967128512819,19.040000915527344,0.0812038759575735,-0.0193692954973273,0.0587045843468392,3,0.07621106
2022-08-23,79.88379669189453,19.049999237060547,17577.5,-0.0004267303510004,-0.0004267303510004,0.0041594267584705,-0.0014950116371926,0.0304023197937568,79.12584426879883,76.54704536437988,0.0336890717615987,1,0.058873701165672,0.0462140407798502,1.2739078051693715,19.049999237060547,0.0774886260315108,-0.0231053919658991,0.0585507595489378,2,0.09503068
2022-08-24,79.85449981689453,18.43000030517578,17604.94921875,-0.0003667436478137,-0.0003667436478137,0.0089517608018256,0.0009852351486225,0.0306626066524271,79.15938232421875,76.57275787353515,0.0337799567694241,1,0.0580855886608221,0.046193304847561,1.257418827981105,18.43000030517578,0.0424208137474091,-0.2125998952923624,0.0529622709704431,2,0.097532526
2022-08-25,79.79679870605469,19.56999969482422,17522.44921875,-0.0007225780760277,-0.0007225780760277,0.0055077781949051,-0.0010015652920088,0.0296719954840285,79.19210632324219,76.59956436157226,0.0338453878070685,1,0.0579181408305743,0.0462505381591848,1.2522424796173537,19.56999969482422,0.1279538481005171,0.1177052692317452,0.0536016606788527,1,0.09902608
2022-08-26,79.88289642333984,18.21999931335449,17558.900390625,0.0010789620471156,0.0010789620471156,0.0014566940543641,0.0020118881603401,0.0290182568387715,79.23005432128906,76.62802333831787,0.0339566501863559,1,0.0576989918690222,0.0461960395864875,1.248975960050457,18.21999931335449,-0.0038273154001554,-0.2891374822007851,0.0652184293551536,3,0.063839145
2022-08-29,79.95909881591797,19.81999969482422,17312.900390625,0.0009539262594371,0.0009539262594371,0.0005155131757053,0.0014766440266389,0.0291805775879321,79.2712322998047,76.65822631835937,0.0340864393417295,1,0.0575522088843006,0.0462023777350083,1.2456277377463958,19.81999969482422,0.040966320472221,0.1807300730206872,0.0403261412749944,3,0.06758123
2022-08-30,79.96790313720703,18.700000762939453,17759.30078125,0.0001101103116398,0.0001101103116398,0.0010528598889321,0.0015092074553988,0.0315657625630374,79.31103637695313,76.68719184875488,0.034214899058673,1,0.0575532003407554,0.0458994171795004,1.2538709640848156,18.700000762939453,-0.0183726240492542,-0.1621213684241075,0.0490089069451791,2,0.048190676
2022-09-01,79.54879760742188,19.8700008392334,17542.80078125,-0.0016753927904682,-0.0016753927904682,-0.0038282402391052,-0.0002853418291561,0.0251265945246983,79.34278427124023,76.71291133880615,0.0342820118091871,1,0.0565456448644084,0.0460818138251057,1.227044101061436,19.8700008392334,0.0781335057087988,0.1841497499113862,0.0224120047936124,1,0.08815335
2022-09-02,79.716796875,19.549999237060547,17539.44921875,0.0021119020353672,0.0021119020353672,-0.0010025694307536,0.0065912854841914,0.0274888552117134,79.37844024658203,76.73988483428955,0.0343831036232347,1,0.0541864905022511,0.0461889106896725,1.173123950516028,19.549999237060547,-0.0010219958137741,0.0802144821947057,0.0114992995127565,3,0.097300656
2022-09-05,79.72450256347656,19.65999984741211,17665.80078125,9.666329780722016e-05,9.666329780722016e-05,-0.0019828256980551,0.009737090441267,0.0305583101039024,79.41023223876954,76.76680736541748,0.0344344771402189,1,0.0527908423784905,0.0456969283170672,1.155213033120679,19.65999984741211,0.0790340608301867,0.1068176880750947,0.0184689112665763,2,0.057320744
2022-09-06,79.78299713134766,19.520000457763672,17655.599609375,0.0007337087845047,0.0007337087845047,-0.0022023970652262,0.0149927461811776,0.0268848712048292,79.44203018188476,76.79354686737061,0.0344883577143313,1,0.0496090978948325,0.0450380965410938,1.1014674295158005,19.520000457763672,-0.0151361877739528,0.0579583041078461,0.0153811194831969,3,0.103410326
2022-09-07,79.89510345458984,19.3700008392334,17624.400390625,0.0014051405346131,0.0014051405346131,-0.0009103612794783,0.0098182348372652,0.0266522446621884,79.47708419799805,76.82072937011719,0.0345786202456204,1,0.0450580307613729,0.0450159889530665,1.00091169598991,19.3700008392334,0.0358288796234587,0.0053540955966155,0.0139454832945,3,0.04323139
2022-09-08,79.6498031616211,18.309999465942383,17798.75,-0.0030702794334345,-0.0030702794334345,0.0012697307468767,0.0062523427731167,0.0254820002394788,79.50503433227539,76.84767936706542,0.0345795082830935,1,0.046742210003175,0.0453159456633479,1.031451023871184,18.309999465942383,-0.0785103828587056,-0.3300106389716091,0.0230636585716339,0,0.080042
2022-09-09,79.706298828125,17.719999313354492,17833.349609375,0.0007093007673761,0.0007093007673761,-0.0001316917799828,0.0037236852243731,0.0255004206634437,79.53033828735352,76.87469787597657,0.0345450516847734,1,0.0455853718153846,0.0453163983470569,1.0059132580002816,17.719999313354492,-0.0936061378578961,-0.5199016877571713,0.0175890583717481,3,0.11409321
2022-09-12,79.65579986572266,17.940000534057617,17936.349609375,-0.0006335630075012,-0.0006335630075012,-0.0008617513505236,0.0009726283495516,0.0236073990478098,79.54199035644531,76.90082786560059,0.0343450462647902,1,0.0456493849735695,0.0453353705180458,1.0069042680732263,17.940000534057617,-0.0874872495780257,-0.4560183991383032,0.0229030701535521,1,0.11054125
2022-09-13,79.35530090332031,17.469999313354492,18070.05078125,-0.0037724680802766,-0.0037724680802766,-0.0053607440608332,0.0032554595815561,0.0150644673400544,79.55113037109375,76.92536937713624,0.0341338756670037,1,0.0422894662628704,0.0452631990726506,0.9342806705801724,17.469999313354492,-0.1050205479679604,-0.6087307850325248,0.0232771267484002,0,0.053548284
2022-09-14,79.60240173339844,18.280000686645508,18003.75,0.0031138541126467,0.0031138541126467,-0.0036635752196975,-0.0001456613148271,0.0184466726392056,79.56391845703125,76.95025638580323,0.0339656057560611,1,0.0373431366193694,0.0456102239483388,0.8187269138330041,18.280000686645508,-0.0562725919133738,-0.3601696153461072,0.0172673190491634,4,0.09269114
2022-09-15,79.45369720458984,18.38999938964844,17877.400390625,-0.0018680909818101,-0.0018680909818101,-0.0024621022180472,-0.0012470320292451,0.0188265863409418,79.57397842407227,76.97499588012695,0.0337639841903039,1,0.0378229430999916,0.0455316385113508,0.830677604825443,18.38999938964844,0.0043691931206695,-0.3328852160506963,0.0029256470806862,1,0.09475221
2022-09-16,79.8490982055664,19.81999969482422,17530.849609375,0.0049764959326992,0.0049764959326992,0.0017915695439494,0.0088835121086001,0.025017885938396,79.59217041015626,76.99933338165283,0.0336734996867029,1,0.0363728069487167,0.0463783928523392,0.7842450000266069,19.81999969482422,0.1185101841334206,0.1155978843035403,-0.023038042304638,4,0.023558492
2022-09-19,79.68949890136719,19.940000534057617,17622.25,-0.0019987615112238,-0.0019987615112238,0.0004230581539741,0.0041557090647947,0.0219524253394558,79.59859237670898,77.02250637054443,0.0334458865019446,1,0.0365865145181452,0.0466114569078933,0.784908518991833,19.940000534057617,0.1114827168596324,0.146975145359504,-0.0186144293152897,1,0.100196816
2022-09-20,79.7074966430664,18.799999237060547,17816.25,0.0002258483482433,0.0002258483482433,0.0044382131469096,-0.0007422157493016,0.0223969000711157,79.61186431884765,77.0457893371582,0.0333058432364177,1,0.0322360199023372,0.0465978085406491,0.6917777709749179,18.799999237060547,0.0761305080698755,-0.228639832019387,0.0032548327017751,2,0.07015991
2022-09-21,79.76270294189453,19.32999992370605,17718.349609375,0.0006926111238361,0.0006926111238361,0.0020137735169469,-0.0019419572259624,0.0234647891598258,79.62268630981445,77.06951335906983,0.0331281831098282,1,0.0316736179200825,0.0465787230644164,0.6799872527425761,19.32999992370605,0.05743978105141,-0.063264941505086,0.0130155111455441,3,0.114451006
2022-09-22,80.05069732666016,18.81999969482422,17629.80078125,0.0036106397369133,0.0036106397369133,0.0075138117302844,0.0020892927186391,0.0245190599863416,79.63707229614258,77.09484935760499,0.0329752630651818,1,0.0338717613335177,0.0468212086668435,0.7234122929682182,18.81999969482422,0.0233822903451439,-0.2352940899712823,0.0029754391267244,4,0.06415486
2022-09-23,81.06220245361328,20.59000015258789,17327.349609375,0.01263580656675,0.01263580656675,0.0151924602194482,0.0151237893855449,0.0366925275877687,79.66876037597656,77.1239903640747,0.0329958291821899,1,0.0544684278913062,0.0528268915979274,1.031054358668427,20.59000015258789,0.0388496705156231,0.3409004609100468,-0.0157682709518608,4,0.00022280714
2022-09-26,81.25479888916016,21.88999938964844,17016.30078125,0.0023759092365778,0.0023759092365778,0.0196424875218548,0.0182714119707516,0.0398297996315468,79.70432830810547,77.15330787658691,0.0330643040684546,1,0.0543692501845014,0.0528841679511964,1.0280623526557495,21.88999938964844,0.0977933201285634,0.7608080074395631,-0.0288857129035587,3,0.12043105
2022-09-27,81.61579895019531,21.56999969482422,17007.400390625,0.0044428152671647,0.0044428152671647,0.023941315277713,0.0216930357366105,0.0429827960983495,79.74049423217774,77.18434387207031,0.033117472169539,1,0.0556346651435495,0.0534087560199244,1.0416573541881582,21.56999969482422,0.1473404558603999,0.6499602301365552,-0.0314085727312659,4,0.039610792
2022-09-28,81.72460174560547,22.100000381469727,16858.599609375,0.0013331094813706,0.0013331094813706,0.0245966940857074,0.0220800753864427,0.0418594413696458,79.7774201965332,77.21605037689208,0.0331714689774864,1,0.0556291364981879,0.053310741378945,1.0434687567748084,22.100000381469727,0.143300593310742,0.8174180557839376,-0.0262405934880792,3,0.07758107
2022-09-29,81.42870330810547,21.299999237060547,16818.099609375,-0.0036206776317011,-0.0036206776317011,0.0172141658656905,0.018267331186514,0.029788942446761,79.81158432006836,77.24519790649414,0.0332238958942257,1,0.0580145155114181,0.051830884112927,1.119282397395026,21.299999237060547,0.1317746855712418,0.5492246083607235,-0.0529976480193806,0,0.059871636
2022-09-30,81.48059844970703,19.96999931335449,17094.349609375,0.0006373077243437,0.0006373077243437,0.005161419051415,0.0242844756977813,0.0327294539073108,79.84059036254882,77.27405090332032,0.0332134711358613,1,0.0571983967905043,0.0515402759882872,1.1097590366894046,19.96999931335449,-0.0301117452471449,0.1090968065548916,-0.0255632596793957,2,0.11349378
2022-10-03,81.52130126953125,21.3700008392334,16887.349609375,0.0004995400205527,0.0004995400205527,0.0032798355791223,0.0226364388092612,0.0323987679807162,79.87389831542968,77.30252292633057,0.0332637964681907,1,0.057129195339741,0.0515369925038009,1.108487012479729,21.3700008392334,-0.0237550737740516,0.5661361088432966,-0.0371790243377707,2,0.0949242
2022-10-04,81.49500274658203,19.56999969482422,17274.30078125,-0.0003225969475422,-0.0003225969475422,-0.0014800590714917,0.0222077294454838,0.0322264898350692,79.90373031616211,77.32976192474365,0.0332856112233141,1,0.0572377985857169,0.0515470598602748,1.1103773593199158,19.56999969482422,-0.0927213735881463,-0.0272482530151256,-0.0221614635446091,2,0.09427934
2022-10-06,81.6488037109375,19.31999969482422,17331.80078125,0.0022500792762885,0.0022500792762885,-0.0009274812363591,0.0233860176563454,0.0343212820866207,79.94118835449218,77.356948928833,0.0334066875884238,1,0.0573722109359118,0.0516432463942313,1.110911959058429,19.31999969482422,-0.1257918841022494,-0.1107780212108909,-0.0183397242398419,3,0.10456868
2022-10-07,82.3489990234375,18.809999465942383,17314.650390625,0.0085756959156304,0.0085756959156304,0.0113018589016438,0.0307139669734877,0.0375539689367705,79.99063232421875,77.38785640716553,0.0336328726222765,1,0.0629223285625052,0.0532066081449696,1.1825814156326449,18.809999465942383,-0.1169014018923406,-0.2811202834165048,-0.0175750659957071,4,0.0024861533
2022-10-10,82.8322982788086,19.6200008392334,17241.0,0.0058689147543073,0.0058689147543073,0.0165892231380195,0.0399560951924733,0.0479277814595169,80.05282821655274,77.42198791503907,0.033980531530664,1,0.0624194040277671,0.0533574990942673,1.1698118404247482,19.6200008392334,-0.0175262136282116,-0.0179022319771991,-0.0313364702577427,4,0.013216024
2022-10-11,82.42070007324219,20.489999771118164,16983.55078125,-0.0049690545127818,-0.0049690545127818,0.0110326845831041,0.0340550406307336,0.0403816199451949,80.10441818237305,77.45529792785645,0.0342019245343818,1,0.0667258786005676,0.0544856528408777,1.2246279615566262,20.489999771118164,-0.0411792715749281,0.2646510315849429,-0.0476522272449736,0,0.024844995
2022-10-12,82.2739028930664,20.18000030517578,17123.599609375,-0.0017810717458761,-0.0017810717458761,0.0095576430484511,0.0328677011812967,0.0370913025184829,80.15294830322266,77.48823543548583,0.0343886120617029,1,0.0673302085320959,0.0546810240163927,1.2313042493070767,20.18000030517578,0.0311701900799157,0.1584851709870113,-0.0453130106013985,1,0.090245165
2022-10-13,82.19999694824219,20.290000915527344,17014.349609375,-0.0008982914657673,-0.0008982914657673,0.006750781545509,0.0358475868976617,0.0342510555024069,80.20551818847656,77.52194290161133,0.0346169766445503,1,0.065159479558388,0.0547035331471239,1.1911166371376622,20.290000915527344,0.0502071033139295,0.1900170018883786,-0.0584227008908256,1,0.08204315
2022-10-14,82.19210052490234,18.26000022888184,17185.69921875,-9.606354784674752e-05,-9.606354784674752e-05,-0.001905287257839,0.0325329228152844,0.0341698688439264,80.26546417236328,77.5575664138794,0.0349146818768579,1,0.0652329866740749,0.0547071396272264,1.1923817391445457,18.26000022888184,-0.0292397263517406,-0.4895019501617546,-0.0454377994167881,2,0.07062923
2022-10-17,82.41280364990234,18.420000076293945,17311.80078125,0.002685210909449,0.002685210909449,-0.0050643847583976,0.0372431560697914,0.0326448117490043,80.3346061706543,77.59305541992188,0.0353324242214145,1,0.0641234773186175,0.054389759271916,1.1789406542027587,18.420000076293945,-0.0611621157803344,-0.440377268316553,-0.0316376876400666,4,0.11342871
2022-10-18,82.1947021484375,17.450000762939453,17486.94921875,-0.0026464516653427,-0.0026464516653427,-0.0027420044309725,0.0293754594050954,0.0289990963540978,80.40641021728516,77.62912742614746,0.0357762979337861,1,0.0647514037658464,0.0547553265088055,1.1825373960291796,17.450000762939453,-0.1483650093770994,-0.7683575993551441,-0.0025041792955387,0,0.08578187
2022-10-19,82.2863998413086,17.489999771118164,17512.25,0.0011156156111558,0.0011156156111558,0.0001518944380021,0.0325877433757693,0.0321862356895912,80.4697721862793,77.6668344116211,0.0360892496249185,1,0.0635768678801059,0.0545401592483712,1.1656677041019154,17.489999771118164,-0.133300321772923,-0.7581998052145937,-0.006242108697811,3,0.05681088
2022-10-20,82.99700164794922,17.229999542236328,17563.94921875,0.0086357138969628,0.0086357138969628,0.009695921280981,0.0412697066577483,0.0370697780524591,80.54661422729492,77.70896793365479,0.0365163296990742,1,0.0678929130767566,0.0565192667609989,1.201213599430589,17.229999542236328,-0.1508132693552165,-0.8491965494765714,-0.0141612730653195,4,0.0057621524
2022-10-21,82.82569885253906,17.280000686645508,17576.30078125,-0.0020639636614437,-0.0020639636614437,0.0077087496680383,0.0384013554916244,0.0371894261065364,80.61491622924805,77.7509404373169,0.036835255957323,1,0.0691969998204771,0.0564966759410465,1.2247760402159178,17.280000686645508,-0.0536691966019948,-0.8326112110882423,-0.008017046240573,1,0.10744335
2022-10-24,82.54129791259766,17.420000076293945,17730.75,-0.0034337282254357,-0.0034337282254357,0.0015591541241719,0.0311127906328434,0.031722340758898,80.67417419433593,77.79107791900634,0.0370620430061578,1,0.0711775150403321,0.0570106600762148,1.2484729429941177,17.420000076293945,-0.0542888162789408,-0.7856160437704307,0.0057260555580052,0,0.048667833
2022-10-25,82.7614974975586,16.8799991607666,17656.349609375,0.0026677504537679,0.0026677504537679,0.0068957649861363,0.020962853124028,0.0374247816191195,80.74744812011718,77.83286891937256,0.0374466371497093,1,0.0588049461375475,0.056752512956685,1.036146364762093,16.8799991607666,-0.0326648468338998,-0.9639783878340712,0.0189873239368352,4,0.10567204
2022-10-27,82.04959869384766,16.600000381469727,17736.94921875,-0.0047995284219254,-0.0047995284219254,-0.0028777677467675,0.0097815737107624,0.027201867652784,80.79616012573243,77.87044242858887,0.0375716074790069,1,0.0618811238453588,0.057755831255895,1.0714078750475573,16.600000381469727,-0.050886186466287,-1.0544413700460291,0.0423504759797188,0,0.014966209
2022-10-28,82.44249725341797,15.920000076293944,17786.80078125,0.0047885494362542,0.0047885494362542,-0.0066810171876244,0.0101291455068293,0.0341182660649599,80.85395202636718,77.91050441741943,0.0377798556299635,1,0.0621576563821656,0.0581611600856831,1.0686958030890952,15.920000076293944,-0.0760301509429034,-1.2774902440384115,0.0458271324672658,4,0.03326659
2022-10-31,82.23919677734375,15.800000190734863,18012.19921875,-0.0024659669811953,-0.0024659669811953,-0.0070811605977452,0.006296696719797,0.030034555362254,80.91581588745117,77.9496039199829,0.0380529447014656,1,0.0630468820535421,0.0584585729010618,1.0784697685055615,15.800000190734863,-0.0856481734433282,-1.3120327285964826,0.0684279617586676,0,0.099487066
2022-11-01,82.72899627685547,16.1299991607666,18145.400390625,0.0059557913830046,0.0059557913830046,0.0022739933706465,0.0159684842804141,0.0360888336993843,80.98320175170899,77.99189891815186,0.0383540197770582,1,0.063871154143359,0.0594358270358584,1.0746057171730468,16.1299991607666,-0.0740528650905602,-1.199980963703957,0.078920972766157,4,0.022205543
2022-11-02,82.68450164794922,16.65999984741211,18082.849609375,-0.0005378359572664,-0.0005378359572664,-0.000930334176368,0.0147753357381792,0.0391220331065556,81.0415577697754,78.03503643035889,0.0385278392494841,1,0.0640758397951667,0.0589003406740026,1.0878502774631744,16.65999984741211,-0.0130331353253753,-1.022786200012314,0.0578261251576299,1,0.11428734
2022-11-03,82.88839721679688,15.9399995803833,18052.69921875,0.0024659466379297,0.0024659466379297,0.0102230667340499,0.0167698003586282,0.0466393730923455,81.10096771240234,78.0804019165039,0.0386853259173602,1,0.0642803808710324,0.0579537965434081,1.109146864537545,15.9399995803833,-0.0397590834891288,-1.2571594991457309,0.0690072531410173,4,0.102227494
2022-11-04,82.68180084228516,15.65999984741211,18117.150390625,-0.0024924643430052,-0.0024924643430052,0.0029026727335974,0.0145628327591276,0.0471922474331043,81.15692779541016,78.12481540679931,0.0388111302768845,1,0.0652746043267006,0.0578216833483332,1.1288753919197383,15.65999984741211,-0.01633167259019,-1.344625065418168,0.0487921114752067,0,0.09853412
2022-11-07,81.9749984741211,15.59000015258789,18202.80078125,-0.0085484636396863,-0.0085484636396863,-0.003212559382577,0.0039950954375085,0.0428792074891128,81.19933776855468,78.16482891082764,0.0388219215727945,1,0.0727441714131312,0.0598851751874674,1.2147072539766166,15.59000015258789,-0.0132911414944233,-1.36243227440008,0.0502544433202964,0,0.0070499876
2022-11-09,81.40519714355469,15.920000076293944,18157.0,-0.0051426108313985,-0.0051426108313985,-0.0160016341654942,-0.0114610000252,0.0289047630160053,81.23150573730469,78.19995990753173,0.038766590588507,1,0.0686841833669428,0.0598585699449155,1.1474219315332188,15.920000076293944,-0.013019162764958,-1.2497155332702388,0.04864953033248,0,0.018139597
2022-11-10,81.34380340576172,15.56999969482422,18028.19921875,-0.00075417467124,-0.00075417467124,-0.0162146256609959,-0.0179699815648805,0.0276534215788717,81.26072387695312,78.23540344238282,0.0386694552779844,1,0.0649548280833779,0.0599169421305519,1.0840630664826811,15.56999969482422,-0.0654261802263584,-1.363360233999147,0.0456585591758018,1,0.11177883
2022-11-11,80.48290252685547,14.40999984741211,18349.69921875,-0.0105834844556244,-0.0105834844556244,-0.029020885560735,-0.0235110541971218,0.013503282795821,81.27119995117188,78.26471946716309,0.0384142497983424,1,0.0722319929535273,0.0636592535330796,1.1346482136768998,14.40999984741211,-0.0959849293129279,-1.7398990651169783,0.0804395061489875,0,0.0027201334
2022-11-14,80.49700164794922,14.90999984741211,18329.150390625,0.0001751815683963,0.0001751815683963,-0.0264241849122689,-0.0215973860803306,0.0115433584200181,81.28178192138672,78.29495845794678,0.0381483498077874,1,0.0722334480678461,0.0636473629870645,1.1348830461284023,14.90999984741211,-0.0478927207731704,-1.5694654295595214,0.0704028830824783,2,0.07398183
2022-11-15,80.99199676513672,14.640000343322754,18403.400390625,0.0061492367051427,0.0061492367051427,-0.0119914818820606,-0.0146958665201178,0.0239475121646892,81.31064590454102,78.32765743255615,0.0380834633609892,1,0.0760870213614681,0.0633498220639063,1.201042368238156,14.640000343322754,-0.0609364849241159,-1.6521590923653586,0.0816399576322697,4,0.03282649
2022-11-16,81.07140350341797,15.100000381469728,18409.650390625,0.0009804269736861,0.0009804269736861,-0.0041003971717934,-0.0136350940580333,0.0183058899110948,81.33773803710938,78.36094844818115,0.0379881771198409,1,0.0762369005217166,0.0621775549408408,1.2260963702718948,15.100000381469728,-0.0515075182722678,-1.496815362211683,0.0712191663717494,3,0.08431743
2022-11-17,81.49530029296875,14.880000114440918,18343.900390625,0.0052286844834616,0.0052286844834616,0.0018624268950313,-0.0111330195831128,0.0244164325504609,81.37315399169921,78.39520095825195,0.0379864200492721,1,0.0780113027200154,0.0628397012073208,1.2414136255839103,14.880000114440918,-0.0443159662111407,-1.562864802550114,0.0596182697812028,4,0.022445703
2022-11-18,81.52490234375,14.390000343322754,18307.650390625,0.0003632362930725,0.0003632362930725,0.0129468468976605,-0.0081489413207909,0.0300570908030548,81.40799209594726,78.42835048675538,0.037991894394044,1,0.0775429342040169,0.0617812074541018,1.2551013859714175,14.390000343322754,-0.0013878906524033,-1.7186406073033826,0.0469322099360258,2,0.07921074
2022-11-21,81.5198974609375,14.800000190734863,18159.94921875,-6.139084707390552e-05,-6.139084707390552e-05,0.0127072535876786,-0.0093150554872897,0.0272202933424727,81.44048797607422,78.45990348815918,0.037988633115829,1,0.0774157475998161,0.0616518355324694,1.2556721346424558,14.800000190734863,-0.0073775759760547,-1.5822753213030525,0.0369854940827134,2,0.07279577
2022-11-22,81.72769927978516,13.84000015258789,18244.19921875,0.0025490932314682,0.0025490932314682,0.0090836446072795,-0.0152933520845499,0.024584175061149,81.4820458984375,78.49334697723388,0.0380758247201569,1,0.0713289826929088,0.0610926762699436,1.167534629570174,13.84000015258789,-0.0546448204900309,-1.887089162034474,0.0387299001795002,4,0.11102682
2022-11-23,81.71499633789062,14.039999961853027,18267.25,-0.0001554300684648,-0.0001554300684648,0.0079385924834214,-0.0134101194440375,0.0224867801896686,81.52221984863282,78.52914295196533,0.0381142182908871,1,0.0710926254523751,0.0610460998706842,1.164553690559753,14.039999961853027,-0.0701987015124517,-1.8173664477961808,0.039311412984414,2,0.0839901
2022-11-24,81.63289642333984,13.479999542236328,18484.099609375,-0.0010047104966057,-0.0010047104966057,0.0016883934395781,-0.011005418042005,0.0218955508360656,81.56176177978516,78.5635799407959,0.0381624900653538,1,0.0702643719068099,0.0610931723415453,1.150099415603814,13.479999542236328,-0.0940860592363773,-1.99049172244904,0.0424883103859115,1,0.0854439
2022-11-25,81.65540313720703,13.329999923706056,18512.75,0.0002757064229408,0.0002757064229408,0.0016007476207302,-0.0133648422732345,0.02255230856673,81.6077638244629,78.59774494171143,0.0382965043715148,1,0.069497797029887,0.0610694887530669,1.137993136273973,13.329999923706056,-0.0736622928649587,-2.0187714821064997,0.0485038192815505,2,0.07070982
2022-11-28,81.6697006225586,13.56999969482422,18562.75,0.0001750953984946,0.0001750953984946,0.0018376269633175,-0.0046301027346469,0.0234708903975342,81.64910980224609,78.63287395477295,0.0383584586925815,1,0.0676068663664318,0.0610220061219903,1.1078914439462348,13.56999969482422,-0.0831081405445285,-1.9229350393472344,0.0465582198531093,2,0.063920684
2022-11-29,81.65029907226562,13.619999885559082,18618.05078125,-0.0002375611780754,-0.0002375611780754,-0.000947049876622,-0.009609099767044,0.022124919451586,81.69304183959962,78.66791446685791,0.0384543990169736,1,0.0652027728881073,0.0610304831902579,1.0683465234630778,13.619999885559082,-0.0158959728759592,-1.8914100915459675,0.046734092894112,2,0.09853198
2022-11-30,81.63089752197266,13.8100004196167,18758.349609375,-0.0002376176267988,-0.0002376176267988,-0.0010291723635429,-0.0073967071567833,0.0209081734388165,81.72867782592773,78.70277744293213,0.0384471867614799,1,0.064753466247901,0.0610415377302527,1.060792500699216,13.8100004196167,-0.0163817338220257,-1.8187997262767743,0.041424724519385,2,0.09840248
2022-12-01,81.3052978515625,13.359999656677246,18812.5,-0.0039886817405445,-0.0039886817405445,-0.0040130705405631,-0.017209182866531,0.0167241438363188,81.76099380493164,78.73582794189453,0.0384217190840951,1,0.0618248370559667,0.0616916625512491,1.0021424671792667,13.359999656677246,-0.0089020689639559,-1.936915206306722,0.0367641162506209,0,0.04417212
2022-12-02,81.16220092773438,13.449999809265137,18696.099609375,-0.0017599950754669,-0.0017599950754669,-0.0060400437757183,-0.0184109559817683,0.0202819322081364,81.790087890625,78.7675944519043,0.0383722958629419,1,0.0619212419850403,0.061703589567917,1.0035111232185538,13.449999809265137,0.0090022420289495,-1.8866866623041547,0.0339133495686465,1,0.09630164
2022-12-05,81.42250061035156,13.729999542236328,18701.05078125,0.0032071540648455,0.0032071540648455,-0.0030268264769266,-0.0176851846056477,0.0213970430601495,81.82328384399415,78.79701496124268,0.0384058823070896,1,0.0624632793289983,0.0618642101073082,1.0096672947631269,13.729999542236328,0.0117907038327447,-1.7802296926250636,0.0359143834749435,4,0.0961803
2022-12-06,81.89900207519531,14.039999961853027,18642.75,0.0058522086803014,0.0058522086803014,0.0030459533615372,-0.0094676066451796,0.0272751718957093,81.86024993896484,78.82980495452881,0.0384428831986083,1,0.0661209336958411,0.0627986377076423,1.052887183898428,14.039999961853027,0.0308370102660029,-1.6686677003534525,0.0290111633475746,4,0.017074082
2022-12-07,82.37220001220703,14.079999923706056,18560.5,0.0057778229895555,0.0057778229895555,0.0090811507987504,0.0048453985419876,0.0324530661162896,81.88644989013672,78.86323894500732,0.0383348564625596,1,0.0622731753722924,0.063669297924409,0.9780569182544844,14.079999923706056,0.0195510134602046,-1.6431829166124945,0.019650779187698,4,0.015307853
2022-12-08,82.25350189208984,13.399999618530272,18609.349609375,-0.001440997327977,-0.001440997327977,0.01166226636619,0.0104207689226427,0.0295186855705174,81.90642395019532,78.89863246917724,0.0381222257837372,1,0.0594341989304029,0.0637792645906915,0.9318587702923554,13.399999618530272,0.002994009197675,-1.832415428169084,0.0249132350815113,1,0.0525979
2022-12-09,82.2791976928711,13.479999542236328,18496.599609375,0.0003123976510441,0.0003123976510441,0.0137625243323709,0.011499269126173,0.0330119401037887,81.91969192504882,78.93481845855713,0.037814408454728,1,0.0592651089612493,0.0633529429374318,0.935460465653723,13.479999542236328,0.0022304634495626,-1.7888099910418205,0.0259815406376164,2,0.08718717
2022-12-12,82.41300201416016,13.31999969482422,18497.150390625,0.0016262229705803,0.0016262229705803,0.0121649592727279,0.0239814845974355,0.0339584603203289,81.93345993041993,78.97156845092773,0.0375057952829276,1,0.0433045972754332,0.0633847923787346,0.6831909115639851,13.31999969482422,-0.0298616067794367,-1.818994598345068,0.008035617920338,3,0.06645143
2022-12-13,82.64469909667969,12.880000114440918,18608.0,0.002811414180492,0.002811414180492,0.0091050806797341,0.0266804651696637,0.0375226817883378,81.9577798461914,79.01137992858887,0.0372908297547203,1,0.043532469310644,0.0634792907756921,0.6857635461133315,12.880000114440918,-0.0826210719774823,-1.9324006782282512,0.0152134498016682,4,0.10711677
2022-12-14,82.40249633789062,12.890000343322754,18660.30078125,-0.0029306508637139,-0.0029306508637139,0.0003677979424987,0.0174152956969824,0.0383993936118112,81.97621780395508,79.05080741882324,0.0370067110084348,1,0.0420151859069487,0.0632608101339602,0.6641477032980767,12.890000343322754,-0.0845170161101874,-1.9135238859429808,0.0139593980010275,0,0.09272893
2022-12-15,82.50800323486328,13.729999542236328,18414.900390625,0.0012803847172302,0.0012803847172302,0.003094109514113,0.0177201783781224,0.0365014300849386,81.99595184326172,79.0902324295044,0.036739295416122,1,0.0420419330162796,0.0630826644167215,0.6664472237781995,13.729999542236328,0.0246268606791386,-1.6566886670497054,0.0002851765182174,3,0.066080056
2022-12-16,82.85790252685547,14.06999969482422,18269.0,0.0042407921446865,0.0042407921446865,0.0070334282566115,0.0167200099758915,0.0428451468218016,82.02320983886719,79.13135692596435,0.0365449680789433,1,0.0408654173032512,0.0632655963491261,0.6459240683305024,14.06999969482422,0.0437685587999665,-1.5483216507788045,-0.004083122401999,4,0.0261634
2022-12-19,82.72599792480469,13.550000190734863,18420.44921875,-0.0015919374981526,-0.0015919374981526,0.0037978947859556,0.0147328674616531,0.0360292073910701,82.04475372314454,79.16794540405273,0.0363380444498,1,0.0416777267983429,0.0628528044053845,0.6630899623758092,13.550000190734863,0.0172673048934088,-1.6888449506958692,0.0061612946346605,1,0.057665426
2022-12-20,82.58190155029297,13.779999732971191,18385.30078125,-0.0017418511486884,-0.0017418511486884,-0.0007598496585153,0.0130275444699174,0.0362959070994504,82.04941177368164,79.20551490783691,0.0359052885288841,1,0.0424636547639258,0.0628106333100648,0.67604761293672,13.779999732971191,0.0698757461594432,-1.6105360837710936,0.0124092617102324,1,0.07735529
2022-12-21,82.63690185546875,15.5600004196167,18199.099609375,0.0006660091877672,0.0006660091877672,0.0028446409756441,0.0111247787922066,0.0367519409814154,82.04550384521484,79.23969341278077,0.0354091530594125,1,0.0418827986019655,0.0628041735425003,0.6668686071478404,15.5600004196167,0.2071373161504259,-1.0924045922604673,-0.0024719971994523,3,0.11822784
2022-12-22,82.87860107421875,15.1899995803833,18127.349609375,0.0029248339824348,0.0029248339824348,0.00449165929153,0.0142397942663625,0.0390646005890007,82.05466186523438,79.27593143463135,0.0350513753710266,1,0.0426004564466444,0.0629650158340976,0.6765626803971176,15.1899995803833,0.1063364957628518,-1.1969185095102075,-0.0076585359386333,4,0.100632824
2022-12-23,82.8749008178711,16.15999984741211,17806.80078125,-4.464670372927859e-05,-4.464670372927859e-05,0.0002051499072175,0.0152145084757293,0.0352801860012075,82.06668182373046,79.31084743499756,0.0347472568741817,1,0.0422513197678541,0.0627048391836488,0.6738019986322354,16.15999984741211,0.1485430133560497,-0.9107949744954318,-0.0366422407603495,2,0.063030556
2022-12-27,82.90290069580078,15.289999961853027,18132.30078125,0.0036172247654839,0.0036172247654839,0.0021384180962904,0.015277587405913,0.0227072320572687,82.08073989868164,79.34327194213867,0.034501576372339,1,0.0433765569716498,0.0581273912491496,0.7462198082470479,15.289999961853027,0.1284132654335998,-1.157668912368786,-0.0205506593428853,4,0.070304215
2022-12-28,82.7761001586914,15.399999618530272,18122.5,-0.0015295066402398,-0.0015295066402398,0.0023515879963138,0.0135472461353336,0.0187226021149404,82.09241989135742,79.37174842834473,0.0342775800821479,1,0.0441219959848923,0.0581427546570881,0.7588432540194334,15.399999618530272,0.1175616775726731,-1.1230708196187853,-0.0237168522982855,1,0.062122755
2022-12-29,82.85199737548828,14.8100004196167,18191.0,0.0009168977114333,0.0009168977114333,0.0026028991308959,0.0147176227996308,0.0151465579115059,82.10120376586914,79.40143592834472,0.034001498914463,1,0.0439606720777173,0.0575831681466523,0.7634159438712496,14.8100004196167,-0.0482005128389627,-1.2904547480801014,-0.0229374592575544,3,0.097485796
2022-12-30,82.83509826660156,14.869999885559082,18105.30078125,-0.0002039674289339,-0.0002039674289339,-0.0005248979477613,0.014751776363904,0.0135882769359081,82.11401168823242,79.43493690490723,0.0337266558986804,1,0.0439502815728139,0.0575631729261702,0.7635006174618885,14.869999885559082,-0.021066471603954,-1.26966818250439,-0.0348137678273476,2,0.08988959
2023-01-02,82.74980163574219,14.6899995803833,18197.44921875,-0.0010297160580995,-0.0010297160580995,-0.0015094942002262,0.0177664164863757,0.0162239882739876,82.12327972412109,79.46713439941406,0.0334244508095238,1,0.0409311071786037,0.0570645193931006,0.7172651298702176,14.6899995803833,-0.0909653639176374,-1.315141405501994,-0.0326937292358804,1,0.0681019
2023-01-03,82.70600128173828,14.390000343322754,18232.55078125,-0.0005293106827821,-0.0005293106827821,-0.0023750606119922,0.019021174097761,0.0150391977396633,82.11745971679687,79.49689590454102,0.0329643539214739,1,0.0400997888920903,0.0570932608391385,0.7023436034152433,14.390000343322754,-0.0588619765059306,-1.395196835068868,-0.0247938788201875,1,0.12474909
2023-01-04,82.78569793701172,15.199999809265137,18042.94921875,0.0009636139341564,0.0009636139341564,0.0001159486651571,0.0167422680025974,0.0155100157601757,82.11665969848633,79.52837390899658,0.0325454383419367,1,0.0393295597868581,0.0571043993670185,0.6887187590456306,15.199999809265137,-0.01298700092333,-1.1607617959409235,-0.035190619511061,3,0.09015989
2023-01-05,82.66649627685547,14.979999542236328,17992.150390625,-0.0014398822879641,-0.0014398822879641,-0.0022389454027537,0.0093712277587396,0.0143750351652398,82.11916366577148,79.56037689208985,0.0321615717978835,1,0.0358336704223496,0.0572053429781825,0.6263933080989966,14.979999542236328,0.0114786710197829,-1.2196594642133418,-0.0348982639028576,1,0.06570829
2023-01-06,82.64520263671875,15.029999732971191,17859.44921875,-0.000257584887418,-0.000257584887418,-0.0022924537286312,0.0033142568059523,0.0122034724392143,82.11683776855469,79.59348190307617,0.0317030465955905,1,0.03056236614788,0.0570919479625632,0.5353089521304847,15.029999732971191,0.0107599091219559,-1.202359903318429,-0.0377711150696371,2,0.096838824
2023-01-09,82.27339935302734,14.649999618530272,18101.19921875,-0.0044987884575191,-0.0044987884575191,-0.0057571410843004,0.000241904119336,-0.0009180399434927,82.12131378173828,79.62511688232422,0.0313493655915522,1,0.0343742254643651,0.0553895581729226,0.6205791491945779,14.649999618530272,-0.0027229382570197,-1.305812572612434,-0.0273061875504238,0,0.044419546
2023-01-10,82.18009948730469,15.510000228881836,17914.150390625,-0.0011340222533204,-0.0011340222533204,-0.0063586896510944,-0.0012044138536245,-0.0078737256487637,82.11606582641602,79.65448188781738,0.0309032697251794,1,0.0346624956488342,0.0541999939263459,0.6395177124599837,15.510000228881836,0.0778318178483423,-1.0598459383102636,-0.0314895294838293,1,0.057027273
2023-01-11,81.63739776611328,15.4399995803833,17895.69921875,-0.0066038094937478,-0.0066038094937478,-0.0138707554506833,-0.0094111879083547,-0.0095037084911051,82.10402984619141,79.68215938568115,0.0303941368956608,1,0.0412056960995234,0.0549058567244072,0.7504653982715901,15.4399995803833,0.0157894588243265,-1.0759244409737052,-0.0325158826723838,0,0.017601276
2023-01-12,81.63179779052734,15.279999732971191,17858.19921875,-6.859571396411468e-05,-6.859571396411468e-05,-0.0125165397461971,-0.0122560952756017,-0.0078044808859211,82.08208587646484,79.70755638122559,0.0297905192812881,1,0.0396518496507359,0.0547872841090119,0.723728627307271,15.279999732971191,0.0200267156143101,-1.1157725571299526,-0.0402945389751719,2,0.06882007
2023-01-13,81.1156005859375,14.460000038146973,17956.599609375,-0.0063234820077642,-0.0063234820077642,-0.018508056148218,-0.0156171937640847,-0.0131921703474938,82.05070785522462,79.73151687622071,0.0290875060436179,1,0.0438674515810453,0.0562139797943683,0.7803516383268354,14.460000038146973,-0.0379241320659384,-1.3400959797854128,-0.0377111376780209,0,0.0029972927
2023-01-16,81.27799987792969,15.020000457763672,17894.849609375,0.0020020722378815,0.0020020722378815,-0.0120986793170717,-0.01490768542092,-0.0111215146119267,82.01849990844727,79.7565143585205,0.0283611384990913,1,0.0443239980449049,0.0563653860288241,0.7863551518495253,15.020000457763672,0.0252560306394411,-1.1762687900444622,-0.0282407599399645,3,0.07503184
2023-01-17,81.65260314941406,14.59000015258789,18053.30078125,0.0046089135073081,0.0046089135073081,-0.0064187843672799,-0.0145465832549979,-0.0092243009195231,81.99791595458984,79.7846068572998,0.0277410541265019,1,0.0448412376695589,0.0568710380182093,0.788458427587941,14.59000015258789,-0.0593165739985467,-1.2898837348721148,-0.0118068432180196,4,0.04186154
2023-01-18,81.52549743652344,14.369999885559082,18165.349609375,-0.0015566645518703,-0.0015566645518703,-0.0013706993688166,-0.0145117679858327,-0.0081417012827119,81.98892593383789,79.81390083312988,0.0272512065943928,1,0.044830956761472,0.0567063807935722,0.7905665212199963,14.369999885559082,-0.069300500252841,-1.344466885289787,-0.0138487181471848,1,0.061112344
2023-01-19,81.43599700927734,13.960000038146973,18107.849609375,-0.0010978212959176,-0.0010978212959176,-0.0023985847004428,-0.0138759766910642,-0.010334670536945,81.98954193115235,79.8419418334961,0.0268981446134526,1,0.0446679571231483,0.0567050554834055,0.7877105318358801,13.960000038146973,-0.086387416092418,-1.4513935009857415,-0.015090923731743,1,0.06879084
2023-01-20,81.23979949951172,13.789999961853027,18027.650390625,-0.0024092234020696,-0.0024092234020696,0.0015311347345894,-0.0169065190561058,-0.0211718750502707,81.98746185302734,79.86859481811524,0.0265294142176584,1,0.0449211961084332,0.054097531205849,0.8303588860389705,13.789999961853027,-0.0463347216131684,-1.4906523693464786,-0.0094207528081048,0,0.10765366
2023-01-23,80.97599792480469,13.619999885559082,18118.55078125,-0.0032471962798064,-0.0032471962798064,-0.003715666645077,-0.0229565065620528,-0.0223324518037274,81.99732376098633,79.8935008239746,0.0263328420373889,1,0.0438030482913692,0.0543152402400954,0.806444777800258,13.619999885559082,-0.0932090898493245,-1.5285843616078865,-0.0004853896633874,0,0.070910156
2023-01-24,81.48799896240234,13.65999984741211,18118.30078125,0.0063228740703276,0.0063228740703276,-0.0020159086258464,-0.0167348840454922,-0.0127608721553015,82.0171437072754,79.92355083465576,0.026194943177022,1,0.0504963321567817,0.0554555671221576,0.9105564007514264,13.65999984741211,-0.0637423094893404,-1.5065259321723916,0.0174933163922403,4,0.005212794
2023-01-25,81.60189819335938,14.65999984741211,17891.94921875,0.0013977423965163,0.0013977423965163,0.000937139413291,-0.0156930878355539,-0.0140113378716162,82.02934173583985,79.95430683135986,0.0259527596037656,1,0.0486901193817258,0.0552598330823978,0.8810963690888524,14.65999984741211,0.0201809300043529,-1.2239900226869462,-0.0132554365493726,3,0.05249101
2023-01-27,81.44509887695312,17.31999969482422,17604.349609375,-0.0007067487106749,-0.0007067487106749,0.0001117671301396,-0.0160795359915071,-0.0073674926692829,82.03681564331055,79.98180683135986,0.0256934532159749,1,0.0486071688386441,0.0544381566590325,0.8928714517582298,17.31999969482422,0.240687653832073,-0.4919863469751902,-0.0285915514208856,1,0.091901556
2023-01-30,81.50800323486328,17.709999084472656,17648.94921875,0.0007723528951102,0.0007723528951102,0.003301383521425,-0.0162216263119641,-0.0113351008240588,82.03706970214844,80.00978084564208,0.0253380128664204,1,0.048548781778334,0.0535847264073864,0.9060021209611128,17.709999084472656,0.2842638965528234,-0.3833801827474851,-0.0297977451074706,3,0.10417503
2023-01-31,81.57990264892578,16.8799991607666,17662.150390625,0.0008821147765738,0.0008821147765738,0.007457823794674,-0.0151529441497851,-0.0080167870584018,82.03816970825196,80.0380938720703,0.0249890488319035,1,0.0488380721758601,0.0533956247888401,0.9146284501874972,16.8799991607666,0.239353840132114,-0.6058159131680813,-0.0244762788522093,3,0.08736752
2023-02-01,81.76840209960938,16.780000686645508,17616.30078125,0.0023106113707291,0.0023106113707291,0.0034410359902985,-0.0118598415553049,-0.0116113360547907,82.04313980102539,80.06775089263915,0.0246714674305637,1,0.0498828914660868,0.0522217183965084,0.9551952291595354,16.780000686645508,0.2284041635494222,-0.6283311613374696,-0.0319357087091747,4,0.10886965
2023-02-02,81.71029663085938,15.729999542236328,17610.400390625,-0.0007106103000424,-0.0007106103000424,0.0013283813232278,-0.0120390858637577,-0.0117821961513147,82.04279174804688,80.09555335998535,0.0243114418513319,1,0.0498879410331719,0.0522290189711278,0.95515839388742,15.729999542236328,0.0729877016344651,-0.9104938704298968,-0.0341230581551325,1,0.10391023
2023-02-03,82.0458984375,14.399999618530272,17854.05078125,0.0041072156200432,0.0041072156200432,0.0073767429695745,-0.0089363201367778,-0.0101642546796181,82.04940979003906,80.12412586212159,0.0240287667066787,1,0.0521962517211597,0.0526559469899228,0.991251006845284,14.399999618530272,-0.16859123139399,-1.2656941652023272,-0.0104693769965111,4,0.033130635
2023-02-06,82.22599792480469,14.6899995803833,17764.599609375,0.0021951065285961,0.0021951065285961,0.0088088857712846,-0.0053286200805646,-0.0055127357270544,82.06127182006836,80.15385486602783,0.0237969459763183,1,0.0527681935241996,0.0526091491525953,1.0030040662144082,14.6899995803833,-0.1705251078605169,-1.1765531015733388,-0.0126472253904995,3,0.11188968
2023-02-07,82.75499725341797,14.130000114440918,17721.5,0.0064334801883103,0.0064334801883103,0.0144042168026252,0.0013285056264165,0.0095150813518236,82.08326370239257,80.18540287017822,0.023668408017941,1,0.0575372553611405,0.051208229602148,1.1235719773204147,14.130000114440918,-0.1629146435455624,-1.3190671942335597,-0.0077241586266373,4,0.006493022
2023-02-08,82.74189758300781,13.600000381469728,17871.69921875,-0.0001582946147655,-0.0001582946147655,0.0119055216734276,0.0056944071068485,0.0164203329315191,82.10470764160156,80.21773136138916,0.0235231818226244,1,0.0550508784108539,0.0500293222278477,1.1003502667870422,13.600000381469728,-0.1895113334355586,-1.4520509879894377,-0.0126787179803133,2,0.080304496
2023-02-09,82.65950012207031,13.039999961853027,17893.44921875,-0.0009958372160226,-0.0009958372160226,0.0116166937381114,0.0058335368021753,0.0161745168190081,82.12489166259766,80.24960285186768,0.0233682005154787,1,0.0550065085371477,0.0500530300088454,1.0989426531175828,13.039999961853027,-0.1710107856748777,-1.5895038903753074,-0.0011555765371844,1,0.080411114
2023-02-10,82.533203125,12.75,17856.5,-0.0015279187133214,-0.0015279187133214,0.005939415580551,0.0109729778679761,0.0254749833041916,82.14293777465821,80.27995136260986,0.0232061228292674,1,0.0494631764683629,0.045054180296915,1.0978355017647052,12.75,-0.114583309877801,-1.6521973813796424,-0.0021904267763357,1,0.06252047
2023-02-13,82.51300048828125,13.68000030517578,17770.900390625,-0.000244781929621,-0.000244781929621,0.0034904114357969,0.0107948461458013,0.0250443966739151,82.16709182739258,80.3098773574829,0.0231256046082932,1,0.0494961474362576,0.0450733504917833,1.0981000701336856,13.68000030517578,-0.0687542072197369,-1.3900691909258325,-0.004888445192914,2,0.07683972
2023-02-14,82.59739685058594,13.449999809265137,17929.849609375,0.0010228250312709,0.0010228250312709,-0.001904421582535,0.0182677099589314,0.0198217126329729,82.19579574584961,80.33889385223388,0.0231133614688683,1,0.0426682371078363,0.0435886791160596,0.9788610050152026,13.449999809265137,-0.0481245788866496,-1.4391926910604855,-0.001489702982854,3,0.06527409
2023-02-15,82.86759948730469,12.859999656677246,18015.849609375,0.0032713214583206,0.0032713214583206,0.0015192049973324,0.0195575630768769,0.0221557282378981,82.22469772338867,80.37087085723877,0.0230659049277046,1,0.0432943227010913,0.0439548015680782,0.9849512727924576,12.859999656677246,-0.0544118164732368,-1.582587293985337,0.0067617220955358,4,0.06538645
2023-02-16,82.73770141601562,12.890000343322754,18035.849609375,-0.0015675375187977,-0.0015675375187977,0.0009460654108701,0.0132892060356724,0.0152450646672943,82.24147171020508,80.40161437988282,0.0228833381582274,1,0.0420477833040929,0.0430264849055193,0.9772307955350472,12.890000343322754,-0.0115030382644999,-1.562140233180868,-0.0009666471570187,1,0.07156182
2023-02-17,82.69529724121094,13.09000015258789,17944.19921875,-0.0005125133292194,-0.0005125133292194,0.0019639867359253,0.0143488827602471,0.0143562870216753,82.24793365478516,80.43247535705567,0.0225712100699413,1,0.0414967434974611,0.0430581388383296,0.963715128007211,13.09000015258789,0.0266666786343443,-1.4966950058557331,-0.0121742986169044,1,0.12177584
2023-02-20,82.75800323486328,13.380000114440918,17844.599609375,0.000758277625745,0.000758277625745,0.0029692623602608,0.0162336838024508,0.0151877739360388,82.25802368164062,80.46392887115479,0.0222968830338707,1,0.0409556539920293,0.0430612924655698,0.9510792771837484,13.380000114440918,-0.0219298380147957,-1.4082398297455274,-0.0145378941000099,3,0.11770161
2023-02-21,82.69750213623047,14.010000228881836,17826.69921875,-0.0007310603961905,-0.0007310603961905,0.0012119665929135,0.0179432082021264,0.0118662689026067,82.26638977050781,80.49740837097168,0.0219756317046109,1,0.0396768010650917,0.0428686363682738,0.9255222210015064,14.010000228881836,0.041635719521047,-1.232756841541412,-0.0111468309802313,1,0.10298662
2023-02-22,82.86119842529297,15.59000015258789,17554.30078125,0.0019794586877948,0.0019794586877948,-7.724444838896893e-05,0.0232809789172205,0.0140268266385623,82.27535369873047,80.52900535583495,0.0216859544604939,1,0.0368069851042401,0.0429965641725773,0.8560248891427812,15.59000015258789,0.2122862028610674,-0.8130354847095616,-0.0311421154380577,3,0.069111645
2023-02-23,82.83529663085938,15.079999923706056,17511.25,-0.0003125925635379,-0.0003125925635379,0.0011795736789088,0.0165336943551486,0.0147293586311578,82.27916564941407,80.55839435577393,0.021360546066008,1,0.0319266428261037,0.0429336984541492,0.743609341060095,15.079999923706056,0.1698991095463982,-0.9390624823289484,-0.0335048406900395,2,0.08480539
2023-02-24,82.6178970336914,14.1899995803833,17465.80078125,-0.0026244802156835,-0.0026244802156835,-0.0009359686717584,0.0124506765507412,0.0117872652574757,82.28347366333008,80.58465633392333,0.0210811512599526,1,0.0340150875555772,0.0433322566210111,0.7849649485860285,14.1899995803833,0.0840335687527047,-1.162435788988306,-0.0238178877152979,0,0.106218316
2023-02-27,82.91799926757812,13.880000114440918,17392.69921875,0.0036324119187436,0.0036324119187436,0.0019332998194843,0.0180845798081754,0.0152847216960989,82.29167358398438,80.61288932800294,0.0208252584664307,1,0.0351377263390464,0.0438529746771934,0.8012438233408309,13.880000114440918,0.0373692074531715,-1.2334087336360602,-0.0120226191436397,4,0.065031394
2023-02-28,82.6520004272461,14.020000457763672,17303.94921875,-0.0032079746578742,-0.0032079746578742,-0.0005502186620995,0.0140353971018822,0.0122681896620353,82.28755554199219,80.63905731201172,0.0204429253631033,1,0.0378574036983617,0.0444042739296028,0.852542960513615,14.020000457763672,0.0007137921997475,-1.1909739796059755,-0.0195479059814777,0,0.07812058
2023-03-01,82.6353988647461,13.0,17450.900390625,-0.0002008609884114,-0.0002008609884114,-0.0027250337291518,0.0129381892052822,0.0123054060811109,82.28574356079102,80.66501529693603,0.0200920840080289,1,0.0379654612697411,0.0444026312828676,0.8550080291381353,13.0,-0.1661321441461281,-1.4481213650810665,-0.011960604758078,2,0.08391064
2023-03-02,82.4198989868164,12.970000267028809,17321.900390625,-0.0026078397501585,-0.0026078397501585,-0.0050147420355614,0.0079675873623332,0.013708837735135,82.28250350952149,80.68968330383301,0.0197400725900831,1,0.0390066025571263,0.0439479852329147,0.8875427350689572,12.970000267028809,-0.1399204023443188,-1.467305216844857,-0.0167118167588479,0,0.109889284
2023-03-03,82.35569763183594,12.18000030517578,17594.349609375,-0.0007789545458037,-0.0007789545458037,-0.0031736392630346,0.007898649589932,0.0147050805727193,82.27687942504883,80.71243480682374,0.0193829441766861,1,0.0390314089489452,0.0438054464746196,0.8909969214590152,12.18000030517578,-0.1416490017368433,-1.6714955354745915,-0.0009114376103875,1,0.0943299
2023-03-06,81.7125015258789,12.270000457763672,17711.44921875,-0.0078099770198339,-0.0078099770198339,-0.0145384325761293,-0.0040635414806879,0.0035616802892746,82.25355743408203,80.73413532257081,0.018820070413096,1,0.0459089262378503,0.0463105914795526,0.9913053032979856,12.270000457763672,-0.1159942106197955,-1.646021037902967,-0.0079870705111781,0,0.0082645565
2023-03-08,82.07460021972656,12.449999809265137,17754.400390625,0.0026901374056047,0.0026901374056047,-0.0069859193308671,-0.0018412388891476,0.0021440816137177,82.23755142211914,80.75540832519532,0.018353484028653,1,0.0462636197082518,0.0451400845496732,1.0248672616038572,12.449999809265137,-0.1119829241966348,-1.5993141927226842,-0.0005741316423826,4,0.116722964
2023-03-09,81.9645004272461,12.729999542236328,17589.599609375,-0.0013414599911021,-0.0013414599911021,-0.0081187777479975,-0.0095522548777466,-0.0049494803453169,82.21878341674805,80.77812534332276,0.0178347549822706,1,0.0396563995696191,0.0437117004383769,0.9072054385092024,12.729999542236328,-0.0207692659818209,-1.5210986129116764,-0.0074429585884377,1,0.06277839
2023-03-10,82.01840209960938,13.40999984741211,17412.900390625,0.000657622166698,0.000657622166698,-0.0048713586420586,-0.0087440039995773,-0.0028582344468311,82.2036294555664,80.79912536621094,0.0173826645151136,1,0.0398546875067086,0.0436380639513224,0.9132800728990172,13.40999984741211,0.0339244079664229,-1.330508964551135,-0.0256718078403901,3,0.11656205
2023-03-13,81.95800018310547,16.219999313354492,17154.30078125,-0.0007364434682664,-0.0007364434682664,-0.0048290216726515,-0.0084866220812959,-0.0039037511153739,82.18574951171875,80.82128135681153,0.0168825355401549,1,0.0398239546464912,0.0436581545323296,0.9121558828401398,16.219999313354492,0.3316912074675362,-0.5329141241014118,-0.0413083262183721,1,0.07656961
2023-03-14,82.41739654541016,16.219999313354492,17043.30078125,0.0056052656394536,0.0056052656394536,0.0086265260072597,-0.0014031514009513,5.332327597096232e-05,82.17739547729492,80.84597434997559,0.0164686137810117,1,0.044823284966953,0.0449715543362376,0.9966808785605432,16.219999313354492,0.3219232851039963,-0.5282760966964408,-0.0455407957186458,4,0.01809662
2023-03-15,82.30490112304688,16.299999237060547,16972.150390625,-0.0013649475363044,-0.0013649475363044,0.0028059948230483,-0.0025220191242946,-0.0041115519488468,82.16849746704102,80.87001235961914,0.0160564474956139,1,0.0450220141663611,0.0447035665634744,1.0071010106414062,16.299999237060547,0.3092369065684874,-0.4992963224046099,-0.0449470754121934,1,0.046138432
2023-03-16,82.7156982421875,16.219999313354492,16985.599609375,0.0049911622945331,0.0049911622945331,0.0091649166532552,0.0014322653753309,0.0038008788351822,82.16869140625,80.89543983459473,0.0157394727596347,1,0.0483543252314366,0.0454075979039229,1.0648715763861822,16.219999313354492,0.274155529977738,-0.5171106132755048,-0.0526635761354227,4,0.02090691
2023-03-17,82.622802734375,14.770000457763672,17100.05078125,-0.0011230698620291,-0.0011230698620291,0.0073690857087362,-0.0029540707640166,0.0013913741093083,82.16543350219726,80.92009384155273,0.0153897456308318,1,0.0469733385120827,0.045409799550519,1.034408972689973,14.770000457763672,0.1014168997633522,-0.948252475460922,-0.0508329525379941,1,0.05202844
2023-03-20,82.53299713134766,16.010000228881836,16988.400390625,-0.001086934841899,-0.001086934841899,0.007015751323331,-0.0024741355049094,-0.0039212360631806,82.16276351928711,80.94515434265136,0.0150423973679938,1,0.0468288112675377,0.0446648261915674,1.0484259502263202,16.010000228881836,-0.0129469231419606,-0.566670445301097,-0.0580759565773678,1,0.06402078
2023-03-21,82.52909851074219,15.079999923706056,17107.5,-4.7237114135900704e-05,-4.7237114135900704e-05,0.0013553202359466,-0.002009772453976,-0.0023801394845847,82.16044143676758,80.96980484008789,0.0147046988569523,1,0.0468169749168654,0.0445498203099536,1.0508667313226874,15.079999923706056,-0.0702835658389846,-0.8488923356399423,-0.0466278382529172,2,0.045794226
2023-03-22,82.677001953125,14.8100004196167,17151.900390625,0.001792136895371,0.001792136895371,0.0045210045210044,-0.0009787727902086,0.0011515889201716,82.16851348876953,80.99526935577393,0.0144853414566978,1,0.0472117697789047,0.0445457340639563,1.0598256139523532,14.8100004196167,-0.0914109746739194,-0.9268323145699044,-0.0388184231595802,3,0.06518778
2023-03-23,82.52580261230469,14.489999771118164,17076.900390625,-0.0018287956414534,-0.0018287956414534,-0.0022957628832052,-0.0020762359139087,-0.001344426529426,82.17542755126954,81.02109588623047,0.0142472976008616,1,0.0475413088013202,0.0446883369587225,1.0638177255847845,14.489999771118164,-0.1066584226555397,-1.019298096907952,-0.0420604408547133,1,0.09080912
2023-03-24,82.26529693603516,15.239999771118164,16945.05078125,-0.0031566572880648,-0.0031566572880648,-0.0043269628541795,-0.0071915625236228,-0.0074000300467713,82.18798553466797,81.04395137786865,0.0141162188830754,1,0.0479331023188157,0.0447402504438793,1.0713402473840128,15.239999771118164,0.0318212118339809,-0.779028873455029,-0.0347065945600493,0,0.0687065
2023-03-27,82.33879852294922,15.449999809265137,16985.69921875,0.0008934701466063,0.0008934701466063,-0.0023529814152923,-0.0059937988768569,-0.0064688137135757,82.2021255493164,81.06654037475586,0.0140080626274532,1,0.0481493396355981,0.0447817558056906,1.0751758968232066,15.449999809265137,-0.0349781643729439,-0.706937604568692,-0.0300121796702119,3,0.07860841
2023-03-28,82.21489715576172,15.100000381469728,16951.69921875,-0.0015047750199193,-0.0015047750199193,-0.003807158452598,-0.0048778762519862,-0.0082989079304183,82.22411148071289,81.0892618560791,0.013995066654423,1,0.0476406701203878,0.0442428457078636,1.0767750713840056,15.100000381469728,0.0013262903093407,-0.8132999727447152,-0.029434754749516,1,0.058372676
2023-03-29,82.16429901123047,13.630000114440918,17080.69921875,-0.0006154376674021,-0.0006154376674021,-0.0062012764104002,-0.0090897062520219,-0.0073910361358899,82.2418374633789,81.11146186828613,0.013936077208525,1,0.0454315371750686,0.0441635832535151,1.0286871023842994,13.630000114440918,-0.0796759130143441,-1.2782492358391455,-0.0179385612362945,1,0.10964127
2023-03-31,82.10050201416016,12.9399995803833,17359.75,-0.0018831541045766,-0.0018831541045766,-0.005153546947523,-0.0066725355736718,-0.0090703348758427,82.25079544067383,81.13287086486817,0.0137789352686363,1,0.0446668442233187,0.044250788500549,1.0093794112471766,12.9399995803833,-0.1069703392145224,-1.491333096740452,0.0032247425454494,1,0.102679074
2023-04-03,82.18479919433594,12.59000015258789,17398.05078125,0.0010267559650396,0.0010267559650396,-0.0009785139627199,-0.0054528649537672,-0.0078505257538618,82.26398147583008,81.15290687561036,0.0136911250994713,1,0.0449547415621962,0.0443149784149223,1.0144138337936108,12.59000015258789,-0.1738844920163567,-1.592108583258434,-0.0030284746455484,3,0.070184626
2023-04-05,82.11479949951172,12.40999984741211,17557.05078125,-0.0003177486343589,-0.0003177486343589,-0.0027204553315781,-0.0037017697310389,-0.0076737602227217,82.27755752563476,81.17267787933349,0.0136114721747102,1,0.0442264440206785,0.0442802049833388,0.9987633362127148,12.40999984741211,-0.196763754005355,-1.6350518342299385,0.0135753228757895,2,0.097139254
2023-04-06,81.94999694824219,11.800000190734863,17599.150390625,-0.0020069774544174,-0.0020069774544174,-0.0032220463283881,-0.0049262005575788,-0.0091408642877166,82.29176147460937,81.19250038146973,0.0135389486464261,1,0.0446030106997229,0.0444319440452221,1.0038274901237163,11.800000190734863,-0.2185430534680335,-1.812328739095747,0.0002728592620122,1,0.10955356
2023-04-10,81.88480377197266,12.270000457763672,17624.05078125,0.0006538444899919,0.0006538444899919,-0.0034016627978485,0.0021086399617711,-0.0108822440045684,82.30993759155274,81.2124234008789,0.0135141169874504,1,0.0354412193992648,0.0444044367989997,0.798127931038912,12.270000457763672,-0.0997798712588662,-1.6451263897091584,-0.0049345729093402,3,0.1171087
2023-04-11,81.98390197753906,11.979999542236328,17722.30078125,0.0012102148506378,0.0012102148506378,-0.0014202110067607,-0.0011050707763996,-0.0082572061241152,82.31985565185546,81.23245441436768,0.0133862905574775,1,0.0344142250527425,0.0444112974387127,0.774880540693324,11.979999542236328,-0.0741885679503658,-1.719875384006493,-0.0018079804819514,3,0.05443511
2023-04-12,82.07009887695312,12.270000457763672,17812.400390625,0.0010513881058951,0.0010513881058951,-0.001395639078117,0.0012883437238877,-0.0069587071168981,82.32921966552735,81.2529978942871,0.0132453177006519,1,0.0342444705769567,0.0444721843530311,0.7700026673404323,12.270000457763672,-0.0254169730695708,-1.612090062607113,0.0126666204005718,3,0.051696718
2023-04-13,81.96060180664062,11.90999984741211,17828.0,-0.0013341895746545,-0.0013341895746545,-0.0018778307176163,-0.0007047234704542,-0.0038019280696611,82.33952972412109,81.27313091278076,0.0131211730047013,1,0.0345335285916615,0.0436429628112556,0.7912555681757518,11.90999984741211,-0.0402900891335842,-1.708202103432143,0.0238386253905458,1,0.046142627
2023-04-17,81.84480285644531,12.270000457763672,17706.849609375,0.0020090503942022,0.0020090503942022,-0.0012836375315952,-0.0013811626248475,-0.0040800222067286,82.34626571655274,81.29168041229248,0.0129728564954205,1,0.0350905647764157,0.0437784698599174,0.8015301438938407,12.270000457763672,0.0398305304603168,-1.579363676387228,0.0322105129886114,3,0.0807206
2023-04-18,82.00370025634766,12.079999923706056,17660.150390625,0.0019414476467252,0.0019414476467252,0.0014519969383586,-0.00501952629424,0.0044869447123219,82.35474166870117,81.31073341369628,0.0128397348194257,1,0.029798238090773,0.0418328949278959,0.712298917949971,12.079999923706056,-0.015484965523159,-1.6226240165064203,0.0361930835635795,3,0.06705542
2023-04-19,82.10790252685547,12.149999618530272,17618.75,0.0012707020559081,0.0012707020559081,0.001512498750674,-0.0023935220564433,0.005832344125874,82.36153167724609,81.33056091308593,0.0126763021499618,1,0.0297128351032286,0.0418921872351412,0.7092521974146814,12.149999618530272,0.0141903241059897,-1.5859377203580471,0.0380976832335968,3,0.056066792
2023-04-20,82.34010314941406,11.9399995803833,17624.44921875,0.0028279935963855,0.0028279935963855,0.0032899225924627,-0.0045407957709999,0.0150957714007093,82.37412780761719,81.35099994659424,0.0125767090963184,1,0.0259219992468787,0.0400992408446828,0.646430013906411,11.9399995803833,-0.0268949360284308,-1.6348479218135394,0.0376112485909767,4,0.114420414
2023-04-21,82.14089965820312,11.630000114440918,17624.05078125,-0.0024192766779689,-0.0024192766779689,0.0021998112213457,-0.0058325675264387,0.010616646344268,82.37602783203126,81.36949893951416,0.0123698548674275,1,0.0269896588790378,0.0403113222047962,0.6695138707694384,11.630000114440918,-0.0235096336321138,-1.7127308699864974,0.030643183853849,0,0.11221264
2023-04-24,82.05480194091797,11.670000076293944,17743.400390625,-0.0010481711016486,-0.0010481711016486,0.002565820640328,-0.0057939879448296,0.0049257314034181,82.37260391235351,81.38440696716309,0.0121423376051525,1,0.0269716304513413,0.0393913455603257,0.6846921671632082,11.670000076293944,-0.0488997847665185,-1.683474606455023,0.0444420888747503,1,0.06422199
2023-04-25,81.85230255126953,11.520000457763672,17769.25,-0.0024678554436612,-0.0024678554436612,-0.0018462301652834,-0.008200694926827,0.0040086246023895,82.35455001831055,81.39917697906495,0.0117368881934925,1,0.0282196431579908,0.0395925994428863,0.7127324505744301,11.520000457763672,-0.0463575719767538,-1.7111852291379397,0.0386818646792341,0,0.11182401
2023-04-26,81.9916000366211,11.649999618530272,17813.599609375,0.0017018151109959,0.0017018151109959,-0.0014164591550287,-0.0082901157554371,0.0068225729130626,82.33954406738282,81.41431999206543,0.0113643898936643,1,0.0281414942283093,0.0396366182170881,0.7099693547221572,11.649999618530272,-0.0411522646665303,-1.6548664963456463,0.0385787699135471,3,0.050932378
2023-04-27,81.76689910888672,11.43000030517578,17915.05078125,-0.0027405359528782,-0.0027405359528782,-0.0069614199958822,-0.009195954227591,0.0064881943655974,82.32169204711914,81.42840099334717,0.0109702639727011,1,0.0289752432306501,0.039729707893678,0.7292908877483327,11.43000030517578,-0.0427135086374222,-1.7035120532948085,0.0490809439331938,0,0.09680149
2023-04-28,81.76509857177734,10.949999809265137,18065.0,-2.202036678655705e-05,-2.202036678655705e-05,-0.0045750787730537,-0.0060803082574021,0.0097448709147793,82.30632995605468,81.44252899169922,0.0106062640127924,1,0.0269552382230322,0.0391226093613032,0.6889762642833602,10.949999809265137,-0.0584695011594563,-1.827568285010053,0.0660929986701039,2,0.06602638
2023-05-02,81.77469635009766,11.899999618530272,18147.650390625,0.0003657675883437,0.0003657675883437,-0.0034136404475388,-0.0068509886344083,0.0035182774315956,82.29156387329101,81.45456047058106,0.0102757095228849,1,0.0267753994772697,0.0371058277176522,0.7215760851616079,11.899999618530272,0.0197086153155681,-1.5291945977132095,0.0684076149536638,2,0.07684643
2023-05-03,81.77870178222656,11.84000015258789,18089.849609375,4.898131460806532e-05,4.898131460806532e-05,-0.0008991899647156,-0.0053055515317224,0.0021666602466556,82.27518997192382,81.46823448181152,0.0099051549999216,1,0.0262918904381312,0.0370153415951212,0.7102779287512448,11.84000015258789,0.0277777501830358,-1.5335340947293,0.0671407848816778,2,0.038953654
2023-05-04,81.77999877929688,11.729999542236328,18255.80078125,1.585983932295143e-05,1.585983932295143e-05,-0.0025807675082534,-0.0046772167055312,0.0041119712169508,82.25343795776367,81.48102645874023,0.0094796486076984,1,0.0262072763251755,0.0369794498486126,0.7086792192215243,11.729999542236328,0.0068669464657158,-1.551223695219868,0.0687970408851914,2,0.044710398
2023-05-05,81.71610260009766,12.300000190734863,18069.0,-0.0007813179280138,-0.0007813179280138,-0.0006212356019691,-0.0046820592399813,0.0025531157306692,82.23300598144532,81.49294998168945,0.0090812272708515,1,0.0254804866189584,0.0369973014951147,0.6886934153537525,12.300000190734863,0.0761154735197273,-1.3707805494840737,0.0408560031106439,1,0.09267861
2023-05-08,81.72979736328125,12.640000343322754,18264.400390625,0.0001675895294543,0.0001675895294543,-0.0004317393253687,-0.0055363258840455,0.0018373975634726,82.21369598388672,81.5042099761963,0.0087049001259891,1,0.0252368619206152,0.0369625284735511,0.6827503477833089,12.640000343322754,0.154337951004132,-1.2596947180639342,0.0497957857617401,2,0.067837454
2023-05-09,81.78710174560547,12.68000030517578,18265.94921875,0.0007011443093332,0.0007011443093332,0.0001517021286718,-0.003990727078475,0.0002286903683565,82.19427795410157,81.51576347351075,0.0083237211022542,1,0.0253188393130228,0.0367063896870625,0.6897477464039459,12.68000030517578,0.0655462782898679,-1.2375623085187122,0.0403768518034399,3,0.11865429
2023-05-10,82.1050033569336,13.079999923706056,18315.099609375,0.0038869406610952,0.0038869406610952,0.0039900556941581,0.0018914754663055,0.0048305628831257,82.18242797851562,81.5272509765625,0.0080362945408458,1,0.0274173595517078,0.0374626482018867,0.7318390190928358,13.079999923706056,0.1047297090487906,-1.1109000568076537,0.0406808966830229,4,0.045277
2023-05-11,81.9198989868164,13.220000267028809,18297.0,-0.0022544834364416,-0.0022544834364416,0.0017106897726555,0.0004285925254394,-0.0015357190680235,82.1636019897461,81.53745895385742,0.0076792071266658,1,0.0288072777489414,0.036869182662515,0.7813163827427702,13.220000267028809,0.1270247896794385,-1.0618617655684883,0.0381835723865446,1,0.11962459
2023-05-12,82.10030364990234,12.850000381469728,18314.80078125,0.0022022080754149,0.0022022080754149,0.0047016565594775,0.0014198113233885,-0.0015286439578062,82.14890213012696,81.54935798645019,0.0073519173967793,1,0.0294449235775027,0.0368708859808904,0.7985738400461314,12.850000381469728,0.044715461967973,-1.1615266581709265,0.0334324536815704,3,0.09718031
2023-05-15,82.20030212402344,13.170000076293944,18398.849609375,0.0012180037061435,0.0012180037061435,0.0057568325864167,0.0015864882442206,-0.0067028596194125,82.14055023193359,81.5602080154419,0.0071155068214368,1,0.0295080808764997,0.0345902020603476,0.8530516177211783,13.170000076293944,0.0419303574822425,-1.059083934066483,0.0329236490247917,3,0.048695832
2023-05-16,82.2667007446289,13.289999961853027,18286.5,0.0008077661381984,0.0008077661381984,0.0058639930843276,0.0037347082774041,-0.0057431223148125,82.1275242614746,81.5722620010376,0.0068069984430485,1,0.0289856922454384,0.0346329582099991,0.8369153785336054,13.289999961853027,0.0481072272867577,-1.0162828859672166,0.0257179717298632,3,0.10352752
2023-05-17,82.2959976196289,13.109999656677246,18181.75,0.000356120699321,0.000356120699321,0.0023262195345759,0.0055128089681513,-0.0043975889269181,82.12040420532226,81.58372497558594,0.0065782633717315,1,0.0283551149958233,0.0345875329834559,0.8197836840719986,13.109999656677246,0.0022935575799827,-1.0621406806408025,0.0268201515854948,2,0.080205806
2023-05-18,82.45030212402344,12.800000190734863,18129.94921875,0.0018749940320028,0.0018749940320028,0.006474655654695,0.0054461184834304,-0.0010044563622595,82.11670227050782,81.59709697723389,0.0063679384748074,1,0.0283068039133523,0.0346552683380724,0.8167874174224131,12.800000190734863,-0.0317700505151609,-1.1469178596019185,0.0266021986072324,3,0.07315165
2023-05-19,82.72509765625,12.300000190734863,18203.400390625,0.0033328626475279,0.0033328626475279,0.00761013027445,0.0075168785269197,0.0025704697043331,82.12280624389649,81.6113384628296,0.0062671166862413,1,0.0300699794177758,0.0352727296446769,0.8524751910467059,12.300000190734863,-0.0428015699927908,-1.2908351565088796,0.0331834205391983,4,0.06398447
2023-05-22,82.90480041503906,12.56999969482422,18314.400390625,0.0021722882641466,0.0021722882641466,0.0085705073194581,0.0068581073380524,0.0037217100801518,82.13378829956055,81.62724994659423,0.006205505554796,1,0.0294745852516889,0.0354709400019957,0.8309267903032821,12.56999969482422,-0.0455581152614968,-1.2036722719810002,0.0391473891360523,3,0.10495168
2023-05-23,82.82499694824219,12.609999656677246,18348.0,-0.0009625916279559,-0.0009625916279559,0.0067864178161991,0.0083283393886073,-0.0005141036946415,82.15603820800781,81.64216892242432,0.0062941650419867,1,0.0281595953679625,0.0349420919158137,0.8058701684386046,12.609999656677246,-0.0511663135536208,-1.1878273766950562,0.0410773452559611,1,0.07225454
2023-05-24,82.8906021118164,13.109999656677246,18285.400390625,0.0007920937638574,0.0007920937638574,0.0072251933190694,0.0101858776223753,0.0018480172059891,82.17235824584961,81.65738494873047,0.0063065122333083,1,0.0276777163251413,0.0348196611693703,0.7948647554540922,13.109999656677246,0.0,-1.0292175462238036,0.030546568756143,3,0.100458965
2023-05-25,82.71369934082031,12.520000457763672,18321.150390625,-0.002134171624878,-0.002134171624878,0.0031946179699944,0.0105237942330482,0.0002225289735122,82.1873422241211,81.67309593200683,0.0062963976845249,1,0.0272482972727107,0.0350811864163254,0.7766989477038644,12.520000457763672,-0.0218749788124117,-1.2020998258596696,0.031059295728576,1,0.103397295
2023-05-26,82.74210357666016,11.899999618530272,18499.349609375,0.0003434042494316,0.0003434042494316,0.0002055714757911,0.0091534198589104,-0.000192122303362,82.20181625366212,81.6908324432373,0.0062550936885099,1,0.0269049993879206,0.0350569714712411,0.7674431308722877,11.899999618530272,-0.0325203712196604,-1.3891601449108415,0.0384958691694798,2,0.07770318
2023-05-29,82.57479858398438,12.300000190734863,18598.650390625,-0.0020220055503032,-0.0020220055503032,-0.0039804912309374,0.0098805199157889,-0.0014837637059939,82.21415222167968,81.70892791748047,0.006183220329478,1,0.0259297985276377,0.0352674138520567,0.735213061647952,12.300000190734863,-0.0214796746733837,-1.2589358213744506,0.0381578382178218,1,0.10673042
2023-05-30,82.57969665527344,12.010000228881836,18633.849609375,5.9316781549023645e-05,5.9316781549023645e-05,-0.0029616698099251,0.009962662526249,-0.003397268870946,82.21739822387696,81.72880390167236,0.0059782389913893,1,0.0259114256330367,0.0350429347605759,0.7393982955985543,12.010000228881836,-0.0475812406130954,-1.3434243558643444,0.0314890456338223,2,0.057342596
2023-05-31,82.68389892578125,11.970000267028809,18534.400390625,0.0012618388626783,0.0012618388626783,-0.0024936866275422,0.0111183852250709,-0.0018276955746631,82.22497817993164,81.74663188934326,0.0058515718572464,1,0.0260449363700313,0.0351285026000509,0.7413978121624071,11.970000267028809,-0.0869564774601506,-1.3575069228808727,0.0213112988004107,3,0.047630794
2023-06-01,82.66680145263672,11.600000381469728,18487.75,-0.0002067811673936,-0.0002067811673936,-0.0005669905778286,0.0108597917435169,0.0005919349281593,82.22400024414063,81.76419139862061,0.0056235968050895,1,0.0261191635948353,0.0347197233270412,0.7522643854165664,11.600000381469728,-0.0734824315220731,-1.4760269573766571,0.0219957821218585,2,0.07480882
2023-06-02,82.27670288085938,11.130000114440918,18534.099609375,-0.0047189266419221,-0.0047189266419221,-0.0056247143314357,0.006073662374378,-0.0077341034803465,82.21707824707032,81.7785219192505,0.0053627323840954,1,0.0317942797280815,0.0352372777064532,0.9022654283202654,11.130000114440918,-0.0647058427540062,-1.6183454428843047,0.0152444054062439,0,0.026750332
2023-06-05,82.40979766845703,11.140000343322754,18593.849609375,0.0016176485315702,0.0016176485315702,-0.0019981994307806,0.0084890865605053,-0.0029303919752342,82.2146142578125,81.79267890930176,0.0051585955385886,1,0.0318614685877233,0.0348132250226307,0.9151853464212426,11.140000343322754,-0.0943089292214722,-1.6031681302708494,0.0290469649330344,3,0.04920136
2023-06-06,82.51119995117188,11.380000114440918,18599.0,0.0012304639203555,0.0012304639203555,-0.0008294618032747,0.0095608041754633,-0.0015029746970484,82.2142562866211,81.80974590301514,0.0049445256080553,1,0.0319744135458329,0.0348971896997409,0.9162198332044214,11.380000114440918,-0.0524562949570878,-1.5123916391674217,0.018319769727932,3,0.06078583
2023-06-07,82.51719665527344,11.4399995803833,18726.400390625,7.267745597094866e-05,7.267745597094866e-05,-0.002016139450045,0.0089267732207811,0.0011805118624641,82.21106018066406,81.82426189422607,0.004727183325381,1,0.0319876047152369,0.0344851597415512,0.9275490502555476,11.4399995803833,-0.0442774164429542,-1.480960336043737,0.0252081710269043,2,0.04188309
2023-06-08,82.61810302734375,11.260000228881836,18634.55078125,0.0012228526435751,0.0012228526435751,-0.0005890928938488,0.0062493106318937,0.0031862445835972,82.21290618896484,81.8395878982544,0.0045615856616307,1,0.0295968361245514,0.0345182718849761,0.8574003595201228,11.260000228881836,-0.0293103570178343,-1.5270181363953386,0.017441956565253,3,0.047043707
2023-06-09,82.48829650878906,11.119999885559082,18563.400390625,-0.0015711631446164,-0.0015711631446164,0.0025717319790523,0.0069384548687507,0.0094942018470021,82.21736618041992,81.85629936218261,0.004410983895567,1,0.0289416082288465,0.0307599447123383,0.9408556368958976,11.119999885559082,-0.000898493151753,-1.5589008653666911,0.0145597852448489,1,0.058397215
2023-06-12,82.4448013305664,11.25,18601.5,-0.0005272890829794,-0.0005272890829794,0.0004247512201183,0.004196058544839,0.0045105441860058,82.21948623657227,81.87172485351563,0.0042476371870612,1,0.0282542695162925,0.0303703864166232,0.9302923853626914,11.25,0.009874295627215,-1.5040686418624627,0.0156539632712529,1,0.12191925
2023-06-13,82.33719635009766,11.109999656677246,18716.150390625,-0.001305176053943,-0.001305176053943,-0.002108848267595,0.0016653737582092,0.0045470407421366,82.22193222045898,81.88457733154297,0.0041198831319613,1,0.0284610408707702,0.0303632522512041,0.93732065704472,11.109999656677246,-0.0237258747845747,-1.5361009834711377,0.0172456858981184,1,0.057582248
2023-06-14,82.29039764404297,11.15999984741211,18755.900390625,-0.0005683786688059,-0.0005683786688059,-0.0027485060135762,0.0002880497114818,0.0033162746099741,82.22445419311524,81.89643981933594,0.0040052336158067,1,0.0284173334443618,0.0303782831016115,0.9354181713015622,11.15999984741211,-0.0244755020316014,-1.5077697097985812,0.0256692308875399,1,0.120492294
2023-06-15,82.04499816894531,11.079999923706056,18688.099609375,-0.0029821155581135,-0.0029821155581135,-0.0069367951744033,-0.0030499593898078,0.0010614947368832,82.22334411621094,81.9072458267212,0.0038592225425142,1,0.0302091832624646,0.0309639375399604,0.9755932245456468,11.079999923706056,-0.015985817186227,-1.52028335725969,0.0278493329506235,0,0.07812927
2023-06-16,81.9126968383789,10.84000015258789,18826.0,-0.0016125459628139,-0.0016125459628139,-0.0069779555982081,-0.0065203555571676,-0.0061237035891223,82.21790206909179,81.91753681182861,0.0036666783322982,0,0.0296838861972108,0.029044812077062,1.0219678526617184,10.84000015258789,-0.0251798323608628,-1.5824341204874537,0.0383923183044629,1,0.06847431
2023-06-19,81.91480255126953,11.229999542236328,18755.44921875,2.570679481816996e-05,2.570679481816996e-05,-0.0064285287943361,-0.0097950335259501,-0.0047396760879906,82.21390213012695,81.92812683105468,0.0034881219689248,0,0.0266233011616978,0.0289166832239147,0.9206581646098316,11.229999542236328,-0.0017778184678819,-1.44514064791387,0.0303266871177163,2,0.047619544
2023-06-20,81.98139953613281,11.130000114440918,18816.69921875,0.0008130030567015,0.0008130030567015,-0.0043212160449572,-0.0111380869899391,-0.0088773802513846,82.21453018188477,81.93861934661865,0.003367286847963,1,0.0253092146293066,0.0271371546532178,0.9326063231902784,11.130000114440918,0.0018002212764831,-1.4697795415352994,0.0274264413473304,3,0.0963194
2023-06-21,81.9917984008789,11.289999961853027,18856.849609375,0.0001268441964266,0.0001268441964266,-0.0036286037218544,-0.0100597473958731,-0.0076371693117784,82.2166700744629,81.94878284454346,0.0032689592282,1,0.0253570030340247,0.0270546438691722,0.9372167654423128,11.289999961853027,0.0116487559335463,-1.4104337104690594,0.0277332466413233,2,0.046147287
2023-06-22,81.94149780273438,11.550000190734863,18771.25,-0.0006134832888845,-0.0006134832888845,-0.0012615073255022,-0.0114500834220232,-0.0071668223519368,82.2158219909668,81.95865081787109,0.0031378160881052,0,0.0249323596029485,0.0269972644542057,0.923480086849237,11.550000190734863,0.0424187969553342,-1.3200048710420622,0.0265703566230957,1,0.12507707
2023-06-23,81.91929626464844,11.239999771118164,18665.5,-0.0002709437669712,-0.0002709437669712,8.056658520905202e-05,-0.0096042503539656,-0.007388936230951,82.2128059387207,81.97050331115723,0.0029559734023312,0,0.0242644147325015,0.0270011949500261,0.8986089752114049,11.239999771118164,0.0369003332933328,-1.4157125732080549,0.0187951958273977,2,0.09420104
2023-06-26,81.98480224609375,11.399999618530272,18691.19921875,0.0007996404318915,0.0007996404318915,0.000854542679028,-0.009152551093468,-0.0083723368128866,82.21328994750976,81.9818433380127,0.0028231447363633,1,0.0245046397063276,0.0267990569992097,0.9143502831747808,11.399999618530272,0.0151380305630974,-1.358784839649816,0.0103706137472949,3,0.099448755
2023-06-27,82.00650024414062,10.779999732971191,18817.400390625,0.0002646587837309,0.0002646587837309,0.000306175646547,-0.0068822249595408,-0.0062926060907723,82.21652389526368,81.99325332641601,0.0027230358570944,1,0.0239137334914811,0.0265634556566298,0.9002154533331387,10.779999732971191,-0.0314465748311726,-1.5562366251518096,0.0117616061061218,2,0.056662064
2023-06-28,81.99839782714844,10.890000343322754,18972.099609375,-9.88021311489895e-05,-9.88021311489895e-05,8.048885862055322e-05,-0.0070392463483077,-0.0032443705769912,82.21641784667969,82.00433032989503,0.0025862965520413,0,0.0238877474261581,0.0257917810818552,0.926140820191072,10.890000343322754,-0.0354295500338178,-1.510108553150183,0.0181524487473496,2,0.057602026
2023-06-30,82.07540130615234,10.800000190734863,19189.05078125,0.0005962027003609,0.0005962027003609,0.001634135413784,-0.0073593242158924,-0.0031989441371732,82.21576782226562,82.01523181915283,0.0024451068254611,1,0.0234339860019724,0.0257577793059382,0.9097475359234164,10.800000190734863,-0.0649350638627376,-1.5305957945539514,0.0353208292055746,2,0.12291026
2023-07-03,82.09629821777344,11.539999961853027,19322.55078125,0.0002546062679991,0.0002546062679991,0.0021606869345309,-0.0069012375565316,-0.0014425480307247,82.21089172363281,82.0274642944336,0.0022361709066223,1,0.0235280363320671,0.0255749558049871,0.9199279397988064,11.539999961853027,0.0266904089718695,-1.2763585137881863,0.0451542660004598,2,0.05866919
2023-07-04,81.95010375976562,11.699999809265137,19389.0,-0.0017807679661756,-0.0017807679661756,-0.0004232307132238,-0.0039695212576357,-0.0026069138791723,82.20707580566406,82.0386833190918,0.0020525986005563,0,0.0182567137117641,0.0258024669174985,0.7075294870311953,11.699999809265137,0.026315807085399,-1.214933867842112,0.0461258118086604,1,0.07591582
2023-07-05,82.0071029663086,11.880000114440918,19398.5,0.0006955355018227,0.0006955355018227,7.3496877219803025e-06,-0.0048864906059897,-0.0011376184744333,82.20612182617188,82.05043983459473,0.0018973937481747,0,0.0173538543968641,0.0255408255895583,0.6794288973595748,11.880000114440918,0.1020408542409623,-1.1478374345400908,0.043275083295247,3,0.12043446
2023-07-06,82.39409637451172,11.84000015258789,19497.30078125,0.0047190230383107,0.0047190230383107,0.0048256863286209,-0.0014192446204812,0.0025466653472119,82.21695770263672,82.06563381195069,0.0018439373908056,1,0.0240261684364705,0.0271229930787749,0.8857902435932825,11.84000015258789,0.0872359760619871,-1.15536623262112,0.0482983376122372,4,0.034140553
2023-07-07,82.76840209960938,11.529999732971191,19331.80078125,0.0045428706857382,0.0045428706857382,0.0084434651848006,0.0030442799139842,0.0079596199964118,82.23249374389648,82.08146381378174,0.0018400004470848,1,0.0288889016630722,0.0285065172713292,1.0133783797485107,11.529999732971191,0.06759254901334,-1.2552348414971977,0.0323287112310213,4,0.029979706
2023-07-10,82.61530303955078,11.460000038146973,19355.900390625,-0.0018497283525462,-0.0018497283525462,0.0063219028512175,-3.389072963877471e-05,0.0081184394885187,82.24946182250977,82.09727184295654,0.0018537763330839,1,0.0293809492961811,0.0284586564446036,1.032371889427787,11.460000038146973,-0.0069324024237872,-1.2740269916962503,0.0387103299587354,1,0.08217346
2023-07-11,82.52529907226562,11.010000228881836,19439.400390625,-0.001089434571729,-0.001089434571729,0.007018847885613,0.000448579556648,0.0078219067615594,82.26466583251953,82.11065284729004,0.0018756760528493,1,0.0291058340805286,0.0285604845916425,1.019058865345023,11.010000228881836,-0.0589743240710906,-1.42131204171026,0.0471896302168002,1,0.04733904
2023-07-12,82.39990234375,10.9399995803833,19384.30078125,-0.0015194943844532,-0.0015194943844532,0.0047898214085526,-0.0005445945176868,0.0050741713455515,82.27716995239258,82.12420486450195,0.0018626066230171,1,0.0295349513689008,0.0286810683764056,1.0297357561980034,10.9399995803833,-0.0791246233167106,-1.4375226320892946,0.0420826697443754,1,0.053541433
2023-07-13,82.00180053710938,10.9399995803833,19413.75,-0.0048313383307161,-0.0048313383307161,-0.0047612129347133,-0.0040734422333519,-0.0008321951694751,82.28163192749024,82.13567638397217,0.001777005437147,0,0.033673250039675,0.0302852347249773,1.111833489552415,10.9399995803833,-0.0760135608619798,-1.4293418758445957,0.037272601192841,0,0.027687699
2023-07-14,82.03079986572266,10.68000030517578,19564.5,0.00035364258374,0.00035364258374,-0.008911640374536,-0.0031546545618024,0.0008564854031654,82.28664794921875,82.14701686859131,0.0016997705571073,0,0.0337005634574504,0.0301615173753327,1.1172994295566048,10.68000030517578,-0.0737206806141334,-1.5096088043061335,0.0431117457725023,2,0.08968451
2023-07-17,82.07679748535156,11.31999969482422,19711.44921875,0.0005607359638599,0.0005607359638599,-0.0065182300903915,0.000387583851739,0.0028345676305576,82.29386184692383,82.15714736938476,0.0016640606680802,0,0.0321683619711083,0.0299208430498239,1.0750795637001271,11.31999969482422,-0.0122164348042523,-1.277002021384985,0.0547594260928292,2,0.11771558
2023-07-18,82.06159973144531,11.710000038146973,19749.25,-0.0001851650450782,-0.0001851650450782,-0.0056188750120645,0.0018178243277742,0.0007060592987468,82.3004978942871,82.16214435577393,0.0016839085639499,0,0.0316401966253334,0.0296743231124441,1.0662123713175435,11.710000038146973,0.0635785462954734,-1.1320393320111517,0.0490412195899288,2,0.070340425
2023-07-19,82.07540130615234,11.600000381469728,19833.150390625,0.0001681855429604,0.0001681855429604,-0.0039381240555835,0.0019605584080153,-0.0003958354762806,82.30626388549804,82.16624736785889,0.0017040636772944,0,0.0316414159980077,0.0295658840063921,1.0701640386307578,11.600000381469728,0.0603291431811283,-1.1612089755141988,0.0574606963184658,2,0.059332658
2023-07-20,82.06169891357422,11.789999961853027,19979.150390625,-0.0001669488343652,-0.0001669488343652,0.0007304519665727,0.0009794828814311,-0.0033811499523465,82.30539779663086,82.16847686767578,0.001666343763139,0,0.031536852277037,0.0290003801491894,1.0874259126567305,11.789999961853027,0.0776965643576328,-1.0864640052748198,0.0617776347679868,2,0.052453138
2023-07-21,82.0823974609375,11.489999771118164,19745.0,0.0002522315238084,0.0002522315238084,0.000629002707511,0.0011049771053395,-0.0007122176346869,82.30864776611328,82.17026584625245,0.0016840875277166,0,0.0315445846802229,0.0286041130620943,1.1027603565749875,11.489999771118164,0.0758426444566522,-1.1819625467341448,0.0470996167983139,2,0.05098307
2023-07-24,81.99030303955078,11.649999618530272,19672.349609375,-0.0011219752862426,-0.0011219752862426,-0.0010538233514315,0.0005956107482181,-0.0007860466400689,82.30644775390626,82.17307384490967,0.0016230853095298,0,0.0317255995443964,0.0286153665901578,1.108652261790214,11.649999618530272,0.0291519375090563,-1.1172817838003015,0.0480042410268362,1,0.04887763
2023-07-25,81.81420135498047,10.239999771118164,19680.599609375,-0.00214783551276,-0.00214783551276,-0.0030147886133645,-0.0012829078673778,-0.0004654871653145,82.29872573852539,82.17474185943604,0.0015087833108309,0,0.0325923405757915,0.0285107182080338,1.1431208858751924,10.239999771118164,-0.1255337542476581,-1.5946817068061794,0.0543837351999678,1,0.11624988
2023-07-26,81.95010375976562,10.460000038146973,19778.30078125,0.0016611102050057,0.0016611102050057,-0.0015266150928624,-0.0004232307132238,-0.000506104001348,82.29239379882813,82.17688587188721,0.0014056011701513,0,0.0330176209840479,0.0285009148742491,1.158435183380564,10.460000038146973,-0.0982758884339206,-1.5039408540012968,0.0581611457765363,3,0.05187147
2023-07-27,81.97550201416016,10.510000228881836,19659.900390625,0.0003099233952037,0.0003099233952037,-0.0010503913586391,-0.0003779972305631,0.0025511901215142,82.28598388671875,82.1792883682251,0.0012983261429031,0,0.0330231589121455,0.0279600170513556,1.1810428373006738,10.510000228881836,-0.1085665595515417,-1.4729974678960478,0.0447723905805681,2,0.084691845
2023-07-28,82.3749008178711,10.140000343322754,19646.05078125,0.0048721727088898,0.0048721727088898,0.003563533302896,0.0045915896005226,0.0074579772634706,82.2844758605957,82.18291885375976,0.0012357434884573,1,0.0371311224829222,0.0295818984665069,1.2551549850654862,10.140000343322754,-0.1174934251251106,-1.585508695882661,0.035523278169063,4,0.040155333
2023-07-31,82.25279998779297,10.40999984741211,19753.80078125,-0.0014822576885171,-0.0014822576885171,0.0032015608981901,0.0021614110783194,0.0058465963071074,82.27502990722657,82.18243785858154,0.0011266646628853,1,0.0375505202579886,0.0297494500137857,1.2621832691804142,10.40999984741211,-0.1064377520790508,-1.4786597448457517,0.0294308460818619,1,0.051828913
2023-08-01,82.2332992553711,10.279999732971191,19733.55078125,-0.0002370829008224,-0.0002370829008224,0.0051225568843753,0.0016687845928722,0.0055588736827236,82.2615998840332,82.17944286346436,0.0009997271544581,1,0.0375645433652528,0.0297565079016734,1.2623551504842383,10.279999732971191,0.0039062463620211,-1.5090770346147668,0.0212704836257344,2,0.058499347
2023-08-02,82.30729675292969,11.279999732971191,19526.55078125,0.0008998483367279,0.0008998483367279,0.0043586643186097,0.0043586643186097,0.0064477620628957,82.25124588012696,82.1788758468628,0.0008806403411871,1,0.0370335796938676,0.0298007349410183,1.2426652262749809,11.279999732971191,0.0783938519917524,-1.1572798934612123,0.0070942689798338,3,0.08971147
2023-08-03,82.7332992553711,11.1899995803833,19381.650390625,0.0051757562117509,0.0051757562117509,0.0092441915278547,0.0088552852471919,0.0124479340412426,82.24809982299804,82.18117282867432,0.0008143835384686,1,0.0408314147498143,0.0314234658790509,1.2993511140959295,11.1899995803833,0.0647002223304242,-1.1787252650747226,-0.0008686037258035,4,0.0101646455
2023-08-04,82.7843017578125,10.56999969482422,19517.0,0.0006164688571645,0.0006164688571645,0.0049699718710021,0.0047358415283438,0.0129023248380768,82.24951187133789,82.18409435272217,0.0007959875828886,1,0.0377497063018076,0.0314348201629797,1.2008500527771615,10.56999969482422,0.0424062462467886,-1.379353972922258,0.0010103562011487,3,0.12508313
2023-08-07,82.69529724121094,11.100000381469728,19597.30078125,-0.0010751376131907,-0.0010751376131907,0.0053797226779348,-0.000883245979673,0.0111043853642149,82.24857574462891,82.18661033630372,0.0007539598977452,1,0.0345379397387433,0.0315203483014027,1.0956999493960853,11.100000381469728,0.066282473023201,-1.188349332319245,0.0137338473018773,1,0.054932594
2023-08-08,82.74829864501953,11.329999923706056,19570.849609375,0.0006409240377236,0.0006409240377236,0.0062626623802255,0.0016098180430941,0.0078350315058066,82.25204574584961,82.1882878112793,0.0007757545055169,1,0.0339663347616359,0.0306210324236262,1.109212291716779,11.329999923706056,0.1021400990281335,-1.101065660783599,0.0111051004816138,3,0.108681366
2023-08-09,82.84500122070312,11.140000343322754,19632.55078125,0.0011686352138602,0.0011686352138602,0.0065328894154732,0.0038739895769119,0.011292765803283,82.2573518371582,82.19153930664062,0.0008007214741658,1,0.0338883940602118,0.0303057241274123,1.118180702003352,11.140000343322754,-0.012411293702359,-1.15646006565554,0.0099360261501764,3,0.059987336
2023-08-10,82.86630249023438,11.399999618530272,19543.099609375,0.0002571219653253,0.0002571219653253,0.0016076142987206,0.0056602026606618,0.0093300366293218,82.26099990844726,82.19443881988525,0.0008098003893897,1,0.0333156084372575,0.030025168139008,1.1095524504832193,11.399999618530272,0.0187667601449343,-1.0597979808963809,0.0081921359927825,2,0.06663518
2023-08-11,82.79989624023438,11.520000457763672,19428.30078125,-0.0008013661525181,-0.0008013661525181,0.0001883748741096,0.0097326607208316,0.007294305503966,82.26366180419922,82.19345329284668,0.0008541861734703,1,0.0280474237353346,0.0300031255861478,0.9347855732307484,11.520000457763672,0.0898770851814343,-1.0110746998857472,0.0007495090464233,1,0.08746946
2023-08-14,82.89730072021484,12.0,19434.55078125,0.0011763840826304,0.0011763840826304,0.00244274445758,0.0105631159992414,0.0076653125733514,82.27607376098632,82.19381130218505,0.0010008351906061,1,0.0281516867323112,0.0300469111288184,0.9368933038846564,12.0,0.0810810439279556,-0.8405173316129045,-0.006642092501725,3,0.050296016
2023-08-16,83.19419860839844,12.130000114440918,19465.0,-0.0004709627365629,-0.0004709627365629,0.0053886299861192,0.0136140926215633,0.0109142730478948,82.29176177978516,82.19707580566406,0.0011519384746114,1,0.0283507123698555,0.0300657454861468,0.942925877458805,12.130000114440918,0.0706090199578024,-0.7894137875442124,-0.0125028462400202,2,0.109864235
2023-08-17,83.23699951171875,12.239999771118164,19365.25,0.000514469807225,0.000514469807225,0.0047317072272268,0.0143233837034624,0.0095414736808598,82.30627777099609,82.19945331573486,0.0012995762252931,1,0.0282557585822185,0.0298625341058139,0.946162583507407,12.239999771118164,0.0987432130964649,-0.7452879192480246,-0.0194437763459371,2,0.11166997
2023-08-18,83.09829711914062,12.140000343322754,19310.150390625,-0.0016663550271126,-0.0016663550271126,0.0027996256854057,0.0124628792148422,0.0045113209106308,82.31789978027344,82.20469680786132,0.0013770864294615,1,0.0292142966293451,0.02931998581714,0.9963613369461636,12.140000343322754,0.0649123464521559,-0.7737375096261134,-0.0263699911360133,1,0.0703745
2023-08-21,83.16729736328125,11.960000038146973,19393.599609375,0.0008303448630444,0.0008303448630444,0.004437217191443,0.0134727706633446,0.0031662454638099,82.32888366699218,82.20832080841065,0.001466552988748,1,0.0291751878913616,0.0290380049478389,1.0046896559908731,11.960000038146973,0.0381944065016743,-0.8295576778671329,-0.02930809217617,3,0.08037128
2023-08-22,83.1135025024414,11.75,19396.44921875,-0.0006468270888358,-0.0006468270888358,0.0026080678182305,0.012561829008401,0.0034833149994499,82.34138778686524,82.21269233703613,0.0015653963660686,1,0.02941578253158,0.0290030948949572,1.014194121144402,11.75,-0.0208333333333333,-0.8955423137838232,-0.0176526098379337,1,0.11894445
2023-08-23,83.07330322265625,11.729999542236328,19444.0,-0.000483667257122,-0.000483667257122,-0.001453170867253,0.0132088813305526,0.0022041233407061,82.35395782470704,82.21441387176513,0.0016973173725907,1,0.029079886389007,0.0289714028273122,1.0037098601153454,11.729999542236328,-0.0329761391946223,-0.8953167430058135,-0.0116076429053587,1,0.118377365
2023-08-24,82.5447006225586,11.699999809265137,19386.69921875,-0.0063630863296825,-0.0063630863296825,-0.0083172014034779,0.0089287587665689,-0.0020431768813212,82.35810791015625,82.21371486663818,0.0017563133322984,1,0.0365116665130725,0.0313545266537232,1.164441181814341,11.699999809265137,-0.0441176447672185,-0.8985750229414433,-0.0149335079447985,0,0.010681331
2023-08-25,82.64140319824219,12.079999923706056,19265.80078125,0.0011715176741118,0.0011715176741118,-0.0054982344613316,0.0084356139499601,-0.001217039138057,82.36512802124024,82.2124798965454,0.0018567512485565,1,0.0363092353061679,0.031445757859186,1.1546257159086266,12.079999923706056,-0.0049423737990006,-0.7592570551473297,-0.0259122361252517,3,0.0473782
2023-08-28,82.66429901123047,12.399999618530272,19306.05078125,0.0002770501480156,0.0002770501480156,-0.0060480305119648,0.0084024736676981,0.0010838709725107,82.37751403808593,82.21239238739014,0.0020084764097088,1,0.0363082722520342,0.0312060234417004,1.1634647668292897,12.399999618530272,0.0367892624565133,-0.6410785377668196,-0.017998545381427,2,0.074638754
2023-08-29,82.69149780273438,12.229999542236328,19342.650390625,0.000329027062822,0.000329027062822,-0.0050774505585856,0.0038433671144961,0.0013538575701923,82.39309005737304,82.2159748840332,0.0021542671432124,1,0.0321250174292219,0.0312145445039644,1.02913525744015,12.229999542236328,0.0408510248711768,-0.6946169535498068,-0.0154433272113173,2,0.08304462
2023-08-30,82.49469757080078,11.800000190734863,19347.44921875,-0.0023799330906192,-0.0023799330906192,-0.0069650011424809,0.002940903933285,-0.0022882490719299,82.40468795776367,82.22142238616944,0.0022289272828861,1,0.0327877281029044,0.0314431552845818,1.0427288571170945,11.800000190734863,0.0059676599514333,-0.8399862829424435,-0.0205708039176796,0,0.111107066
2023-08-31,82.70040130615234,12.0600004196167,19253.80078125,0.002493538874726,0.002493538874726,0.0018862589896073,0.0056802056467502,0.0004064491782094,82.41906799316406,82.2282053756714,0.0023211332002284,1,0.0339365945466229,0.0318682406212312,1.0648698834704706,12.0600004196167,0.0307692834376356,-0.7414262748192244,-0.0243113875104443,4,0.121618725
2023-09-01,82.68240356445312,11.369999885559082,19435.30078125,-0.0002176258085204,-0.0002176258085204,0.0004961237905483,0.004557394378404,0.0049309302559343,82.43288009643555,82.23920288085938,0.0023550473349889,1,0.0338166886001497,0.0304335460253548,1.1111284055946586,11.369999885559082,-0.0587748379661539,-0.9807847820225551,-0.0046731243537194,2,0.075624
2023-09-04,82.6969985961914,10.960000038146973,19528.80078125,0.0001765192000846,0.0001765192000846,0.0003955708250364,-0.000438767213521,0.0034850337685552,82.4479901123047,82.25020286560058,0.0024047022355349,1,0.0281905706830204,0.0302601577761425,0.931576078204299,10.960000038146973,-0.1161290019905643,-1.119201104367843,0.0075922528607872,2,0.051980156
2023-09-05,82.7345962524414,10.81999969482422,19574.900390625,0.0004546435407357,0.0004546435407357,0.0005211956591939,-0.0006004218712445,0.0027074663973101,82.46429611206055,82.2589158630371,0.0024967536572619,1,0.0281361661215517,0.0301702635947352,0.9325484838646751,10.81999969482422,-0.1152902616670319,-1.1633231402951338,0.0029666644784034,2,0.11071205
2023-09-06,83.08609771728516,10.68000030517578,19611.05078125,0.004248542698767,0.004248542698767,0.0071689473857008,0.0047257883956122,0.0068943333640911,82.48632202148437,82.26898933410645,0.0026417327979477,1,0.0318902322524813,0.0313577880497664,1.0169472175350498,10.68000030517578,-0.0949152430046981,-1.2056230457005657,0.0007016272370099,4,0.039919067
2023-09-07,83.25740051269531,10.869999885559082,19727.05078125,0.0020617504024926,0.0020617504024926,0.0067351451473733,0.006152414925892,0.0077379831045016,82.51134002685546,82.27779983520507,0.0028384350592522,1,0.0326029353776515,0.0315306720221677,1.033974200756962,10.869999885559082,-0.0986733410159731,-1.1313300358334326,0.0079813178780023,3,0.08715159
2023-09-08,83.24150085449219,10.779999732971191,19819.94921875,-0.0001909699090436,-0.0001909699090436,0.0067619864195558,0.0047860417399567,0.0091310449794883,82.53620208740234,82.28638282775879,0.0030359732808584,1,0.0323816084907448,0.0313617951490353,1.0324847749337442,10.779999732971191,-0.0518909550155091,-1.1578737547090725,0.009545292386508,2,0.061963685
2023-09-11,83.03130340576172,11.350000381469728,19996.349609375,-0.0025251520764612,-0.0025251520764612,0.0040425265154147,0.0019911702413268,0.0071138757778517,82.55532012939453,82.29393985748291,0.0031761788579363,1,0.0335559934311793,0.0317700268115632,1.0561822137572972,11.350000381469728,0.0355839728070561,-0.9438772853559866,0.023192329213866,0,0.11060955
2023-09-12,82.94329833984375,11.6899995803833,19993.19921875,-0.0010599022574402,-0.0010599022574402,0.0025225491735711,0.0017319115858951,0.0073612172458357,82.57226013183593,82.3000178527832,0.0033079249088343,1,0.0336363421964273,0.0317314284746462,1.0599989919870858,11.6899995803833,0.0804066460348651,-0.8130576458472116,0.0290760599117951,1,0.063473985
2023-09-13,82.84300231933594,11.829999923706056,20070.0,-0.0012092118653983,-0.0012092118653983,-0.0029258251937211,-0.0006550080691066,0.0067152996110595,82.59011810302735,82.30565788269043,0.0034561441783549,1,0.0335033622472082,0.0318078749123044,1.053270898124358,11.829999923706056,0.1076778638267417,-0.755431570931351,0.0326968822640894,1,0.051896043
2023-09-14,82.93679809570312,11.31999969482422,20103.099609375,0.0011322112156875,0.0011322112156875,-0.0038507377724734,-0.003093971899494,0.0108696440570505,82.60871200561523,82.31217739105224,0.003602560689826,1,0.0338119535891216,0.0312797707771921,1.0809181726997314,11.31999969482422,0.0413983269551794,-0.9393089714800118,0.0327818961918828,3,0.05152459
2023-09-15,83.0282974243164,10.899999618530272,20192.349609375,0.0011032416335592,0.0011032416335592,-0.0025612636483869,-0.0025073235295195,0.0136193853822037,82.62139602661132,82.3190418624878,0.0036729553367325,1,0.0340176182706971,0.0311453618293536,1.0921859335313282,10.899999618530272,0.0111317150771399,-1.0888591555222986,0.0427105051251597,3,0.04370137
2023-09-18,83.08580017089844,10.84000015258789,20133.30078125,0.0006925680565044,0.0006925680565044,0.0006563399934889,-0.0001503875371148,0.0142953115085151,82.62774398803711,82.32612236022949,0.0036637414609159,1,0.0336436050664918,0.0311633608594166,1.0795538281134396,10.84000015258789,-0.0449339393604317,-1.1035128220739048,0.0426278601654306,3,0.11008394
2023-09-20,83.19499969482422,11.130000114440918,19901.400390625,-0.0007194576878053,-0.0007194576878053,0.0030346195535795,0.0003330916408401,0.0148033598542864,82.63933792114258,82.33384586334229,0.0037104067543176,1,0.0335870454437149,0.0311830645913378,1.077057974445211,11.130000114440918,-0.0479041476513056,-0.9866538102576702,0.0261839365294787,1,0.091333866
2023-09-21,83.08699798583984,10.81999969482422,19742.349609375,-0.0012981754838697,-0.0012981754838697,0.0029452779314222,-0.0003188954358022,0.0133574285028634,82.65057189941406,82.34112636566162,0.0037580920666331,1,0.0338009457400793,0.0313142161205975,1.0793776932565005,10.81999969482422,-0.0853761821974236,-1.0963770924900396,0.0178331810489638,1,0.055792194
2023-09-22,82.89129638671875,10.65999984741211,19674.25,-0.0023553817548498,-0.0023553817548498,-0.0005486311267028,-0.0021909184885747,0.0115911791882412,82.66039978027344,82.3490563583374,0.0037807770447451,1,0.0346724134760285,0.0316697016546547,1.0947788228409094,10.65999984741211,-0.0583038750181131,-1.149604416609534,0.0118416992388397,0,0.11737541
2023-09-25,82.97480010986328,10.899999618530272,19674.55078125,0.0010073883119761,0.0010073883119761,-0.0006443262852871,0.0052105039337575,0.012884679109119,82.67985977172852,82.35811935424805,0.0039066022877061,1,0.0266301370339918,0.0317148067495046,0.8396487355443922,10.899999618530272,0.0,-1.0540790098043296,0.0148478892281778,3,0.0784647
2023-09-26,83.0282974243164,11.1899995803833,19664.69921875,0.0006447417093176,0.0006447417093176,-0.0006920887379522,0.0046816028177321,0.0127279099251882,82.6998097229004,82.36614833831787,0.0040509528649077,1,0.0264378589566778,0.0317024929141607,0.8339099741552171,11.1899995803833,0.0322877696373327,-0.93884537481659,0.0207050016778029,3,0.120835885
2023-09-27,83.29869842529297,11.59000015258789,19716.44921875,0.0032567330580641,0.0032567330580641,0.0012464538836365,0.0076744062630509,0.0157572653058641,82.72424774169922,82.37314682006836,0.0042623225551621,1,0.0285792783473062,0.0323240452598711,0.8841218354854122,11.59000015258789,0.0413297424453871,-0.7780933745077533,0.0212575032641362,4,0.08428214
2023-09-28,83.22270202636719,12.81999969482422,19523.55078125,-0.0009123359711789,-0.0009123359711789,0.001633276491112,0.0064239279460147,0.0149308307437856,82.74746978759765,82.37739933013916,0.0044923784978376,1,0.0288683794791686,0.0323902032047248,0.8912413440374348,12.81999969482422,0.1848428887624373,-0.2908225905792045,0.0093524096735304,1,0.080994725
2023-09-29,83.19300079345703,11.449999809265137,19638.30078125,-0.0003568885915377,-0.0003568885915377,0.0036397597804564,0.008464825536901,0.013616741063938,82.76982177734375,82.382096824646,0.0047064224830675,1,0.0273947878184194,0.0323911773572313,0.8457223333986168,11.449999809265137,0.0741088154935398,-0.8254055559868189,0.0150330702105232,2,0.10533526
2023-10-03,83.3593978881836,11.789999961853027,19528.75,0.0039092070895703,0.0039092070895703,0.0046351154544643,0.0079684810668776,0.0153855861693006,82.79577575683594,82.38749782562256,0.0049555811499157,1,0.0291986741868837,0.0332656678714132,0.877715625134033,11.789999961853027,0.0816514105018622,-0.686764516463504,0.0142802567593696,4,0.05602312
2023-10-04,83.22979736328125,11.65999984741211,19436.099609375,-0.0015547200218046,-0.0015547200218046,0.0024268827040385,0.0066204388748982,0.0156155214551894,82.81872375488281,82.39158180236817,0.0051842912002737,1,0.0298987053930301,0.0332145940593142,0.9001406188803683,11.65999984741211,0.0420018127482995,-0.7391539364993335,4.110191727879631e-05,1,0.0558533
2023-10-05,83.44979858398438,10.9399995803833,19545.75,0.0026432987664606,0.0026432987664606,0.0018139558186125,0.0091031113652488,0.0175923251217458,82.84791366577149,82.39560729980468,0.0054894475663131,1,0.0309623774253942,0.0335636412791159,0.9224700829637408,10.9399995803833,-0.0560828786580691,-1.039941577697993,0.0008679088357679,4,0.12136314
2023-10-06,83.22489929199219,10.300000190734863,19653.5,-0.0026950249827847,-0.0026950249827847,2.640223846972489e-05,0.0059262154136192,0.0100832821043896,82.87612762451172,82.3997193145752,0.0057816739413609,1,0.0327954118254657,0.0327841710612826,1.0003123596385677,10.300000190734863,-0.196567828711162,-1.3209228808876017,0.0040153261475928,0,0.09191199
2023-10-09,83.12460327148438,11.399999618530272,19512.349609375,-0.0012051203589436,-0.0012051203589436,-0.0008221547644671,0.0004634416016291,0.004303588843558,82.89961761474609,82.4028023147583,0.0060291068511246,1,0.0297769338563046,0.0316090693488686,0.9420078623576438,11.399999618530272,-0.0043668289578839,-0.8486642311726704,-0.0050329364283411,1,0.058992505
2023-10-10,83.27030181884766,11.270000457763672,19689.849609375,0.0017527728449713,0.0017527728449713,-0.00106881853268,0.0001549568695742,0.0079282984531727,82.92551361083984,82.40486431121826,0.0063181864805363,1,0.0295278658945572,0.0315715712495822,0.9352379209516553,11.270000457763672,-0.0441051319568984,-0.9049799640056247,-0.0018857949060666,3,0.058590513
2023-10-11,83.25029754638672,10.989999771118164,19811.349609375,-0.0002402329765113,-0.0002402329765113,0.0002463082183894,0.0001056767574374,0.0087851662735112,82.94302154541016,82.40748580932618,0.0064986297157894,1,0.0295324329936987,0.0314913785621499,0.9377644478462206,10.989999771118164,-0.0574614138131956,-1.0373301824167622,-0.0004338865493592,2,0.07878965
2023-10-12,83.21800231933594,10.619999885559082,19794.0,-0.0003879292687547,-0.0003879292687547,-0.0027776731469897,0.0022485364665643,0.0099284095286065,82.96232559204101,82.41066631317139,0.0066940276489604,1,0.028123842149493,0.03133953318435,0.8973632319547372,10.619999885559082,-0.0292504302649165,-1.2079795142985594,-0.0101193274436516,2,0.11572717
2023-10-13,83.26239776611328,10.619999885559082,19751.05078125,0.0005334836879042,0.0005334836879042,0.0004505679723267,0.0038471996250026,0.0153727993866845,82.98290756225586,82.4137937927246,0.0069055645097786,1,0.0278343627204902,0.0297079281899145,0.9369022854866672,10.619999885559082,0.0310679309610175,-1.2081234033885269,-0.0121115402717995,2,0.110139765
2023-10-16,83.28230285644531,11.06999969482422,19731.75,0.0002390645821652,0.0002390645821652,0.0018971469186552,0.0053028080201149,0.0152565011284939,83.00240768432617,82.41581230163574,0.0071175101756388,1,0.0273731223880259,0.0297060524485342,0.9214351519878392,11.06999969482422,-0.028947362697245,-0.9933695857753924,-0.0168535127055305,2,0.058004282
2023-10-17,83.19950103759766,10.699999809265137,19811.5,-0.0009942306589478,-0.0009942306589478,-0.0008502524874237,0.0031675076434876,0.013678695887793,83.0117317199707,82.41743530273438,0.0072108094003817,1,0.0274976344605906,0.0297868326410988,0.9231163204083408,10.699999809265137,-0.0505768079278003,-1.1727991950035863,-0.0145052064129957,1,0.06781615
2023-10-18,83.26429748535156,10.970000267028809,19671.099609375,0.0007788081292052,0.0007788081292052,0.0001681668339628,0.0028424051601236,0.0146560359271838,83.02133163452149,82.41924228668213,0.0073052036288452,1,0.0273780144501216,0.0298049873247101,0.9185407667212002,10.970000267028809,-0.0018197911288327,-1.0482577113211633,-0.0258142321267056,3,0.09504738
2023-10-19,83.26860046386719,10.899999618530272,19624.69921875,5.1678554261247456e-05,5.1678554261247456e-05,0.0006080192160475,0.0022001388034147,0.0145378412865024,83.0327976989746,82.421704788208,0.0074142231386364,1,0.0273021140094129,0.0298058699629478,0.9159671593612984,10.899999618530272,0.0263653235394032,-1.0898838387958616,-0.0252617078553585,2,0.044620764
2023-10-20,83.12229919433594,10.81999969482422,19542.650390625,-0.0017569800466952,-0.0017569800466952,-0.0016826151484476,-0.0008738566110338,0.0129244250948146,83.04027770996093,82.42305629730225,0.0074884557839294,1,0.0279239172458937,0.0300464239423516,0.9293281613581262,10.81999969482422,0.0188323739567168,-1.1402091675755566,-0.0180263696502984,1,0.07883831
2023-10-23,83.15979766845703,10.90999984741211,19281.75,0.0004511241205373,0.0004511241205373,-0.001470963023194,0.0008761862190471,0.0131258374614637,83.04657363891602,82.42467979431153,0.0075449955784652,1,0.0275138815815321,0.0300520943645566,0.9155091069084996,10.90999984741211,-0.014453464482652,-1.0919681801952008,-0.0233305365616803,2,0.09472602
2023-10-25,82.98780059814453,11.3100004196167,19122.150390625,-0.0005010645209012,-0.0005010645209012,-0.0025444916954184,0.0011642261085598,0.0121660430760033,83.04900360107422,82.42586978912354,0.0075599300746826,1,0.0261143617826038,0.0299714577527174,0.8712786251316404,11.3100004196167,0.0570094038528263,-0.8785608163834981,-0.0280620409609007,1,0.11997052
2023-10-26,83.1709976196289,11.729999542236328,18857.25,0.0022075174924984,0.0022075174924984,-0.0011205266667754,0.0023645433252728,0.0165838722639544,83.05642562866211,82.428194770813,0.0076215530328656,1,0.0268885432317792,0.0298785468531033,0.8998979590946001,11.729999542236328,0.0692797863908678,-0.647538538331683,-0.041541013583339,3,0.10323806
2023-10-27,83.28250122070312,10.90999984741211,19047.25,0.0013406548468273,0.0013406548468273,0.00016693875913,0.0030616525241702,0.0162586427571023,83.06412963867187,82.43067878723144,0.0076846492199278,1,0.0271148523967728,0.0298226101014436,0.9091740505104136,10.90999984741211,0.0009174522231025,-1.0903309072698235,-0.0313988641210067,3,0.051622473
2023-10-30,83.41339874267578,11.489999771118164,19140.900390625,0.0015717289953356,0.0015717289953356,0.003502063238882,0.0013769761058832,0.0175405663056171,83.06851364135743,82.43441329956055,0.0076921799575695,1,0.0253823232138854,0.0299452194369112,0.8475969151084092,11.489999771118164,0.0619223747866128,-0.766996105596278,-0.0291913022339571,3,0.0522615
2023-10-31,83.29650115966797,11.829999923706056,19079.599609375,-0.0014014245285512,-0.0014014245285512,0.001643865125261,0.0008867668497161,0.0111878780143785,83.0697036743164,82.4376697921753,0.0076668091630252,1,0.0257145571691789,0.0285960203737041,0.8992040720726386,11.829999923706056,0.0843263143135766,-0.5727731369532866,-0.022739263817797,1,0.050870847
2023-11-01,83.2771987915039,12.050000190734863,18989.150390625,-0.0002317308397751,-0.0002317308397751,0.0034872377780048,0.0010120803101683,0.0124542727282592,83.07328170776367,82.44268878936768,0.0076488640491467,1,0.0256834989330242,0.0284170494805758,0.9037741647462229,12.050000190734863,0.0654288013848936,-0.4429691593503599,-0.0330553237704143,2,0.07925116
2023-11-02,85.19400024414062,11.079999923706056,19133.25,0.0230171220988797,0.0230171220988797,0.0243234141997867,0.0220083446190184,0.0360036750997334,83.11381576538086,82.45775829315185,0.0079562855674126,1,0.0825827957543881,0.0538156706638337,1.5345207114398105,11.079999923706056,-0.0554134393773684,-0.9903237860782022,-0.0202521922806119,4,0.004016914
2023-11-03,83.24729919433594,10.880000114440918,19230.599609375,-0.0228502129753975,-0.0228502129753975,-0.0004226821463239,0.0002102832352011,0.0114206452950089,83.11649169921876,82.46580780029296,0.0078903477244962,1,0.1170461362720605,0.0712753194612374,1.6421461876368952,10.880000114440918,-0.0027497464152859,-1.0999072672712498,-0.0105731090151892,0,0.00019888827
2023-11-06,83.15850067138672,11.109999656677246,19411.75,-0.0010666835297794,-0.0010666835297794,-0.0030558408496865,-0.0034906964131793,0.0051394229390413,83.11819564819336,82.47344131469727,0.007817720750076,1,0.1167398082330987,0.070575852425173,1.6540806825703722,11.109999656677246,-0.0330722473464364,-0.9605076683806344,-0.0068557103206579,1,0.08802424
2023-11-07,83.2228012084961,11.1899995803833,19406.69921875,0.0007732286728385,0.0007732286728385,-0.0008847904791414,-2.5209805165737897e-05,0.0052968913353457,83.13175765991211,82.48397731781006,0.0078534081789747,1,0.1163733401251313,0.0705816651026763,1.6487524232167134,11.1899995803833,-0.0540997757777041,-0.9075944686257134,-0.0125575994733762,3,0.11099386
2023-11-08,83.23269653320312,11.039999961853027,19443.5,0.00011890160585,0.00011890160585,-0.0005343870704896,0.0013003762720613,0.0064985471957936,83.14358352661132,82.49375080108642,0.0078773570023724,1,0.11627671381188,0.0705445383840618,1.6482504276719805,11.039999961853027,-0.0838174450535209,-0.9891430162115984,-0.0035285145435237,2,0.06809709
2023-11-09,83.21769714355469,10.979999542236328,19395.30078125,-0.0001802103052428,-0.0001802103052428,-0.0231976793544432,-0.0006317339332744,0.0056726060380869,83.15465148925782,82.50157627105713,0.0079159120070024,1,0.1161362612968941,0.0705366980655006,1.646442462426987,10.979999542236328,-0.0090253052489444,-1.019958345049178,-0.0149594249813241,2,0.07541771
2023-11-10,83.31939697265625,11.109999656677246,19425.349609375,0.0012220937684219,0.0012220937684219,0.0008660674762792,0.0008300201717721,0.0057263050873681,83.16720947265625,82.5105457687378,0.0079585427268771,1,0.1161974832548206,0.070540199841212,1.6472286198190655,11.109999656677246,0.0211396635861291,-0.9369197223335732,-0.0194837811462041,3,0.07432632
2023-11-13,83.29889678955078,11.1899995803833,19443.55078125,-0.0002460433446511,-0.0002460433446511,0.0016882954482171,0.0009720789728215,0.0052203885815635,83.18329345703125,82.51986026763916,0.0080396790207879,1,0.1161904037829333,0.0705416333613179,1.6470947885912968,11.1899995803833,0.0072007134273828,-0.8829209725509469,-0.0177048205895725,2,0.07197477
2023-11-15,82.98159790039062,11.140000343322754,19675.44921875,-0.0025962697787668,-0.0025962697787668,-0.0028982839390515,-0.0033724691247954,0.0021944672446094,83.18891738891601,82.52856925964356,0.008001448894563,1,0.1165642917656874,0.0707208975850198,1.648206506698397,11.140000343322754,-0.0044682072328401,-0.9063467810682622,-0.0038277235645493,0,0.07716237
2023-11-16,83.18620300292969,11.649999618530272,19765.19921875,0.0024656683857144,0.0024656683857144,-0.0005585969481943,-0.0011539048539672,0.0034850626040274,83.19899337768555,82.53962028503418,0.0079885646477941,1,0.1168772121529776,0.070853283621428,1.6495433469830634,11.649999618530272,0.05525359228125,-0.5938942860289218,0.0016951977776933,4,0.10569972
2023-11-17,83.12030029296875,11.829999923706056,19731.80078125,-0.000792231254486,-0.000792231254486,-0.0011703862751443,-0.0009519377356976,-0.0008882628436333,83.20745941162109,82.54778179168702,0.0079914639208451,1,0.1168553997528412,0.0708656674987654,1.6489472960595597,11.829999923706056,0.0774135170224794,-0.4787997981216101,-0.004022876548974,1,0.11225246
2023-11-20,83.29149627685547,12.149999618530272,19694.0,0.0020596170043096,0.0020596170043096,-0.0003348643510938,0.0003266561098254,0.0006547180395306,83.21859741210938,82.5562297821045,0.008023230127552,1,0.1170314311382727,0.070975200987751,1.6488827171585274,12.149999618530272,0.0936093603952519,-0.2791580064788618,0.0011641642348294,3,0.09278141
2023-11-21,83.32219696044922,12.229999542236328,19783.400390625,0.0003685932534061,0.0003685932534061,0.0002797176408866,0.0006436579488962,0.0026943974674664,83.22331939697266,82.56561527252197,0.0079658356845015,1,0.1170324026023303,0.0708903801614028,1.650869292372011,12.229999542236328,0.0929401251878692,-0.2247252418162652,0.0080868078591171,2,0.08966613
2023-11-22,83.345703125,11.869999885559082,19811.849609375,0.0002821116750191,0.0002821116750191,0.0043877827593346,0.0026876534074418,0.002145143191794,83.22508544921875,82.57480377197265,0.0078750617324121,1,0.1168181186022103,0.0708757344080894,1.6481870895688078,11.869999885559082,0.0655295798688089,-0.4396980665033092,0.0137749595561071,2,0.08752016
2023-11-23,83.54830169677734,11.31999969482422,19802.0,0.0024308220361821,0.0024308220361821,0.0043528695958741,0.0046717769789341,0.005231390583295,83.23122146606445,82.58464576721191,0.0078292483166313,1,0.1170543704268466,0.0710135448937089,1.648315434564115,11.31999969482422,-0.0283261746361913,-0.7710550173806215,0.0269814721174166,4,0.10078806
2023-11-24,83.34400177001953,11.329999923706056,19794.69921875,-0.0024452911981296,-0.0024452911981296,0.0026912977487125,0.0042922112564454,0.0032585504230853,83.23747543334962,82.59252376556397,0.0078088383594661,1,0.1174320297372948,0.0711911388618874,1.6495083813272235,11.329999923706056,-0.0422654271533893,-0.7584161965365342,0.0351711922763,0,0.08537398
2023-11-28,83.364501953125,12.18000030517578,19889.69921875,0.0006001722679387,0.0006001722679387,0.0008765081614918,0.0023265842545385,0.0099316046261408,83.24589950561523,82.6007947921753,0.0078099092758492,1,0.117232819601857,0.0699719677078457,1.6754015649490903,12.18000030517578,0.0024691923940272,-0.2280924677954617,0.0547507838497129,2,0.11053417
2023-11-29,83.41809844970703,12.710000038146973,20096.599609375,0.0006429174927737,0.0006429174927737,0.0011509716828919,0.0016281599017369,0.0093983792797138,83.25740142822265,82.60765579223633,0.0078654409177336,1,0.1171730403836981,0.0699505573936807,1.675059780645903,12.710000038146973,0.0392477934486392,0.1059116171655771,0.0550919218981742,3,0.10779116
2023-11-30,83.3302993774414,12.6899995803833,20133.150390625,-0.0010525182651887,-0.0010525182651887,-0.0001848175368499,-0.0009962352150489,0.0080566867943858,83.26527145385742,82.61317729949951,0.0078933431163634,1,0.117132438323668,0.069995584674407,1.6734021933858072,12.6899995803833,0.069081693574557,0.0964321920284338,0.0518392541495065,1,0.08659183
2023-12-01,83.35269927978516,12.380000114440918,20267.900390625,0.0002688086147668,0.0002688086147668,-0.0023411896234837,0.0006746756386497,0.0079960031517161,83.2717594909668,82.61616580963135,0.0079354164516192,1,0.117013915485234,0.0699951837433306,1.6717185027445616,12.380000114440918,0.0936396155647738,-0.0927375151799776,0.0622812221209356,2,0.08065499
2023-12-04,83.21859741210938,12.989999771118164,20686.80078125,-0.0016088485296157,-0.0016088485296157,-0.0015046596665252,-0.0007036905689065,0.0087751075235751,83.27441543579101,82.61854930877685,0.0079384851525647,1,0.1171651160110751,0.069897311980377,1.676222396385875,12.989999771118164,0.1465136680132579,0.2892889057729332,0.089401071438306,1,0.08834739
2023-12-05,83.41709899902344,13.460000038146973,20855.099609375,0.0023853032024927,0.0023853032024927,0.0006309285687091,-0.0208571171681705,0.0086661936526513,83.278857421875,82.62233730316161,0.0079460366305597,1,0.0830877592877221,0.0698831854530151,1.188935075212175,13.460000038146973,0.1050902874302284,0.5823163625847605,0.0899925318163405,4,0.113075994
2023-12-06,83.31590270996094,13.739999771118164,20937.69921875,-0.0012131360389754,-0.0012131360389754,-0.0012251027252522,0.0008240929890692,0.0076618375639501,83.28343551635743,82.62625080108643,0.007953703682539,1,0.0236937660064774,0.0699353796742266,0.3387902850683199,13.739999771118164,0.0810385310684356,0.7564614935147983,0.0887699626663114,1,0.050972175
2023-12-07,83.28959655761719,12.670000076293944,20901.150390625,-0.0003157398706382,-0.0003157398706382,-0.0004884516211787,0.0015764580310138,0.0071658944276735,83.29140151977539,82.6301337814331,0.0080027431649987,1,0.0233623161799456,0.0699423658640477,0.3340176139843775,12.670000076293944,-0.0015760051024961,0.0911429850585187,0.0767267449160946,2,0.10329956
2023-12-08,83.35489654541016,12.470000267028809,20969.400390625,0.0007840113350505,0.0007840113350505,2.63610614170684e-05,0.0015872493474851,0.007497471687371,83.29900344848633,82.63392127990723,0.0080485369479956,1,0.0233659651170254,0.0699509024040749,0.3340290158522455,12.470000267028809,0.0072698022419974,-0.0305027062982359,0.0805238002743495,3,0.09815796
2023-12-11,83.43009948730469,12.760000228881836,20997.099609375,0.0009022018502964,0.0009022018502964,0.0025415241517221,0.002371699612337,0.0041403048099581,83.30703948974609,82.63673377990723,0.0081114739072836,1,0.0235093635337923,0.0694775869050399,0.3383684755408725,12.760000228881836,-0.017705892708921,0.1524431962727379,0.0799032894990614,3,0.06351411
2023-12-12,83.34349822998047,12.710000038146973,20906.400390625,-0.0010380097573465,-0.0010380097573465,-0.0008823223287089,0.0015117107387478,0.0010341148865442,83.30793548583985,82.63976276397705,0.0080853659245263,1,0.0238640711513392,0.0694025314787277,0.3438451998462592,12.710000038146973,-0.0557206536310865,0.1230727615750899,0.0779106045540589,1,0.05090335
2023-12-13,83.39600372314453,12.06999969482422,20926.349609375,0.000629989072683,0.000629989072683,0.0009614132545912,0.000919434768754,0.0018560798047408,83.31140151977539,82.64326629638671,0.0080845694190319,1,0.0236150730808876,0.0694092331752919,0.3402246614162648,12.06999969482422,-0.1215429478975922,-0.2738299640363355,0.07727016657016,3,0.115052834
2023-12-14,83.2853012084961,12.31999969482422,21182.69921875,-0.001327431887695,-0.001327431887695,-5.157125617871738e-05,-0.0001632144191421,0.0030590607676375,83.31324752807618,82.64590278625488,0.0080747468334545,1,0.0241178216212097,0.0692672410648387,0.3481800786399966,12.31999969482422,-0.0276243393340294,-0.1130562843864415,0.0894460305664495,1,0.061053544
2023-12-15,83.29660034179688,13.130000114440918,21456.650390625,0.0001356677965598,0.0001356677965598,-0.0006993734744967,0.0037960517678192,0.00425956055552,83.31199157714843,82.64889827728271,0.0080230143860002,1,0.0220862161013915,0.0692267327512877,0.3190371145150744,13.130000114440918,0.0529270114899016,0.3986107452452607,0.0905291234813372,2,0.053526796
2023-12-18,83.04170227050781,13.899999618530272,21418.650390625,-0.0030601257463463,-0.0030601257463463,-0.0046553608252136,-0.0017370757073356,0.0023985121930509,83.30822967529296,82.64980079650879,0.0079664908135144,1,0.0232049976327946,0.0694702313311598,0.3340231227827188,13.899999618530272,0.0893416433542129,0.8808856796582983,0.0836546676598368,0,0.088607185
2023-12-19,83.11119842529297,13.869999885559082,21453.099609375,0.0008368825889282,0.0008368825889282,-0.0027872576700163,-0.0001095023435153,0.0021028100143025,83.30145767211914,82.65118030548096,0.0078677323691536,1,0.0232478142147668,0.069454822861194,0.3347136821231973,13.869999885559082,0.0912667068395405,0.8604400187938512,0.0872347560776436,3,0.08823421
2023-12-20,83.09159851074219,14.449999809265137,21150.150390625,-0.0002358276011191,-0.0002358276011191,-0.003650117497391,-0.0023999780895859,0.0007624037634095,83.29879165649415,82.6535488128662,0.0078065957589894,1,0.0220291486099563,0.0694270938384172,0.3172944465568315,14.449999809265137,0.1971831130585275,1.2188563496518383,0.0739387829097695,2,0.08043097
2023-12-21,83.26719665527344,13.760000228881836,21255.05078125,0.0021133080561515,0.0021133080561515,-0.000217379933313,-0.0006600918744603,0.0021832429127708,83.30164352416992,82.6552947998047,0.0078198102847582,1,0.023286618152964,0.0695369951511481,0.3348761795957459,13.760000228881836,0.1168831631272342,0.7835544617955725,0.0743881416524527,3,0.09612037
2023-12-22,83.13159942626953,13.710000038146973,21349.400390625,-0.0016284591585961,-0.0016284591585961,-0.0019808841519375,-0.0025688630691538,-0.0007620682587565,83.29886947631836,82.6576927947998,0.0077570115961294,1,0.0239130611955358,0.0696038346865348,0.3435546008151336,13.710000038146973,0.0441736419383689,0.7494741414555339,0.0776076343988816,1,0.06716631
2023-12-26,83.17230224609375,14.68000030517578,21441.349609375,8.779330831520937e-05,8.779330831520937e-05,0.0015727034973405,-0.0045003841256787,0.0010266860317718,83.2973095703125,82.66037731170654,0.0077054119436708,1,0.022091022243253,0.0695476757222292,0.3176339738154399,14.68000030517578,0.0561151588526434,1.3500896404323308,0.082787072486365,2,0.047222212
2023-12-27,83.18280029296875,15.5600004196167,21654.75,0.0001262204675294,0.0001262204675294,0.0008615188931506,-0.001934170109753,0.003516701016353,83.29660552978515,82.6641918182373,0.0076503949005926,1,0.0205647706176083,0.0693685221693915,0.2964525338287878,15.5600004196167,0.1218457496756855,1.8851498250909369,0.0939671151703136,2,0.046661936
2023-12-28,83.26719665527344,15.140000343322754,21778.69921875,0.0010145890978356,0.0010145890978356,0.0021133080561515,-0.0011672270039624,0.0035239198530518,83.29670150756836,82.6687493133545,0.0075960045292764,1,0.020789818857948,0.0693688901314882,0.2996951388929925,15.140000343322754,0.0477509026412026,1.6135810492431564,0.0949737841293869,3,0.06956603
2023-12-29,82.302001953125,14.5,21731.400390625,-0.0115915359339446,-0.0115915359339446,-0.0115915359339446,-0.0133795485311251,-0.0087475655134738,83.27709548950196,82.67169681549072,0.0073229254670119,0,0.0448039133017228,0.0732163608619867,0.6119301866968043,14.5,0.0537790522390346,1.2144608055101394,0.0813471339941196,0,0.0030193056
2024-01-02,83.20259857177734,14.579999923706056,21665.80078125,-0.000552533276635,-0.000552533276635,0.0008540572537736,-0.0015324654611601,-0.0011536777324535,83.27715744018555,82.67733680725098,0.0072549583247094,1,0.0447817038656891,0.0729117148077088,0.614182368381029,14.579999923706056,0.0634573218919314,1.270975887208463,0.0761257111226207,1,0.11942263
2024-01-03,83.25700378417969,14.100000381469728,21517.349609375,0.0006538883801257,0.0006538883801257,0.0010183863593833,-0.001148079143595,0.0004121682783337,83.27701156616212,82.68379932403565,0.0071744676342422,1,0.044899095387144,0.0729094547068285,0.6158114850288952,14.100000381469728,-0.0395095307662601,0.980101844258545,0.0616467021580557,3,0.092345685
2024-01-04,83.31809997558594,13.329999923706056,21658.599609375,0.0007338264485787,0.0007338264485787,0.0016265343573511,0.0011956770069532,0.0015037224398177,83.27800155639649,82.69029781341553,0.0071072877776674,1,0.0449786270988728,0.0729259138933545,0.6167630672627646,13.329999923706056,-0.1433162233787122,0.513931112742695,0.0469767577114106,3,0.092096925
2024-01-05,83.2406005859375,12.630000114440918,21710.80078125,-0.000930162709797,-0.000930162709797,-0.0003194063257112,-0.002115854125879,-0.0014251218849427,83.28036758422851,82.69671081542968,0.007057799071374,1,0.0437456641041188,0.0724926609898679,0.6034412320579722,12.630000114440918,-0.1657860087162302,0.082094273423182,0.0410307880519704,1,0.0639583
2024-01-08,83.19110107421875,13.460000038146973,21513.0,-0.0005946558694953,-0.0005946558694953,0.0108028857135229,-0.0014979329477669,-0.0004649331163645,83.28099365234375,82.70057933807374,0.0070182617693319,1,0.04369969280926,0.0724424806803488,0.6032246435270208,13.460000038146973,-0.0717241353002088,0.6142773230842122,0.0274767907991919,1,0.124740995
2024-01-09,83.05069732666016,13.260000228881836,21544.849609375,-0.0016877255589312,-0.0016877255589312,-0.0018256790980649,-0.0028682961718006,-0.0047825311036857,83.28225158691406,82.7043083190918,0.006988067243032,1,0.0438331275417115,0.0722850080962146,0.6063846752108443,13.260000228881836,-0.0905349589664944,0.4931407980854829,0.0307973105173542,1,0.08012888
2024-01-10,83.131103515625,12.970000267028809,21618.69921875,0.0009681579029805,0.0009681579029805,-0.0015121883184873,-0.0026848216368817,-0.001127015798939,83.28145370483398,82.70638534545898,0.0069531313328827,1,0.0439160636212596,0.0721430350875352,0.6087275762711979,12.970000267028809,-0.0801418499198035,0.3145616795833169,0.0309641103717628,3,0.06254123
2024-01-11,83.02559661865234,12.770000457763672,21647.19921875,-0.0012691627142038,-0.0012691627142038,-0.0035106820369079,-0.0048484044863675,-0.0011910631622346,83.27631561279297,82.70839931488037,0.0068664888042444,1,0.0435682892119164,0.0721469709454345,0.603874074918435,12.770000457763672,-0.0420104628017651,0.1921968154391875,0.0309614004538387,1,0.0585033
2024-01-12,83.07610321044922,13.100000381469728,21894.55078125,0.0006083255508402,0.0006083255508402,-0.0019761675712377,-0.0032083488839572,-0.0023321472860865,83.26956970214843,82.71111484527587,0.0067518719571999,1,0.0438232988149143,0.0720607546620503,0.6081353281006477,13.100000381469728,0.0372130057616879,0.4086274484236784,0.0472654484828538,3,0.09972789
2024-01-15,82.87210083007812,13.789999961853027,22097.44921875,-0.0024556084419885,-0.0024556084419885,-0.0038345476862486,-0.0062821102891889,-0.0045428872623292,83.26108169555664,82.71282985687256,0.0066283772376398,1,0.0439354128267388,0.0722062296337214,0.6084627958946184,13.789999961853027,0.0245170819294802,0.8608686592552632,0.0559629190582933,0,0.10296513
2024-01-16,82.8593978881836,13.56999969482422,22032.30078125,-0.000153283695807,-0.000153283695807,-0.0023034055659295,-0.0051137873566224,-0.004309217010236,83.25272567749023,82.71374183654785,0.0065162550862161,1,0.0439661882784278,0.0722052740119349,0.6088970644179846,13.56999969482422,0.0233785415227345,0.7251838432724705,0.0401082767463349,2,0.05904891
2024-01-17,83.08899688720703,15.079999923706056,21571.94921875,0.0027709469882133,0.0027709469882133,-0.0005065087149968,-0.0024923400683577,-0.002082583297605,83.21062561035156,82.71655780792236,0.0059730217930065,1,0.0455933458223804,0.0724355015759952,0.6294250112914018,15.079999923706056,0.1626830850606151,1.706384872251156,0.0053735707123874,4,0.1055328
2024-01-18,83.17759704589844,14.06999969482422,21462.25,0.0010663284190526,0.0010663284190526,0.001830765853382,0.0016364642303206,-0.001257239617009,83.20923156738282,82.72111930847169,0.0059006969803072,1,0.045115526947248,0.0724729529852151,0.622506777799904,14.06999969482422,0.101801032925586,1.0533506577834528,0.0020355908789697,3,0.04415053
2024-01-19,83.16059875488281,13.880000114440918,21622.400390625,-0.0002043614100349,-0.0002043614100349,0.001017086035193,0.0005943883679435,-0.0004675783175341,83.20927352905274,82.72522830963135,0.0058512406591331,1,0.0448755897888793,0.0724526695938012,0.6193694541693539,13.880000114440918,0.0595419626150941,0.9396636265142736,0.007891669937337,2,0.078818254
2024-01-23,83.09510040283203,14.850000381469728,21238.80078125,-0.0003561161713363,-0.0003561161713363,0.0026908883752223,4.214495993104528e-05,-0.0020320484004479,83.20671951293946,82.7296293258667,0.0057668599625115,1,0.0448675400918896,0.0724300280136575,0.6194519299578274,14.850000381469728,0.0768673257831005,1.581125540352464,0.0041914780267611,2,0.097014844
2024-01-24,83.22139739990234,14.380000114440918,21453.94921875,0.001519909073556,0.001519909073556,0.004368840722295,-0.0005500275884235,-0.0005668771145652,83.20649353027343,82.73491481781006,0.0056998754818546,1,0.0444711989762202,0.0725063952153886,0.6133332861305424,14.380000114440918,0.0596905260009432,1.279390583866944,0.009357702296127,3,0.064208925
2024-01-25,83.09760284423828,13.869999885559082,21352.599609375,-0.0014875327683959,-0.0014875327683959,0.0001035751706441,-0.0004089489708591,-0.0002971086018677,83.2040916442871,82.73990032196045,0.0056102475410337,1,0.0444314146587315,0.0724838184037713,0.6129754566153374,13.869999885559082,-0.0802387297260414,0.9462575191349968,0.0001498505199895,1,0.062073696
2024-01-29,83.12129974365234,15.68000030517578,21737.599609375,-0.0002983081678445,-0.0002983081678445,-0.0006768325155513,-0.0006132149894143,-0.0004629391350634,83.20012969970703,82.74458282470704,0.0055054585986016,1,0.0443807309666857,0.0724750768786877,0.6123500729898953,15.68000030517578,0.11442790655808,2.133231294879148,0.0138167608568104,2,0.10089984
2024-01-30,83.1530990600586,16.100000381469727,21522.099609375,0.0003825651969389,0.0003825651969389,-9.018327112242376e-05,-0.0003570597864648,0.0019918404961047,83.19721374511718,82.74977432250977,0.005407137678268,1,0.0444407595507029,0.0724786089043385,0.6131484457836632,16.100000381469727,0.1599423810320501,2.387840839642907,-0.0061256948533231,2,0.095612675
2024-01-31,83.10970306396484,16.049999237060547,21725.69921875,-0.0005218806825516,-0.0005218806825516,0.0001757343220241,-0.0018914242058684,-0.0007369703071783,83.19977584838867,82.75557285308838,0.0053676505398476,1,0.0440698821561913,0.0723272271263589,0.6093040560665246,16.049999237060547,0.0808080016676775,2.332471363980009,-0.0024335705024278,1,0.11302421
2024-02-01,83.05359649658203,14.460000038146973,21697.44921875,-0.0006750904565214,-0.0006750904565214,-0.0020163192227352,0.0091321538434157,-0.0027485332544766,83.19712371826172,82.76141681671143,0.0052646138540044,1,0.0189455868019166,0.0722687958729341,0.2621508276462698,14.460000038146973,0.0055632769867446,1.2982383304046408,-0.0015623094354124,1,0.10671811
2024-02-02,82.92759704589844,14.699999809265137,21853.80078125,-0.0015170860263562,-0.0015170860263562,-0.002045856830052,-0.0033052035705551,-0.0058240247262434,83.19326965332031,82.76613529205322,0.0051607382628158,1,0.0195104204882564,0.0722252366095599,0.2701292688656307,14.699999809265137,0.0598413792757286,1.447371339240576,0.0086772698548349,1,0.06648335
2024-02-05,82.99929809570312,15.619999885559082,21771.69921875,0.0008646223013673,0.0008646223013673,-0.0014677543340332,-0.0030953034190924,-0.0035680137800163,83.18742568969726,82.77078128814698,0.0050337135286888,1,0.019635008796911,0.072220323713993,0.2718727349095479,15.619999885559082,-0.0038265572990385,2.021892205895109,0.0118206755939951,3,0.082812026
2024-02-06,83.10369873046875,15.789999961853027,21929.400390625,0.0012578496103092,0.0012578496103092,-0.0005940888571592,-0.00257328533872,-0.0020834041436664,83.18305572509766,82.77649677276611,0.004911526437844,1,0.020013852812618,0.072280082568851,0.2768892233117005,15.789999961853027,-0.0192546839920261,2.108951177216674,0.0125031528415522,3,0.05568732
2024-02-07,83.07060241699219,15.510000228881836,21930.5,-0.0003982531942881,-0.0003982531942881,-0.0004704703004722,-0.0020422506294847,-0.0249242648668146,83.1775537109375,82.78262577056884,0.0047706621612026,1,0.0198295900925894,0.0547769897695547,0.3619992295447576,15.510000228881836,-0.0336447996166764,1.9218156866320435,0.0101193512373682,2,0.113719776
2024-02-08,83.01260375976562,15.829999923706056,21717.94921875,-0.000698185104466,-0.000698185104466,-0.0004935696772395,-0.0021456299069041,-0.0028192558418312,83.16683975219726,82.78767028808593,0.0045800233632844,1,0.0198650901127316,0.0308132059750354,0.6446731137198729,15.829999923706056,0.0947441135508218,2.1495444114126063,0.0095267614349463,1,0.10317284
2024-02-09,82.98529815673828,15.449999809265137,21782.5,-0.0003289332196634,-0.0003289332196634,0.0006958010709983,-0.0007874608164293,-0.0020827998731347,83.15966567993163,82.79205726623535,0.0044401410695009,1,0.0190449792477052,0.0307649618640042,0.6190275906825341,15.449999809265137,0.0510204088252632,1.94169767478636,0.011030496612127,2,0.09358187
2024-02-12,83.0145034790039,16.059999465942383,21616.05078125,0.0003519336908384,0.0003519336908384,0.0001831989384204,-0.0014026042202023,-0.0025028925542934,83.15266571044921,82.7954292678833,0.0043146879691882,1,0.0187496549914001,0.0307224913512141,0.6102709739939511,16.059999465942383,0.0281689874268236,2.3534712816312706,-0.0001225067925318,2,0.08451449
2024-02-13,82.99019622802734,15.8100004196167,21743.25,-0.0002928072801484,-0.0002928072801484,-0.0013657936310336,-0.0004263792380511,-0.002913522152668,83.14410766601563,82.79967575073242,0.0041598220302228,1,0.0182638433994804,0.0307159766518689,0.5945846691383,15.8100004196167,0.0012666534396448,2.206571086149006,0.0044370997041873,2,0.087357596
2024-02-14,83.07460021972656,15.4399995803833,21840.05078125,0.0010170356925931,0.0010170356925931,4.812536105491816e-05,-1.809173353795046e-05,-0.0017195491913369,83.13899368286133,82.80477474212647,0.0040362278839076,1,0.0184963520320797,0.0308138430533378,0.6002416432906756,15.4399995803833,-0.0045132590242122,1.966960412551672,-0.0024892038454916,3,0.0671499
2024-02-15,83.04309844970703,15.229999542236328,21910.75,-0.0003791985749701,-0.0003791985749701,0.0003673501198644,0.0020633918763508,-0.0033161368539416,83.13280166625977,82.81072872161866,0.0038892659153357,1,0.0163018742714653,0.0306815542622847,0.5313076001466982,15.229999542236328,-0.0379027406419126,1.8202459672477844,-0.0084489036223955,2,0.09572825
2024-02-16,83.00959777832031,15.220000267028809,22040.69921875,-0.0004034130711898,-0.0004034130711898,0.0002928183921944,0.0018127079602896,-0.0034730233218017,83.12862167358398,82.81581871032715,0.0037770919629611,1,0.0163720619536764,0.030683790119907,0.5335562632072531,15.220000267028809,-0.0148867019466498,1.8081920771108904,0.0003811874930079,2,0.11520253
2024-02-20,83.02100372314453,16.06999969482422,22196.94921875,6.028817194780878e-05,6.028817194780878e-05,7.830251182872061e-05,-0.0008183173056571,0.0004748742341791,83.1206997680664,82.82208923339844,0.0036054455693148,1,0.0131289448496589,0.0303047934782915,0.4332156773609424,16.06999969482422,0.0006226792786041,2.3397683508846394,0.0289728106469284,2,0.05161181
2024-02-21,82.8291015625,15.93000030517578,22055.05078125,-0.0023114892863073,-0.0023114892863073,-0.001941128866411,-0.0041897758023249,-0.0042927964919508,83.11096374511719,82.82740924835205,0.0034234379577768,1,0.0146389886299278,0.0301174059164508,0.4860479226734899,15.93000030517578,0.0075901253873584,2.222941605766957,0.027620626041072,1,0.12009756
2024-02-22,82.93840026855469,15.199999809265137,22217.44921875,0.0013195688953866,0.0013195688953866,-0.0016394896973519,-0.0026719202321169,-0.0021883946974797,83.10393981933593,82.83322776794434,0.0032681577029689,1,0.0155692114685536,0.0302593697373812,0.5145083025644809,15.199999809265137,-0.0155440270492679,1.7372668573609782,0.0275200170829783,3,0.04577379
2024-02-23,82.87229919433594,14.970000267028809,22212.69921875,-0.0007969899829839,-0.0007969899829839,-0.0020567543668247,-0.0026812797314882,-0.0050328917267393,83.09428787231445,82.83869575500488,0.0030854193801588,1,0.0157212562401133,0.029922577234964,0.5253802416959681,14.970000267028809,-0.0170715221945004,1.5765875297387837,0.0458546811343405,1,0.09051934
2024-02-26,82.88179779052734,15.600000381469728,22122.05078125,0.0001146172639561,0.0001146172639561,-0.0015395808582793,-0.0040806766046372,-0.0052854963741645,83.08332183837891,82.84420475006104,0.0028863465952662,1,0.0145398183243714,0.0299050526959236,0.4861831306260404,15.600000381469728,0.024967155569906,1.960057404648164,0.0311411924997055,2,0.04935394
2024-02-27,82.85199737548828,15.729999542236328,22198.349609375,-0.0003595531930229,-0.0003595531930229,-0.0020357059066624,-0.0029556264000825,-0.0059235897112928,83.07349182128907,82.84988422393799,0.0026989488210591,1,0.0138133270383588,0.0298845850120741,0.4622070149464389,15.729999542236328,-0.0211574461135426,2.02133890934578,0.0396087603135999,2,0.109656654
2024-02-28,82.94819641113281,16.329999923706055,21951.150390625,0.0011610949487259,0.0011610949487259,0.0014378382281854,-0.0020825388083847,-0.0071827346990547,83.06453567504883,82.85597621917725,0.0025171323227171,1,0.0145506804646584,0.0295224212109159,0.4928521108955522,16.329999923706055,0.0251098311906694,2.3629209296875726,0.0098240277255774,3,0.06193357
2024-02-29,82.91190338134766,15.56999969482422,21982.80078125,-0.0004375385042161,-0.0004375385042161,-0.0003194767094764,-0.0029006216417349,-0.0051845169357743,83.05706771850586,82.86160022735595,0.002358963507989,1,0.0144833592990453,0.0292003587393102,0.4959823763114204,15.56999969482422,0.0243420980396034,1.8712528401609456,0.02140595853735,2,0.11290719
2024-03-01,82.910400390625,15.239999771118164,22338.75,-1.812756264618632e-05,-1.812756264618632e-05,0.0004597579246561,-0.0023980674457042,-0.0054471813764969,83.04934371948242,82.86562721252442,0.0022170411681894,1,0.0144216949062275,0.0291518957814943,0.4946916770917181,15.239999771118164,0.0180360386956055,1.6537257888591597,0.028217769889814,2,0.05232693
2024-03-04,82.84609985351562,14.920000076293944,22405.599609375,-0.0007755424748454,-0.0007755424748454,-0.000430709009256,-0.0024983462705909,-0.0068570083329849,83.04543167114258,82.8702582168579,0.0021138277839833,0,0.0144747224807843,0.0291080631138403,0.4972582739669891,14.920000076293944,-0.0435897620863852,1.448297854768987,0.0326374950108443,1,0.084878005
2024-03-05,82.9104995727539,14.380000114440918,22356.30078125,0.000777341593052,0.000777341593052,0.0007061048510452,-0.0002061735025924,-0.0050377810691166,83.04141769409179,82.87430919647217,0.0020164089358918,1,0.0138581891457113,0.0291455808969818,0.4754653451357772,14.380000114440918,-0.0858232337623756,1.1163043995256157,0.0229937119419123,3,0.100452945
2024-03-06,82.88480377197266,14.300000190734863,22474.05078125,-0.0003099221559834,-0.0003099221559834,-0.0007642437316653,-0.0013794613491604,-0.0056134415784417,83.0372817993164,82.87773170471192,0.0019251262229635,1,0.0135138434481073,0.0291250716398424,0.4639775530051698,14.300000190734863,-0.1243110681234154,1.075523259047477,0.0322598413400423,2,0.082923695
2024-03-07,82.81909942626953,13.609999656677246,22493.55078125,-0.0007927188424537,-0.0007927188424537,-0.0011193079798359,-0.003424628609158,-0.0048005854251721,83.02831985473632,82.88049369812012,0.0017836061299856,0,0.0128263349114814,0.0290191761819181,0.4419799118750099,13.609999656677246,-0.1258831134594381,0.6583776348541671,0.0257257554048846,1,0.09122429
2024-03-11,82.7520980834961,14.0,22332.650390625,-2.3970846287912906e-06,-2.3970846287912906e-06,-0.0019093178465316,-0.0038341401678693,-0.0079719976300677,83.02072982788086,82.88277420043946,0.0016644668180119,0,0.012809584683086,0.0285210744548387,0.4491112560332327,14.0,-0.0813648155998092,0.899480679785087,0.0183374930177151,2,0.055426575
2024-03-12,82.7782974243164,13.640000343322754,22335.69921875,0.0003166003210441,0.0003166003210441,-0.000818414256303,-0.0028225392872543,-0.0064526131045599,83.01284973144531,82.88441417694092,0.0015495742568707,0,0.0127424307966733,0.0284869840273,0.4472914188825119,13.640000343322754,-0.0857908663824307,0.6785124103120371,0.0284442142201286,2,0.07875413
2024-03-13,82.83509826660156,14.43000030517578,21997.69921875,0.0006861803643289,0.0006861803643289,-0.0009094301269548,-0.0018099578295547,-0.0054568434690546,83.00589569091797,82.88496417999268,0.0014590283306712,0,0.012994872167625,0.0285522551279695,0.4551100079267593,14.43000030517578,0.0034770646965884,1.1633596632504792,0.0098794545506715,3,0.11881546
2024-03-14,82.83110046386719,13.619999885559082,22146.650390625,-4.826218376063896e-05,-4.826218376063896e-05,-0.0006479270706029,-0.0022092888284648,-0.0062839269587193,82.99717376708985,82.88459568023681,0.0013582510227516,0,0.0129121293466957,0.0284765165109553,0.4534148664869857,13.619999885559082,-0.0475524682591516,0.6624918508572378,0.0245465563874067,2,0.047566935
2024-03-15,82.9655990600586,13.6899995803833,22023.349609375,0.0016237692779426,0.0016237692779426,0.0017689112149725,-0.0002963864298038,-0.0055675401336033,83.01044570922852,82.88529869079589,0.0015098819743593,1,0.0141440171881151,0.0286341106779672,0.4939396724245258,13.6899995803833,0.0058780254022126,0.7032154359907935,0.0128821408655559,3,0.04156668
2024-03-18,82.88890075683594,13.899999618530272,22055.69921875,-0.0009244591022253,-0.0009244591022253,0.0016531625965763,-0.0022353338132168,-0.0054545043440593,83.0041717529297,82.885290184021,0.0014342903142976,1,0.014019812223575,0.0286225606985399,0.4897997272676908,13.899999618530272,-0.0071428843906948,0.8271036457806461,0.0098739897475483,1,0.06364624
2024-03-19,82.86360168457031,14.109999656677246,21817.44921875,-0.000305216645831,-0.000305216645831,0.001030514795643,-0.0021614892566349,-0.0063840233920761,82.9963037109375,82.88603969573974,0.0013303086454909,0,0.0140016798552025,0.0285649055690442,0.4901535441038366,14.109999656677246,0.034457426797982,0.9499294702832516,-0.0042582194242551,2,0.09955527
2024-03-20,83.04239654541016,13.470000267028809,21839.099609375,0.0021577008144111,0.0021577008144111,0.0025025415934367,0.0003951201784815,-0.0029165370066663,82.99078964233398,82.8875411605835,0.0012456453684692,1,0.0159092891488712,0.0288933933586652,0.5506012516473261,13.470000267028809,-0.0665280677646719,0.554742047028922,-0.009146697542313,3,0.10052421
2024-03-21,83.05460357666016,12.510000228881836,22011.94921875,0.0001469975790417,0.0001469975790417,0.0026982994496187,0.0004047150962867,-0.0029052418003101,82.98706970214843,82.88994018554688,0.0011717889575517,1,0.0159125530738418,0.0288939745495205,0.55070313512721,12.510000228881836,-0.0814977728343557,-0.0329212133521631,-0.0083344786788865,2,0.06317323
2024-03-22,83.22660064697266,12.220000267028809,22096.75,0.0020708914726652,0.0020708914726652,0.0031459013117607,0.0047990268755084,0.0022265725702796,82.98777969360351,82.89317470550537,0.001141288030459,1,0.014898870943297,0.0286678222525722,0.5196889782230347,12.220000267028809,-0.1073776010527338,-0.2078095744746937,0.0018906879500568,3,0.08609323
2024-03-26,83.41739654541016,12.81999969482422,22004.69921875,-0.0021078272996263,-0.0021078272996263,0.0063759536409417,0.0057753257273407,0.0036841981095052,82.99511367797851,82.89684219360352,0.0011854671634594,1,0.0164929656583683,0.0288635073599586,0.5713925913472426,12.81999969482422,-0.0776978383701744,0.1699678822223411,-0.0095758067411471,1,0.09910531
2024-03-27,83.34549713134766,12.699999809265137,22123.650390625,-0.0008619234960582,-0.0008619234960582,0.0058155262018628,0.0057099651103207,0.0030556473236298,82.99940155029297,82.90023567199707,0.0011962074352631,1,0.0165391127618708,0.0288948218680029,0.57237038757444,12.699999809265137,-0.0999291198951134,0.105404982209009,-0.004008915226738,1,0.068728104
2024-03-28,83.36499786376953,12.829999923706056,22326.900390625,0.0002339746368198,0.0002339746368198,0.0038847785201256,0.0058299902526657,0.0011745466693322,83.00618957519531,82.90567714691161,0.0012123708742597,1,0.0165455581508779,0.0285257923026078,0.5800006525572577,12.829999923706056,-0.047513016379763,0.1975596456700515,0.0092599737429688,2,0.06852796
2024-04-01,83.36479949951172,12.079999923706056,22462.0,-0.0003381368094578,-0.0003381368094578,0.0037348432175134,0.0061893755161919,0.0028051917063018,83.01196350097656,82.9104521560669,0.0012243491896364,1,0.0165381260311253,0.0283847536640884,0.5826206422712732,12.079999923706056,-0.0343725257640713,-0.2695461876604389,0.0118770266828149,2,0.10228282
2024-04-02,83.40969848632812,11.649999618530272,22453.30078125,0.0005385844755336,0.0005385844755336,0.0021999918046891,0.0055637385158788,0.0028542703979981,83.02271545410156,82.91494464874268,0.0012997754001458,1,0.0161749210569062,0.0284181347075159,0.5691560008204087,11.649999618530272,-0.0466448965665307,-0.5386686741505013,0.0228758120503542,2,0.11935063
2024-04-03,83.35030364990234,11.369999885559082,22434.650390625,-0.0007120854948962,-0.0007120854948962,-0.0008043033981681,0.0052875431714345,0.0020136777836721,83.03253356933594,82.91911018371582,0.0013678799177756,1,0.0163124717397224,0.0284283974810596,0.573788865929718,11.369999885559082,-0.1131045119954676,-0.7132320807072379,0.0205546879067566,1,0.10069922
2024-04-04,83.37329864501953,11.220000267028809,22514.650390625,0.0002758837593894,0.0002758837593894,0.0003335694744019,0.0055831144490152,0.0012742351611205,83.03821960449218,82.9228861618042,0.0013908517663379,1,0.01632548701913,0.0283368849186408,0.5761011122037233,11.220000267028809,-0.1165353987766686,-0.8040913313299103,0.0078742270997704,2,0.06148085
2024-04-05,83.47779846191406,11.34000015258789,22513.69921875,0.0012533966940597,0.0012533966940597,0.0013530930370664,0.0076249649593085,0.014286365834196,83.0442236328125,82.92783367156983,0.0014035090040291,1,0.0165000551384099,0.0166181605608601,0.9928332467807854,11.34000015258789,-0.1161340436460242,-0.7196592484890144,0.0048246693353284,3,0.045320973
2024-04-08,83.29679870605469,11.609999656677246,22666.30078125,-0.0021682382524972,-0.0021682382524972,-0.0008157015174903,0.0046592305593551,0.0011321777912509,83.04694763183593,82.93209365844727,0.0013849158790284,1,0.0182118105955513,0.0171340542621395,1.0628393885971483,11.609999656677246,-0.0389073071189737,-0.537403655645423,0.0138663369684126,1,0.11379983
2024-04-09,83.26959991455078,11.359999656677246,22642.75,-0.0003265286532786,-0.0003265286532786,-0.0016796436663814,0.004642541516256,0.0001512921411841,83.05043762207032,82.93675567626953,0.0013707064482306,1,0.0182158627242377,0.0170830634983723,1.0662488304362272,11.359999656677246,-0.0248927014033336,-0.6952106949161752,0.0075064001764535,2,0.09649089
2024-04-10,83.22429656982422,11.109999656677246,22753.80078125,-0.0005440562314824,-0.0005440562314824,-0.0015117770969065,0.0048925567455055,-0.0011258466742425,83.05049560546875,82.94142517089844,0.0013150296651591,1,0.0180936047625942,0.017031893102909,1.0622743096710932,11.109999656677246,-0.0228672147316429,-0.8542837687600086,0.0115699829933892,1,0.12221875
2024-04-12,83.34929656982422,11.529999732971191,22519.400390625,-0.0007600793519184,-0.0007600793519184,-0.0002878868364979,0.0072167171607606,0.0013058048971488,83.05552947998046,82.94794666290284,0.0012969919257295,1,0.0183082098872197,0.0170008887846697,1.0768338811701883,11.529999732971191,0.0276291852553114,-0.5694946146744052,0.0083621960104831,1,0.093886316
2024-04-15,83.61109924316406,12.470000267028809,22272.5,0.0031410303879473,0.0031410303879473,0.0015968411207061,0.0100606299568928,0.0050485949040464,83.0653254699707,82.95643867492676,0.0013125779840987,1,0.0212779578630464,0.0181450044664182,1.172597411315769,12.470000267028809,0.0996472750648986,0.0610543317965705,-0.0028295160196707,4,0.10175337
2024-04-16,83.50599670410156,12.619999885559082,22147.900390625,-0.0012570405127294,-0.0012570405127294,0.0025114770470964,0.0080992049449948,0.0054821860875002,83.07238342285156,82.96439464569092,0.0013016279769391,1,0.0217147961477334,0.0180041365292931,1.2060334067672835,12.619999885559082,0.0869939930016239,0.1621938690043711,0.0068280400773448,1,0.046249907
2024-04-18,83.5958023071289,13.039999961853027,21995.849609375,-0.0008569760890175,-0.0008569760890175,0.0039174247614119,0.009232061858158,0.0055899509551988,83.08210540771485,82.9724666595459,0.0013213871128938,1,0.0219412938155401,0.0179692660595139,1.2209776829611143,13.039999961853027,0.1478873552771897,0.4416209800794214,-0.006809191394191,1,0.075029045
2024-04-19,83.54499816894531,13.460000038146973,22147.0,-0.0006077355175914,-0.0006077355175914,0.0038534612167255,0.006983606644813,0.006255920721397,83.09193344116211,82.98023265838623,0.001346113154873,1,0.0212276636335646,0.0178340702216087,1.1902203562868778,13.460000038146973,0.2115211929873774,0.718770466354228,0.0056145133605092,1,0.117418565
2024-04-22,83.38529968261719,12.699999809265137,22336.400390625,-0.0019115266003738,-0.0019115266003738,0.0004319546087927,0.0059887261291773,0.0037218461172245,83.10108749389649,82.98745166778565,0.0013693133579488,1,0.0219769992862585,0.0181746235911049,1.209146920109745,12.699999809265137,0.1014744235377744,0.2090638671372631,0.01272692237462,1,0.09466074
2024-04-23,83.38619995117188,10.199999809265137,22368.0,1.0796490006237391e-05,1.0796490006237391e-05,-0.0026898258009755,0.0063067288408593,0.0062035246596181,83.10882553100586,82.99478618621826,0.0013740543235056,1,0.0219743202045716,0.0175179425509215,1.2543177272657782,10.199999809265137,-0.1820369213435901,-1.448681853153973,0.0252344247821993,2,0.03903104
2024-04-24,83.2833023071289,10.279999732971191,22402.400390625,-0.0012339888866889,-0.0012339888866889,-0.0026668072445354,0.0029009972223887,0.0051159485797538,83.11241760253907,83.00127868652343,0.0013390024560389,1,0.0206353640228546,0.0176804906229137,1.167060202272364,10.279999732971191,-0.1854199820766658,-1.3858432407815586,0.0257932236825453,1,0.053350486
2024-04-25,83.3405990600586,10.729999542236328,22570.349609375,0.0006879740757443,0.0006879740757443,-0.0030528237067778,0.0034434633491984,0.0030281045899869,83.11781753540039,83.00794918060302,0.0013235883536686,1,0.0208623722578645,0.0167980056092378,1.2418813793592782,10.729999542236328,-0.1771472719612217,-1.0811585245043809,0.0253680573708279,3,0.11257311
2024-04-26,83.30180358886719,10.93000030517578,22419.94921875,-0.0004655050675055,-0.0004655050675055,-0.0029109412341637,0.0009035926171432,0.0014932691900224,83.12360153198242,83.01446620941162,0.0013146542711663,1,0.019063388926408,0.016650365429868,1.1448543968780778,10.93000030517578,-0.1879643184101725,-0.9448835108033165,0.0146265500016971,2,0.123564504
2024-04-29,83.40229797363281,12.239999771118164,22643.400390625,0.0012063890628539,0.0012063890628539,0.0002038523706255,-0.0001810002757532,0.0029064150856152,83.13194152832031,83.02110069274903,0.0013350923397352,1,0.0187359383195168,0.0168550935431214,1.1115231575801574,12.239999771118164,-0.0362204759886204,-0.0803874512153533,0.0290256715406846,3,0.060001593
2024-04-30,83.45110321044922,12.869999885559082,22604.849609375,0.0005851785622481,0.0005851785622481,0.0007783453295071,0.001267087997989,0.0042842815748622,83.14067352294921,83.02787471771241,0.0013585654892445,1,0.0187852933030592,0.0168988436587437,1.1115660998047143,12.869999885559082,0.2617647182570199,0.3332029425571006,0.0217504439933615,3,0.11017318
2024-05-02,83.40640258789062,13.449999809265137,22648.19921875,-0.0011017605325583,-0.0011017605325583,0.0014780907739195,0.0004966679683571,0.0022230483237295,83.14899765014648,83.03515621185302,0.0013710028798286,1,0.0190056446900981,0.0167080476619492,1.1374463149913028,13.449999809265137,0.3083657741864289,0.7117642978669628,0.0143906598096308,1,0.063258804
2024-05-03,83.40630340576172,14.619999885559082,22475.849609375,-1.1891428695065542e-06,-1.1891428695065542e-06,0.0007883834102966,0.0004978588864745,0.0037149153640698,83.1556317138672,83.04215221405029,0.0013665288867321,1,0.0190147164350064,0.0164737093651015,1.1541761383229818,14.619999885559082,0.3625349962048561,1.4697637816807845,0.0006165795287595,2,0.039713554
2024-05-06,83.37999725341797,16.600000381469727,22442.69921875,-0.0003153976530499,-0.0003153976530499,0.0009386791303667,-0.000356088481905,0.0031122890349819,83.1623696899414,83.04708171844483,0.0013882242351084,1,0.0188246545102393,0.0164746272852364,1.1425758900911651,16.600000381469727,0.5187557107028609,2.7167494770312097,-0.0004721605345817,2,0.10834898
2024-05-07,83.4728012084961,17.010000228881836,22302.5,0.0011130242040673,0.0011130242040673,0.0008453392361631,0.0014696714136552,0.0038447412309503,83.17163375854493,83.05060371398926,0.0014573048134902,1,0.0193070455699209,0.0166237607520584,1.1613427620322565,17.010000228881836,0.3897059270392384,2.918575686314377,-0.0058904591033975,3,0.055965573
2024-05-08,83.46990203857422,17.079999923706055,22302.5,-3.4731911232155355e-05,-3.4731911232155355e-05,0.0002252675806764,0.0011586850361529,0.0043340183074911,83.18061172485352,83.05487670898438,0.0015138787853445,1,0.0192493918614201,0.0165993871077929,1.1595748783703752,17.079999923706055,0.3271173329900996,2.9009175512711742,-0.0094227708156346,2,0.061029863
2024-05-09,83.46430206298828,18.200000762939453,21957.5,-6.708975869351708e-05,-6.708975869351708e-05,0.0006941850181902,-0.0001616765076997,0.004945066604348,83.19331573486328,83.05957172393799,0.0016102179212986,1,0.0185491536695441,0.0165537747156587,1.1204715248706458,18.200000762939453,0.3531599272144405,3.4983077390111315,-0.0247049235821176,2,0.058661193
2024-05-10,83.45939636230469,18.46999931335449,22055.19921875,-5.877603433246392e-05,-5.877603433246392e-05,0.0006365580822431,0.0019520276742421,0.0064128147365938,83.20373565673827,83.06486919403076,0.0016717833189279,1,0.0171648300837575,0.0162869425122589,1.0538366077138686,18.46999931335449,0.2633378562197013,3.5555691324351324,-0.026960798252775,2,0.06401343
2024-05-13,83.5248031616211,20.600000381469727,22104.05078125,0.0007836960506215,0.0007836960506215,0.0017366984045708,0.0030647829139589,0.006331439879311,83.21678573608398,83.07248420715332,0.001737055660582,1,0.0174360186417707,0.0162695253579348,1.0716321850829165,20.600000381469727,0.2409638498843125,4.60091865525844,-0.0237912452661448,3,0.109682605
2024-05-14,83.50550079345703,20.200000762939453,22217.849609375,-0.0002310974397234,-0.0002310974397234,0.0003917393987924,0.0033788717384577,0.0048349480122593,83.22925979614257,83.07985771179199,0.0017982948992145,1,0.0173647105490662,0.0160584991210346,1.081273482952031,20.200000762939453,0.1875367719655412,4.198699563410395,-0.0235543581060375,2,0.0897878
2024-05-15,83.52420043945312,20.270000457763672,22200.55078125,0.0002239331040281,0.0002239331040281,0.000650514731092,0.0020984444599647,0.0054603916339019,83.24270385742187,83.0870947265625,0.0018728435670001,1,0.0172025624671994,0.0160537704711683,1.0714922706676038,20.270000457763672,0.1867681819851814,4.077430079042464,-0.0141588853985534,2,0.06266858
2024-05-16,83.40509796142578,20.0,22403.849609375,-0.0014259637015463,-0.0014259637015463,-0.0007093344112291,-0.0024638030548931,0.0047281278249748,83.25184188842773,83.0938122177124,0.0019018223679674,1,0.0135122160066099,0.0162377317398471,0.8320979878898562,20.0,0.0989010528354412,3.803063762484795,0.0058973895779548,1,0.06424507
2024-05-17,83.47010040283203,19.799999237060547,22466.099609375,0.0007793581327164,0.0007793581327164,0.0001282544685667,-0.0004298649520552,0.0058420257185565,83.26300582885742,83.1007857131958,0.0019520888312833,1,0.0134145590788358,0.0163152707403838,0.8221584020197654,19.799999237060547,0.0720086612425816,3.5884903154703696,0.0143670150731167,3,0.111022174
2024-05-21,83.31500244140625,21.809999465942383,22529.05078125,0.0001753012130953,0.0001753012130953,-0.0025118373497855,-0.0033590187302826,0.0036198368936621,83.27109786987305,83.10705223083497,0.0019739075642153,1,0.0131933134858466,0.0163015720978638,0.809278033346368,21.809999465942383,0.0587378185468911,4.400130809922888,0.0242409900660414,2,0.0677406
2024-05-22,83.31680297851562,21.46999931335449,22597.80078125,2.161119914312337e-05,2.161119914312337e-05,-0.0022597052068238,-0.0027314045775455,0.0039354859409042,83.28051193237305,83.11322425842285,0.0020127684305695,1,0.0130615746125452,0.0162945832527461,0.8015407862338447,21.46999931335449,0.0628712129924804,4.076412843778875,0.0203549366166975,2,0.055535905
2024-05-23,83.26709747314453,21.3799991607666,22967.650390625,-0.0005965844054759,-0.0005965844054759,-0.0030781853038506,-0.001417542539543,0.0023171613574886,83.28764389038086,83.11960823059081,0.0020216127501935,1,0.0114017561933884,0.0161867568896028,0.7043444172744885,21.3799991607666,0.0547606649203495,3.8953587796948574,0.028261044257827,1,0.13611156
2024-05-24,83.2863998413086,21.709999084472656,22957.099609375,0.0002318126697076,0.0002318126697076,-0.0014231518578406,-0.0011968420424689,0.0029298207333738,83.29567581176758,83.12696922302246,0.0020295048685403,1,0.0114294234398539,0.0161853826313487,0.7061135091245262,21.709999084472656,0.0854999542236327,3.904912620905928,0.026336713580785,2,0.07119237
2024-05-27,83.05220031738281,23.190000534057617,22932.44921875,-0.0028119779984729,-0.0028119779984729,-0.0050065841952077,-0.0027748898439911,0.0005132242560224,83.30033782958985,83.13247970581055,0.0020191641627111,0,0.014495008884291,0.0170850037745121,0.8483557112350533,23.190000534057617,0.1712121933142225,4.359916195370636,0.0236603586616912,0,0.102977455
2024-05-28,83.14569854736328,24.200000762939453,22888.150390625,0.0011257766756711,0.0011257766756711,-0.0020320937296021,-0.002338602252605,0.0015019671965732,83.30820983886719,83.13833068847656,0.0020433312646988,1,0.014855282278547,0.0172571850338191,0.8607673547036709,24.200000762939453,0.109582822353077,4.5643202118417925,0.0140804545233095,3,0.08107916
2024-05-29,83.20649719238281,24.18000030517578,22704.69921875,0.0007312301908786,0.0007312301908786,-0.001323932054393,-0.0011441096396274,0.0045563168350684,83.31677383422851,83.14248867034912,0.0020962226013032,1,0.0150022566371752,0.0167235866718007,0.8970180807200724,24.18000030517578,0.126222686469098,4.362839830208653,0.0127007424156813,3,0.116000935
2024-05-30,83.3656005859375,24.18000030517578,22488.650390625,0.0019121510810247,0.0019121510810247,0.0011829776199985,-0.0004400045153062,0.0051508145322256,83.32738388061523,83.14805267333985,0.0021567697800441,1,0.0158814034115546,0.0169587148946889,0.936419244673036,24.18000030517578,0.1309635759737224,4.190444148440728,-0.0068342208913141,3,0.10574641
2024-05-31,83.3208999633789,24.600000381469727,22530.69921875,-0.0005361998503509,-0.0005361998503509,0.000414234762651,-0.0015602339820716,0.0054131570308071,83.33717987060547,83.15349067687988,0.0022090376751515,1,0.0158798586325502,0.0169183416799399,0.9385624413140002,24.600000381469727,0.1331184439829869,4.176267771818232,-0.0032802868369559,2,0.127822
2024-06-03,83.45079803466797,20.940000534057617,23263.900390625,0.0015590094603652,0.0015590094603652,0.0047993637225975,0.0005322786428842,0.0068652015196231,83.34688385009765,83.15920818328857,0.0022568236387656,1,0.0162331849418525,0.0172089653713992,0.9432433239424208,20.940000534057617,-0.097024577325713,2.79921987207872,0.0271854360661607,3,0.06722252
2024-06-04,83.09339904785156,26.75,21884.5,-0.004282750977024,-0.004282750977024,-0.0006290102846622,-0.0037515672692975,0.0029136493990511,83.35097381591797,83.16100868225098,0.0022843053093888,0,0.0222905980857269,0.0192170464688976,1.1598784570430642,26.75,0.1053718659780245,4.63007548249495,-0.0263104451957331,0,0.046420027
2024-06-05,83.62940216064453,18.88999938964844,22620.349609375,0.0064506100235988,0.0064506100235988,0.0050825955007325,0.0029911839223086,0.0082124238860519,83.36628982543945,83.16523418426513,0.0024175443398481,1,0.0317218084303749,0.0231010965304052,1.3731138378988696,18.88999938964844,-0.2187758829099354,1.9385097430379088,0.0079157319221467,4,0.013508523
2024-06-06,83.38079833984375,16.799999237060547,22821.400390625,-0.0029726844193294,-0.0029726844193294,0.0001823024580813,-0.0011021897830233,0.0056553394551737,83.37305786132812,83.1686616897583,0.0024576104438505,1,0.0334187432619508,0.0238517468905585,1.4010438049455338,16.799999237060547,-0.3052109584355765,1.2256304471824362,0.0232664674644098,0,0.08575568
2024-06-07,83.47309875488281,16.8799991607666,23290.150390625,0.0011069744698637,0.0011069744698637,0.0018266580362285,3.8297832278821886e-05,0.0067868248326712,83.38142776489258,83.17228569030762,0.0025145644711954,1,0.0336172131016048,0.0239570561838446,1.4031694743363023,16.8799991607666,-0.3138211829670668,1.2429476925970175,0.0442842905784104,3,0.049839955
2024-06-10,83.52760314941406,16.399999618530273,23259.19921875,0.0006529576036382,0.0006529576036382,0.0009203640534891,0.0007584210837587,0.0082261361380129,83.38744781494141,83.17569869995117,0.0025458050644588,1,0.0336643864139447,0.0239387513062993,1.4062128709368245,16.399999618530273,-0.2168099713342085,1.074099272651161,0.0592826696459067,3,0.10973831
2024-06-11,83.52980041503906,14.770000457763672,23264.849609375,2.630586227958532e-05,2.630586227958532e-05,0.0052519378457027,0.0008435725131386,0.0074695104416988,83.38969589233399,83.1790161895752,0.002532846773261,1,0.033659500379324,0.0238899595292513,1.4088802225842978,14.770000457763672,-0.447850450177059,0.5257418301015634,0.0548464957685184,2,0.058185227
2024-06-12,83.5968017578125,14.390000343322754,23322.94921875,0.0008021250193406,0.0008021250193406,-0.0003898198718366,0.000862002584455,0.0085902113950664,83.39472198486328,83.18300071716308,0.0025452468157536,1,0.0336640066804167,0.0239322366990897,1.4065797745482995,14.390000343322754,-0.238221238312567,0.3956064613240645,0.0551436679893055,3,0.08538737
2024-06-13,83.5343017578125,13.489999771118164,23398.900390625,-0.000747636257438,-0.000747636257438,0.0018409924230169,0.000344899007632,0.0086357173224236,83.39810806274414,83.18618572235107,0.0025475665046166,1,0.0337831135844909,0.0239260967935332,1.411918624144214,13.489999771118164,-0.1970237866821191,0.0928783159930378,0.053157744876968,1,0.09376146
2024-06-14,83.52210235595703,12.81999969482422,23465.599609375,-0.0001460406276075,-0.0001460406276075,0.0005870586069665,-2.5119468190726305e-05,0.0093049516603676,83.40125411987304,83.18782524108887,0.0025656263782065,1,0.0337924593536409,0.0239286605442598,1.4121579071771255,12.81999969482422,-0.24052130733388,-0.1327710879759036,0.0569827677065304,2,0.05052154
2024-06-18,83.51010131835938,12.970000267028809,23557.900390625,-0.000499118734923,-0.000499118734923,-0.0002095335002415,0.0012589561010065,0.0088405284574988,83.40326217651368,83.18919075012207,0.0025733081961889,1,0.0334162725111332,0.0239445195632838,1.3955125267931598,12.970000267028809,-0.2091463067856371,-0.0851272861686167,0.051511271561432,1,0.11079959
2024-06-19,83.37409973144531,13.710000038146973,23516.0,-0.0016285645061738,-0.0016285645061738,-0.0018640135953889,-0.00115012047336,0.0065069212945096,83.40373809814453,83.19056976318359,0.0025624098448628,1,0.0338755127276696,0.0241283236201792,1.4039147247102963,13.710000038146973,-0.0717671216495814,0.1593359337822727,0.0467326509220533,1,0.07228819
2024-06-20,83.41950225830078,13.350000381469728,23567.0,0.0005445639233492,0.0005445639233492,-0.0021208885481692,0.0012542737062033,0.0071036336730823,83.40466217041016,83.19183078765869,0.0025583206997177,1,0.0339199556149713,0.024154616008968,1.4042264789429593,13.350000381469728,-0.072272407021561,0.0361155486576464,0.0460715912458167,2,0.10958864
2024-06-21,83.60160064697266,13.18000030517578,23501.099609375,0.0021829234620462,0.0021829234620462,0.0008056437624304,0.0034182500801245,0.0076658469789829,83.40713821411133,83.19427127838135,0.0025586730006648,1,0.0347181288725487,0.0243336142600467,1.4266973168976795,13.18000030517578,-0.0229799459749501,-0.0232243648344551,0.0399728644777899,3,0.110894226
2024-06-24,83.5625,14.0600004196167,23537.849609375,-0.0004677021333331,-0.0004677021333331,0.0004836760917583,0.0035476501021396,0.0081265312606828,83.41245223999023,83.19671726226807,0.002593070794393,1,0.0346861643342032,0.0242803021257458,1.4285133537968278,14.0600004196167,0.0967239277933134,0.268560900342524,0.0248261885326652,2,0.105004236
2024-06-25,83.46040344238281,14.3100004196167,23721.30078125,-0.0012217987448578,-0.0012217987448578,-0.0005951121504104,0.0020892198654973,0.0072022184129081,83.41626831054687,83.20129577636719,0.0025837642571997,1,0.0350090711591552,0.024396907724306,1.4349210413759383,14.3100004196167,0.1033153527370636,0.3485439265382875,0.0332882282552331,1,0.05233092
2024-06-26,83.41459655761719,14.050000190734863,23868.80078125,-0.0005488457145699,-0.0005488457145699,0.0004857242993006,0.0043634754870971,0.0044820480584697,83.42007431030274,83.20516174316407,0.002582923494603,1,0.0334946574600232,0.0240174925099086,1.3945362077243333,14.050000190734863,0.024799427544994,0.2576275207419324,0.0408308573396696,1,0.107175454
2024-06-27,83.58039855957031,14.149999618530272,24044.5,0.0019876857144371,0.0019876857144371,0.0019287612238603,0.0052281719896718,0.0063307144970579,83.42469635009766,83.20974224090577,0.002583280555894,1,0.0339275224837653,0.0243591746924091,1.392745450808997,14.149999618530272,0.0599250347716071,0.28746638589883,0.0505217586235644,3,0.09323736
2024-06-28,83.45089721679688,13.800000190734863,24010.599609375,-0.0015494224124946,-0.0015494224124946,-0.001802638095557,0.0029372709182671,0.0026950105865266,83.42149230957031,83.21353923797608,0.0024990292865627,1,0.0344222626298187,0.0241698436627101,1.4241233409210337,13.800000190734863,0.0470409613963067,0.1662674975893835,0.0575167447955691,1,0.05963587
2024-07-01,83.36750030517578,13.829999923706056,24141.94921875,-0.0009993530854969,-0.0009993530854969,-0.0023335789956525,2.2787807260282733e-05,-0.0005981514923834,83.41872238159179,83.21790325164795,0.0024131721912838,1,0.033992495323963,0.0238919574464552,1.4226993623598574,13.829999923706056,-0.0163584985096972,0.1728843287462184,0.0735170318986426,1,0.06903049
2024-07-02,83.44129943847656,13.640000343322754,24123.849609375,0.0008852266534395,0.0008852266534395,-0.0002288990122056,0.001445009297194,0.0011494599039696,83.41563232421875,83.22160774230957,0.0023314207352249,1,0.0340737142333942,0.0239099009320773,1.425028455857268,13.640000343322754,-0.0468204092695541,0.1051820792009819,0.0707102063347941,3,0.080591224
2024-07-03,83.4791030883789,13.210000038146973,24286.5,0.0004530568214631,0.0004530568214631,0.0007733242552718,0.0003391825408209,0.0013687426082087,83.41431442260742,83.2255912399292,0.0022676099967153,1,0.0336712276231873,0.0239239242432968,1.4073702922014997,13.210000038146973,-0.0597864869170479,-0.0427805491326263,0.0439564987901639,2,0.10118667
2024-07-04,83.49120330810547,12.859999656677246,24302.150390625,0.0001449490864049,0.0001449490864049,-0.0010671790635369,0.0047874351610628,0.0015162731674833,83.41643249511719,83.22956226348877,0.0022452386693663,1,0.029849513336391,0.023918258001984,1.247928064236573,12.859999656677246,-0.0911660775003621,-0.1636335738317552,0.1104731837887547,2,0.048227537
2024-07-05,83.49340057373047,12.699999809265137,24323.849609375,2.631733090363575e-05,2.631733090363575e-05,0.0005093217490901,-0.0016262412907462,0.0010035054546571,83.41857650756836,83.23335628509521,0.0022253124316977,1,0.0193985103957097,0.0238912354227354,0.811916928344448,12.699999809265137,-0.0797101714685665,-0.2198828655497627,0.0753082967070493,2,0.05139745
2024-07-08,83.47209930419922,13.600000381469728,24320.55078125,-0.000255125188157,-0.000255125188157,0.0012546735675238,0.0010949878889783,0.001461250277005,83.42235244750977,83.23528629302979,0.0022474381096186,1,0.0163635251660489,0.0238558082167199,0.685905885540071,13.600000381469728,-0.0166304803691347,0.0823583228532696,0.0656905520679989,2,0.07607083
2024-07-09,83.45760345458984,14.279999732971191,24433.19921875,-0.0001736610164378,-0.0001736610164378,0.000195395040861,-0.0001856322638562,0.0010111727728232,83.4246925354004,83.23628730773926,0.0022634986945606,1,0.0159019733855512,0.0238497347007145,0.6667288695754429,14.279999732971191,0.0469207751861779,0.3090926873205284,0.049078636631952,2,0.05771687
2024-07-10,83.49299621582031,14.43000030517578,24324.44921875,0.0004240807280038,0.0004240807280038,0.0001664264100524,-0.0004143173309049,0.0001820574354651,83.42851638793945,83.2375447845459,0.0022942964486503,1,0.0157983995331692,0.0237254524135785,0.6658559508933545,14.43000030517578,0.0923542970102777,0.3561432310221774,0.0457990831920502,2,0.10244383
2024-07-11,83.49590301513672,14.0,24315.94921875,3.481488805223698e-05,3.481488805223698e-05,5.628984665495551e-05,-0.0004058120543077,0.0023902996534674,83.43038848876954,83.23986778259277,0.0022888155790248,1,0.0157988511584756,0.023329911515975,0.6771639053904042,14.0,0.0886469964041434,0.2060939064973018,0.0451797293781532,2,0.051264096
2024-07-12,83.51850128173828,13.729999542236328,24502.150390625,0.0002706512030592,0.0002706512030592,0.0003006310419186,-0.0009366443982039,0.0029891024748878,83.43173645019532,83.24274379730224,0.0022703799066652,1,0.015548987080124,0.0233275454166243,0.666521928497245,13.729999542236328,0.0811023423968688,0.1105998072973796,0.0505596938369614,2,0.063499734
2024-07-15,83.52030181884766,14.1899995803833,24586.69921875,2.1558541900779105e-05,2.1558541900779105e-05,0.0005774685799235,-0.0001675950917197,0.0035567167428696,83.43401443481446,83.2461302947998,0.0022569714574034,1,0.0153480687485594,0.0233013872024004,0.6586479151362825,14.1899995803833,0.0433822928209222,0.2630528529941457,0.0507630191289203,2,0.045662493
2024-07-16,83.58760070800781,14.220000267028809,24613.0,0.0008057788070034,0.0008057788070034,0.0015576442173863,0.0007842038239367,0.0028591019719519,83.43764038085938,83.24938430786133,0.0022613509344628,1,0.0156050852844734,0.0233019068239182,0.6696626048582174,14.220000267028809,-0.0042016433518446,0.2698398612850779,0.0488971264201827,3,0.10478915
2024-07-18,83.57209777832031,14.510000228881836,24800.849609375,0.0005087505087504,0.0005087505087504,0.0009474035677858,0.0007423827654644,-0.0004664627686609,83.44148239135743,83.25210330963135,0.0022747663325901,1,0.0155724682334665,0.0224543355087849,0.6934863310046859,14.510000228881836,0.0055440001395814,0.3651620265300215,0.0527614599832775,2,0.12190256
2024-07-19,83.67430114746094,14.829999923706056,24530.900390625,0.0012229365046181,0.0012229365046181,0.0021366094129418,0.0036006555630896,0.0020154773309963,83.44551239013671,83.25504581451416,0.0022877481329708,1,0.0147682710027187,0.0224416157791918,0.6580458868084124,14.829999923706056,0.0592857088361469,0.4704798876247056,0.0431578665855163,3,0.05460315
2024-07-22,83.73030090332031,15.4399995803833,24509.25,0.0006692587221097,0.0006692587221097,0.0025359605157131,0.0037257312331733,0.0016089156689622,83.45072036743164,83.25772232055664,0.0023180798308646,1,0.0148106910035185,0.0224037333478003,0.6610518756730765,15.4399995803833,0.1245447993560857,0.6736933181040251,0.0399817541477489,3,0.12579998
2024-07-23,83.67130279541016,12.75,24479.05078125,-0.0007046207558513,-0.0007046207558513,0.0018079553506644,0.0008337417931965,0.0015118155393267,83.45486038208008,83.26064384460449,0.0023326331446351,1,0.0132624052639431,0.0224162199881346,0.5916168584223626,12.75,-0.101479888862999,-0.2464149036977173,0.0416129963333664,1,0.118589506
2024-07-24,83.70680236816406,11.760000228881836,24413.5,0.0004242741724806,0.0004242741724806,0.0014260686889751,0.0017268794993454,0.0038556278717061,83.45980850219726,83.26472137451172,0.0023429746051519,1,0.0131637157968601,0.0220679969345393,0.596480022898464,11.760000228881836,-0.172995780024762,-0.5851789116172647,0.037201800723386,2,0.09805252
2024-07-25,83.74299621582031,12.619999885559082,24406.099609375,0.0004323883678778,0.0004323883678778,0.0020449221934493,0.0033859502444484,0.0042788406817597,83.46417236328125,83.26856235504151,0.0023491459766735,1,0.0122626031516328,0.0220778969512518,0.5553992655841253,12.619999885559082,-0.1302550181605614,-0.293856993898516,0.0288685192452129,2,0.104478315
2024-07-26,83.73760223388672,12.25,24834.849609375,-6.44111409591197e-05,-6.44111409591197e-05,0.0007565176590387,0.0038722920160192,0.0054548740764681,83.46881439208984,83.27210887908936,0.0023622016500879,1,0.0120047985339482,0.021914534620256,0.5477757555068934,12.25,-0.1739716747794364,-0.4227133791361215,0.0404732871575128,2,0.043636274
2024-07-29,83.72779846191406,12.949999809265137,24836.099609375,-0.0001170772951591,-0.0001170772951591,-2.9886927184641365e-05,0.0017635702256038,0.0046459877445377,83.47288635253906,83.27425437927246,0.0023852747136219,1,0.0101675386144704,0.0218882606027883,0.4644989522019452,12.949999809265137,-0.1612694196107192,-0.1859434810301256,0.0329222736748529,2,0.05276849
2024-07-30,83.75050354003906,12.880000114440918,24857.30078125,0.0002711772976489,0.0002711772976489,0.0009465699945243,0.0035902109292347,0.0053864374100038,83.47979446411132,83.27689338684083,0.0024364630934055,1,0.0081665472395485,0.0218600333874181,0.3735663861274132,12.880000114440918,0.0101960874071307,-0.2133280743063767,0.0352636412938394,2,0.08009042
2024-07-31,83.73899841308594,13.25,24951.150390625,-0.0001373738242376,-0.0001373738242376,0.0003846287758104,0.0044561502569975,0.004037064297192,83.4851724243164,83.27962337493896,0.0024681793822725,1,0.0070336788077591,0.0217522620798672,0.3233390367814684,13.25,0.1267006583434256,-0.0889124946032724,0.0335184688089116,2,0.056123085
2024-08-01,83.7177963256836,12.93000030517578,25010.900390625,-0.0002531925124987,-0.0002531925124987,-0.0003009193756546,0.0033136694786362,0.0031958009537851,83.49322830200195,83.28141536712647,0.0025433397588376,1,0.0068304384495503,0.021739869843919,0.3141750306490533,12.93000030517578,0.0245642173080704,-0.2008015401660723,0.036770697695996,2,0.07365032
2024-08-02,83.743896484375,14.31999969482422,24717.69921875,0.0003117635656566,0.0003117635656566,7.516635681414918e-05,0.0031719722205898,0.0040463787672504,83.50177017211914,83.28398586273194,0.002614960212713,1,0.006779401236337,0.0216109251162331,0.3136879847526846,14.31999969482422,0.168979566924426,0.2741935163720715,0.0177546875321681,2,0.078400895
2024-08-05,83.73529815673828,20.3700008392334,24055.599609375,-0.0001026740813083,-0.0001026740813083,8.957233991568891e-05,0.0029235996004517,0.0039444830611428,83.51113418579102,83.2854133605957,0.0027102083796839,1,0.0068512439197278,0.0216138608555347,0.3169691429206472,20.3700008392334,0.5729730609462702,2.3228980998432776,-0.0101452248993204,2,0.055170704
2024-08-06,84.00260162353516,18.739999771118164,23992.55078125,0.0031922435661067,0.0031922435661067,0.0030101082720723,0.0060986981762112,0.0074670711276818,83.52545822143554,83.28930187225342,0.0028353743382834,1,0.0124731759601068,0.0224610280974906,0.5553005234420618,18.739999771118164,0.4549689134014119,1.7482105025414183,-0.0136203287491676,4,0.105141
2024-08-07,83.93489837646484,16.170000076293945,24297.5,-0.0008059660744048,-0.0008059660744048,0.0023394113506411,0.0055443564511183,0.005535901051344,83.5431121826172,83.29335334777832,0.0029985445993037,1,0.0129323365296164,0.0224568604855043,0.5758490011977658,16.170000076293945,0.2203773642485995,0.8696755651706118,-0.0009477902641814,1,0.094722934
2024-08-08,83.94239807128906,16.600000381469727,24117.0,8.935133024867703e-05,8.935133024867703e-05,0.0026828434987908,0.005808872968213,0.0056606755390282,83.55904617309571,83.29671382904053,0.0031493720699906,1,0.0128435946282933,0.0224546151546823,0.5719546999635545,16.600000381469727,0.2838360394179475,1.0074832142246897,-0.0129413760318112,2,0.056923427
2024-08-09,83.98899841308594,15.34000015258789,24367.5,0.0005551466585134,0.0005551466585134,0.0029268034925586,0.0059406443623548,0.006286476219518,83.57469619750977,83.30040733337403,0.0032927673815328,1,0.0128663676627398,0.0224670936880265,0.572650614751376,15.34000015258789,0.0712290837640405,0.5744369966687677,0.0017698563639754,2,0.13040468
2024-08-12,83.94979858398438,15.869999885559082,24347.0,-0.0004667257598283,-0.0004667257598283,0.0025616488143935,0.005436141804052,0.005875937797954,83.5863801574707,83.30406631469727,0.0033889563290576,1,0.0131190330683054,0.0224964225432222,0.5831349365955588,15.869999885559082,-0.2209131452271294,0.7481668848536724,0.0012769717920801,2,0.110300936
2024-08-13,83.88999938964844,16.170000076293945,24139.0,-0.0007123208791991,-0.0007123208791991,-0.0013404612679897,0.0044480935626103,0.0043723087538523,83.5977621459961,83.30720432281494,0.003487787467399,1,0.0135728527312641,0.0225191449410886,0.6026982848809347,16.170000076293945,-0.1371397932877816,0.8433207799698618,-0.0148211640543985,1,0.100641765
2024-08-14,83.88200378417969,15.4399995803833,24143.75,-9.531059157141808e-05,-9.531059157141808e-05,-0.0006301859334828,0.0043307071149785,0.0045087208285103,83.60638626098633,83.31020282745361,0.0035551880019564,1,0.0136030741367176,0.0225124726495364,0.6042192756521594,15.4399995803833,-0.0451453613151717,0.5888881104912962,-0.0180158066281709,2,0.06368272
2024-08-16,83.94830322265625,14.399999618530272,24541.150390625,-0.0002762051448296,-0.0002762051448296,7.034766104929702e-05,0.0043152634074097,0.0050776036283108,83.62348434448242,83.31394683837891,0.0037153143963277,1,0.0135515245351146,0.0225244109013209,0.6016105364062383,14.399999618530272,-0.1325301633965788,0.2289559977905967,-0.0029191731757607,2,0.07898305
2024-08-19,83.88980102539062,14.31999969482422,24572.650390625,-0.0006968836178911,-0.0006968836178911,-0.0011810759691099,0.0038015468740899,0.0058114321044142,83.62869232177735,83.3170743560791,0.003740145319631,1,0.013832277293018,0.022370039834629,0.6183117725089573,14.31999969482422,-0.0664928583844631,0.1977137287138748,-0.0092012661801609,1,0.10595144
2024-08-20,83.87860107421875,13.81999969482422,24698.849609375,-0.0001335079000662,-0.0001335079000662,-0.0008480962547444,0.0024416090000891,0.0048939760395072,83.63864837646484,83.32012435913086,0.0038228941661329,1,0.0132688132994471,0.0223341087210043,0.5940787423599543,13.81999969482422,-0.1291745561132776,0.0228385909248005,0.0068464351522208,2,0.051671445
2024-08-21,83.77940368652344,13.329999923706056,24770.19921875,-0.0011826304495414,-0.0011826304495414,-0.0013183419231094,0.0005864398273192,0.0055740410671389,83.64477447509766,83.3234098815918,0.0038568343993907,1,0.0137494681345384,0.0224799581831397,0.6116050758392606,13.329999923706056,-0.1756338985274017,-0.1494352098315585,0.0106469687464936,1,0.050965417
2024-08-22,83.88860321044922,13.0,24811.5,0.0013034172973391,0.0013034172973391,7.86751147066056e-05,0.0025970722073063,0.0068629641499931,83.65199447631836,83.32705390930175,0.0038995806496446,1,0.014244913225545,0.0226127513220309,0.6299226087123032,13.0,-0.1580310652005035,-0.2659584526921174,0.0135809685482022,3,0.058738492
2024-08-23,83.94059753417969,13.550000190734863,24823.150390625,0.0006198019962262,0.0006198019962262,-9.179087820421206e-05,0.0027930246933496,0.0080884296615764,83.66021041870117,83.33181789398193,0.0039407819608234,1,0.0143215424241787,0.0225917392625374,0.6339002215603942,13.550000190734863,-0.0590277396050489,-0.0796134930715008,0.0167796666035184,3,0.11778031
2024-08-26,83.81379699707031,13.800000190734863,25010.599609375,-0.0015105984569354,-0.0015105984569354,-0.0009059984335557,0.0008454531656298,0.0063323322507229,83.66455032348632,83.33503189086915,0.0039541405953824,1,0.0152733035367843,0.0228234311717564,0.6691646955777769,13.800000190734863,-0.0363128153052478,0.0030034164061793,0.024768398460842,1,0.06264214
2024-08-27,83.88369750976562,13.630000114440918,25017.75,0.0008339976853424,0.0008339976853424,6.075966315144399e-05,0.0017446794747102,0.0100117418828791,83.67153823852539,83.33803787231446,0.0040017784762571,1,0.0155476599319589,0.0220925766138441,0.703718560543818,13.630000114440918,-0.013748160968083,-0.0588850397325841,0.0073646667284812,3,0.08106157
2024-08-28,83.92160034179688,13.949999809265137,25052.349609375,0.0004518498010515,0.0004518498010515,0.0016972746166288,0.0023146658988169,0.0093318332516216,83.67952819824218,83.34057888031006,0.0040670382001894,1,0.0156034193929101,0.0220122577434335,0.7088191840921216,13.949999809265137,0.0465116195879695,0.0485772829452092,0.008707083777292,2,0.10655139
2024-08-29,83.94149780273438,13.789999961853027,25151.94921875,0.0002370958234407,0.0002370958234407,0.0006305337109078,0.0022805147983857,0.0088334521359811,83.68815612792969,83.3438038635254,0.0041317080387663,1,0.0155980471616433,0.0219801865232324,0.709608971524691,13.789999961853027,0.0607692278348481,-0.0093295634735429,0.0118535974638989,2,0.06364776
2024-08-30,83.89510345458984,13.390000343322754,25235.900390625,-0.0005526985979397,-0.0005526985979397,-0.0005419794584059,0.0018641856776675,0.0063515750493094,83.69857620239257,83.34689338684082,0.0042195071857025,1,0.0157294457517306,0.0217186959021592,0.7242019327796818,13.390000343322754,-0.0118081066538665,-0.1498641687009608,0.0114122994548175,1,0.12098749
2024-09-02,83.86380004882812,14.0600004196167,25278.69921875,-0.0003731255397838,-0.0003731255397838,0.0005965969034855,0.0017439986424934,0.0065157731816127,83.70746215820313,83.34024238586426,0.0044062719500941,1,0.0157629086854281,0.0217020317227104,0.7262998500312541,14.0600004196167,0.0188405960353823,0.0801568280132819,0.0107072845816211,2,0.094450235
2024-09-03,83.92729949951172,13.84000015258789,25279.849609375,0.0007571735438487,0.0007571735438487,0.0005197909849052,0.0021900463536579,0.0057099689405701,83.7139761352539,83.34364238739013,0.004443455280517,1,0.0159368326804096,0.0215404447169251,0.7398219056258593,13.84000015258789,0.0154071926913983,0.0014339000866866,0.0227428283534809,3,0.10162755
2024-09-04,83.95030212402344,14.380000114440918,25198.69921875,0.0002740779775936,0.0002740779775936,0.0003420070888742,0.0025676622884021,0.0103125288649992,83.72173217773438,83.34760139465332,0.0044888008391452,1,0.0159436387112176,0.0196329245779267,0.8120454292231588,14.380000114440918,0.0308243950577109,0.185853962173342,0.0475190653293675,2,0.06490386
2024-09-05,83.98249816894531,14.210000038146973,25145.099609375,0.0003835131513203,0.0003835131513203,0.0004884397739397,-0.0002393194282236,0.0042221515301821,83.73217407226562,83.35139987945557,0.0045682999129077,1,0.0113138626426914,0.0149012896182106,0.7592029770288337,14.210000038146973,0.0304568584086861,0.1234781322808274,0.0480377780017333,2,0.095882475
2024-09-06,83.98359680175781,15.220000267028809,24852.150390625,1.30816876904305e-05,1.30816876904305e-05,0.0010548094408855,0.0005801928188982,0.0072294637844216,83.74355407714843,83.35515438079834,0.0046595762341909,1,0.0109862035718361,0.0135721429456644,0.8094074906464699,15.220000267028809,0.1366691468845726,0.4705044866392532,0.0228274674606441,2,0.052993905
2024-09-09,83.98259735107422,14.239999771118164,24936.400390625,-1.1900546316834236e-05,-1.1900546316834236e-05,0.0014165504326888,0.000478891248151,0.0061037460426327,83.75159805297852,83.35897888183594,0.0047099805732881,1,0.0109787615310181,0.0134194063316842,0.8180647634415011,14.239999771118164,0.0128022294544407,0.1258129499532204,0.0339760497004189,2,0.047126316
2024-09-10,83.98090362548828,13.359999656677246,25041.099609375,-2.0167578038354783e-05,-2.0167578038354783e-05,0.0006386971378349,-9.637914191862328e-05,0.0054269541921772,83.76219818115234,83.3622864151001,0.0047972744420767,1,0.0107728479390504,0.0133711341425602,0.8056191946776161,13.359999656677246,-0.0346821163741744,-0.182922589071108,0.0276433614188982,2,0.04772221
2024-09-11,83.98200225830078,13.630000114440918,24918.44921875,1.308193607196806e-05,1.308193607196806e-05,0.0003776059582312,0.0003836063321127,0.005413658850073,83.77448822021485,83.36570194244385,0.0049035306876348,1,0.0106695999757072,0.0133713548675514,0.7978848962195485,13.630000114440918,-0.0521557714903508,-0.0904628566687876,0.0234710321086786,2,0.049119182
2024-09-12,83.99259948730469,13.18000030517578,25388.900390625,0.0001261845242901,0.0001261845242901,0.0001202788507084,0.001223031331538,0.0047346037308801,83.7855142211914,83.37075695037842,0.0049748531257769,1,0.0103878942884063,0.0132899434696891,0.7815768919713364,13.18000030517578,-0.0724841470940282,-0.2490130540726547,0.0517792945285637,2,0.04542026
2024-09-13,83.93479919433594,12.550000190734863,25356.5,-0.0006881593535807,-0.0006881593535807,-0.0005810373606296,0.0006294009176519,0.0047944069453598,83.79462814331055,83.37449993133545,0.00503904925752,1,0.0106613276093942,0.0132757086764006,0.8030098324251689,12.550000190734863,-0.1754270715801487,-0.470405136982934,0.0502303908879109,1,0.102329314
2024-09-16,83.88480377197266,12.460000038146973,25383.75,-0.0005956459399816,-0.0005956459399816,-0.0011644505193468,-0.0007564113656374,0.0043425800570711,83.8025001525879,83.37832244873047,0.005087385922381,1,0.0108141579741126,0.0133350402685927,0.8108972195877905,12.460000038146973,-0.124999983257122,-0.5025766493000887,0.0343341528804974,1,0.116568744
2024-09-17,83.88400268554688,12.59000015258789,25418.55078125,-9.549839658173909e-06,-9.549839658173909e-06,-0.0011538449309087,-6.91185313694831e-05,0.0044773190462565,83.81031219482422,83.38128498077393,0.0051453658233884,1,0.0105434738526341,0.0132878332954755,0.7934085422099384,12.59000015258789,-0.0576346949009474,-0.4593418598518587,0.0344244669247291,2,0.05355851
2024-09-18,83.77059936523438,13.369999885559082,25377.55078125,-0.0013519064026737,-0.0013519064026737,-0.0025172404489262,-0.0012875954963628,0.0047556691474477,83.81628219604492,83.38352699279785,0.0051899364161513,1,0.0115318406737611,0.0131553458892567,0.8765230688543887,13.369999885559082,-0.0190755852310203,-0.1900577180369104,0.0274790600618655,1,0.05075405
2024-09-19,83.69170379638672,12.470000267028809,25415.80078125,-0.0009418049941802,-0.0009418049941802,-0.0035824071734253,-0.001046795349187,0.0032630443807144,83.82096420288086,83.38525699615478,0.005225230723294,1,0.011263790151711,0.0132726455491566,0.8485830143646274,12.470000267028809,-0.0538695008882628,-0.5089619449908708,0.0260636402960903,1,0.06856828
2024-09-20,83.61470031738281,12.789999961853027,25790.94921875,-0.0009200849727142,-0.0009200849727142,-0.0038136610800961,-0.0032650787184913,0.0001566916220356,83.82339828491212,83.38558898925781,0.0052504191786748,1,0.0105064782047173,0.012679855489548,0.8285307102014589,12.789999961853027,0.0191234874478605,-0.4003686752989058,0.0394756148862422,1,0.07407992
2024-09-23,83.48709869384766,13.789999961853027,25939.05078125,-0.0015260668644485,-0.0015260668644485,-0.0047410861114498,-0.0054026162983575,-0.0009023342546279,83.82322219848633,83.38630447387695,0.0052396820720872,1,0.0111228252324187,0.013009858225326,0.854887897461503,13.789999961853027,0.1067415665838031,-0.0523772955689395,0.0449540196576516,1,0.06438593
2024-09-24,83.55960083007812,13.390000343322754,25940.400390625,0.000868423233826,0.000868423233826,-0.0038672672390803,-0.0030328678105475,0.0011885562926112,83.82404418945312,83.38727996826172,0.0052377799270779,1,0.0107944933949385,0.012896146624963,0.8369675641312176,13.390000343322754,0.0635425084224818,-0.1977144533519602,0.0371762690927839,3,0.08504869
2024-09-25,83.56759643554688,12.739999771118164,26004.150390625,9.56874540964936e-05,9.56874540964936e-05,-0.0024233195324581,-0.0037683254744695,0.0018342098894406,83.8249900817871,83.38802745819092,0.0052401122429148,1,0.0102400492671045,0.0128462880424738,0.7970592107260631,12.739999771118164,-0.0471204278110264,-0.4302474244378364,0.0394280217295719,2,0.05993526
2024-09-26,83.62409973144531,12.0,26216.05078125,0.0006761388182561,0.0006761388182561,-0.0008077749869435,-0.0035449825687295,0.0005228638846923,83.82572006225585,83.38949645996094,0.0052311576495052,1,0.0104417960787746,0.0122868377779517,0.8497667586001567,12.0,-0.0376904777036379,-0.693116399053339,0.0464507796681683,3,0.12761262
2024-09-27,83.61710357666016,11.960000038146973,26178.94921875,-8.366194443498731e-05,-8.366194443498731e-05,2.874206650527178e-05,-0.0038645274931423,0.0019916665417207,83.82662017822265,83.39081848144531,0.0052260153421364,1,0.0103433130116307,0.0118771427460781,0.8707853772043411,11.960000038146973,-0.0648944430165426,-0.7075720782032561,0.0408318254409643,2,0.053994667
2024-09-30,83.71640014648438,12.789999961853027,25810.849609375,0.0011875150606381,0.0011875150606381,0.0027465495414755,-0.0021300803115666,0.0041850821966762,83.82746215820312,83.39330749511718,0.0052061091726258,1,0.0112766434362413,0.0119150809581635,0.9463382697577144,12.789999961853027,-0.0725163163717388,-0.4159912607791897,0.0227829881181331,3,0.06626542
2024-10-01,83.82730102539062,11.989999771118164,25796.900390625,0.0013247210667468,0.0013247210667468,0.0032037036157805,-0.0004352178581968,0.0046260255953789,83.82940216064453,83.39535850524902,0.0052046500329894,1,0.0122525270175425,0.0120701146714815,1.0150286324832591,11.989999771118164,-0.1045556785891147,-0.7024912925981902,0.0204995188791452,3,0.060000736
2024-10-03,83.91960144042969,13.170000076293944,25250.099609375,0.0005663457798414,0.0005663457798414,0.004212218849136,-9.172294507198142e-05,0.0052767499380583,83.83436813354493,83.39837699890137,0.0052278131821354,1,0.0121170104217216,0.0120869329947523,1.002405492070639,13.170000076293944,0.0337519868839086,-0.2869686606376885,-0.0011768266211903,2,0.11578055
2024-10-04,84.0093994140625,14.130000114440918,25014.599609375,0.0010700476657596,0.0010700476657596,0.0046075196486965,0.0007039556564281,0.0062065952510559,83.84042007446288,83.4019760131836,0.0052569984817862,1,0.0126694396612269,0.012250920219399,1.0340778779449524,14.130000114440918,0.1775000095367431,0.0509491061958918,-0.007305917173614,3,0.072542414
2024-10-07,84.02780151367188,15.079999923706056,24795.75,0.0002190481033994,0.0002190481033994,0.0049116498831509,0.0005394379271193,0.006400517121943,83.84611618041993,83.4053405380249,0.0052847412354137,1,0.0126207964363428,0.0122532879588837,1.0299085902574552,15.079999923706056,0.2608695548166972,0.3849734530112735,-0.013893347602598,2,0.066694826
2024-10-08,83.96410369873047,14.59000015258789,25013.150390625,-0.0007580564264916,-0.0007580564264916,0.0029588414195147,-0.0002321060751108,0.0058942376989732,83.8506462097168,83.40801055908203,0.0053068721777176,1,0.0128909510837836,0.0123512867868883,1.0436084674998836,14.59000015258789,0.1407349645116087,0.2046157733674424,0.0064783126397276,1,0.09640649
2024-10-09,83.91459655761719,14.119999885559082,24981.94921875,-0.0005896226950854,-0.0005896226950854,0.0010413735281793,-0.0008097010047541,0.0054757515685912,83.85438217163086,83.41086605072022,0.0053172463242492,1,0.0130318179071718,0.0124137579345318,1.0497037458075311,14.119999885559082,0.1776480529692519,0.0314497378501152,0.0018265999667748,1,0.12311236
2024-10-10,83.94219970703125,13.5,24998.44921875,0.0003289433608264,0.0003289433608264,0.000269284722683,-0.0004608657062042,0.0053801338024783,83.8582160949707,83.41359703063965,0.0053302948219309,1,0.0131024322236859,0.0124042637687367,1.0561994059897537,13.5,0.0250569416700352,-0.1952883370284273,-0.0017032155652235,2,0.07438416
2024-10-11,83.94599914550781,13.220000267028809,24964.25,4.526255554204717e-05,4.526255554204717e-05,-0.0007546806547468,-0.0004287003384634,0.0053906373141385,83.86235610961914,83.4169005203247,0.0053401119739027,1,0.013104767672719,0.0124041572042343,1.0563967434645511,13.220000267028809,-0.0644019702789729,-0.2989682157635526,0.0018380269513535,2,0.056530256
2024-10-14,84.16829681396484,13.0,25127.94921875,0.0026481031939558,0.0026481031939558,0.0016720097130009,0.0020918191332643,0.0077802585325923,83.87136611938476,83.42125900268555,0.0053955924674395,1,0.0160925144422251,0.0134285492826366,1.1982914767684378,13.0,-0.1379310301213102,-0.3786819223750892,-0.0102781596626909,4,0.12113895
2024-10-15,84.04850006103516,13.0,25057.349609375,-0.0014233001909789,-0.0014233001909789,0.0010051481357737,0.0013546332128104,0.006324189815946,83.87745819091796,83.42629299163818,0.0054079497374408,1,0.0167207633550397,0.0137732813163989,1.2139118528915802,13.0,-0.1089787618888999,-0.3814638113565224,-0.0117977792922918,1,0.044879958
2024-10-16,84.05619812011719,13.050000190734863,24971.30078125,9.15906777210207e-05,9.15906777210207e-05,0.0016874485287285,0.0020432109325836,0.005606063676194,83.88387619018555,83.43101799011231,0.0054279356884618,1,0.0165605227879692,0.013695439170416,1.2091115494996345,13.050000190734863,-0.0757790158283596,-0.365587059063944,-0.0162485534544738,2,0.0471913
2024-10-17,84.03929901123047,13.390000343322754,24749.849609375,-0.0002010453632766,-0.0002010453632766,0.0011567400489636,0.0018513223107121,0.0055903973375113,83.88461013793945,83.43575649261474,0.0053796317573322,1,0.0165857113798684,0.0136775706548963,1.212532493220083,13.390000343322754,-0.008148122716833,-0.2453535433079181,-0.0263076041443034,2,0.07159202
2024-10-18,84.05380249023438,13.039999961853027,24854.05078125,0.0001725797237073,0.0001725797237073,0.0012841987208909,0.0033806983254978,0.0045354587677359,83.88698822021485,83.43968952178955,0.0053607426032966,1,0.0157674345315684,0.0134754886687897,1.1699957547609754,13.039999961853027,-0.0136157565461408,-0.3760902491345747,-0.0206284682281784,2,0.062579624
2024-10-21,84.0687026977539,13.760000228881836,24781.099609375,0.0001772698804585,0.0001772698804585,-0.0011832735124849,0.0045046149649956,0.0040415690709667,83.88951431274414,83.44437503814697,0.0053345629875432,1,0.0152725939473179,0.0134189217256646,1.1380538768799349,13.760000228881836,0.0584615560678334,-0.1199688804467512,-0.0249727001457785,2,0.05417912
2024-10-22,84.07350158691406,14.399999618530272,24472.099609375,5.7082945331243806e-05,5.7082945331243806e-05,0.0002974654617364,0.0054870886075024,0.0048068905116411,83.8912043762207,83.44888103485107,0.0053005305270048,1,0.0147444436988607,0.0133335663310276,1.105731025129218,14.399999618530272,0.1076922783484823,0.1092663187786823,-0.0511361407518958,2,0.047300383
2024-10-23,84.08399963378906,14.619999885559082,24435.5,0.0001248674871017,0.0001248674871017,0.0003307491213455,0.0071496189145376,0.0045061721981205,83.8938883972168,83.45338703155518,0.0052784120732578,1,0.0132971884122608,0.0133129337368516,0.9987422706976168,14.619999885559082,0.120306488266481,0.1851669245791041,-0.0579647572276175,2,0.05458073
2024-10-24,84.06759643554688,13.970000267028809,24399.400390625,-0.0001950810893109,-0.0001950810893109,0.000336716567717,0.0060794403087418,0.0038761476707855,83.89744033813477,83.45738903045654,0.0052727662917617,1,0.013248925684962,0.0132981119018036,0.9962263482545208,13.970000267028809,0.0433159005851173,-0.0572715119966255,-0.0594054053443572,2,0.055177696
2024-10-25,84.08180236816406,14.630000114440918,24180.80078125,0.0001689822621262,0.0001689822621262,0.0003331185157617,0.0061531736528257,0.0041104608335447,83.90143630981446,83.46628803253174,0.0052134614769632,1,0.0132396548427753,0.0132991167527354,0.9954540316386576,14.630000114440918,0.1219325273956477,0.1797260518789739,-0.0701176382225643,2,0.055574547
2024-10-28,84.10199737548828,14.289999961853027,24339.150390625,0.0002401828547369,0.0002401828547369,0.0003960412932035,0.005714831556665,0.0044692314911927,83.9045101928711,83.47078502655029,0.005196131391155,1,0.0131557857211262,0.0133011547054644,0.9889965958463788,14.289999961853027,0.0385174218136086,0.0493242948021032,-0.0715935594680561,2,0.054685198
2024-10-29,84.10279846191406,14.520000457763672,24466.849609375,9.525177175007116e-06,9.525177175007116e-06,0.0003484674058653,0.0058085590684042,0.0042064812387256,83.90877014160156,83.47501399993897,0.0051962392203122,1,0.0131302744829305,0.0132934203697356,0.9876530241830784,14.520000457763672,0.0083333918341901,0.1295823642355204,-0.0653998598289328,2,0.04416684
2024-10-30,84.08930206298828,15.510000228881836,24340.849609375,-0.0001604750278541,-0.0001604750278541,6.306109631215584e-05,0.0044543472467928,0.0041832796730418,83.91298416137695,83.47887001037597,0.0052002878207026,1,0.01274309461246,0.0132947645142253,0.9584326346052509,15.510000228881836,0.0608755369554996,0.4906405412154805,-0.0569527939702561,2,0.064899944
2024-10-31,84.08910369873047,15.550000190734863,24205.349609375,-2.3589713904481613e-06,-2.3589713904481613e-06,0.0002558329736486,0.0031231194388632,0.0044352263120064,83.91917816162109,83.48311252593994,0.0052233993497265,1,0.0120605159711528,0.0132816472189186,0.9079903856796592,15.550000190734863,0.1130994913031662,0.4999313515716996,-0.0616954268594375,2,0.047623374
2024-11-01,84.09149932861328,15.899999618530272,24304.349609375,2.84891832287304e-05,2.84891832287304e-05,0.0001153276948888,0.002048363972577,0.0041507842222643,83.92323608398438,83.48761451721191,0.0052177987033352,1,0.0119550352463844,0.0132706165677381,0.9007972152726132,15.899999618530272,0.0868078943373191,0.6242858617182918,-0.037455297786186,2,0.042887542
2024-11-04,84.13359832763672,16.690000534057617,23995.349609375,0.0005006332311774,0.0005006332311774,0.0003757455605644,0.0014783930660196,0.0047566579407514,83.92709609985351,83.4930290222168,0.0051988421395181,1,0.0115265535512146,0.0132989509350091,0.8666613589433363,16.690000534057617,0.1679496556061135,0.9118757431855284,-0.0407462048530252,2,0.11042182
2024-11-05,84.15249633789062,16.1200008392334,24213.30078125,0.0002246190657424,0.0002246190657424,0.0005909182201477,0.0014839710425895,0.0017844056190929,83.93387008666993,83.49813598632812,0.0052184889542103,1,0.0115274736792825,0.011674434195417,0.9873271936907853,16.1200008392334,0.1101928602635977,0.6925754298045164,-0.0234898810784106,2,0.057864856
2024-11-06,84.11630249023438,14.869999885559082,24484.05078125,-0.0004300983242484,-0.0004300983242484,0.0003210922981127,0.0018126649937217,0.0021612477917813,83.9385221862793,83.50358951568603,0.0052085505918468,1,0.0112837342807988,0.0115924668771443,0.97328386757579,14.869999885559082,-0.0412637223648122,0.2195250865880501,-0.0211528576413672,2,0.1112015
2024-11-07,84.2511978149414,14.9399995803833,24199.349609375,0.0016036763470754,0.0016036763470754,0.0019276470919666,0.004011236079686,0.0036787100529351,83.94511413574219,83.5094649887085,0.0052167637176527,1,0.0121523758826117,0.0120227119356742,1.0107008507543895,14.9399995803833,-0.0392283345896689,0.2414444088793011,-0.0313266031614388,3,0.046561264
2024-11-08,84.306396484375,14.470000267028809,24148.19921875,0.0006551677704906,0.0006551677704906,0.0025555158069181,0.0043386613481042,0.0037790434138527,83.952412109375,83.51663646697997,0.0052178303728422,1,0.0122512010651842,0.0120420111410247,1.017287198502233,14.470000267028809,-0.0899370682899202,0.0595282881664946,-0.0340121098136868,3,0.11455798
2024-11-11,84.38289642333984,14.270000457763672,24141.30078125,0.0009074037339387,0.0009074037339387,0.0029631217570451,0.0052045038748629,0.005159009868525,83.96216796875,83.52425395965577,0.0052429562472446,1,0.0124703325443687,0.0121227602095606,1.0285862083064647,14.270000457763672,-0.1449970041256555,-0.0201578835389586,-0.0329651088556636,3,0.09046538
2024-11-12,84.39649963378906,14.59000015258789,23883.44921875,0.000161208147928,0.000161208147928,0.0028995372272584,0.0027112681194987,0.0060376713294281,83.97282196044922,83.53079147338867,0.005291826873224,1,0.008903969999905,0.0120230504342482,0.7405133610005339,14.59000015258789,-0.0949131890193045,0.0969084432612834,-0.0495265247938091,2,0.06986757
2024-11-13,84.39530181884766,15.4399995803833,23559.05078125,-1.419270878066925e-05,-1.419270878066925e-05,0.003316828252712,0.0041262099568779,0.0061192867541486,83.98218200683594,83.53687999725342,0.0053306037955589,1,0.0069269781172221,0.0120195995684065,0.5762589526256394,15.4399995803833,0.0383321922804968,0.4143657454360458,-0.0597947848229097,2,0.04708311
2024-11-14,84.4229965209961,14.779999732971191,23532.69921875,0.0003281545483169,0.0003281545483169,0.0020391247900362,0.0043637281852166,0.0056545907435534,83.99163589477538,83.54319198608398,0.00536780912999,1,0.0069304404992044,0.0120092672591304,0.5770429874435752,14.779999732971191,-0.0107094947728241,0.1589052812971599,-0.0576101972060739,2,0.09353723
2024-11-18,84.47750091552734,15.170000076293944,23453.80078125,4.380359731404049e-05,4.380359731404049e-05,0.0020295545568012,0.0052142498741964,0.0070056178814734,84.00153594970703,83.55010398864746,0.0054031286558411,1,0.0067992558948081,0.0119051010843872,0.5710732545118511,15.170000076293944,0.0483759361677516,0.3018309724227532,-0.0523659274129112,2,0.045126066
2024-11-19,84.39849853515625,15.65999984741211,23518.5,-0.0009351884172105,-0.0009351884172105,0.0001848966138604,0.0041008976954008,0.006198213302073,84.009833984375,83.55598949432373,0.0054316212733274,1,0.0078901701031187,0.0120738866729942,0.6534363689528667,15.65999984741211,0.0974071019662932,0.4832913491016521,-0.0537357388139539,1,0.075078815
2024-11-21,84.38310241699219,15.989999771118164,23349.900390625,-0.000171756660226,-0.000171756660226,-0.0001587413797373,0.0037397950622435,0.0072058131701151,84.01784408569335,83.5624169921875,0.0054501426586122,1,0.0079762590126353,0.0118104974049181,0.6752961744980864,15.989999771118164,0.0959561071890702,0.6037053967787634,-0.0577536607055386,2,0.06417982
2024-11-22,84.48829650878906,16.100000381469727,23907.25,0.0012466250799483,0.0012466250799483,0.0011018941568692,0.0049337176880421,0.0071486861789247,84.02799194335938,83.56925197601318,0.0054893391588317,1,0.0088217431926859,0.0117874299357999,0.7483391122252372,16.100000381469727,0.0427461670351962,0.6398341290404753,-0.0230813709649421,3,0.058337778
2024-11-25,84.43599700927734,15.300000190734863,24221.900390625,-0.0006190147236105,-0.0006190147236105,0.0001539922629731,0.0041862587058338,0.0059017863781103,84.0370718383789,83.57566646575928,0.0055208099693546,1,0.0092731702650442,0.0118237928218542,0.7842141849543305,15.300000190734863,0.0351827109038207,0.3266062485414851,-0.0087413643827627,1,0.12208202
2024-11-26,84.37750244140625,15.3100004196167,24194.5,-0.0006927681314009,-0.0006927681314009,-0.0011837290762316,0.0036863907022366,0.0067256879479598,84.04476989746094,83.58200546264648,0.0055366514867996,1,0.0096723763660805,0.0114861086282546,0.8420201008885355,15.3100004196167,0.0092287635213352,0.3250493524379904,-0.0083977633607639,1,0.11317159
2024-11-27,84.33910369873047,14.630000114440918,24274.900390625,-0.0004550827123905,-0.0004550827123905,-0.0007037428088965,0.00306013100718,0.005429019016619,84.05285598754882,83.58843299865723,0.0055560676547083,1,0.0098937785618072,0.0114354142707505,0.8651119422204968,14.630000114440918,-0.0657726528101725,0.0566877464352698,0.003891500956741,2,0.12338126
2024-11-28,84.42030334472656,15.210000038146973,23914.150390625,0.000962775775827,0.000962775775827,0.0004408575493057,0.0037847611135457,0.0059424868079083,84.06356597900391,83.59589653015136,0.0055944067623447,1,0.0103143396044903,0.0115501398371034,0.8929282953842888,15.210000038146973,-0.0487804718033868,0.2765784969080331,-0.017461579109339,3,0.09003466
2024-11-29,84.47160339355469,14.43000030517578,24131.099609375,0.0006076743010343,0.0006076743010343,-0.0001975790248373,0.0043851683699638,0.0063151790794355,84.07531799316406,83.60325805664063,0.0056464299059209,1,0.0104178706541623,0.0115947826370813,0.898418932142423,14.43000030517578,-0.1037267103556116,-0.0317300102365275,-0.0137226494362948,2,0.124123886
2024-12-02,84.55699920654297,14.699999809265137,24276.05078125,0.0010109410684489,0.0010109410684489,0.0014330641142583,0.005561910160752,0.0078895635704339,84.09104598999023,83.610524559021,0.0057471404886357,1,0.01072076653539,0.0116682080186214,0.9187227203664606,14.699999809265137,-0.0392157107182956,0.0694403181376766,-0.0026621432351334,3,0.073886134
2024-12-03,84.73709869384766,14.369999885559082,24457.150390625,0.0021299181498242,0.0021299181498242,0.0042617551128765,0.0077060518737217,0.0104132968516936,84.11195388793945,83.61885704040527,0.0058969575163638,1,0.0125169571003803,0.0123059195479629,1.017066622691316,14.369999885559082,-0.0613978124293971,-0.0633042784236783,0.0104026913601147,3,0.09358557
2024-12-04,84.68309783935547,14.449999809265137,24467.44921875,-0.0006372752351043,-0.0006372752351043,0.0040787028263162,0.0070351761529465,0.0090053932909892,84.1333218383789,83.62720951080323,0.0060520054481825,1,0.012929882549568,0.0123408114652229,1.0476486847981878,14.449999809265137,-0.0123035067510428,-0.0354446535148949,0.0067107168879798,1,0.11300154
2024-12-05,84.70700073242188,14.529999732971191,24708.400390625,0.0002822628561811,0.0002822628561811,0.0033960715175898,0.0068153795413834,0.009013649614751,84.15771987915039,83.63581802368164,0.0062401715891746,1,0.0129105908924689,0.0123412248713539,1.0460505319777644,14.529999732971191,-0.0447074492748407,-0.008185662484036,0.0297162072175605,2,0.0785144
2024-12-06,84.68379974365234,14.140000343322754,24677.80078125,-0.0002738969455762,-0.0002738969455762,0.0025120435930288,0.0063135786682835,0.0083505681540485,84.18020385742187,83.64416450500488,0.0064085684349792,1,0.0130597867889363,0.0123552582034297,1.0569370252647567,14.140000343322754,-0.0200970170284062,-0.1666474130112352,0.0191836711647217,2,0.0808335
2024-12-09,84.66600036621094,14.109999656677246,24619.0,-0.0002101863342846,-0.0002101863342846,0.0012890850040896,0.0065349743117915,0.008125438662313,84.20217193603516,83.6525435256958,0.0065703729638599,1,0.0129324370917991,0.0123707624746936,1.0453188960143946,14.109999656677246,-0.0401360653226692,-0.183438039180855,0.0055117194436364,2,0.07131304
2024-12-10,84.84729766845703,13.779999732971191,24610.05078125,0.0021413235709957,0.0021413235709957,0.0013004808555874,0.0070752685893553,0.0102961845031785,84.22663589477538,83.66140701293945,0.0067561484084115,1,0.0137338410792111,0.0130165985011093,1.0550210991713127,13.779999732971191,-0.0410577701660807,-0.3172000222864434,0.0169715789268936,3,0.09038471
2024-12-11,84.8740005493164,13.270000457763672,24641.80078125,0.0003147169278592,0.0003147169278592,0.0022543189235126,0.0067326334490718,0.0106345238652214,84.25177383422852,83.6705615234375,0.0069464373156884,1,0.0136759186968448,0.0130165504485688,1.050575432826408,13.270000457763672,-0.0816608558530821,-0.5207481566421204,0.0204405122729292,2,0.081565514
2024-12-12,84.85710144042969,13.1899995803833,24548.69921875,-0.0001991081930549,-0.0001991081930549,0.0017719988514521,0.005619681679458,0.0104200800004432,84.27458786010742,83.67979904174804,0.0071079140386396,1,0.0135851812399261,0.0130325565562465,1.042323419651348,13.1899995803833,-0.0922229991200336,-0.5535848294376369,0.0168755793729398,2,0.063742705
2024-12-13,84.83920288085938,13.050000190734863,24768.30078125,-0.0002109258891299,-0.0002109258891299,0.0018350987754145,0.0052455166860152,0.0100794998454911,84.2948258972168,83.68889003753662,0.007240338107106,1,0.0136729416202236,0.0130521726926033,1.0474803285159562,13.050000190734863,-0.0770862889761254,-0.6107358124979724,0.0370487342257639,2,0.05630658
2024-12-16,84.802001953125,14.020000457763672,24668.25,-0.0004384874736107,-0.0004384874736107,0.0016063305970024,0.0048189902223505,0.0103318619584853,84.3124739074707,83.69875453948974,0.0073324790955091,1,0.0138429892206831,0.0129970895277599,1.0650018367021348,14.020000457763672,-0.0063783983772801,-0.2268918100334211,0.0470816599976422,2,0.10381995
2024-12-17,84.91729736328125,14.489999771118164,24336.0,0.00135958358884,0.00135958358884,0.0008250079466023,0.0058550497216978,0.0123084700074551,84.33063186645508,83.70864902496338,0.007430329466985,1,0.0144116329777637,0.0131314126878923,1.0974093885315408,14.489999771118164,0.0515239515170793,-0.041552579740542,0.0341355138984633,3,0.059654497
2024-12-18,84.91539764404297,14.369999885559082,24198.849609375,-2.237140485239486e-05,-2.237140485239486e-05,0.0004877476548605,0.0051835899946128,0.0122954905044583,84.3483837890625,83.71886451721191,0.0075194435027383,1,0.0144253956994579,0.0131321767432049,1.0983934794695869,14.369999885559082,0.0828936993104509,-0.0903262370338447,0.0317666562905498,2,0.05244826
2024-12-19,85.16549682617188,14.510000228881836,23951.69921875,0.002945274815497,0.002945274815497,0.0036342908313771,0.0090878191475898,0.0166513964506309,84.37241165161133,83.73028301239013,0.0076690131230796,1,0.0165279059960199,0.0138898551628314,1.189840783902535,14.510000228881836,0.1000758673610342,-0.0375456532387546,0.0184195088441014,4,0.12000804
2024-12-20,85.27940368652344,15.06999969482422,23587.5,0.0013374766143154,0.0013374766143154,0.0051886485341245,0.0106218098630936,0.0189708157214654,84.39970779418945,83.74242004394532,0.0078489223251396,1,0.0166597068970156,0.0138464802424204,1.2030858037247991,15.06999969482422,0.154789231767483,0.181780169846856,0.0101756155443983,3,0.0531224
2024-12-23,84.94499969482422,13.520000457763672,23753.44921875,-0.0039212749766455,-0.0039212749766455,0.0016862543148246,0.0054055201123346,0.0159098743688834,84.41976379394531,83.75240406036377,0.0079682457007508,1,0.0223895305271849,0.0160328620724298,1.396390365967009,13.520000457763672,-0.03566333692401,-0.4383394464021929,-0.0064332276296938,0,0.06977272
2024-12-24,85.0988998413086,13.18000030517578,23727.650390625,0.0018117622819151,0.0018117622819151,0.0021385805208853,0.0078509504892612,0.0193059906581676,84.44282180786132,83.76333904266357,0.0081119350417926,1,0.022770418334638,0.0159336697849624,1.4289858931451815,13.18000030517578,-0.0904071419347782,-0.5751624564531336,-0.0204050876285205,3,0.06392109
2024-12-26,85.41339874267578,14.039999961853027,23750.19921875,0.0027223685636517,0.0027223685636517,0.0058646736922836,0.0122769253805405,0.0221853371028832,84.46772384643555,83.77585403442383,0.0082585826188943,1,0.0238052528450226,0.0166254278222351,1.431771941606537,14.039999961853027,-0.0229645042682069,-0.2351069275771062,-0.0183637099857405,4,0.122977994
2024-12-27,85.26090240478516,13.239999771118164,23813.400390625,-0.0017853912867938,-0.0017853912867938,0.0011202374455467,0.0109296715951294,0.0202627099673049,84.49197189331055,83.78792804718017,0.0084026883411407,1,0.024922959182273,0.0171441493566213,1.453644915181093,13.239999771118164,-0.0875258744128593,-0.5574716595788294,-0.0190114065381801,1,0.08247298
2024-12-30,85.38600158691406,13.970000267028809,23644.900390625,0.0014672514435161,0.0014672514435161,0.0012499841202275,0.011439170483007,0.0210693073064704,84.51856796264649,83.80030555725098,0.0085711191697839,1,0.0251085203211849,0.0172897586638188,1.4521352596126864,13.970000267028809,-0.0729926642382883,-0.2663734879410912,-0.0112590242848666,3,0.0434357
2024-12-31,85.7865982055664,14.449999809265137,23644.80078125,0.004691595943213,0.004691595943213,0.0099075697659161,0.0155673002427234,0.0259455845288549,84.5535139465332,83.81481452941894,0.0088134707600524,1,0.0290171517563979,0.0193731773383894,1.4977230387429747,14.449999809265137,0.0687869319536469,-0.0747616873294616,-0.0201523691832125,4,0.024727847
2025-01-03,85.80400085449219,13.539999961853027,24004.75,0.0002133562810657,0.0002133562810657,0.0082856654374905,0.0147474680943116,0.0249365799814014,84.58851791381836,83.82973903656006,0.0090514283591816,1,0.0290379513270091,0.0193047850027709,1.5041062211581284,13.539999961853027,0.0273140856101403,-0.4391559153939263,-0.0111756555337058,2,0.07103138
2025-01-06,85.75900268554688,15.649999618530272,23616.05078125,-0.0005244297293505,-0.0005244297293505,0.0040462497448707,0.0120597000304591,0.0230438250608968,84.62232391357422,83.84477355957031,0.0092736889968636,1,0.0287919223982991,0.0192829078179032,1.4930543471883138,15.649999618530272,0.1146723405307441,0.4049718769566121,-0.0343907444629123,2,0.11382117
2025-01-07,85.68070220947266,14.65999984741211,23707.900390625,-0.0009130292286784,-0.0009130292286784,0.0049237082044295,0.011780442562572,0.0209855711754431,84.65446792602539,83.85928558349609,0.0094823410072766,1,0.0289478274013064,0.0194353843642266,1.4893627775022795,14.65999984741211,0.1072507629034513,0.0066514292785654,-0.0310432371324975,1,0.066470936
2025-01-08,85.80650329589844,14.470000267028809,23688.94921875,0.0014682546148865,0.0014682546148865,0.0049247148381383,0.0129800672195883,0.021391700147485,84.68891799926757,83.87414260864257,0.0097142619320325,1,0.0291193822833904,0.0195151799795465,1.492063626893594,14.470000267028809,0.0357909799887457,-0.0707667288191484,-0.0412592946430399,3,0.0457116
2025-01-09,85.90750122070312,14.65999984741211,23526.5,0.0011770427756088,0.0011770427756088,0.0014093461876993,0.0144502429125177,0.0223699736655065,84.7257160949707,83.88952461242675,0.0099677699499096,1,0.0290230672478179,0.0195905140616277,1.4814101225929763,14.65999984741211,0.014532874804076,0.0054753736276321,-0.0466532974901373,3,0.05044117
2025-01-10,85.91999816894531,14.920000076293944,23431.5,0.0001454698142142,0.0001454698142142,0.0013518870134019,0.0148111142289748,0.0232944125412537,84.76248001098632,83.90429660797119,0.0102281222501017,1,0.0289178662633139,0.0194700169594395,1.485174930695877,14.920000076293944,0.101920245075987,0.1108091934477275,-0.0482351029692513,2,0.050511666
2025-01-13,86.18800354003906,16.0,23085.94921875,0.0031192432123516,0.0031192432123516,0.0050024002268918,0.0158013974330788,0.0270919133938862,84.80420013427734,83.9207921218872,0.010526688202693,1,0.0297374740213767,0.0201500748487206,1.4757264436077835,16.0,0.0223642421725884,0.5424655013547095,-0.0619300454130387,4,0.0746382
2025-01-14,86.65059661865234,15.470000267028809,23176.05078125,0.0053672559940245,0.0053672559940245,0.0113198699843575,0.0209321589395758,0.0322650218968973,84.8551560974121,83.93972709655762,0.0109057895768645,1,0.0337823244418932,0.0224639807200394,1.5037771393125876,15.470000267028809,0.0552524166471724,0.328322922624189,-0.0594822599619137,4,0.023033837
2025-01-15,86.535400390625,15.260000228881836,23213.19921875,-0.0013294337549032,-0.0013294337549032,0.0084946602731614,0.0197779434096447,0.0308460352068578,84.90407806396485,83.9571921157837,0.0112781993337189,1,0.0344836172366802,0.0227388169559991,1.5164421641302102,15.260000228881836,0.0545957116291913,0.2430200702060268,-0.0544020678285047,1,0.050469585
2025-01-16,86.43099975585938,15.470000267028809,23311.80078125,-0.001206450011144,-0.001206450011144,0.0060937465031294,0.0187625156878876,0.0268830786358398,84.95091598510743,83.97407409667969,0.0116326604244911,1,0.0350516846222842,0.0225362472741508,1.5552779891840192,15.470000267028809,0.0552524166471724,0.3249869903070512,-0.0588050029294942,1,0.054536305
2025-01-17,86.6061019897461,15.75,23203.19921875,0.00202591933891,0.00202591933891,0.0079853798349911,0.021274262341334,0.0304300722422605,85.00120803833008,83.99097160339356,0.0120279169969228,1,0.0349566725129776,0.0224592253105392,1.5563812040912437,15.75,0.0556300214116503,0.4334521338073261,-0.0593901383863874,3,0.09162843
2025-01-20,86.56900024414062,16.420000076293945,23344.75,-0.0004283964380461,-0.0004283964380461,0.0044205305663516,0.0194507236116252,0.0298943109517351,85.04991607666015,84.0067296218872,0.0124178915126003,1,0.0352463439987816,0.0225171713026455,1.565240068790165,16.420000076293945,0.0262500047683715,0.6962832569129991,-0.0407318376068376,2,0.11174425
2025-01-21,86.21109771728516,17.059999465942383,23024.650390625,-0.0041343035710948,-0.0041343035710948,-0.0050720816534179,0.0152587176082439,0.025842656133584,85.09108810424804,84.02105762481689,0.0127352655355661,1,0.0392188756212338,0.024280249597319,1.615191815563069,17.059999465942383,0.102779519810503,0.9459847921481702,-0.0485229354991775,0,0.03467799
2025-01-22,86.45189666748047,16.770000457763672,23155.349609375,0.0027931317031244,0.0027931317031244,-0.0009649660458909,0.0151047065918514,0.0285304662751539,85.13779998779297,84.03649211883545,0.0131051147089786,1,0.0391114732541466,0.0247496876533876,1.580217640894247,16.770000457763672,0.0989515207230427,0.8236818954656662,-0.0332481467014915,4,0.108158186
2025-01-23,86.47270202636719,16.700000762939453,23205.349609375,0.0002406582121239,0.0002406582121239,0.0004824920529162,0.0139928082075968,0.0285956515500924,85.18223007202148,84.05203163146973,0.0134464143056904,1,0.0390606018975227,0.0247474521781049,1.5783048417096524,16.700000762939453,0.079508757251423,0.7895233584751704,-0.0162013944091149,2,0.061132796
2025-01-24,86.44020080566406,16.75,23092.19921875,-0.0003758552692526,-0.0003758552692526,-0.0019155830856083,0.0176019908907121,0.0281503586038145,85.22490615844727,84.06718414306641,0.0137713904323313,1,0.0356498930380691,0.0247886699375811,1.4380947034725924,16.75,0.0634920634920634,0.8031587981136461,-0.0278380623340392,2,0.1061499
2025-01-27,86.2030029296875,18.1299991607666,22829.150390625,-0.0027440690068482,-0.0027440690068482,-0.004227810341126,0.0129743520825513,0.0252010287941502,85.26130828857421,84.08144763946534,0.0140323541308187,1,0.0374491150103764,0.0255777647647348,1.464070503592382,18.1299991607666,0.1041412348676802,1.3436128598410868,-0.0378672133653403,0,0.087570325
2025-01-28,86.46839904785156,18.200000762939453,22957.25,0.0030787340248521,0.0030787340248521,0.0029845499869423,0.0123516956438436,0.0285580022993203,85.30274627685547,84.0969231414795,0.0143384929000003,1,0.0377263924682933,0.026115270945294,1.4445551031125026,18.200000762939453,0.0668230558431672,1.3599146815034655,-0.0333870554704228,4,0.08099908
2025-01-29,86.58460235595703,18.63999938964844,23163.099609375,0.0013438818040467,0.0013438818040467,0.0015350234476287,0.0155252866652462,0.0297662504525546,85.34653228759765,84.1124571609497,0.0146717284014963,1,0.0367917678350934,0.0261743316633597,1.4055893659064722,18.63999938964844,0.1115085796565409,1.5205075550857905,-0.0273081865916979,3,0.04980728
2025-01-30,86.6406021118164,17.389999389648438,23249.5,0.0006467634467979,0.0006467634467979,0.0019416542043293,0.0146932811185132,0.0301848328880236,85.39088439941406,84.12917617797852,0.0149972729884617,1,0.0366962196577779,0.026174195344692,1.4019463531995917,17.389999389648438,0.0413172811488862,1.0197873775472617,-0.0167224384155906,3,0.10252043
2025-01-31,86.64700317382812,16.25,23508.400390625,7.388062704660747e-05,7.388062704660747e-05,0.0023924327597177,0.0100295965367454,0.0302511302649008,85.43427444458008,84.1460631942749,0.0153092278046447,1,0.0337306514688466,0.0261701209777124,1.2888500839368713,16.25,-0.0298507462686566,0.5656035670901002,-0.0057687265748994,2,0.04367243
2025-02-04,86.94339752197266,14.020000457763672,23739.25,0.0044988869796451,0.0044988869796451,0.0085889651998443,0.013279062236418,0.0339412432849837,85.4851724243164,84.16465869903564,0.0156896462920712,1,0.0364632384868526,0.027360481644935,1.3326485370942025,14.020000457763672,-0.2266960227939218,-0.3154669684122492,-0.0110603109801185,4,0.024314558
2025-02-05,87.13009643554688,14.079999923706056,23696.30078125,0.0021473616041636,0.0021473616041636,0.0076524764536132,0.0159877529712815,0.0361639332928496,85.5401123046875,84.18356269836426,0.0161141862240239,1,0.0365239346893936,0.0275297251599562,1.3266608299340432,14.079999923706056,-0.226373662995824,-0.2905100318318793,0.0033981126117714,3,0.10695346
2025-02-06,87.33409881591797,14.18000030517578,23603.349609375,0.0023413537769008,0.0023413537769008,0.0086562326275945,0.0192971878592109,0.0385603718948242,85.59702835083007,84.20217769622803,0.0165654938240928,1,0.0363296337873967,0.0277367688678285,1.3097532811852606,14.18000030517578,-0.2392703449845327,-0.2506844351126818,-0.0044099553114093,3,0.11871556
2025-02-07,87.58830261230469,13.6899995803833,23559.94921875,0.0029107049804513,0.0029107049804513,0.0109382954110268,0.0207653178717914,0.0410621244465796,85.66007446289062,84.22258922576904,0.0170676922941448,1,0.036920597921779,0.0281197392857389,1.312931269218189,13.6899995803833,-0.2127659539463582,-0.4438654626923702,-0.0054455771258058,4,0.093544945
2025-02-10,87.51309967041016,14.449999809265137,23381.599609375,-0.0008585957217073,-0.0008585957217073,0.009995689000859,0.0186898516065801,0.0399346838033891,85.7227864074707,84.24217571258545,0.0175756464307943,1,0.0374895230849287,0.0282667387331377,1.326229998050054,14.449999809265137,-0.1107692425067607,-0.1418557163316476,-0.0061590287813741,1,0.06923957
2025-02-11,87.49009704589844,14.869999885559082,23071.80078125,-0.0002628477861983,-0.0002628477861983,0.0062879935625659,0.0182739631100297,0.0401086882778252,85.78580627441406,84.26190120697021,0.0180853392294191,1,0.0376244512509129,0.0282435569776559,1.332095641672742,14.869999885559082,0.0606276319573668,0.0259677865318583,-0.0153510965473827,2,0.07359757
2025-02-12,86.81120300292969,14.899999618530272,23045.25,-0.0077596672754013,-0.0077596672754013,-0.003659968778447,0.0072306984417049,0.0303853862542269,85.83362426757813,84.27903072357178,0.0184457928699404,1,0.0472434767341906,0.0327626660554771,1.441947206219092,14.899999618530272,0.0582386150047917,0.0396449745255156,-0.0017629432675414,0,0.011748445
2025-02-13,86.8740005493164,14.960000038146973,23031.400390625,0.0007233806722457,0.0007233806722457,-0.0052682545860048,0.0025782157236291,0.0304556258126544,85.88167221069335,84.2964697265625,0.0188050874404688,1,0.0436951186629629,0.0327645190084553,1.3335701672141138,14.960000038146973,0.0550070321709716,0.062583660255507,-0.0062413735623165,3,0.091934875
2025-02-14,86.75409698486328,15.020000457763672,22929.25,-0.0013802007930445,-0.0013802007930445,-0.0095241670698185,0.0025272500416138,0.0281004879191084,85.92561416625976,84.31382369995117,0.0191165623331768,1,0.0437175255144734,0.0329594909247283,1.3263614796973415,15.020000457763672,0.0971512723262721,0.0858026422496791,-0.0122322311575495,1,0.06033959
2025-02-17,86.43460083007812,15.720000267028809,22959.5,-0.0036827788645059,-0.0036827788645059,-0.0123238560214853,4.166415092865528e-05,0.024149119988776,85.95956420898438,84.32929370880127,0.0193321967786497,1,0.0455083907069517,0.0339701916553376,1.3396171429211947,15.720000267028809,0.0878893061956558,0.3623778858262835,-0.0151125511304712,0,0.050529756
2025-02-18,86.85479736328125,15.670000076293944,22945.30078125,0.004861438928019,0.004861438928019,-0.0072613896208607,0.0028715687211577,0.0291425647095004,86.0029981994629,84.34705867767335,0.0196324513000223,1,0.0480435405624808,0.0351239854601343,1.3677881978629909,15.670000076293944,0.0537996097438964,0.3428228936599875,-0.0111147792624906,4,0.021549098
2025-02-19,86.88719940185547,15.420000076293944,22932.900390625,0.0003730598603401,0.0003730598603401,0.0008754215619293,0.0036756709309044,0.0291887635171363,86.04660217285156,84.36448318481445,0.0199387102787336,1,0.0479933163065929,0.0351234623813457,1.3663786732315002,15.420000076293944,0.0348993604749476,0.2441317300785479,-0.0176420655340066,2,0.08163108
2025-02-20,86.872802734375,14.68000030517578,22913.150390625,-0.0001656937682371,-0.0001656937682371,-1.3787956509747625e-05,0.0076754041487767,0.0283543167457429,86.09038223266602,84.38159168243408,0.0202507503847864,1,0.0453416349575764,0.0351358462223821,1.290429843094281,14.68000030517578,-0.0187165596428617,-0.0466605531391582,-0.0048426359622554,2,0.07659892
2025-02-21,86.45120239257812,14.529999732971191,22795.900390625,-0.0048530763199383,-0.0048530763199383,-0.0034914154237349,-8.030765421107589e-06,0.0243215684289315,86.12608627319337,84.39681568145753,0.0204897611097401,1,0.0479585355385139,0.0366058638413057,1.310096809888406,14.529999732971191,-0.0326232163687587,-0.1045548624805368,-0.0155233768789424,0,0.026348893
2025-02-24,86.52940368652344,14.4399995803833,22553.349609375,0.0009045715013911,0.0009045715013911,0.0010968160381938,0.0006557174556538,0.0254352021679051,86.15972839355469,84.41243118286133,0.0206995247762526,1,0.0480459657920577,0.0366024880912277,1.3126062104330516,14.4399995803833,-0.0814249786833773,-0.1376756826117716,-0.028096969490888,3,0.07907394
2025-02-25,86.69010162353516,13.720000267028809,22547.55078125,0.0018571483237523,0.0018571483237523,-0.0018962192618702,0.0028910254203704,0.0260604747134065,86.19605041503907,84.42898170471192,0.0209296461315549,1,0.0483964905047288,0.0366799536665109,1.3193901921070827,13.720000267028809,-0.1244415953906187,-0.4193134256049322,-0.023585819277783,3,0.07114928
2025-02-27,87.16220092773438,13.3100004196167,22545.05078125,0.0009301810501873,0.0009301810501873,0.0031650407398564,0.0111271993486032,0.0322872236370643,86.24215240478516,84.4474287033081,0.0212525559278129,1,0.0472469019786808,0.0366336434042464,1.2896782277183123,13.3100004196167,-0.1368352559168315,-0.5779091755883566,-0.012444598441634,3,0.07423909
2025-02-28,87.3270034790039,13.90999984741211,22124.69921875,0.0018907571116311,0.0018907571116311,0.0052283422467407,0.0099296903910202,0.0349560125893257,86.29190841674804,84.46671421051025,0.0216084433175534,1,0.0465623734016245,0.0366740418103438,1.2695929194139897,13.90999984741211,-0.0524523461686978,-0.338472434232844,-0.0362652661468598,3,0.07933093
2025-03-03,87.46399688720703,13.760000228881836,22119.30078125,0.0015687405126187,0.0015687405126187,0.0117152158281126,0.0101564771024151,0.0370515342401438,86.34514831542968,84.48671268463134,0.0219967799875873,1,0.0466316582392402,0.0366880088207315,1.2709980383250494,13.760000228881836,-0.0529937727625753,-0.3954007861799472,-0.0450630030405142,3,0.04939567
2025-03-04,87.32959747314453,13.829999923706056,22082.650390625,-0.0015366255698995,-0.0015366255698995,0.0092476516944461,0.007952338101701,0.0344620193620721,86.39339431762696,84.50606369018554,0.0223336710411776,1,0.0470516491460663,0.0369027237652791,1.2749837779334052,13.829999923706056,-0.0422437447647801,-0.364310650261958,-0.0501881592883718,1,0.06226523
2025-03-05,87.21700286865234,13.670000076293944,22337.30078125,-0.0012893063491654,-0.0012893063491654,0.0060779862435198,0.0065784121082723,0.03250085667614,86.43942642211914,84.5245246887207,0.0226549837511711,1,0.0473404095471101,0.0370688086112493,1.2770610726256628,13.670000076293944,-0.0036443286998341,-0.4240695592048135,-0.0498162184544902,1,0.05558473
2025-03-06,86.88929748535156,13.729999542236328,22544.69921875,-0.0037573566222437,-0.0037573566222437,-0.0031309838379262,-0.0006222443355451,0.0275825573364023,86.47390243530273,84.54144367218018,0.0228581235330673,1,0.0464215983151403,0.0379861104448254,1.222035521300458,13.729999542236328,0.0315551547241592,-0.3979333074017862,-0.0503196512632033,0,0.054417007
2025-03-07,87.12879943847656,13.470000267028809,22552.5,0.00275640337828,0.00275640337828,-0.0022696764188754,-1.4885752723459156e-05,0.0282249543764774,86.5108903503418,84.55946666717529,0.0230775306429886,1,0.0468620847152982,0.0381248219894582,1.229142934367567,13.470000267028809,-0.0316318896628284,-0.4981423421003794,-0.0482691704417866,4,0.10565426
2025-03-10,87.07379913330078,13.989999771118164,22460.30078125,-0.0006312528754011,-0.0006312528754011,-0.0044612385414931,-0.0029805045926659,0.0282311506657502,86.55346633911132,84.57781017303466,0.0233590366318865,1,0.0459445849467121,0.0381241739043441,1.2050983704884064,13.989999771118164,0.0167150827333248,-0.2901323905497175,-0.0484273989515027,1,0.107189775
2025-03-11,87.3551025390625,14.06999969482422,22497.900390625,0.0032306320450203,0.0032306320450203,0.0002920552327727,-0.0026624568154313,0.0312619002413463,86.5985903930664,84.59723518371582,0.0236574541118788,1,0.0462432810606704,0.038548634694802,1.199577672441751,14.06999969482422,0.017353562721774,-0.2559580333895437,-0.0450785703425785,4,0.08403337
2025-03-12,87.20010375976562,13.6899995803833,22470.5,-0.0017743528974459,-0.0017743528974459,-0.0001937593397031,-0.0035765606728973,0.0297141132510636,86.6343244934082,84.61666069030761,0.0238447580729417,1,0.0464815747516001,0.0387748689447484,1.1987242585802915,13.6899995803833,0.001463021505321,-0.4022283820128922,-0.0389665217348811,1,0.09380483
2025-03-13,87.3405990600586,13.279999732971191,22397.19921875,0.0016111827192319,0.0016111827192319,0.005193983468253,-0.0017087417992166,0.0315899969560278,86.67591842651368,84.63677967071533,0.0240928206830617,1,0.0469920327145976,0.0388297932253518,1.2101744211580383,13.279999732971191,-0.0327749325759876,-0.5605655096243405,-0.0292392244929678,3,0.05812087
2025-03-17,86.93900299072266,13.420000076293944,22508.75,0.0001945044932205,0.0001945044932205,-0.0021783434292346,0.0014721600827103,0.0246525862313142,86.70697845458984,84.65513919830322,0.0242376219059805,1,0.0383475178486816,0.0386753657695047,0.9914974451637232,13.420000076293944,-0.0037119665733974,-0.5021554206519568,-0.0232802855252166,2,0.052080374
2025-03-18,86.91639709472656,13.210000038146973,22834.30078125,-0.0002600201890802,-0.0002600201890802,-0.0018076854362728,0.0004880234033437,0.0240638656383753,86.72957443237304,84.67328918457031,0.0242849340991166,1,0.0382932317424179,0.0386973611147792,0.989531097424005,13.210000038146973,-0.0557540919036662,-0.5820755304324636,-0.0085578647425724,2,0.103524044
2025-03-19,86.57610321044922,13.300000190734863,22907.599609375,-0.0039151862669418,-0.0039151862669418,-0.0089176167844911,-0.0020517045373098,0.0202576065036381,86.7450164794922,84.69090869903565,0.0242541709849422,1,0.0404256646416918,0.0396286427246768,1.0200865277172773,13.300000190734863,-0.0547263341002494,-0.5445331788832052,-0.0009442258523502,0,0.036490805
2025-03-20,86.33709716796875,12.600000381469728,23190.650390625,-0.0027606468022647,-0.0027606468022647,-0.0098968528085062,-0.0011280628495184,0.0176556855350571,86.75657836914063,84.70686569213868,0.0241977159732422,1,0.0395060207551325,0.0400949508278499,0.9852870411964988,12.600000381469728,-0.0796201046255294,-0.8170980226703496,0.0100677449694026,0,0.081475064
2025-03-21,86.33609771728516,12.579999923706056,23350.400390625,-1.157614416491537e-05,-1.157614416491537e-05,-0.0115009669453114,-0.0059720321933003,0.0180903248605868,86.76968627929688,84.72251369476318,0.0241632654091121,1,0.0352735531884254,0.0400726132958241,0.8802189342906369,12.579999923706056,-0.0527108300708166,-0.8225446352763036,0.0176550141241134,2,0.0645439
2025-03-24,85.98699951171875,13.699999809265137,23658.349609375,-0.0040434790869232,-0.0040434790869232,-0.0109502461065201,-0.0103605582448718,0.0125969876768599,86.77329620361328,84.73562068939209,0.0240474489670703,1,0.0375085712105096,0.0409365426189758,0.9162389535595424,13.699999809265137,0.0208643615036787,-0.3809774455003481,0.0316335573081965,0,0.041924547
2025-03-25,85.53209686279297,13.640000343322754,23668.650390625,-0.0052903654216215,-0.0052903654216215,-0.0159268018257234,-0.015432975907102,0.0072625134646975,86.76578811645508,84.74667667388916,0.0238252580727809,1,0.0410074028851934,0.0423874831026343,0.9674185034152556,13.640000343322754,0.0325511206611699,-0.4046008318518378,0.0329723319194517,0,0.030203167
2025-03-26,85.59040069580078,13.470000267028809,23486.849609375,0.0006816602789634,0.0006816602789634,-0.0113853878621955,-0.0099570818329213,0.0049891550623624,86.75919616699218,84.75737468719483,0.0236182572570855,1,0.0383814690171418,0.0420154538333972,0.9134866347676835,13.470000267028809,0.0127819604402992,-0.469835141355418,0.0303102403024255,3,0.10799917
2025-03-27,86.09539794921875,13.300000190734863,23591.94921875,0.0059001622765244,0.0059001622765244,-0.0027994828026216,-0.0050157023949568,0.0095684799309199,86.75734405517578,84.77238468170167,0.0234151649847662,1,0.0440942068980771,0.0435301626419501,1.0129342802249093,13.300000190734863,0.055555538735903,-0.5361131927737959,0.0460507918940462,4,0.015606398
2025-03-28,85.69490051269531,12.720000267028809,23519.349609375,-0.0046517868093212,-0.0046517868093212,-0.0074267568438116,-0.0114799855139362,0.0088280748786297,86.73823013305665,84.78271217346192,0.0230650554749158,1,0.0459539378689976,0.0438321169483614,1.0483839860882964,12.720000267028809,0.0111288031933078,-0.7621455578912081,0.0430999729218095,0,0.038157236
2025-04-01,85.46810150146484,13.779999732971191,23165.69921875,-0.0008265441712804,-0.0008265441712804,-0.0060346100364065,-0.0194361708198959,0.004338500977624,86.71688415527343,84.79314868927003,0.0226873927403388,1,0.0456519167080105,0.0437430561628714,1.0436141664146463,13.779999732971191,0.0058394105707908,-0.3452263024769025,0.0275292543592837,1,0.09577667
2025-04-02,85.61009979248047,13.720000267028809,23332.349609375,0.0016614185704497,0.0016614185704497,0.0009119726108508,-0.0196606275049415,0.0023029296656054,86.70046615600586,84.803833694458,0.0223649377501173,1,0.0454999692567815,0.0435363048394574,1.0450800623640195,13.720000267028809,0.0058650968982723,-0.3681381158008356,0.0545838105496843,3,0.062083054
2025-04-03,85.65119934082031,13.600000381469728,23250.099609375,0.0004800782669271,0.0004800782669271,0.0007103442036171,-0.0207262143385065,0.0045776777517809,86.68136810302734,84.81445167541504,0.0220117726488049,1,0.0449917899652122,0.0433748830921547,1.0372535786677684,13.600000381469728,0.0096510847708835,-0.4155417403413498,0.0511227203476318,2,0.10443238
2025-04-04,85.28289794921875,13.760000228881836,22904.44921875,-0.0043000144123613,-0.0043000144123613,-0.0094372059291628,-0.0234364932754348,-0.0012075004775854,86.6556460571289,84.82321716308594,0.021602916693431,1,0.0466444831747129,0.044176889972763,1.055833205331233,13.760000228881836,0.0345864685376036,-0.3550177848184541,0.0372146827300172,0,0.02983531
2025-04-07,85.529296875,22.790000915527344,22161.599609375,0.0028891950403464,0.0028891950403464,-0.0019324794906644,-0.0193506534063547,-0.0029993184943625,86.6420100402832,84.83287963867187,0.0213258162320664,1,0.0483185804165523,0.0435473683474853,1.1095382502279771,22.790000915527344,0.7916667010299308,3.125037341125211,-0.0078658193125323,4,0.100311145
2025-04-08,86.0270004272461,20.440000534057617,22535.849609375,0.0058191002432006,0.0058191002432006,0.0065392692239885,-0.0099240882716405,0.0025989414308555,86.63351211547851,84.84534313201904,0.0210756291088018,1,0.0517274656342785,0.0450718942476714,1.1476402058860666,20.440000534057617,0.4833092111860602,2.186263020466098,-0.0003925361473725,4,0.020387843
2025-04-09,86.435302734375,21.43000030517578,22399.150390625,0.0047462111325642,0.0047462111325642,0.0096390839853572,-0.0079594429002921,0.0078860530982143,86.63276412963867,84.85990913391113,0.0208915495411377,1,0.0535648763185684,0.0460001521122752,1.1644246689263846,21.43000030517578,0.5619533446129183,2.522702788019222,-0.0067996722924287,4,0.031671625
2025-04-11,86.2603988647461,20.11000061035156,22828.55078125,0.0005927630341715,0.0005927630341715,0.0071125626799652,-0.0093415042946438,0.0067657785280073,86.62916809082031,84.87366062164307,0.0206837722836428,1,0.053568097248423,0.0459533353906969,1.1656810351622993,20.11000061035156,0.4786764739912681,1.9978751630386435,0.0163955952142642,3,0.11290002
2025-04-15,86.0447998046875,16.1299991607666,23328.55078125,-0.0017194086225709,-0.0017194086225709,0.0089338176092752,-0.0149997275063477,0.0027771380913554,86.62600402832031,84.88701412200928,0.0204859356203948,1,0.0525397255411936,0.0460389077568269,1.1411779063219971,16.1299991607666,0.1722382916033829,0.4957623849536726,0.03692124048034,1,0.08353579
2025-04-16,85.72669982910156,15.869999885559082,23437.19921875,-0.0036969111010541,-0.0036969111010541,0.0023080156310657,-0.0168968139616353,-0.0021046054073563,86.61117004394531,84.89855010986328,0.0201725463139925,1,0.0536587333944505,0.0466264540038598,1.150796983039407,15.869999885559082,-0.303641981218768,0.3925087601403337,0.0430208147905031,0,0.052880235
2025-04-17,85.62049865722656,15.470000267028809,23851.650390625,-0.0012388342498511,-0.0012388342498511,-0.0047252812256695,-0.0196941676762398,-0.0034857951361898,86.5918879699707,84.90864459991455,0.0198241695882381,1,0.0532674197840809,0.0467001562050756,1.140601734787279,15.470000267028809,-0.2431506916424819,0.2360832180639175,0.0649389755241089,1,0.05716139
2025-04-23,85.2323989868164,15.960000038146973,24328.94921875,0.0008631110683468,0.0008631110683468,-0.0139168107185931,-0.0196299007947947,-0.0110874427295293,86.5637239074707,84.91699409484863,0.0193922292018808,1,0.0534217376317073,0.0463145794505076,1.1534291110142172,15.960000038146973,-0.2552496588489404,0.4160537538595362,0.0808662950519243,3,0.054823868
2025-04-24,85.4999008178711,16.25,24246.69921875,0.0031384993762297,0.0031384993762297,-0.0088163057078769,-0.0162972272690006,-0.0132797216139831,86.54078186035156,84.92719158172608,0.0189996895996815,1,0.0548383724392983,0.0454751533496147,1.2058709543374988,16.25,-0.1919443308402803,0.5205020622938243,0.0618542451126757,4,0.09779018
2025-04-25,85.2573013305664,17.15999984741211,24039.349609375,-0.0028374241956311,-0.0028374241956311,-0.0091521913690151,-0.0152328625449573,-0.0147696671453438,86.50705993652343,84.93640510559082,0.0184921274803191,1,0.0540573802968391,0.0457511385972719,1.1815268521690998,17.15999984741211,0.0638562145217467,0.8605805608177879,0.049405001802844,0,0.0676344
2025-04-28,85.38490295410156,16.940000534057617,24328.5,0.0014966650544145,0.0014966650544145,-0.0039870527581415,-0.0110287957911614,-0.0121032593017864,86.47215606689453,84.94542762756348,0.0179730502508608,1,0.0535448196453417,0.0457907938112199,1.1693103761360413,16.940000534057617,0.0674228516833312,0.7700003095066639,0.0490650150042788,3,0.04953391
2025-04-29,85.1603012084961,17.3700008392334,24335.94921875,-0.002630462035264,-0.002630462035264,-0.005374851302523,-0.0136188285071594,-0.0166939828491666,86.4286801147461,84.95397464752197,0.0173588754774893,1,0.0543049025112103,0.0459008813953494,1.1830648518191738,17.3700008392334,0.1228183929805133,0.927548838495122,0.0422069348549882,0,0.07516832
2025-04-30,85.1707992553711,18.21999931335449,24334.19921875,0.0001232739519003,0.0001232739519003,-0.0007227267116445,-0.0094921355668006,-0.0161512895473708,86.38033004760742,84.96299114227295,0.016681838601481,1,0.052417768348023,0.045896758880559,1.142055072545724,18.21999931335449,0.1416039642735433,1.2441719354808614,0.0285670649277742,2,0.04950619
2025-05-02,84.69670104980469,18.26000022888184,24346.69921875,0.0019579097686366,0.0019579097686366,-0.0093941602315698,-0.0097670446958454,-0.017566145282672,86.32400207519531,84.96926815032958,0.0159438106783371,0,0.0490031800694186,0.0453142993985779,1.0813826835480735,18.26000022888184,0.123692321777344,1.2491276575286951,0.0286475492659932,3,0.08842186
2025-05-05,84.52629852294922,18.34000015258789,24461.150390625,-0.0020119145697925,-0.0020119145697925,-0.0085740786561245,-0.0124324943475088,-0.0222736367709509,86.26472610473633,84.97450412750244,0.0151836364387361,0,0.0496932040927724,0.0451433732433366,1.100761856298608,18.34000015258789,0.0687645871601645,1.269132136740707,0.0414828211298758,0,0.10642244
2025-05-06,84.2208023071289,19.0,24379.599609375,-0.0036142149976834,-0.0036142149976834,-0.0136335652638548,-0.0217734709025391,-0.0260417411098318,86.21291809082031,84.97815212249756,0.0145303932538189,0,0.0469762259113131,0.0456997164519857,1.0279100538974588,19.0,0.1216056316999982,1.5077161958170937,0.0333864058167352,0,0.04144931
2025-05-07,84.79319763183594,19.059999465942383,24414.400390625,0.0067963651381479,0.0067963651381479,-0.0043107360055172,-0.0105222466618745,-0.0190536713066058,86.1713020324707,84.98465110778808,0.0139631205072261,0,0.0498911051403376,0.0477326857082149,1.0451970008205624,19.059999465942383,0.0972941016152288,1.516239027149863,0.0380559325030496,4,0.0031599246
2025-05-08,84.81719970703125,21.01000022888184,24273.80078125,0.0002830660461647,0.0002830660461647,-0.0041516523436586,-0.0076157277744427,-0.0160760434736432,86.13256408691406,84.99137660980224,0.0134270972260048,0,0.049704599858959,0.0474057977455225,1.0484698866557285,21.01000022888184,0.1531284863157156,2.2264118625116733,0.0478337196747817,2,0.066293634
2025-05-09,86.08219909667969,21.6299991607666,24008.0,0.0149144205894311,0.0149144205894311,0.0163583472520407,0.0055145281379602,-0.0044663710144344,86.1255160522461,85.00449958801269,0.0131877308809131,1,0.0706625639011514,0.0556627330334899,1.2694542757065457,21.6299991607666,0.1845563466398228,2.430731701442388,0.0289576661560704,4,9.538328e-06
2025-05-12,85.4083023071289,18.38999938964844,24924.69921875,-0.0078285266480462,-0.0078285266480462,0.010434667075126,-0.0028358859602757,-0.0135855569791988,86.09658615112305,85.01407611846923,0.0127333034960623,1,0.0770774677834302,0.0579046807931101,1.3310864621179144,18.38999938964844,0.0027262397298015,1.207742681731008,0.0720254810736278,0,0.006361355
2025-05-13,84.9656982421875,18.200000762939453,24578.349609375,-0.0051822135903111,-0.0051822135903111,0.0088445599501911,-0.0037193823692543,-0.0193316277680909,86.05815612792969,85.0214250946045,0.0121937621272709,0,0.0778486962372461,0.0588466985290348,1.32288429595656,18.200000762939453,-0.0421052230031866,1.128525370955706,0.0730818879178598,0,0.021200942
2025-05-14,85.060302734375,17.229999542236328,24666.900390625,0.0011134433559039,0.0011134433559039,0.0031500770108801,-0.0054834326688132,-0.0183122367921939,86.02190612792968,85.02913410186767,0.0116756690109609,1,0.0774362669581725,0.0588882084623392,1.3149483407931086,17.229999542236328,-0.0960125905027444,0.7557703884413786,0.1130469291661684,3,0.057379354
2025-05-15,85.48760223388672,16.889999389648438,25062.099609375,0.0050234890515976,0.0050234890515976,0.007904087015029,-0.006270103463802,-0.0167441729858558,86.00263412475586,85.03897060394287,0.0113320224124198,1,0.0767976892146756,0.0590593502160666,1.3003256657591538,16.889999389648438,-0.1960971344288591,0.6209359002802958,0.1120991683823213,4,0.02036398
2025-05-16,85.44490051269531,16.549999237060547,25019.80078125,-0.0004995077657526,-0.0004995077657526,-0.0074033724820229,-0.0114583068531998,-0.0193411460768686,85.9809440612793,85.0482571029663,0.0109665616919558,1,0.0752692098685545,0.0589110656004463,1.277653551974321,16.549999237060547,-0.2348589977257313,0.4867575278659691,0.116997758616856,2,0.095250085
2025-05-19,85.50029754638672,17.360000610351562,24945.44921875,0.0006483363355684,0.0006483363355684,0.0010771229116228,-0.0088117065114803,-0.0209975404154169,85.95714797973633,85.05789810180664,0.01057220902465,1,0.0752727361108912,0.0587334390913784,1.2815775084492185,17.360000610351562,-0.0560086358608937,0.7887900286155164,0.0927303032848976,3,0.09638487
2025-05-20,85.37210083007812,17.389999389648438,24683.900390625,-0.0014993715810057,-0.0014993715810057,0.0047831371517974,-0.0078180084808882,-0.025302485790097,85.9213459777832,85.06638710021973,0.0100504900549758,1,0.0752042910040378,0.0584956318710573,1.285617455203382,17.389999389648438,-0.0445055680953825,0.7951139117249456,0.0580983200407092,1,0.066172056
2025-05-21,85.53610229492188,17.549999237060547,24813.44921875,0.001921019434325,0.001921019434325,0.0055936734910606,-0.0022233158929441,-0.0225908736284511,85.88552795410156,85.07541610717773,0.0095222789848392,1,0.0739944666637032,0.0586145078294778,1.262370137250459,17.549999237060547,0.0185722404716144,0.8536384776042948,0.0587207535830043,3,0.09293465
2025-05-22,85.60030364990234,17.260000228881836,24609.69921875,0.0007505761106474,0.0007505761106474,0.0013183363794353,-0.0002358664997393,-0.0216000834357822,85.84825408935546,85.0850611114502,0.0089697647029434,1,0.0737187721074382,0.0586354927058731,1.257216601907268,17.260000228881836,0.0219065040026091,0.743001567172886,0.0317818186880247,3,0.08519231
2025-05-23,85.97489929199219,17.280000686645508,24853.150390625,0.0043761017907355,0.0043761017907355,0.0062028134636089,0.0087114796016785,-0.0096335920020516,85.82116012573242,85.09640159606934,0.0085169115975469,1,0.0748629853716609,0.0571518548124343,1.3098730696366458,17.280000686645508,0.0441088509508968,0.7501277432087953,0.0215463959072677,4,0.024062468
2025-05-26,85.19930267333984,18.020000457763672,25001.150390625,-0.0090211983385781,-0.0090211983385781,-0.0035203956206535,-0.0035157718506781,-0.0192773196282801,85.78080612182617,85.10368312835693,0.0079564475775739,1,0.0815900269357503,0.0600034571081698,1.3597327743282186,18.020000457763672,0.0380184230534277,1.0314195405641262,0.0311156238244412,0,0.011598846
2025-05-27,85.158203125,18.540000915527344,24826.19921875,-0.0004823930132084,-0.0004823930132084,-0.0025054754773325,-0.0011623427439038,-0.0183956022289267,85.74618423461914,85.1107861328125,0.0074655414510578,1,0.0808888100043994,0.0599468951368343,1.3493186010912688,18.540000915527344,0.0661300498126213,1.228477598055432,0.0327317345169828,2,0.10331349
2025-05-28,85.3604965209961,18.020000457763672,24752.44921875,0.0023755009919497,0.0023755009919497,-0.0020530018227894,-0.0002858401457526,-0.012426786249567,85.71081817626953,85.11894962310791,0.0069534287697663,1,0.0811074399010465,0.0596557103441269,1.359569433734814,18.020000457763672,0.0267806975005797,1.0412674727293112,0.0174260319686787,4,0.09832382
2025-05-29,85.38590240478516,16.420000076293945,24833.599609375,0.0002976304593402,0.0002976304593402,-0.0025046785580816,0.002649135725069,-0.0169120762823526,85.67706024169922,85.12712661743164,0.0064601455037831,1,0.0803791278504916,0.058868757101856,1.365372167434295,16.420000076293945,-0.0486674473608804,0.4392164155570902,0.0204491875846608,2,0.06620156
2025-05-30,85.36129760742188,16.079999923706055,24750.69921875,-0.0002881599499485,-0.0002881599499485,-0.0071369863718754,0.0022366627261487,-0.0175618710804138,85.6371841430664,85.13523811340332,0.0058958668676591,1,0.0804158736587935,0.0588679111061703,1.3660159861588597,16.079999923706055,-0.0694444858365572,0.3172417385132707,0.0171158293008089,2,0.06877788
2025-06-02,85.52429962158203,17.15999984741211,24716.599609375,0.0019095540804663,0.0019095540804663,0.0038145493923611,0.0097713200339488,-0.0155227305940179,85.60366806030274,85.14427062988281,0.0053955178313394,1,0.0804048318720926,0.0589876883603098,1.3630550891548985,17.15999984741211,-0.0477247829358984,0.7437998332063303,0.0151930406377276,3,0.0996312
2025-06-03,85.36370086669922,16.559999465942383,24542.5,-0.0018778143240389,-0.0018778143240389,0.0024131291426801,0.0099070035998636,-0.0125793684272952,85.56413009643555,85.15236965179443,0.0048355723548845,1,0.0803538895165096,0.0582780518197932,1.3787782574942145,16.559999465942383,-0.106796189418022,0.5182517391507839,0.0033256657220086,1,0.10039995
2025-06-04,85.70880126953125,15.75,24620.19921875,0.0040427066695587,0.0040427066695587,0.0040803974054846,0.0176678317190097,-0.0094835094433916,85.53952606201172,85.1622371673584,0.0044302370064783,1,0.0798120311830671,0.0587901110089559,1.3575526948437642,15.75,-0.1259711653772834,0.2133895261450296,0.0098688909264317,4,0.057128213
2025-06-05,85.9041976928711,15.079999923706056,24750.900390625,0.0022797708105306,0.0022797708105306,0.0060700335007162,0.0131024668495109,-0.0090656708891283,85.51928207397461,85.17174514770508,0.0040804250948107,1,0.0770553967909303,0.0588460802288628,1.309417501960222,15.079999923706056,-0.0816078042851222,-0.0428982112191515,0.0137828492453664,4,0.10757792
2025-06-06,85.87750244140625,14.630000114440918,25003.05078125,-0.0003107560769065,-0.0003107560769065,0.0060472936617999,0.0125010344368525,-0.0147391698770119,85.50531005859375,85.18145816802979,0.0038019059256431,1,0.0771166398064696,0.0588320043891037,1.3107717446561713,14.630000114440918,-0.0901741179194575,-0.2155783267396391,0.0300426787947976,2,0.091333605
2025-06-09,85.7853012084961,14.6899995803833,25103.19921875,-0.0010736366369418,-0.0010736366369418,0.0030517828040559,-0.0034490044550342,-0.0176543590079611,85.4942741394043,85.19067268371582,0.0035637875148097,1,0.0569940932170334,0.0587712647346711,0.9697447167356016,14.6899995803833,-0.1439394107804323,-0.1824390803667161,0.0456180947496667,1,0.061268408
2025-06-10,85.75599670410156,14.020000457763672,25104.25,-0.0003416028618155,-0.0003416028618155,0.0045955814171523,0.0040709671961671,-0.0195280371797791,85.48267211914063,85.19950767517089,0.0033235455426494,1,0.0497377118250188,0.058699862439005,0.8473080251027049,14.020000457763672,-0.1533815875660215,-0.4538467834881522,0.0072037291071873,2,0.08080146
2025-06-11,85.65280151367188,13.670000076293944,25141.400390625,-0.0012033583002453,-0.0012033583002453,-0.0006533722911754,0.0080868313413473,-0.0192007750864567,85.47598815917969,85.20802268981933,0.003144838489397,1,0.0460905647407761,0.0586668329204964,0.7856190086863382,13.670000076293944,-0.1320634872194321,-0.6014726726891892,0.022908404762671,1,0.05567786
2025-06-12,85.46980285644531,14.020000457763672,24888.19921875,-0.0021365168913635,-0.0021365168913635,-0.0050567358533381,0.0048142330664997,-0.0200327912533098,85.47474227905273,85.21592170715331,0.0030372325583576,1,0.0468149982550241,0.0587706188189824,0.7965579168274248,14.020000457763672,-0.0702917421289932,-0.4459257292088401,0.0089714891056642,0,0.110344574
2025-06-13,85.68840026855469,15.079999923706056,24718.599609375,0.0025575981785816,0.0025575981785816,-0.0022019989808225,0.0023488556167314,-0.0138210027189981,85.47670227050781,85.2249536895752,0.0029539303928469,1,0.044349977986876,0.0584640499845327,0.7585724804581385,15.079999923706056,0.0307587016913932,0.0476213039330799,-0.0137059546228722,4,0.11104772
2025-06-16,86.24919891357422,14.84000015258789,24946.5,0.0065446273155052,0.0065446273155052,0.0054076595703809,0.0094130649816768,-0.0100954050850138,85.47977828979492,85.23645816802978,0.0028546484332498,1,0.0495297472373035,0.059629687616916,0.8306083531267695,14.84000015258789,0.0102110671538,-0.0478794989850216,-0.0029297108274711,4,0.008442468
2025-06-17,86.10420227050781,14.399999618530272,24853.400390625,-0.0016811361136431,-0.0016811361136431,0.0040604223586568,0.0070631885671912,-0.0111353457922356,85.48796432495118,85.24753017425537,0.0028204236557274,1,0.0500671780518776,0.0597268162770127,0.8382556264851575,14.399999618530272,0.0271040762025205,-0.2527927113677358,-0.0036900048308535,1,0.080408394
2025-06-18,86.36270141601562,14.279999732971191,24812.05078125,0.0030021664296442,0.0030021664296442,0.0082881107190688,0.0116033291474126,-0.0113605398448602,85.50585632324218,85.25995067596436,0.002884187069406,1,0.0504106839897986,0.0596813321337768,0.8446500360743949,14.279999732971191,0.0446232372547743,-0.3093265261220212,0.005191658878743,4,0.068011194
2025-06-19,86.61360168457031,14.260000228881836,24793.25,0.0029051924550864,0.0029051924550864,0.0133824905393324,0.0125970129657451,-0.0067259332260786,85.52592636108399,85.2741216659546,0.0029528852389215,1,0.0508601612046811,0.0597889784388957,0.8506469233244386,14.260000228881836,0.0171183853981446,-0.3129948414692396,-0.0008140431655401,4,0.080482855
2025-06-20,86.58380126953125,13.670000076293944,25112.400390625,-0.0003440616076397,-0.0003440616076397,0.0104495007278733,0.0114894174166872,-0.0086649026760962,85.5445783996582,85.28759765625,0.0030131080071449,1,0.0509609046409156,0.0597378361041427,0.8530615586831233,13.670000076293944,-0.0935013166144361,-0.6229012088748748,0.020426953105221,2,0.09228538
2025-06-23,86.5802993774414,14.050000190734863,24971.900390625,-4.044511835354925e-05,-4.044511835354925e-05,0.0038388816132537,0.0070415910973402,-0.0041259227842712,85.57052642822265,85.30079616546631,0.0031621072121428,1,0.0490422878867878,0.0597403066771314,0.8209108674477803,14.050000190734863,-0.0532344982297903,-0.4141391312218455,0.0047780662867109,2,0.048282042
2025-06-24,86.23300170898438,13.640000343322754,25044.349609375,-0.0040112782117212,-0.0040112782117212,0.0014958554295865,0.0121327170905118,-0.0078626750369942,85.58460052490234,85.31289218902587,0.0031848449736582,1,0.0390466993665104,0.0603334572223578,0.6471708069338719,13.640000343322754,-0.0527777288430988,-0.6287956448600817,0.0017278892400967,0,0.056418657
2025-06-25,85.90480041503906,12.960000038146973,25244.75,-0.0038059824828191,-0.0038059824828191,-0.0053020689889125,0.0087671799385335,-0.0077539040279781,85.5821565246582,85.32299770355225,0.0030373853249552,1,0.0417846246260296,0.0603037901226535,0.692890640047733,12.960000038146973,-0.0924369551475874,-0.9883315381982394,0.0168592371938225,0,0.045779787
2025-06-26,86.006103515625,12.59000015258789,25549.0,0.0011792484249599,0.0011792484249599,-0.0070138887787821,0.0075632994293808,-0.0038337361713679,85.57357254028321,85.33342021942138,0.0028142821446077,1,0.0412813360269948,0.0600392851852822,0.687560625330176,12.59000015258789,-0.1171108029094958,-1.1797142403151106,0.0321806854025019,3,0.04691433
2025-06-27,85.66639709472656,12.390000343322754,25637.80078125,-0.0039497943403135,-0.0039497943403135,-0.0105955636199068,0.0032850234294143,-0.0077569016930969,85.56169250488281,85.34204471588134,0.0025737347837484,1,0.0439036993239531,0.060618727122298,0.7242477227813824,12.390000343322754,-0.0936356785535738,-1.2813578661507394,0.0323835925731605,0,0.044112395
2025-06-30,85.4552993774414,12.789999961853027,25517.05078125,-0.0024641834423331,-0.0024641834423331,-0.012993718063917,0.0011012223648689,-0.0061834944502846,85.5499024963379,85.3498456954956,0.0023439620682623,1,0.0448209923302192,0.0602535369129251,0.7438608713397098,12.789999961853027,-0.0896797303755718,-1.0678144447260665,0.0309628247560556,0,0.10832678
2025-07-01,85.71399688720703,12.529999732971191,25541.80078125,0.0030272845762671,0.0030272845762671,-0.0060186333711177,0.0022180510856486,0.0021266873031986,85.5496484375,85.3590966796875,0.002232354432329,1,0.0455644175763339,0.0594659289099193,0.7662144054110327,12.529999732971191,-0.0813783418191002,-1.2043632970330085,0.0333865169528417,4,0.099886455
2025-07-02,85.6427993774414,12.449999809265137,25453.400390625,-0.0008306404128991,-0.0008306404128991,-0.0030498998464791,0.003269522149444,0.0006122027845956,85.5500944519043,85.36767417907714,0.0021368776247141,1,0.045131298131737,0.0595063845443769,0.7584150854097939,12.449999809265137,-0.0393518693966574,-1.2413157849994918,0.0371152242283794,1,0.09163199
2025-07-03,85.69409942626953,12.390000343322754,25405.30078125,0.000599000140129,0.000599000140129,-0.0036276970656947,-0.0001715324802581,-0.0046610914463269,85.55932846069337,85.37639316558838,0.002142691771368,1,0.0429201066904068,0.0584149460940021,0.7347327152990106,12.390000343322754,-0.0158856081684817,-1.2685684269658053,0.0318885137981372,3,0.11885504
2025-07-04,85.31909942626953,12.31999969482422,25461.0,-0.0043760305844936,-0.0043760305844936,-0.0040540711438231,-0.006811055598161,-0.0043853377993023,85.55571243286133,85.383076171875,0.0020219025681249,0,0.0446157800779079,0.0583239863041547,0.7649514025643201,12.31999969482422,-0.0056497696980499,-1.3013523372431743,0.0286898495880161,0,0.025561735
2025-07-07,85.49629974365234,12.5600004196167,25461.30078125,0.0020769126558344,0.0020769126558344,0.0004797872865653,-0.0044389122519485,0.0003299270920043,85.56049240112304,85.39063968658448,0.0019891256835875,1,0.0453831892665771,0.0584001950359556,0.777093503628415,12.5600004196167,-0.0179827633246533,-1.1682522637912092,0.0183277634401177,3,0.100565985
2025-07-08,85.89199829101562,12.199999809265137,25522.5,0.004628253486405,0.004628253486405,0.0020766900421507,0.0012437688160611,0.0032928182447922,85.57063430786133,85.40018669128418,0.0019958693672803,1,0.048222213499625,0.0589857306819438,0.8175095134469982,12.199999809265137,-0.0263367861722852,-1.349211947116057,0.0167030814517386,4,0.03514527
2025-07-09,85.7073974609375,11.9399995803833,25476.099609375,-0.0021492203435838,-0.0021492203435838,0.0007542733769292,-0.0005667153905487,0.0006561276496965,85.58157623291015,85.40881916046142,0.0020227076565029,1,0.0488164795847465,0.0591904917949767,0.8247212243582839,11.9399995803833,-0.0409638744333393,-1.4756077825230285,0.0148122174283238,0,0.10251051
2025-07-10,85.70850372314453,11.670000076293944,25355.25,1.2907429694619664e-05,1.2907429694619664e-05,0.0001680897164617,0.0006503255992598,0.0049905172568034,85.59233032226562,85.41745166778564,0.0020473410417363,1,0.0486272241051981,0.058459049796426,0.8318026459869852,11.670000076293944,-0.0581114000869931,-1.6039918387865115,0.008505875013022,2,0.049930148
2025-07-11,85.73480224609375,11.81999969482422,25149.849609375,0.0003068367992302,0.0003068367992302,0.0048723301420152,0.003100503110947,0.0024027482816104,85.61309234619141,85.42616268157958,0.0021882015853689,1,0.0479845266694818,0.0582299765567004,0.8240378146974499,11.81999969482422,-0.0405844165897224,-1.515384244989056,0.0105130302246969,2,0.0668593
2025-07-14,85.82129669189453,11.979999542236328,25082.30078125,0.0010088603873197,0.0010088603873197,0.0038012984095994,0.0015509266472863,-0.0023911531766764,85.63899230957031,85.43559516906738,0.002380707246206,1,0.0473011934116075,0.0571632365521177,0.8274612986125003,11.979999542236328,-0.0461784122613962,-1.4232902554675515,0.0147136641081018,3,0.07048806
2025-07-15,85.96839904785156,11.479999542236328,25195.80078125,0.0017140542222886,0.0017140542222886,0.0008894979550606,-0.0032556808557031,-0.0054017707088767,85.67394424438477,85.44601314544678,0.0026675451615278,1,0.0415960783426056,0.0565069890024917,0.7361096913353509,11.479999542236328,-0.0590164162528932,-1.6693316296303031,0.0099934171627282,3,0.055183988
2025-07-16,85.99310302734375,11.239999771118164,25212.05078125,0.000287361167194,0.000287361167194,0.0033334994979454,-0.0012902882813434,-0.0030987085721856,85.69794235229492,85.45655864715576,0.0028246363878963,1,0.0412417157302997,0.0565012156555979,0.7299132476801161,11.239999771118164,-0.0586264517475523,-1.779699193295902,0.0144306366528537,2,0.06632335
2025-07-17,85.88520050048828,11.239999771118164,25111.44921875,-0.0012547811749642,-0.0012547811749642,0.0020616014708938,-0.0055290178248036,-0.0018548396249569,85.71930236816407,85.46713165283204,0.0029504993376441,1,0.0398751847620945,0.0564455168513151,0.7064241867594607,11.239999771118164,-0.0368466411623482,-1.7684521255730168,0.0120666542294138,1,0.044298686
2025-07-18,86.04650115966797,11.390000343322754,24968.400390625,0.0018780960891948,0.0018780960891948,0.0036356171054028,-0.0065474765380109,0.0037304752335496,85.71858840942383,85.47890563964843,0.002803999044932,1,0.0389966674984134,0.055987673627367,0.6965099362409628,11.390000343322754,-0.0363789646872627,-1.6832219139894264,0.0070644385316567,3,0.07175535
2025-07-21,86.14859771728516,11.199999809265137,25090.69921875,0.0011865277058475,0.0011865277058475,0.0038137506424036,-0.0050263853730714,0.0061679045128291,85.73339431762696,85.49157512664794,0.0028285733491373,1,0.0393387128762427,0.0559319880648634,0.7033186360546854,11.199999809265137,-0.0651084943886055,-1.7649620185486534,-0.0008641615909844,3,0.048672874
2025-07-22,86.19529724121094,10.75,25060.900390625,0.000542081068795,0.000542081068795,0.0026393209117816,-0.0044467637441639,0.0112973266720262,85.75798629760742,85.50511611938477,0.0029573689821038,1,0.0394270432544443,0.0559227504193649,0.7050142910442532,10.75,-0.0635888128349282,-1.970005364077079,0.0035640058869292,2,0.11625071
2025-07-23,86.3427963256836,10.520000457763672,25219.900390625,0.0017112196279094,0.0017112196279094,0.0040665272682234,0.0012732319938224,0.0098584384279931,85.78363616943359,85.51903209686279,0.0030940957361527,1,0.0374055914152136,0.0557011378348602,0.6715288293980689,10.520000457763672,-0.0640568797167213,-2.0599233018285874,0.0070095963356255,3,0.057118237
2025-07-24,86.39869689941406,10.720000267028809,25062.099609375,0.0006474260286823,0.0006474260286823,0.005978869420266,0.0057493467418443,0.0133876577259013,85.80185806274415,85.53318759918213,0.0031411253468189,1,0.0346835067205079,0.0553429357817037,0.6266902819725748,10.720000267028809,-0.046263302017632,-1.9396687360207765,-0.0072351831816516,3,0.12547179
2025-07-25,86.4302978515625,11.279999732971191,24837.0,0.0003657572773954,0.0003657572773954,0.0044603404754639,0.0049321422387242,0.0122433224292928,85.82156600952149,85.54721858978272,0.0032069706562212,1,0.0345305089365293,0.0552927950693766,0.624491570766743,11.279999732971191,-0.0096576476765471,-1.6500903033030587,-0.0278680183177423,2,0.08757505
2025-07-28,86.506103515625,12.0600004196167,24680.900390625,0.000877072808342,0.000877072808342,0.0041498736812068,0.0098020513220595,0.015803165184139,85.84168212890626,85.56166358947753,0.0032727103200358,1,0.0310277783392181,0.0549764680677733,0.5643726317292156,12.0600004196167,0.0767857700890433,-1.2590046348024622,-0.0373238094323917,3,0.08870623
2025-07-29,86.77760314941406,11.529999732971191,24821.099609375,0.0031385026345571,0.0031385026345571,0.0067556575224003,0.0154736310282206,0.0188656664970963,85.86979217529297,85.57696960449219,0.003421745034372,1,0.0304243185760433,0.0552505286187553,0.5506511645311426,11.529999732971191,0.0725581146949945,-1.506491911545847,-0.0272739658607563,4,0.0899692
2025-07-30,87.06320190429688,11.210000038146973,24855.05078125,0.0032911574475162,0.0032911574475162,0.0083435516252672,0.0157407782402831,0.0279408858333289,85.90033416748047,85.59314910888672,0.0035888977306228,1,0.0306876091410812,0.0554650656928389,0.5532681786197651,11.210000038146973,0.0655893108706175,-1.6470732376685986,-0.026887297645205,4,0.069273666
2025-07-31,87.714599609375,11.539999961853027,24768.349609375,0.0074818946561852,0.0074818946561852,0.0152305851498306,0.0241911783243193,0.0377196345059418,85.94262008666992,85.61212409973145,0.0038603876543639,1,0.0379563752446438,0.0569860007373875,0.6660532183393495,11.539999961853027,0.07649250694016,-1.4743634818649431,-0.0269139199767712,4,0.008446659
2025-08-01,87.4894027709961,11.979999542236328,24565.349609375,-0.0025673814779043,-0.0025673814779043,0.0122538617332144,0.0209501395865794,0.0388098946379962,85.97291015625,85.62952411651611,0.0040101360281605,1,0.0400536485683633,0.0567095680583882,0.7062819142831505,11.979999542236328,0.0620567221485877,-1.2518521275216106,-0.0330620439847306,0,0.11388334
2025-08-04,87.24530029296875,11.970000267028809,24722.75,-0.0027900805159943,-0.0027900805159943,0.0085450245393405,0.0225764322367676,0.0289186247201056,86.01383010864258,85.6456116104126,0.0042993270910942,1,0.0376826993383756,0.0556915156152678,0.6766205283074898,11.970000267028809,-0.0074626989599019,-1.2531743866064795,-0.0289953261851458,0,0.11075153
2025-08-05,87.89330291748047,11.710000038146973,24649.55078125,0.0074273642515496,0.0074273642515496,0.0128570014332545,0.0280363381925905,0.0362674460023964,86.06853210449219,85.66525760650634,0.004707561843078,1,0.0435863359454615,0.0574065419726767,0.7592440722545917,11.710000038146973,0.0156114752250211,-1.3778331846440872,-0.0318817175514372,4,0.0069734105
2025-08-06,87.72309875488281,11.960000038146973,24574.19921875,-0.0019364861365769,-0.0019364861365769,0.0075795150666675,0.0213186385262935,0.0190620090497481,86.11578414916993,85.68430011749268,0.0050357420330864,1,0.0432413873037379,0.0496657278318091,0.8706308869424636,11.960000038146973,0.0669045492816944,-1.254721400694231,-0.0371554816828288,1,0.09528588
2025-08-07,87.76249694824219,11.6899995803833,24596.150390625,0.0004491199458134,0.0004491199458134,0.0005460589124328,0.0239780876352164,0.0275640022986005,86.16331604003906,85.70340160369874,0.005366349849998,1,0.04176206637566,0.0468347210177055,0.891671260059657,11.6899995803833,0.0129982338844121,-1.3813519562269707,-0.0345401859877398,2,0.102730885
2025-08-08,87.43319702148438,12.029999732971191,24363.30078125,-0.0037521713511867,-0.0037521713511867,-0.0006424292283585,0.0201227792274958,0.0290411169489066,86.20475402832031,85.72083759307861,0.0056452602287775,1,0.0449486861773522,0.0462207798170715,0.9724568451332296,12.029999732971191,0.0041736387850921,-1.21456732319783,-0.0391220444976878,0,0.047835674
2025-08-11,87.48829650878906,12.220000267028809,24585.05078125,0.0006301895525009,0.0006301895525009,0.0027852069395639,0.0204525375548434,0.0285443820015096,86.24403396606445,85.73743759155273,0.0059086950665019,1,0.0449040537115769,0.0462030567147819,0.9718638774246624,12.220000267028809,0.0208855467354183,-1.121075222005585,-0.0224573441550307,3,0.11444555
2025-08-12,87.66449737548828,12.229999542236328,24487.400390625,0.0020139935709173,0.0020139935709173,-0.0026032192942732,0.0214771945267966,0.0254644543152089,86.29004989624023,85.755517578125,0.0062332119636299,1,0.0450502289742535,0.0453771768822824,0.9927730038851148,12.229999542236328,0.0444064476853445,-1.1124835450938737,-0.0237179354403449,3,0.08759312
2025-08-13,87.59559631347656,12.140000343322754,24619.349609375,-0.0007859631216112,-0.0007859631216112,-0.0014534648594951,0.0189278535327763,0.0251705577263994,86.32778579711913,85.77321456909179,0.0064655525715504,1,0.0453934048344763,0.0454039485472356,0.9997457609109008,12.140000343322754,0.0150501926924466,-1.1522411934485597,-0.0228788589368422,1,0.08089343
2025-08-14,87.44999694824219,12.359999656677246,24631.30078125,-0.0016621767687192,-0.0016621767687192,-0.0035607464562488,0.0169419856896566,0.0228034224184738,86.35870178222656,85.79026805877686,0.006625853215195,1,0.0462182783971241,0.0455870980346728,1.0138233527964244,12.359999656677246,0.0573139521252212,-1.0415260922386695,-0.023034619636412,1,0.08497175
2025-08-18,87.51280212402344,12.34000015258789,24876.94921875,-0.0020412495628131,-0.0020412495628131,0.000910467708501,0.018950897407824,0.0250749515723653,86.3914077758789,85.8075630569458,0.0068041172378434,1,0.0467371542505054,0.0456897946717065,1.0229008837845166,12.34000015258789,0.0257689465085411,-1.0497768289095366,-0.0093383698390814,1,0.09898884
2025-08-19,87.29509735107422,11.789999961853027,24980.650390625,-0.0024876905740109,-0.0024876905740109,-0.0022082857413441,0.0145107142600644,0.0205643583113883,86.42160369873046,85.8236950302124,0.0069667085332036,1,0.0478626294428059,0.0459251948867434,1.042164053887718,11.789999961853027,-0.0351882402438221,-1.3077557367615744,0.0004906201361862,0,0.09839399
2025-08-20,87.0791015625,11.789999961853027,25050.55078125,-0.0024743175175754,-0.0024743175175754,-0.0066776840170643,0.0108011490595412,0.0172756152670416,86.44806579589844,85.83872303009034,0.0070986932738328,1,0.0489260842399177,0.0462436702001689,1.057983201699619,11.789999961853027,-0.0359770725144968,-1.2966783374642294,-0.0016001322701281,0,0.10290368
2025-08-21,87.01820373535156,11.369999885559082,25083.75,-0.000699339176171,-0.000699339176171,-0.0065915708371765,0.0095469998999804,0.0121349888391966,86.47537384033203,85.85339405059814,0.0072446732783484,1,0.0490645603332001,0.045503279648652,1.0782405679649865,11.369999885559082,-0.0634267245459501,-1.486037414496867,0.0009117633053419,1,0.10013032
2025-08-22,87.29340362548828,11.729999542236328,24870.099609375,0.0031625554001744,0.0031625554001744,-0.0017906612717961,0.0110096885931167,0.0245788508408029,86.51184585571289,85.86952308654786,0.0074802181970621,1,0.0498325806174558,0.0419025322503683,1.1892214794617413,11.729999542236328,-0.050970884461196,-1.301716976719527,-0.0138700302472262,4,0.07899883
2025-08-25,87.3301010131836,11.760000228881836,24967.75,0.0004203913030216,0.0004203913030216,-0.002087707242889,0.0107803027961623,0.0255042709742896,86.54467987060546,85.88576457977295,0.0076719965649312,1,0.0498242769207698,0.041868958544071,1.1899767435481547,11.760000228881836,-0.0470016139817,-1.2764999484892174,-0.0037646330852386,2,0.08401068
2025-08-26,87.60859680175781,12.1899995803833,24712.05078125,0.003189001104352,0.003189001104352,0.0035912606801136,0.0136329386741087,0.0263365417539336,86.57186782836914,85.9032975769043,0.0077828240629098,1,0.0507623761016472,0.0420593532293668,1.206893718291565,12.1899995803833,0.0339270245822296,-1.061939244852951,-0.0050307693662681,4,0.06485079
2025-08-28,87.65910339355469,12.18000030517578,24500.900390625,0.000666695755678,0.000666695755678,0.0066606317778599,0.0133285378842826,0.0266226733541219,86.60296585083007,85.9210791015625,0.00793619861852,1,0.0507488710879722,0.042063166264562,1.2064632582704222,12.18000030517578,0.0330789096339789,-1.0586703576346708,-0.0072930888724129,3,0.11004164
2025-08-29,87.5916976928711,11.75,24426.849609375,-0.0007689526594969,-0.0007689526594969,0.0065905055827595,0.0093813900581618,0.0261289383826714,86.62754577636719,85.93859107971191,0.008016825596038,1,0.049996745660352,0.042105093502211,1.1873992931148232,11.75,0.0334212944824698,-1.2552125888059305,-0.0158836637459482,1,0.08897306
2025-09-01,88.17430114746094,11.289999961853027,24625.05078125,0.006651354750911,0.006651354750911,0.0100912266607444,0.0127619846141819,0.0309853636639449,86.658759765625,85.95901706695557,0.0081404222912924,1,0.0537267771833386,0.0438417680271314,1.225442178972154,11.289999961853027,-0.0375106221273914,-1.4623799764661891,-0.0092536523873653,4,0.0023017752
2025-09-02,88.00140380859375,11.399999618530272,24579.599609375,-0.0019608586245332,-0.0019608586245332,0.0076869577341815,0.0032697430130901,0.0308995851294389,86.68711181640624,85.97856658935547,0.0082409518459976,1,0.047863669826505,0.0438599682955687,1.091258850100232,11.399999618530272,-0.0306122962028032,-1.4003026842705906,-0.0076206127165031,1,0.095629185
2025-09-03,87.99829864501953,10.93000030517578,24715.05078125,-3.5285386821515274e-05,-3.5285386821515274e-05,0.0044482146443178,0.0058166573082625,0.0267125119191484,86.71547180175781,85.99789009094238,0.0083441780961903,1,0.0469251434878498,0.0432543138293271,1.0848411289536064,10.93000030517578,-0.10336335673343,-1.6103043237758128,0.0060939972056359,2,0.051834725
2025-09-04,88.072998046875,10.850000381469728,24734.30078125,0.000848873251025,0.000848873251025,0.0047216391372622,0.0094870182247852,0.0252467331312249,86.75227172851562,86.0174925994873,0.0085422058563087,1,0.0457271702468055,0.0430932130045263,1.0610976987096306,10.850000381469728,-0.1091953932990362,-1.6364231708211427,0.000467212638157,3,0.1044928
2025-09-05,88.19290161132812,10.779999732971191,24741.0,0.0013614111829065,0.0013614111829065,0.0068637089392316,0.0034086635033949,0.0269616500724583,86.79803375244141,86.03787559509277,0.0088351572152485,1,0.0380402488793815,0.0431176531562537,0.882222567145845,10.779999732971191,-0.0825532142152177,-1.6553690938363752,0.0037099750645177,3,0.046931375
2025-09-08,88.1863021850586,10.84000015258789,24773.150390625,-7.482944941095138e-05,-7.482944941095138e-05,0.0001361058431026,0.0052802903311712,0.0279884892019788,86.84163772583008,86.05755111694336,0.0091111889509989,1,0.0373636062231314,0.0430266282544495,0.8683631364056791,10.84000015258789,-0.0398582649057226,-1.6136777265932651,0.0080959371291822,2,0.04212279
2025-09-09,87.98049926757812,10.6899995803833,24868.599609375,-0.0023337288488249,-0.0023337288488249,-0.0002375478129995,0.0024840031552941,0.0259399068166876,86.88791976928711,86.07592163085937,0.0094335108244327,1,0.0382926392279766,0.0433493438193728,0.8833295391503674,10.6899995803833,-0.0622807071846645,-1.6687622157044304,0.0110769048986563,0,0.11503351
2025-09-10,88.21829986572266,10.539999961853027,24973.099609375,0.0027028784801652,0.0027028784801652,0.0025000622067774,0.008979459415688,0.0299522993610579,86.94317977905274,86.09509864807129,0.0098505158167963,1,0.0368375630942214,0.0434776848407565,0.8472556892910026,10.539999961853027,-0.0356816406618096,-1.7214699662302415,0.0250294011308311,4,0.108436204
2025-09-11,88.05339813232422,10.359999656677246,25005.5,-0.001869246331537,-0.001869246331537,-0.0002225416981984,0.0064591682097545,0.0302281646796156,86.98996780395508,86.11338314056397,0.0101794242825212,1,0.0375665250735889,0.0434168059318513,0.8652331518675412,10.359999656677246,-0.0451613555359255,-1.78639969049984,0.0171018242952201,1,0.09358026
2025-09-12,88.2676010131836,10.119999885559082,25114.0,0.0024326475230118,0.0024326475230118,0.0008470001609048,0.0068796794112908,0.0300997653888446,87.04246383666992,86.13274463653565,0.0105618276065986,1,0.0378506799894604,0.0433926786855648,0.8722625307646865,10.119999885559082,-0.0612244771577744,-1.8770354843245884,0.0255886537312834,3,0.11646657
2025-09-15,88.27729797363281,10.399999618530272,25069.19921875,0.0001098586609118,0.0001098586609118,0.0010318585349373,0.0077823736448652,0.0235144104015487,87.09412780761718,86.15201614379883,0.0109354569514177,1,0.0376828976092778,0.0415789874471484,0.90627486737883,10.399999618530272,-0.0405904546000006,-1.7333456223226658,0.0182721971340664,2,0.05854966
2025-09-16,88.12349700927734,10.270000457763672,25239.099609375,-0.0017422482097425,-0.0017422482097425,0.0016253345103705,0.0077015447059851,0.0234517559598967,87.15021575927734,86.17024612426758,0.0113724827198071,1,0.0377349352460306,0.041591179444266,0.9072603491864586,10.270000457763672,-0.0392889746591149,-1.7742683625213664,0.0246758721158435,1,0.07499142
2025-09-17,87.88459777832031,10.25,25330.25,-0.0027109594950808,-0.0027109594950808,-0.0037826855415517,0.0042484715981321,0.0176221486515757,87.1979817199707,86.1876766204834,0.0117221526220743,1,0.0383121628128575,0.0416681750160259,0.9194365570742098,10.25,-0.0275142279793749,-1.7647989213764184,0.0182217191209419,0,0.09349768
2025-09-18,87.91069793701172,9.890000343322754,25423.599609375,0.0002969821715204,0.0002969821715204,-0.0016206097474859,0.0070519491313669,0.0149756646440495,87.23835571289062,86.20531459808349,0.0119834968368655,1,0.0370356636810493,0.0413146910440454,0.8964067342251822,9.890000343322754,-0.0453667305916913,-1.9030840189887928,0.0177316928031718,2,0.06341378
2025-09-19,88.20690155029297,9.970000267028809,25327.05078125,0.0033693693740604,0.0033693693740604,-0.0006876754572898,0.0129514426258003,0.0187460039518141,87.28834579467774,86.22390762329101,0.0123450467593886,1,0.0369696490199688,0.0417819618028757,0.8848020203638233,9.970000267028809,-0.0148220968603288,-1.8466570231155697,0.0110376814631538,4,0.07617039
2025-09-22,88.09919738769531,10.5600004196167,25202.349609375,-0.0012210400853526,-0.0012210400853526,-0.0020175128829916,0.0124226151074249,0.0175432289005188,87.33615966796874,86.2422236251831,0.0126844600800182,1,0.0372473359473002,0.0418825860114501,0.8893062770966559,10.5600004196167,0.0153846929764636,-1.574039220481169,0.004728145088952,1,0.057732128
2025-09-23,88.30439758300781,10.630000114440918,25169.5,0.0023291948326098,0.0023291948326098,0.0020528074789341,0.0115815618996477,0.0240209181284667,87.38755157470703,86.26185810089112,0.0130497243926661,1,0.0366302792445936,0.0411823741341947,0.8894433740478628,10.630000114440918,0.0350535190487846,-1.531961599181245,0.0120385682135402,3,0.10995631
2025-09-24,88.80799865722656,10.520000457763672,25056.900390625,0.0057030123980559,0.0057030123980559,0.010506970530097,0.0169231184539664,0.0337955297976484,87.44728561401367,86.2842025756836,0.0134796753474064,1,0.0407270148162424,0.0416817283772172,0.9770717129568414,10.520000457763672,0.0263415080745046,-1.566743867916179,0.0035706217270279,4,0.015586376
2025-09-25,88.77860260009766,10.779999732971191,24890.849609375,-0.0003310068639466,-0.0003310068639466,0.0098725716375018,0.0133549199627902,0.0322360736173679,87.5034896850586,86.30599407196046,0.0138749993667843,1,0.0399508395843523,0.0416894697350716,0.958272714081324,10.779999732971191,0.0899898239386129,-1.444827501010133,0.0072352889571052,2,0.0954052
2025-09-26,88.77310180664062,11.43000030517578,24654.69921875,-6.196080244480484e-05,-6.196080244480484e-05,0.0064190017605916,0.0127083026172938,0.0362651496651456,87.55908966064453,86.32750156402588,0.0142664628803745,1,0.0400242025972945,0.0407302787318361,0.9826404631389836,11.43000030517578,0.146439317857919,-1.1613279729055546,0.0062772724950079,2,0.050786417
2025-09-29,88.67680358886719,11.369999885559082,24634.900390625,-0.0010847679737854,-0.0010847679737854,0.0065563162696025,0.0123882277039644,0.0376981209462148,87.6149217224121,86.3481005859375,0.0146710944175756,1,0.0401754242965134,0.0404107933033434,0.994150989414012,11.369999885559082,0.0767044918329447,-1.1831302907580523,0.0085172989794866,1,0.061260425
2025-09-30,88.70449829101562,11.06999969482422,24611.099609375,0.0003123105595554,0.0003123105595554,0.0045309261934742,0.0060130575083094,0.0348893006091393,87.66808166503907,86.36793758392334,0.0150535501655622,1,0.0335845684212947,0.040097448308267,0.837552819079301,11.06999969482422,0.0413922460626845,-1.3057716679275302,-0.0005665438824443,2,0.08253814
2025-10-01,88.8406982421875,10.289999961853027,24836.30078125,0.0015354345472429,0.0015354345472429,0.0003682054032896,0.009537284603087,0.037339961888126,87.72192367553711,86.3887255859375,0.0154325472514742,1,0.0328101171532314,0.0400562709653169,0.8190801910005224,10.289999961853027,-0.0218631640591713,-1.6256285339358572,0.0104436677551529,3,0.049602754
2025-10-03,88.72019958496094,10.0600004196167,24894.25,0.00041948206869,0.00041948206869,-0.0006578501285923,0.0082035783765948,0.0353128182564663,87.7724217224121,86.4087915802002,0.0157811504740956,1,0.0327624279863643,0.0400568558416134,0.8178777245568307,10.0600004196167,-0.0667902904628408,-1.7109462176005938,0.0072506109874534,2,0.10535262
2025-10-06,88.73509979248047,10.1899995803833,25077.650390625,0.0001679460550048,0.0001679460550048,-0.0004280802786741,0.0075176474094031,0.0400379327627919,87.82026779174805,86.42904808044433,0.0160966682174821,1,0.0327496384838031,0.0388014996941084,0.8440084721855109,10.1899995803833,-0.108486499709976,-1.6436350777898725,0.0138815167006975,2,0.063333444
2025-10-07,88.72109985351562,10.050000190734863,25108.30078125,-0.0001577722794878,-0.0001577722794878,0.0004995248233552,0.0059891242099654,0.0377185927289527,87.86671585083008,86.44932357788086,0.0163956433004626,1,0.0326356864075754,0.0387159041371782,0.8429311985261951,10.050000190734863,-0.1160949611354645,-1.6867198835737836,0.0148458340911847,2,0.06962142
2025-10-08,88.74259948730469,10.3100004196167,25046.150390625,0.0002423283054939,0.0002423283054939,0.000429529471708,0.0063082053387237,0.0331882044079447,87.91296188354492,86.4688000869751,0.0167015362201998,1,0.0325995651462295,0.0378339921617482,0.8616247363515552,10.3100004196167,-0.0686539562925967,-1.5652597653171074,0.0110199952648457,2,0.058771692
2025-10-09,88.7771987915039,10.119999885559082,25181.80078125,0.0003898838257963,0.0003898838257963,-0.0007147563215958,0.0090554103529549,0.0358172272348547,87.9583837890625,86.48831607818603,0.0169972983350434,1,0.0310655898463021,0.0374482887258049,0.8295375133492441,10.119999885559082,-0.0165209015475381,-1.6323460656547109,0.0125942424098914,2,0.079980925
2025-10-10,88.86540222167969,10.100000381469728,25285.349609375,0.0009935369822033,0.0009935369822033,0.0016366355959298,0.0073352394791328,0.0368329671082878,88.00013977050781,86.50835758209229,0.017244370718747,1,0.0300985853544329,0.0374427722225684,0.8038342177578915,10.100000381469728,0.0039761391833572,-1.631150218421443,0.0125034539117754,3,0.06707595
2025-10-13,88.7573013305664,11.010000228881836,25227.349609375,-0.0012164564432355,-0.0012164564432355,0.0002502001816402,0.007994049215277,0.0352540509255139,88.03402175903321,86.52794807434083,0.0174056327257225,1,0.0295489815787349,0.0376086803106243,0.7856748936626197,11.010000228881836,0.0804711170034897,-1.2515278982850693,0.0088720325278439,1,0.06423295
2025-10-14,88.66510009765625,11.15999984741211,25145.5,-0.0010388016707127,-0.0010388016707127,-0.0006311887020318,0.004503340749153,0.0331363369627379,88.05303176879883,86.54726356506347,0.0173982185191028,1,0.0290803694096101,0.037727412520776,0.7707816859136684,11.15999984741211,0.1104477249364193,-1.1842846550768933,0.0012542804810065,1,0.06468472
2025-10-15,88.78250122070312,10.529999732971191,25323.55078125,0.0013240962105447,0.0013240962105447,0.0004496344892865,0.005722912443709,0.0327341465470956,88.07889373779297,86.56658958435058,0.0174698363503023,1,0.0292837149528987,0.0376847036470337,0.7770510331231065,10.529999732971191,0.0213384388361326,-1.4372602838783883,0.0101459787478876,3,0.05184282
2025-10-16,87.80950164794922,10.869999885559082,25585.30078125,-0.0109593620294065,-0.0109593620294065,-0.0109002892265992,-0.0035631286998866,0.0211226081704238,88.09017776489257,86.58106010437012,0.0174301129912624,1,0.0486295358340617,0.0441081492243974,1.102481836289056,10.869999885559082,0.0741106727748313,-1.2899734631165782,0.0137168590493776,0,0.0012322086
2025-10-17,87.9906997680664,11.630000114440918,25709.849609375,0.0020635365958874,0.0020635365958874,-0.0098430033707751,0.0012072876525386,0.024515274521204,88.0921257019043,86.59518611907959,0.0172866373976749,1,0.0481864902830537,0.0441254534394908,1.0920091357246813,11.630000114440918,0.1514851163548716,-0.9730966278250448,0.0149860190631754,3,0.08806263
2025-10-20,88.0022964477539,11.359999656677246,25843.150390625,0.0001317943796113,0.0001317943796113,-0.0085063974624529,0.0010419495339215,0.0227295155727107,88.09770965576172,86.60880058288575,0.0171911983869474,1,0.0481833867947531,0.0440216281749995,1.0945140895090049,11.359999656677246,0.0317892298382773,-1.0752509922015594,0.0165024145949532,2,0.053130627
2025-10-21,87.87999725341797,11.300000190734863,25868.599609375,-0.0013897273056794,-0.0013897273056794,-0.0088546998015404,-0.0037061079249973,0.0200978261052462,88.10005966186523,86.6234755706787,0.0170460037704414,1,0.0469676907667118,0.0441232094913804,1.0644426564942049,11.300000190734863,0.0125448338025935,-1.091900386442065,0.0213822301223447,1,0.065905705
2025-10-23,87.74030303955078,11.729999542236328,25891.400390625,-0.0029692542732067,-0.0029692542732067,-0.0117387792281449,-0.0040737527558299,0.0179244790352803,88.10620178222656,86.63668258666992,0.0169618590149336,1,0.0478806263299954,0.0446029438912606,1.073461720038097,11.729999542236328,0.1139600987365399,-0.9116554731984128,0.0273407357619417,0,0.072859004
2025-10-24,87.77899932861328,11.59000015258789,25795.150390625,0.0004410320881278,0.0004410320881278,-0.0003473692341203,-0.0059498537873002,0.0166337327958705,88.11201583862305,86.64851058959961,0.0168901373960732,1,0.0470782346237298,0.0445060221355202,1.0577709396144384,11.59000015258789,0.066237375769004,-0.963696405022049,0.0248574818977334,2,0.0860119
2025-10-27,87.8290023803711,11.859999656677246,25966.05078125,0.0005696470925877,0.0005696470925877,-0.0018376645272912,-0.0110237398844457,0.0165547112663309,88.11530593872071,86.66135108947753,0.0167774311266157,1,0.0419648079966843,0.0445033260384566,0.942937726108292,11.859999656677246,0.0197764006855631,-0.8510034000271132,0.0362834339623729,2,0.11338004
2025-10-28,88.22209930419922,11.949999809265137,25936.19921875,0.0044757074903993,0.0044757074903993,0.002497694552503,-0.0062684394617608,0.0207311729471764,88.12783599853516,86.67553157806397,0.0167556448057453,1,0.0453811662041197,0.0453067649658547,1.001620058687959,11.949999809265137,0.0519366347199752,-0.8120609187366276,0.0419973454414057,4,0.030186152
2025-10-29,88.22550201416016,11.970000267028809,26053.900390625,3.856981400085502e-05,3.856981400085502e-05,0.0039315517926776,-0.0061685328251029,0.0198760368188886,88.14334609985352,86.68772609710693,0.0167915351836085,1,0.045388496532581,0.045293909745132,1.0020661656679664,11.970000267028809,0.0592920411491049,-0.8015299229816144,0.0567519059738073,2,0.053665895
2025-10-30,88.34559631347656,12.06999969482422,25877.849609375,0.0013612197899097,0.0013612197899097,0.0068986913990134,-0.0037349933915773,0.0180690997118544,88.16000198364257,86.70043407440185,0.0168346090169304,1,0.0456268381265791,0.0449764271465816,1.014438597785532,12.06999969482422,0.0289855213858833,-0.7588900112245596,0.0504548100069857,3,0.057794083
2025-10-31,88.6344985961914,12.149999618530272,25722.099609375,0.0032701378990043,0.0032701378990043,0.0097460585575308,-0.0007891335408332,0.0180477705566326,88.18679000854492,86.71481155395507,0.0169749369019149,1,0.0471344912659918,0.0449706736011794,1.048092888069783,12.149999618530272,0.0483174683839275,-0.7239297792197641,0.0451422332863498,4,0.07539775
2025-11-03,88.77539825439453,12.670000076293944,25763.349609375,0.0015896706184919,0.0015896706184919,0.0107754369100627,-0.0007350233517408,0.0120937523484534,88.22071594238281,86.73028503417969,0.0171846651676026,1,0.0471573334813591,0.0426019333455028,1.1069034401673912,12.670000076293944,0.0682968333106706,-0.5135274143781707,0.0373263649965485,3,0.054660417
2025-11-04,88.72339630126953,12.649999618530272,25597.650390625,-0.0005857698658358,-0.0005857698658358,0.0056822156922584,3.603143730002145e-05,0.0141044914148451,88.25481979370117,86.74486949920654,0.0174067965426871,1,0.047170001882149,0.0422696843627036,1.1159034350474852,12.649999618530272,0.0585773908316222,-0.5195393385860105,0.0282555365445835,1,0.10732649
2025-11-06,88.55690002441406,12.40999984741211,25509.69921875,-0.0019733831022655,-0.0019733831022655,0.0037562609754344,-0.0020082218702988,0.0150334714539461,88.28008972167969,86.7581164932251,0.0175427186524206,1,0.0476207654207592,0.0420667528721758,1.132001644239386,12.40999984741211,0.0367585271986394,-0.6126365297962345,0.0172284413170746,1,0.10985011
2025-11-07,88.6729965209961,12.5600004196167,25492.30078125,0.0013109819398604,0.0013109819398604,0.0037059029672268,-0.0005421859354646,0.0088709102700081,88.30694763183594,86.77188148498536,0.0176908247300848,1,0.0478933816204539,0.0394973046411222,1.2125427168484442,12.5600004196167,0.0405965813737838,-0.548704152532407,0.0152937470100229,3,0.040190198
2025-11-10,88.65799713134766,12.300000190734863,25574.349609375,-0.0001691539728769,-0.0001691539728769,0.000265117257145,-0.0009533454783362,0.0106573797521352,88.32793563842773,86.7842314529419,0.0177878418652921,1,0.0478784056982336,0.03928350183046,1.2187606681347845,12.300000190734863,0.0123457264949886,-0.6501242091689576,0.021089038056232,2,0.07092164
2025-11-11,88.70709991455078,12.489999771118164,25694.94921875,0.0005538449411437,0.0005538449411437,-0.000769338591397,-0.0007896045145302,0.0107631733275053,88.34889556884765,86.79451396942139,0.017908754002285,1,0.0479034035931109,0.0392874787155543,1.2192735671932748,12.489999771118164,-0.0142068116883887,-0.5700319403434871,0.0203777498661685,2,0.112820886
2025-11-12,88.46649932861328,12.109999656677246,25875.80078125,-0.0027123035942925,-0.0027123035942925,-0.0028954817259692,-0.0044888436117277,0.0118181919720377,88.3663916015625,86.80416946411133,0.0179970863968357,1,0.0485496172307405,0.0389226189950195,1.2473048109157738,12.109999656677246,-0.0426877453072812,-0.7185730235591342,0.0233515130696899,0,0.085587874
2025-11-13,88.59400177001953,12.15999984741211,25879.150390625,0.001441251121881,0.001441251121881,0.0004189593989314,-0.0018398436872104,0.0126383219853798,88.37478561401367,86.81498447418213,0.0179669575394028,1,0.0487762285300209,0.0389968690427545,1.250740866803416,12.15999984741211,-0.0201450445667921,-0.6941531397708333,0.02583706934508,3,0.046095032
2025-11-14,88.81610107421875,11.9399995803833,25910.05078125,0.002506933875453,0.002506933875453,0.0016138459151853,0.0017030486222446,0.0131364889231939,88.39107955932617,86.8260344696045,0.0180250670122399,1,0.0495065164950365,0.0391041980688274,1.265983013508899,11.9399995803833,-0.0493631224936153,-0.7764483659809124,0.030405073720944,4,0.107338145
2025-11-17,88.68199920654297,11.789999961853027,26013.44921875,-0.0015098823980543,-0.0015098823980543,0.0002707265669419,-0.0011320025092593,0.0124024829875981,88.40475357055664,86.83659946441651,0.0180586770533628,1,0.0495358136749986,0.0392029938689447,1.2635399811711072,11.789999961853027,-0.0414634325994563,-0.8302225113160575,0.0272433531718945,1,0.061754335
2025-11-18,88.63590240478516,12.100000381469728,25910.05078125,-0.0005197988562531,-0.0005197988562531,-0.0008026134304267,0.0094112908207724,0.0135609548076354,88.41601165771485,86.848723487854,0.0180461854465832,1,0.0301654610476657,0.0390533504341754,0.7723969471341863,12.100000381469728,-0.0312249316889715,-0.7001658137871922,0.0126928349514652,1,0.1168952
2025-11-19,88.55680084228516,11.970000267028809,26052.650390625,-0.0008924325285114,-0.0008924325285114,0.001020742477177,0.0064336466889221,0.0119296684933269,88.42328964233398,86.85924800872803,0.0180066218561871,1,0.029819554473381,0.0388549585017148,0.7674383961488187,11.970000267028809,-0.0115606435687423,-0.7458967682464503,0.0133334417142991,1,0.07805266
2025-11-20,88.48719787597656,12.140000343322754,26192.150390625,-0.0007859697464969,-0.0007859697464969,-0.0012055431734556,0.0055100997109835,0.0136559848270525,88.42930755615234,86.86932048797607,0.017957859684101,1,0.030028948758251,0.038524642561875,0.7794535473359685,12.140000343322754,-0.0016446960806181,-0.6718184108350257,0.0135045454878677,1,0.086199924
2025-11-21,88.69219970703125,13.630000114440918,26068.150390625,0.002316740002797,0.002316740002797,-0.0013950327214201,0.009242176593055,0.01852451524633,88.44354156494141,86.88058048248291,0.0179897633484806,1,0.0303111957744684,0.0383517973438159,0.7903255531204653,13.630000114440918,0.1415410882286951,-0.0710280869814923,0.0077140156121044,3,0.11100431
2025-11-24,89.63400268554688,13.239999771118164,25959.5,0.0106187802492958,0.0106187802492958,0.0107350250053188,0.0215830078127547,0.0300603648191903,88.4718556213379,86.8977354812622,0.0181146278594925,1,0.0446224333205732,0.0434888159180692,1.0260432788365388,13.239999771118164,0.1229855652210911,-0.2251846503129554,0.0026302018565074,4,0.0048491517
2025-11-25,89.14779663085938,12.239999771118164,25884.80078125,-0.005424348351297,-0.005424348351297,0.0057752469618517,0.0155936763088606,0.0212432203162444,88.4937435913086,86.91113246917725,0.0182095328546387,1,0.0498903554336843,0.0447098463729981,1.115844576447433,12.239999771118164,0.0115701971268393,-0.6234035347099222,0.00347547462478,0,0.025128912
2025-11-26,89.15059661865234,11.970000267028809,26205.30078125,3.14083791050912e-05,3.14083791050912e-05,0.0067052532467235,0.0150473556850581,0.0208461410710372,88.51140350341797,86.92396244049073,0.0182624102532604,1,0.0499479339929663,0.0447139049855365,1.1170309767877735,11.970000267028809,0.0,-0.7275354603778115,0.0092139540978162,2,0.04558301
2025-11-27,89.16300201416016,11.789999961853027,26215.55078125,0.0001391510093968,0.0001391510093968,0.007637309739775,0.0106651589270916,0.01774261053307,88.52911758422852,86.93657444000245,0.0183184482996294,1,0.0480532125682048,0.044337868122919,1.0837717470592314,11.789999961853027,-0.0288303436220439,-0.7945107363170527,0.0107707208810321,2,0.050126035
2025-11-28,89.36479949951172,11.619999885559082,26202.94921875,0.0022632423852162,0.0022632423852162,0.0075835281422966,0.0129134712678506,0.0194582883000653,88.5539436340332,86.95016342163086,0.0184448211399608,1,0.0483978370897067,0.0445077737460393,1.087377454293794,11.619999885559082,-0.1474688343364172,-0.8561286735728023,0.0057207875170441,3,0.111660406
2025-12-01,89.3499984741211,11.630000114440918,26175.75,-0.0001656247814969,-0.0001656247814969,-0.0031684874368728,0.011369012181214,0.0200738292276883,88.58325164794923,86.9621964263916,0.0186409185620071,1,0.0483886207871509,0.0444644134796399,1.0882305369612129,11.630000114440918,-0.1216011846306305,-0.8461804454283125,0.0115117907833066,2,0.076860815
2025-12-02,89.61270141601562,11.229999542236328,26032.19921875,0.0029401560870827,0.0029401560870827,0.0052149890712533,0.0110363665989785,0.01631314623236,88.6172917175293,86.97460945129394,0.0188869174187584,1,0.0481668790683515,0.0429102848479286,1.122475806516817,11.229999542236328,-0.0825163601117918,-0.9987474586157322,0.0120557658233302,4,0.09131803
2025-12-03,89.91719818115234,11.210000038146973,25986.0,0.0033979197181337,0.0033979197181337,0.0085989504453816,0.0128616705664994,0.0217700433134624,88.65149765014648,86.98752494812011,0.0191288659266806,1,0.0490704795276183,0.0431183031832008,1.1380165240410478,11.210000038146973,-0.0634920811969608,-0.9988803849154626,0.008642136756316,4,0.064411685
2025-12-04,90.17050170898438,10.81999969482422,26033.75,0.0028170754088856,0.0028170754088856,0.0112995263962087,0.0163103022206345,0.0246846029686027,88.69292373657227,87.00043594360352,0.0194537851978795,1,0.0494412815343449,0.0433911568779257,1.1394059454900345,10.81999969482422,-0.0822731357224154,-1.145406502900419,0.0170367046474984,4,0.098610036
2025-12-05,89.8364028930664,10.31999969482422,26186.44921875,-0.0037051897193189,-0.0037051897193189,0.0052772836306453,0.0144483701247402,0.020022082650722,88.72356384277344,87.0120524597168,0.0196698196936453,1,0.0509920181261515,0.0441471123471513,1.1550214814437438,10.31999969482422,-0.111876093247682,-1.333555250930392,0.0265291250279651,0,0.05896042
2025-12-08,89.93800354003906,11.130000114440918,25960.55078125,0.0011309518602786,0.0011309518602786,0.0065809185893637,0.0142659780166947,0.0197873286492116,88.74616394042968,87.0242919921875,0.0197861069458256,1,0.0509681229508672,0.0441274863780036,1.1549936817292008,11.130000114440918,-0.042992260969899,-1.0030030387201387,0.0183682910388538,3,0.054666527
2025-12-09,90.12999725341795,10.949999809265137,25839.650390625,0.0021347339925488,0.0021347339925488,0.0057725727405633,0.0166031285354835,0.0220407820738477,88.7731918334961,87.04088596343995,0.0199022086101441,1,0.0511093360692226,0.0442682669906249,1.1545105565006588,10.949999809265137,-0.0249331918419145,-1.066263859491686,0.0103737058929056,3,0.106562756
2025-12-10,89.91690063476562,10.90999984741211,25758.0,-0.0023643251430839,-0.0023643251430839,-3.309115416572084e-06,0.0136381498367121,0.0220094382653848,88.79606781005859,87.05610046386718,0.0199867365632071,1,0.0522654033710417,0.0442758608840579,1.1804225125151122,10.90999984741211,-0.0267618367273845,-1.0741466391682415,0.0024538200372854,0,0.10573979
2025-12-11,89.79299926757812,10.399999618530272,25898.55078125,-0.0013779541589269,-0.0013779541589269,-0.0041865403236259,0.0149943758262378,0.0178500311641951,88.81839172363281,87.07129497528076,0.0200651287987394,1,0.0513805916149315,0.0441480507931109,1.1637983306981765,10.399999618530272,-0.0388170136913088,-1.2658212473088188,0.0008791998436039,1,0.067466795
2025-12-12,90.25299835205078,10.109999656677246,26046.94921875,0.005122883612584,0.005122883612584,0.0046372678064621,0.0187258341296945,0.0249802990728542,88.84936172485351,87.09038696289062,0.0201971173088528,1,0.0535732741835224,0.0449657025833055,1.191398770774272,10.109999656677246,-0.0203488415074561,-1.3689356719733108,0.0064839388307658,4,0.024616618
2025-12-15,90.5770034790039,10.25,26027.30078125,0.0035899652407034,0.0035899652407034,0.0071048935245752,0.0198263871470067,0.0261636482617826,88.88408782958984,87.10899799346925,0.020377801111358,1,0.0541139666702243,0.045237056246738,1.196204504788516,10.25,-0.0790655979687851,-1.3028299505424294,0.0045252709456227,4,0.060195338
2025-12-16,90.7769012451172,10.0600004196167,25860.099609375,0.0022069372846897,0.0022069372846897,0.0071774549141541,0.0236226298157211,0.0283153577291297,88.92522186279297,87.12844650268555,0.0206221438833071,1,0.0535215373954487,0.0453730808606114,1.1795619080387805,10.0600004196167,-0.0812784844886829,-1.3659515534688742,-0.0058950125408385,3,0.10427742
2025-12-17,90.94889831542967,9.84000015258789,25818.55078125,0.0018947228640033,0.0018947228640033,0.0114772381318606,0.0260954742704762,0.0320618382388397,88.96949783325195,87.14882698059083,0.0208915130098836,1,0.0532435088878001,0.0452410491240872,1.1768589159559717,9.84000015258789,-0.0980751338028685,-1.4393304596013436,-0.0035314481153473,3,0.0846148
2025-12-18,90.4136962890625,9.710000038146973,25815.55078125,-0.005884645512813,-0.005884645512813,0.0069125324529446,0.0209684115631545,0.028777494289973,89.0033497619629,87.16863945007324,0.0210478254962382,1,0.058320664643823,0.0465846881532161,1.2519008939400342,9.710000038146973,-0.0663461159319551,-1.4765672663155276,-0.0091007865157672,0,0.019085199
2025-12-19,90.25579833984376,9.520000457763672,25966.400390625,-0.0017463941382722,-0.0017463941382722,3.102376479580116e-05,0.019987077298414,0.0266759388545898,89.03361373901367,87.18727142333984,0.0211767415762891,1,0.058783288679403,0.0467924399806921,1.256229264265634,9.520000457763672,-0.0583579840701481,-1.536165812707472,-0.0086189944938924,1,0.09017126
2025-12-22,89.56999969482422,9.68000030517578,26172.400390625,-0.0075983887753922,-0.0075983887753922,-0.0111176539905419,0.0098971498135407,0.0154534182765058,89.04946975708008,87.20167091369629,0.0211899476698393,1,0.0655250536480756,0.0490750634622169,1.335173382407141,9.68000030517578,-0.0556097263243141,-1.4613576617964168,0.0039991329817359,0,0.01539405
2025-12-23,89.60389709472656,9.380000114440918,26177.150390625,0.0003784459084272,0.0003784459084272,-0.0129218351177605,-0.0003358724358871,0.0170796074385282,89.06423965454101,87.21387939453125,0.0212163508016798,1,0.0541738343357792,0.0489839887763359,1.105927258310406,9.380000114440918,-0.0675944609157074,-1.5625571416049704,0.0083842289190854,2,0.07630856
2025-12-24,89.50789642333984,9.1899995803833,26142.099609375,-0.0010713894651839,-0.0010713894651839,-0.0158440829826451,0.0040393571808796,0.0136289796802102,89.07925155639649,87.22478385925292,0.0212607886783182,1,0.0506784689591049,0.048877315260504,1.0368292910466896,9.1899995803833,-0.0660569676956398,-1.6206238283389935,0.0099401509905139,1,0.08535554
2025-12-26,90.10590362548828,9.149999618530272,26042.30078125,0.0066810552593044,0.0066810552593044,-0.0034042703285813,0.0107156546682725,0.0146147305184891,89.10806762695313,87.23799339294433,0.0214364654811058,1,0.0554183991568225,0.0493596711847464,1.122723776372556,9.149999618530272,-0.0576725455629936,-1.6212037180073364,-0.0062201155926676,4,0.008635884
2025-12-29,89.82929992675781,9.720000267028809,25942.099609375,-0.0030697622198,-0.0030697622198,-0.0047254405914182,0.0074728070785665,0.0118350288908355,89.12900360107422,87.2504919052124,0.02153009862572,1,0.0567893949794794,0.0497904448700599,1.1405452307656847,9.720000267028809,0.0210083823159938,-1.394570287620149,-0.0104308764731572,0,0.06912167
2025-12-30,89.9000015258789,9.68000030517578,25938.849609375,0.0007870661262945,0.0007870661262945,0.0036842897418671,0.00598895794949,0.0126941573100916,89.17081359863282,87.26390689849853,0.0218521811354643,1,0.0563951251404671,0.049801497311911,1.1323754467023353,9.68000030517578,0.0,-1.3978314983170437,-0.0100790032133489,3,0.10998966
