Date,Nifty50,IndiaVIX,USDINR,Nifty_Return,ret_1d,ret_5d,ret_21d,ret_63d,ma_50,ma_200,ma_50_200_ratio,above_200dma,vol_21d,vol_63d,vol_ratio,vix_level,vix_change_5d,vix_zscore,inr_change_21d
2016-01-13,66.91999816894531,18.350000381469727,7562.39990234375,0.0019013804254905,0.0019013804254905,0.005952679956061413,0.0020063344100116343,0.030505475707806484,66.3368002319336,64.73144012451172,0.02480031502982083,1,0.047341954639866006,0.04496885028652509,1.0527487714152275,18.350000381469727,0.1087614034675255,0.24307745582919413,-0.006313725434842987
2016-01-14,66.93599700927734,18.61000061035156,7536.7998046875,0.0002390741298534,0.0002390741298534,0.00317723740996656,-0.0030533032661935744,0.029863746144658476,66.37660018920899,64.75370510101318,0.025062582684097334,1,0.04389860433211102,0.044975236866385354,0.9760399577786877,18.61000061035156,-0.01845983602434509,0.32829362644922216,-0.014803825189557251
2016-01-15,67.30400085449219,19.420000076293945,7437.7998046875,0.0054978466244977,0.0054978466244977,0.005723214663359233,0.003473956135331857,0.03909092750874099,66.41380020141601,64.778210105896,0.025249078244771406,1,0.04728149687451411,0.04521939959393923,1.04557892674728,19.420000076293945,0.0910112870039046,0.6060898845828873,-0.034164850990489604
2016-01-18,67.76699829101562,20.229999542236328,7351.0,0.0068791963426426,0.0068791963426426,0.01386897073480986,0.01291419539725247,0.04607762522338077,66.46084014892578,64.8059300994873,0.02553639839591737,1,0.05078262574439258,0.046801123702446844,1.0850496030319587,20.229999542236328,0.0823969483239162,0.8851771258780027,-0.05159399648843699
2016-01-19,67.71099853515625,18.43000030517578,7435.10009765625,-0.0008263573313206,-0.0008263573313206,0.013743944390048224,0.019314101045257326,0.040347230354499386,66.50424011230469,64.83309509277343,0.025776110443900713,1,0.04215642320953245,0.046290973396592605,0.9106637742221515,18.43000030517578,-0.014965194708600693,0.25378522348754257,-0.05217130736200526
2016-01-20,67.76699829101562,20.96999931335449,7309.2998046875,0.0008270407625181,0.0008270407625181,0.01265690593612967,0.01968128717606432,0.044996828193500926,66.5489601135254,64.85962007522583,0.02604609827100779,1,0.04208966882462926,0.045400681976103016,0.9270508710840928,20.96999931335449,0.14277923037704676,1.1353076712369192,-0.05831658014223784
2016-01-21,67.9489974975586,20.809999465942383,7276.7998046875,0.002685661326792,0.002685661326792,0.015133867179730531,0.025676192046810042,0.048854672180030256,66.59624008178712,64.88522006988525,0.026369950045002533,1,0.039071238080426327,0.0453747363846697,0.8610601434476475,20.809999465942383,0.11821594752485409,1.070971058928563,-0.0711792629632968
2016-01-22,67.80799865722656,18.81999969482422,7422.4501953125,-0.0020750687357395,-0.0020750687357395,0.007488378050867883,0.02322355143500876,0.048118076776981544,66.6352000427246,64.91168506622314,0.026551690573787035,1,0.04086285980063461,0.045542056916144,0.8972357713245558,18.81999969482422,-0.0308960030439005,0.37245061689805675,-0.046705012494408504
2016-01-25,67.54100036621094,18.270000457763672,7436.14990234375,-0.0039375633598229,-0.0039375633598229,-0.003334926003866534,0.01959458696828431,0.039876277669051996,66.66335998535156,64.93684507369996,0.026587600763358532,1,0.04454525909200817,0.04614816752115951,0.9652451275872757,18.270000457763672,-0.09688577008519239,0.1778980710880316,-0.0546406069574249
2016-01-27,67.7699966430664,19.059999465942383,7437.75,0.000428091255856,0.000428091255856,0.0008713223728271657,0.024427809820322777,0.04271153039349951,66.68939987182617,64.96416505813599,0.026556714954256266,1,0.04364884064619407,0.046153651821273116,0.9457083722615346,19.059999465942383,0.03418335053362287,0.45129406127930555,-0.053847744920161755
2016-01-28,68.19599914550781,17.899999618530273,7424.64990234375,0.0062860044790187,0.0062860044790187,0.006330527621275284,0.03421286958711023,0.04836273552895687,66.73235992431641,64.99484504699707,0.026733118235191755,1,0.04652621820194588,0.047148113987370704,0.9867888124983287,17.899999618530273,-0.1463996087433882,0.04369287386847798,-0.06315337957859757
2016-01-29,68.09300231933594,17.239999771118164,7563.5498046875,-0.001510305992469,-0.001510305992469,0.0021193075259502425,0.02962167046056008,0.04944132045137417,66.77319992065429,65.02501005172729,0.02688488425509372,1,0.047519774449958724,0.04688487727395584,1.0135200024582882,17.239999771118164,-0.17155212813276977,-0.18696310533844906,-0.04608433419609825
2016-02-01,67.87000274658203,17.889999389648438,7555.9501953125,-0.0032749264264791,-0.0032749264264791,0.0009144067157755842,0.024298227564819586,0.04574662524992057,66.81265991210938,65.05281507492066,0.027052554684404262,1,0.05019716456391937,0.04762339338576471,1.0540221301574348,17.889999389648438,-0.04941553242594077,0.03990579002188047,-0.043096381787240734
2016-02-02,67.88200378417969,18.040000915527344,7455.5498046875,0.0001768238855457,0.0001768238855457,0.00504883576079429,0.021473206136579437,0.043263134666015945,66.84955993652343,65.08131509780884,0.02716977731714776,1,0.04989788894095477,0.04752369010818159,1.0499361243044616,18.040000915527344,-0.012588918252522063,0.09127370557672057,-0.061764242317175255
2016-02-03,67.98600006103516,18.59000015258789,7361.7998046875,0.0015320154246787,0.0015320154246787,0.0031873015887311507,0.02708744498792015,0.046808132225610866,66.8877799987793,65.1096751022339,0.027309380575981423,1,0.04976822040613605,0.04721842334704629,1.0539777252330464,18.59000015258789,-0.02465893633388172,0.2822647986937857,-0.05512559017965124
2016-02-04,67.927001953125,18.209999084472656,7404.0,-0.0008677978974669,-0.0008677978974669,-0.003944471754257384,0.01990967207154193,0.037940860884442706,66.92462005615235,65.13796510696412,0.02742878053151232,1,0.04668526450182699,0.045301712124509785,1.030518092901754,18.209999084472656,0.01731840628764414,0.14996881191060496,-0.04889749791177467
2016-02-05,67.56400299072266,18.11000061035156,7489.10009765625,-0.005343956776612,-0.005343956776612,-0.007768776681815748,0.015633468869653777,0.032851823666109725,66.95490005493164,65.16383512496948,0.027485566595755184,1,0.050957440057496285,0.0468712101994814,1.0871567575036196,18.11000061035156,0.05046408647237288,0.11470754543529366,-0.03254100275723426
2016-02-08,67.802001953125,20.26000022888184,7387.25,0.0035225704793575,0.0035225704793575,-0.0010019270768403254,0.016156149893066907,0.03449751414047242,66.98352005004882,65.19121513366699,0.027493043544393636,1,0.05129445549954961,0.04714904243402858,1.0878983952415273,20.26000022888184,0.13247629514200754,0.8619265970874819,-0.023922123774135495
2016-02-09,68.07599639892578,21.729999542236328,7298.2001953125,0.0040410966919561,0.0040410966919561,0.0028577915195735493,0.017259138691592124,0.038836554267244194,67.01739990234375,65.21888011932373,0.027576673805644436,1,0.052049250847158585,0.04757616650480537,1.0939964413791126,21.729999542236328,0.2045453680400282,1.3684288914989586,-0.03988106039704986
2016-02-10,67.9280014038086,22.46999931335449,7215.7001953125,-0.0021739673739027,-0.0021739673739027,-0.0008530970666680293,0.01627775472065962,0.03572466801925511,67.04479995727539,65.24279512405396,0.02761998209603167,1,0.05259423727919293,0.04794404646824771,1.0969691585140962,22.46999931335449,0.20871431570302956,1.614348345247641,-0.04602813353633606
2016-02-11,67.89299774169922,25.96999931335449,6976.35009765625,-0.0005153053436872,-0.0005153053436872,-0.0005005993264540765,0.01646876897553895,0.03086846511550312,67.0646598815918,65.2678701210022,0.027529468285979908,1,0.05253808749225923,0.04748960070674203,1.1062839111403497,25.96999931335449,0.4261395177937515,2.778782773354023,-0.07109565808517915
2016-02-12,68.4739990234375,24.670000076293945,6980.9501953125,0.0085576024194529,0.0085576024194529,0.01346865183283752,0.023221770726427282,0.035398298490399105,67.10397979736328,65.29556510925293,0.027695827198746192,1,0.059186842004386654,0.04957668462091773,1.1938202128022462,24.670000076293945,0.36223077000851855,2.3076816008466623,-0.07688692935308095
2016-02-15,68.11100006103516,22.3799991607666,7162.9501953125,-0.0053012671609569,-0.0053012671609569,0.00455735965029147,0.017554127887195792,0.024718626773310826,67.13697982788086,65.31968511581421,0.027821547345865616,1,0.06302379539135164,0.05023022679394697,1.254673624633556,22.3799991607666,0.10463963020407951,1.5235653382318617,-0.04960322936300965
2016-02-16,68.13700103759766,23.040000915527344,7048.25,0.0003817441608433,0.0003817441608433,0.0008961255346802144,0.012376681512684007,0.031628582646522574,67.16857986450195,65.34209512710571,0.027952650337325524,1,0.060555416052302004,0.05020551524820139,1.206126650155656,23.040000915527344,0.06028538430223085,1.7334424894112583,-0.052374333124964645
2016-02-17,68.50599670410156,21.82999992370605,7108.4501953125,0.0054154961457768,0.0054154961457768,0.0085089401770706,0.010904989622122718,0.037168159583488736,67.20263977050782,65.36892511367797,0.02805177924588742,1,0.058784330782916706,0.051112173235687994,1.1500818098664356,21.82999992370605,-0.02848239471320635,1.3235516694263314,-0.03299548424534082
2016-02-18,68.35600280761719,21.489999771118164,7191.75,-0.0021895002437851,-0.0021895002437851,0.006819629141719297,0.009525841981580685,0.037315803683856785,67.23703979492187,65.39554012298584,0.028159407636557887,1,0.05932464231048298,0.051079067164401026,1.1614049394169121,21.489999771118164,-0.17250672547891,1.2072628211369998,-0.032729902013418855
2016-02-19,68.56600189208984,20.920000076293945,7210.75,0.0030721381568152,0.0030721381568152,0.0013436175769558911,0.011790452893353898,0.03829670079562342,67.27299987792969,65.42116012573243,0.028306434013677384,1,0.06007274638386699,0.05122362321431014,1.1727318350891263,20.920000076293945,-0.1520064851399605,1.0198871082196883,-0.013482796891748694
2016-02-22,68.53800201416016,21.020000457763672,7234.5498046875,-0.0004083638706797,-0.0004083638706797,0.006269206923145365,0.008668332695014769,0.037275901319334004,67.30709991455078,65.44623514175414,0.02843348847746663,1,0.0595591390300286,0.05127002796415807,1.1616529138378986,21.020000457763672,-0.06076848766764409,1.0538754633715715,-0.005806123726639245
2016-02-23,68.5739974975586,23.84000015258789,7109.5498046875,0.0005251901476643,0.0005251901476643,0.006413497120599798,0.011296585292307482,0.03766359154979182,67.34077987670898,65.47114013671874,0.028556700495607545,1,0.05894326766047249,0.05126009510116456,1.1498636059987997,23.84000015258789,0.03472218772879487,1.9818032363220937,-0.04215594344069917
2016-02-24,68.60299682617188,22.959999084472656,7018.7001953125,0.0004228910326296,0.0004228910326296,0.0014159362207266657,0.01572373009287298,0.03865243991606637,67.37711975097656,65.49743511199951,0.028698599201065322,1,0.05679579518276065,0.05120438354809339,1.1091762476384266,22.959999084472656,0.051763589771683716,1.677482684015067,-0.05613788217201976
2016-02-25,68.3759994506836,22.75,6970.60009765625,-0.003308855093655,-0.003308855093655,0.0002925367523709532,0.008942051610374202,0.030208934429809986,67.4018197631836,65.52101511001587,0.028705364988770077,1,0.05839793542095403,0.051107765565326736,1.142620737851912,22.75,0.05863193309919135,1.5978719215770072,-0.06280795971143827
2016-02-26,68.7969970703125,21.8700008392334,7029.75,0.0061570963936337,0.0061570963936337,0.0033689462977031237,0.008812803277833847,0.036380240855404145,67.43633972167969,65.54459009170532,0.028862025490243637,1,0.05823655704392553,0.05230523040393911,1.11337706032702,21.8700008392334,0.045411126169926375,1.3039598279626878,-0.0531876798957337
2016-02-29,68.7300033569336,20.15999984741211,6987.0498046875,-0.0009737883371629,-0.0009737883371629,0.0028013851750998686,0.00935486784104933,0.032633263372188415,67.47287979125977,65.56972011566162,0.02902497787455971,1,0.05804131603758476,0.05224109186706138,1.1110067373504198,20.15999984741211,-0.040913443940193805,0.741900287363152,-0.07622082420118592
2016-03-01,68.21800231933594,18.670000076293945,7222.2998046875,-0.007449454569916,-0.007449454569916,-0.005191401860965339,0.00512744303331325,0.019701057748813255,67.50867980957031,65.59071014404297,0.02924148345574107,1,0.06300598749497342,0.05382142595892714,1.1706270457421304,18.670000076293945,-0.21686241791960426,0.25290251048476015,-0.044157304111399176
2016-03-02,67.74600219726562,18.989999771118164,7368.85009765625,-0.0069189965408372,-0.0069189965408372,-0.012492087351194336,-0.0020034998870460674,0.01861428553238209,67.53441986083985,65.60838516235351,0.02935653260966875,1,0.06772915354321321,0.054359902121720434,1.245916658843514,18.989999771118164,-0.17290938465408368,0.3623944442374951,-0.011628881746150954
2016-03-03,67.38800048828125,18.040000915527344,7475.60009765625,-0.0052844698930267,-0.0052844698930267,-0.01444949939071738,-0.008795922281308544,0.013948059366496457,67.55721984863281,65.62510517120361,0.02944170028205928,1,0.069761982352436,0.055486327516569636,1.2572597289282612,18.040000915527344,-0.20703292679000684,0.05277488438922037,0.015458216195486596
2016-03-04,67.14299774169922,17.8799991607666,7485.35009765625,-0.0036357028670799,-0.0036357028670799,-0.024041737271219055,-0.011541863896286864,0.008804461471253466,67.57469985961914,65.64378015518189,0.02941512051671258,1,0.07064348807819827,0.05598587343211817,1.261786625106877,17.8799991607666,-0.18244177070670187,0.004493321482877514,0.010987317349574477
2016-03-08,67.0459976196289,18.46999931335449,7485.2998046875,0.0017331139089231,0.0017331139089231,-0.024501755493291477,-0.007666883964303817,0.003637504464080177,67.59075988769531,65.6618451499939,0.02937649305003731,1,0.06881387391098331,0.05562591303305699,1.237060806701422,18.46999931335449,-0.08382939220481012,0.20441703130691283,-0.0005074432066863865
2016-03-09,67.35700225830078,17.510000228881836,7531.7998046875,0.0046386756810792,0.0046386756810792,-0.01262130276117912,-0.0065632235333090705,0.010819987007268272,67.61481994628906,65.67998516082764,0.029458514351421883,1,0.06967907209425171,0.05605790725379459,1.2429616542255233,17.510000228881836,-0.06213175375853419,-0.11200985299128244,0.019567471614944765
2016-03-10,67.1449966430664,17.899999618530273,7486.14990234375,-0.0031474918438527,-0.0031474918438527,-0.008871454177461047,-0.013675888787638257,0.005646401181980343,67.63891983032227,65.69678514480592,0.029562096246195102,1,0.06866948307921153,0.0563683664313694,1.218205692675608,17.899999618530273,-0.05739863958532898,0.020556194608827787,0.025752884547064925
2016-03-11,67.30899810791016,17.100000381469727,7510.2001953125,0.0024424971783907,0.0024424971783907,-0.0011723508606674704,-0.009112638133112139,0.007122198966088122,67.66241973876953,65.71520513534546,0.029631111999325555,1,0.06910833410456074,0.056525241863609105,1.2225885151061464,17.100000381469727,-0.052106457114896365,-0.24882912915632616,0.04081377995600688
2016-03-14,66.91300201416016,17.100000381469727,7538.75,-0.0058832563978316,-0.0058832563978316,-0.0034254611094943765,-0.014434415332012396,0.00034388734820756106,67.67547973632813,65.73164014816284,0.029572357905321756,1,0.07179255954413308,0.0578174364322126,1.241689744209946,17.100000381469727,-0.04362409484942242,-0.25124759369860844,0.08061520630002383
2016-03-15,67.17400360107422,17.600000381469727,7460.60009765625,0.0039006109284833,0.0039006109284833,0.0019092262922468795,-0.018985241710774203,0.005809607854896814,67.68985977172852,65.75009515762329,0.029502080711138357,1,0.06593783469892174,0.058199684963364556,1.1329391525276287,17.600000381469727,-0.047103354858043844,-0.08704949869359145,0.06870839770004666
2016-03-16,67.35900115966797,17.110000610351562,7498.75,0.0027540052501915,0.0027540052501915,2.967622222138644e-05,-0.011040784905423706,0.003246932918802292,67.71317977905274,65.76903516769408,0.02956018141974548,1,0.06483184861179934,0.057508886238576945,1.12731658593181,17.110000610351562,-0.022844067007520397,-0.2556772533504968,0.04688009765965573
2016-03-17,66.83000183105469,16.84000015258789,7512.5498046875,-0.0078534319022833,-0.0078534319022833,-0.004691262607192992,-0.01918193032625215,-0.0035931672037610163,67.71775985717774,65.78330516815186,0.029406468466142366,1,0.06972168599946489,0.059667964525234006,1.1684748772534772,16.84000015258789,-0.05921784852135192,-0.3481354529810289,0.0658744801457809
2016-03-18,66.61199951171875,16.3799991607666,7604.35009765625,-0.0032620426958396,-0.0032620426958396,-0.0103552068190641,-0.027647173729382635,-0.004349586217985646,67.7195198059082,65.79699516296387,0.02921903406352655,1,0.06643764242638334,0.05981967565541783,1.1106133740294226,16.3799991607666,-0.04210533360474944,-0.5045068753909248,0.06976202810997534
2016-03-21,66.3759994506836,16.329999923706055,7704.25,-0.0035429061244984,-0.0035429061244984,-0.008025384414271586,-0.02896604944127823,-0.0007828318183003002,67.71255981445313,65.80975015640259,0.028913795501857242,1,0.0668621770230396,0.05849881997734365,1.1429467141768062,16.329999923706055,-0.04502926553136666,-0.5235675220671457,0.0712622101713769
2016-03-22,66.5199966430664,16.43000030517578,7714.89990234375,0.0021694165598185,0.0021694165598185,-0.009736012786907278,-0.029839938053314974,0.0009178141352330638,67.70453979492187,65.82367013931274,0.02857436620638687,1,0.06619859111604738,0.058639748675614674,1.1288837985722304,16.43000030517578,-0.06647727562129979,-0.4929483504728072,0.0699164306547515
2016-03-23,66.76399993896484,16.350000381469727,7716.5,0.0036681194860503,0.0036681194860503,-0.008833284497386407,-0.025883481033322164,0.0077888967482020455,67.70301986694336,65.83944013595581,0.028304914609530885,1,0.06834784837686501,0.058665069939343555,1.1650319928969455,16.350000381469727,-0.04441848052431019,-0.5225626729529322,0.06661785575105572
2016-03-28,66.90699768066406,17.489999771118164,7615.10009765625,0.0,0.0,0.0011521150306716965,-0.024309503277155198,0.009627435381722949,67.70529983520508,65.85566513061524,0.028086189713844023,1,0.06821574266283469,0.05866697053931781,1.1627424987731285,17.489999771118164,0.038598551819513105,-0.14015689692157168,0.07110862246656291
2016-03-29,66.90699768066406,17.639999389648438,7597.0,0.0,0.0,0.004428604021913696,-0.0247219396232089,0.010023723303221876,67.70503982543946,65.869905128479,0.027859986945191872,1,0.06811141850124382,0.058654959965846874,1.1612020081318675,17.639999389648438,0.07692309483750104,-0.09285652926341152,0.08239414543931112
2016-03-30,66.36799621582031,16.809999465942383,7735.2001953125,-0.0080559804434255,-0.0080559804434255,-0.0001205742275749433,-0.029367076912880208,0.0032348291770543103,67.69367980957031,65.88174011230468,0.02750291194763399,1,0.07190172431021365,0.060889374145774194,1.1808389309298346,16.809999465942383,0.02939372593257139,-0.37680577976640495,0.10968927882024593
2016-03-31,66.36799621582031,16.579999923706055,7738.39990234375,0.0,0.0,-0.0022850335976668523,-0.0353067860216294,0.006490654512704586,67.67495971679688,65.8947700881958,0.027015643672759104,1,0.0667723777768131,0.060889374145774194,1.096599893062853,16.579999923706055,0.009129617513337518,-0.45742925192952427,0.10080726943970264
2016-04-01,66.24800109863281,17.280000686645508,7713.0498046875,-0.0018080268205972,-0.0018080268205972,-0.007728698711936821,-0.03611235467880114,0.0017237488804053847,67.64457977294921,65.90613008499146,0.026377662983942063,1,0.06672806660520031,0.060742536488113556,1.0985212660158141,17.280000686645508,0.056880751283027386,-0.22396066868403905,0.10390651566744791
2016-04-04,66.35800170898438,17.450000762939453,7758.7998046875,0.0016604366701991,0.0016604366701991,-0.008205359539520174,-0.027265539111577808,0.0014790155387018888,67.61751983642579,65.91773008346557,0.025786533468429962,1,0.06424031459187078,0.060714391174430914,1.0580565051012027,17.450000762939453,-0.0022869644769671904,-0.17076503368024526,0.07428381741392043
2016-04-05,66.13300323486328,17.829999923706055,7603.2001953125,-0.0033906758541016,-0.0033906758541016,-0.011568213679156947,-0.023809507721290313,-0.004845362836796041,67.58483993530274,65.92940010070801,0.025109281019788154,1,0.061423920396857366,0.0608145860572577,1.0100029347579897,17.829999923706055,0.010771005704745873,-0.04650543026629278,0.03180280431146065
2016-04-06,66.46800231933594,17.350000381469727,7614.35009765625,0.0050655356340456,0.0050655356340456,0.001506842291733701,-0.013652255034712013,0.004154540851486699,67.55522003173829,65.9417451095581,0.024468186571336537,1,0.0629639217662432,0.06166524127885155,1.0210436125257514,17.350000381469727,0.032123791355342046,-0.21849738742846828,0.01856038287060069
2016-04-07,66.53299713134766,16.93000030517578,7546.4501953125,0.0009778360977279,0.0009778360977279,0.0024861518342482736,-0.00908509644889921,-0.0010210176360091472,67.52972000122071,65.95395008087158,0.02389197187457226,1,0.06218235356631358,0.06043292289491358,1.0289312787859277,16.93000030517578,0.02110979391316503,-0.3667431643415662,0.008162623906579958
2016-04-08,66.77899932861328,16.43000030517578,7555.2001953125,0.0036974464983137,0.0036974464983137,0.008015309461034015,-0.00398231513431091,0.0038331616478775032,67.51447998046875,65.96758506774903,0.023449318496820082,1,0.06338328251710301,0.06084663170740187,1.0416721364258568,16.43000030517578,-0.049189834935980725,-0.5438254627310307,0.009338355503306195
2016-04-11,66.54399871826172,16.010000228881836,7671.39990234375,-0.0035190795416856,-0.0035190795416856,0.0028029326454561687,-0.012070067146417118,-0.0026976846083903716,67.48996002197265,65.97939506530761,0.02289449539768973,1,0.061676541322405944,0.06095205202295393,1.011869615637615,16.010000228881836,-0.0825215169684067,-0.6937031730257237,0.018534759456745986
2016-04-12,66.29000091552734,16.020000457763672,7708.9501953125,-0.0038169903766944,-0.0038169903766944,0.002373968714327157,-0.012733573166800571,-0.00942897934200071,67.45184005737305,65.990830078125,0.022139590872222614,1,0.062057452168957784,0.06109294203705056,1.015770960258595,16.020000457763672,-0.10151427222026399,-0.6937464309832501,0.029761665993222497
2016-04-13,66.31500244140625,16.040000915527344,7850.4501953125,0.0003771538019854,0.0003771538019854,-0.002301857624584902,-0.014767649117437887,-0.007854487211974348,67.41628005981445,66.00418008804321,0.021394099129595112,1,0.061143433798599406,0.06106592970593225,1.0012527908810147,16.040000915527344,-0.07550429032505945,-0.6925683122727317,0.04530505061800705
2016-04-18,66.65299987792969,16.950000762939453,7914.7001953125,0.000240089441045,0.000240089441045,0.0018036576098492407,-0.00388567435930387,-0.00209601891191602,67.3919400024414,66.01998508453369,0.0207809031788031,1,0.058348345818643774,0.061060236911761545,0.9555709770989717,16.950000762939453,0.0011813619257619035,-0.3784145993096383,0.04986903602221848
2016-04-20,66.22200012207031,17.079999923706055,7914.75,-0.0028158302276101,-0.0028158302276101,-0.008340933708845033,-0.014172200970148596,-0.01043033571388996,67.35873992919922,66.03356008529663,0.020068278042117305,1,0.056560692465203836,0.061150110238392466,0.9249332063589153,17.079999923706055,0.03956175328405265,-0.33785451237179004,0.06087310623798503
2016-04-21,66.2040023803711,16.510000228881836,7912.0498046875,-0.0002717788901881,-0.0002717788901881,-0.00510934636390159,-0.01714691072332064,-0.010935739536452993,67.32309997558593,66.04658010482788,0.01932756955366921,1,0.05509633678546726,0.06114345675599558,0.9010847378256368,16.510000228881836,0.03123048050292998,-0.5430469972907848,0.05511582659609937
2016-04-22,66.51200103759766,16.3799991607666,7899.2998046875,0.00465226642125,0.00465226642125,0.0033489232011507664,-0.004758353804342752,-0.011767499804458792,67.29479995727539,66.06133010864258,0.018671586639328552,1,0.05238996188828057,0.060844921023124894,0.861026688516547,16.3799991607666,0.02247182850912255,-0.5932186209199755,0.05148052393059488
2016-04-25,66.65299987792969,16.56999969482422,7855.0498046875,0.0021199007417072,0.0021199007417072,0.00509684723033943,0.0006155102160494419,-0.01643865659066135,67.27657989501954,66.07704010009766,0.018153655083592346,1,0.051974827526553365,0.059309974905159685,0.876310457038734,16.56999969482422,0.03304231602529506,-0.5308369904715382,0.0329679333291768
2016-04-26,66.70500183105469,16.579999923706055,7962.64990234375,0.0007801892370971,0.0007801892370971,0.0007801892370971064,0.00495664672613394,-0.014857212651785634,67.25463989257813,66.09334510803222,0.017570525181434204,1,0.05052853984791686,0.059339635942759594,0.8514998035521064,16.579999923706055,-0.02182895708432009,-0.5316470771945304,0.03353991658419053
2016-04-27,66.45700073242188,16.350000381469727,7979.89990234375,-0.0037178785971841,-0.0037178785971841,0.003548678836615915,-0.0009470221560977654,-0.019330907250283635,67.22225997924805,66.10701011657714,0.016870372154242252,1,0.051569605454255235,0.05969023439348888,0.8639393367928146,16.350000381469727,-0.04274002022816936,-0.6165549565222542,0.03434911707921118
2016-04-28,66.3550033569336,16.600000381469727,7847.25,-0.0015347875222199,-0.0015347875222199,0.0022808436217334194,-0.0061260047691144015,-0.023458685180488104,67.19080001831054,66.12083513259887,0.016181962668286864,1,0.04977320729777258,0.05941344893402978,0.8377290068454181,16.600000381469727,0.005451250838291788,-0.5305670906815125,0.016944210458109232
2016-04-29,66.43800354003906,16.540000915527344,7849.7998046875,0.00125085040926,0.00125085040926,-0.0011125435470925593,-0.0070096425916976735,-0.020204034100945956,67.16170013427734,66.13515514373779,0.0155219260967705,1,0.05010187120490405,0.05940899772019725,0.8433239038464266,16.540000915527344,0.009768117396732112,-0.5524524537853474,0.03082030492330423
2016-05-02,66.41799926757812,17.09000015258789,7805.89990234375,-0.000301096833063,-0.000301096833063,-0.0035257319367762996,-0.007308628843575415,-0.016626953887917573,67.12058013916015,66.15039514541625,0.014666352205624289,1,0.05008348410387449,0.058963973676936746,0.8493768585105615,17.09000015258789,0.03138204389503385,-0.3560393726707727,0.02749768360454774
2016-05-03,66.37100219726562,17.459999084472656,7747.0,-0.0007075953932782,-0.0007075953932782,-0.005007115278026553,4.5292635256544145e-05,-0.020643271581804234,67.08578018188477,66.16523015975952,0.013912896847823708,1,0.04169776127536729,0.05895006150663567,0.7073284214004135,17.459999084472656,0.053075944801928454,-0.22421416986254758,0.0015254685579630944
2016-05-04,66.59200286865234,17.450000762939453,7706.5498046875,0.0033297775243752,0.0033297775243752,0.002031420839679887,0.003375220974030757,-0.023520386781533453,67.05488021850586,66.18136516571045,0.013198806803217611,1,0.04331276860768394,0.05788921393799818,0.7481880902024816,17.450000762939453,0.06727830922355271,-0.22628468725002115,-0.004115850570943436
2016-05-05,66.62000274658203,17.170000076293945,7735.5,0.0004204690762179,0.0004204690762179,0.003993661008846017,0.005615288639356342,-0.021632172507917602,67.01716033935547,66.19687517166138,0.01239159953648783,1,0.0427550058068945,0.05786387667068616,0.738876642738164,17.170000076293945,0.03433733022443164,-0.323601555170047,0.0029106768244717696
2016-05-06,66.60199737548828,16.950000762939453,7733.4501953125,-0.0002702697440923,-0.0002702697440923,0.002468373923222744,0.003676959224510057,-0.018682854276996563,66.9820802307129,66.21207515716553,0.011629375332514957,1,0.042454123376286616,0.05755624533257387,0.7375982490298261,16.950000762939453,0.02478838118002824,-0.39959435766157136,-0.003267207559561558
2016-05-09,66.59400177001953,16.610000610351562,7866.0498046875,-0.000120050535777,-0.000120050535777,0.0026499217739508474,0.006970778773180308,-0.01897413073213272,66.94264022827149,66.2282251739502,0.01078716895167986,1,0.04051158742362569,0.057549414990014924,0.7039321511522464,16.610000610351562,-0.028086573314842433,-0.5197058995625594,0.034570917853386396
2016-05-10,66.72100067138672,16.420000076293945,7887.7998046875,0.0019070621676375,0.0019070621676375,0.005273364308720829,0.0038063179759080246,-0.018606762988156,66.90630020141602,66.2450701713562,0.009981573396320886,1,0.03714614810720451,0.057602798869177504,0.6448558747239251,16.420000076293945,-0.05956466567650576,-0.5860935072735312,0.03591241583643745
2016-05-11,66.66600036621094,16.959999084472656,7848.85009765625,-0.0008243327381534,-0.0008243327381534,0.0011112069673673286,0.0019990567176870755,-0.018564069525462856,66.86814025878907,66.26083017349244,0.009165446368638808,1,0.03715094543239071,0.05760110401272812,0.6449581325047017,16.959999084472656,-0.028080324185857264,-0.3929198953520155,0.04007180787220821
2016-05-12,66.59100341796875,16.329999923706055,7900.39990234375,-0.0011249654671078,-0.0011249654671078,-0.00043529461749791665,-0.002815195084302169,-0.014401153420224522,66.827900390625,66.277165184021,0.008309576987411305,1,0.03485678939482574,0.05670856418935759,0.614654510100558,16.329999923706055,-0.04892254798225959,-0.6159853017161068,0.045690345471642635
2016-05-13,66.7509994506836,17.0,7814.89990234375,0.0024026673950323,0.0024026673950323,0.002237201301265257,0.0031107347981640388,-0.015501054130643732,66.795400390625,66.29330018997193,0.007573920731269057,1,0.03374466708679622,0.05645131297417014,0.597755261192507,17.0,0.002949807363423096,-0.3764546732580654,0.018705842717984034
2016-05-16,66.9000015258789,17.030000686645508,7860.75,0.0022322074039564,0.0022322074039564,0.004595004771092315,0.009202000330772009,-0.01727473610750463,66.75746047973632,66.3103902053833,0.0067420848070463,1,0.03133080567675154,0.05600741016259291,0.5593946620837466,17.030000686645508,0.025285975969934427,-0.36216571465696556,0.019691371826452198
2016-05-17,66.875,16.3700008392334,7890.75,-0.0003737148775584,-0.0003737148775584,0.0023081087972849357,0.008444507848560212,-0.015501728036260931,66.72036041259766,66.32734519958495,0.005925387362182066,1,0.03144007910150659,0.055874581511433916,0.562680123428746,16.3700008392334,-0.003045020513290475,-0.5929450840975903,0.005133438679932434
2016-05-18,66.86799621582031,16.450000762939453,7870.14990234375,-0.0001047294830607,-0.0001047294830607,0.0030299680271768104,0.003225606323562058,-0.015097308411370358,66.69336029052734,66.34356018066406,0.00527255560163975,1,0.031477430782296874,0.05587251403780853,0.5633694483757851,16.450000762939453,-0.03007065737403969,-0.560454915694218,-0.005628803602078958
2016-05-19,67.16000366210938,17.059999465942383,7783.39990234375,0.004366923832241,0.004366923832241,0.008544701460183823,0.014164530493038452,-0.019189697988551302,66.68164031982423,66.36144519805909,0.004825017309516122,1,0.032257309069486706,0.053780743181151086,0.5997817690816675,17.059999465942383,0.04470297278915458,-0.34065559348284447,-0.01659560916721947
2016-05-20,67.47699737548828,16.43000030517578,7749.7001953125,0.0047199776071147,0.0047199776071147,0.010876210555335053,0.019228369121903954,-0.009308374344507264,66.68342025756836,66.38051017761231,0.0045632382026827845,1,0.03494038933612098,0.05373064088188142,0.6502758665593452,16.43000030517578,-0.03352939381318931,-0.5600225393452005,-0.020519285568553425
2016-05-23,67.4229965209961,16.15999984741211,7731.0498046875,-0.0008002853800931,-0.0008002853800931,0.007817563276360628,0.013696708401292446,-0.010478954249946826,66.6890202331543,66.39838516235352,0.0043771406501849075,1,0.03260896340820028,0.05373554970148207,0.6068302410435725,16.15999984741211,-0.05108636548180712,-0.6506256864123081,-0.02129935616574008
2016-05-24,67.447998046875,16.219999313354492,7748.85009765625,0.0003708160000144,0.0003708160000144,0.008568195093457964,0.01192741767664307,-0.015443883866055996,66.69706024169922,66.41512516021729,0.004245043290994399,1,0.03217558100126799,0.05254054330529939,0.612383629736714,16.219999313354492,-0.009163195979770666,-0.6235310977144076,-0.013519927902669093
2016-05-25,67.6510009765625,15.520000457763672,7934.89990234375,0.0030097695345445,0.0030097695345445,0.011709708755366144,0.014181832239563708,-0.010313678420297068,66.70294021606445,66.43229515075683,0.0040739984173876476,1,0.033270315698347146,0.052786402466625845,0.6302699913939102,15.520000457763672,-0.056534970336961865,-0.8672582516931893,-0.003485020733089317
2016-05-26,67.30400085449219,15.329999923706056,8069.64990234375,-0.0051292681122416,-0.0051292681122416,0.002144091490930755,0.01274508498330551,-0.01840563840347309,66.70612030029297,66.44962015151978,0.0038600694509360878,1,0.03587457174186952,0.0532905720081279,0.6731753331727204,15.329999923706056,-0.1014067758730004,-0.9299167690967152,0.011247008245509393
2016-05-27,66.9540023803711,15.260000228881836,8156.64990234375,-0.0052002625353249,-0.0052002625353249,-0.007750715287565102,0.009027186996214853,-0.023111260720174,66.69902038574219,66.4649751663208,0.003521331631219482,1,0.04057004980569479,0.05418752029246309,0.7486834773625947,15.260000228881836,-0.07121120234704881,-0.9489461156967626,0.039427812589601485
2016-05-30,67.02400207519531,15.979999542236328,8178.5,0.0010454893260383,0.0010454893260383,-0.005917779784179844,0.008820230951146701,-0.02260325311235445,66.7012403869629,66.47950519561768,0.00333539172249786,1,0.040523979802028924,0.054232333779381324,0.7472153559078368,15.979999542236328,-0.011138632851200647,-0.6893744850980917,0.041873704233350795
2016-05-31,67.13300323486328,16.049999237060547,8160.10009765625,0.0016263003743894,0.0016263003743894,-0.004670187716954932,0.010765213875302493,-0.021427541934258443,66.70042037963867,66.4952702140808,0.003085184328109225,1,0.04064088050329397,0.05435614448428069,0.7476640079032617,16.049999237060547,-0.010480892940234465,-0.6620057110471962,0.04537595917751269
2016-06-01,67.23100280761719,15.84000015258789,8179.9501953125,0.0014597823429864,0.0014597823429864,-0.00620830679343265,0.012957475130411567,-0.0167455927849689,66.69786041259766,66.51080522537231,0.002812402986124063,1,0.0405139153471347,0.05413382580549228,0.7483891329530119,15.84000015258789,0.020618536429497514,-0.734488281547091,0.05588617468858903
2016-06-02,67.4260025024414,15.09000015258789,8218.9501953125,0.0029004430497967,0.0029004430497967,0.0018126953286623504,0.012524020871305774,-0.019928116433191034,66.70978042602539,66.52884023666383,0.00271972559145639,1,0.04017750723730039,0.05294235418779703,0.7588772538812991,15.09000015258789,-0.015655562447005278,-0.9966055485436403,0.06648894818188711
2016-06-03,67.29199981689453,15.0,8220.7998046875,-0.0019874036806797,-0.0019874036806797,0.0050482036100432115,0.010087016550700767,-0.020922500651878617,66.7233804321289,66.54682024002075,0.0026531724802378864,1,0.04116371633377139,0.05303226412471658,0.7761867388921797,15.0,-0.017038022606955527,-1.0236371060159946,0.06273670799398867
2016-06-06,66.99199676513672,15.359999656677246,8201.0498046875,-0.0044582276135964,-0.0044582276135964,-0.00047752012812796174,0.005855671076194557,-0.017971877107455514,66.73570037841797,66.56311521530151,0.0025928047772136864,1,0.044544716387931615,0.05172186059592734,0.8612191180980248,15.359999656677246,-0.03879849207256714,-0.8921708296356087,0.060464553021680745
2016-06-07,66.8010025024414,14.869999885559082,8266.4501953125,-0.0028510011929471,-0.0028510011929471,-0.00494541755059541,0.003108399058773248,-0.013949158093086167,66.74132049560546,66.5784552192688,0.00244621590873928,1,0.04584087148715334,0.050219114765509755,0.9127990189029993,14.869999885559082,-0.0735202123110863,-1.0599481341373378,0.050902346230556006
2016-06-08,66.76300048828125,15.140000343322754,8273.0498046875,-0.0005688838900099,-0.0005688838900099,-0.006961108711633135,0.0006294842174412452,-0.009274648238133842,66.7413005065918,66.59308021545411,0.002225761155035144,1,0.045447002289134605,0.049160733759950594,0.9244385584740671,15.140000343322754,-0.04419190672487294,-0.9611658506677191,0.04884124971973258
2016-06-09,66.51000213623047,15.670000076293944,8203.599609375,-0.0037894994263355,-0.0037894994263355,-0.013585268771906911,-0.002339996836821401,-0.009427574382423365,66.73336059570312,66.60400024414062,0.0019422309634304913,0,0.04727645808993332,0.049206056896559644,0.9607658143285276,15.670000076293944,0.03843604491989261,-0.7720359754498417,0.04519764134935911
2016-06-10,66.74099731445312,15.970000267028809,8170.0498046875,0.0034730893219565,0.0034730893219565,-0.00818823194348084,0.002252464879420879,-0.0045491202458666224,66.73004058837891,66.61371021270752,0.001746342836931536,1,0.048691416125470524,0.04959788755352527,0.9817037947257298,15.970000267028809,0.06466668446858725,-0.6648903490009438,0.03413117129219678
2016-06-13,66.94499969482422,16.579999923706055,8110.60009765625,0.0030566276888241,0.0030566276888241,-0.0007015326095931584,0.002906327182171431,-0.0061166998183294075,66.74158065795899,66.62209022521972,0.0017935557460795337,1,0.04912984674495978,0.049079124647698154,1.0010130800933887,16.579999923706055,0.0794271024933555,-0.44893925648812194,0.03783800163887152
2016-06-14,67.15399932861328,17.190000534057617,8108.85009765625,0.0031219603367214,0.0031219603367214,0.005284304321016453,0.0037966785790897184,0.00013407827830769214,66.75730072021484,66.63225021362305,0.001876726452894495,1,0.049700006827621254,0.04912208490900689,1.0117444154755961,17.190000534057617,0.1560188746707114,-0.23321425517023572,0.031561886290271346
2016-06-15,67.2979965209961,17.059999465942383,8206.599609375,0.0021442831971656,0.0021442831971656,0.00801336112520512,0.006325181622371501,-0.00016344897745212972,66.77830062866211,66.64152519226074,0.0020524055535457997,1,0.050107017818850734,0.04906427292440859,1.021231816972609,17.059999465942383,0.12681631962223916,-0.27742819311119354,0.04002783124227727
2016-06-16,67.072998046875,17.700000762939453,8140.75,-0.0033433160829816,-0.0033433160829816,0.008464830740666063,0.003065769017408959,0.00239110528445563,66.79260055541992,66.64966018676758,0.0021446526246615694,1,0.05167220775828534,0.04809031144846216,1.0744603588875032,17.700000762939453,0.12954694810222467,-0.05088301682923738,0.034383093208385285
2016-06-17,67.30699920654297,17.350000381469727,8170.2001953125,0.0034887535443761,0.0034887535443761,0.008480572884206339,0.002188736396935731,0.001979867185802453,66.81608047485352,66.66092517852783,0.0023275298971647818,1,0.05085242798272373,0.04796105865683413,1.0602636627124375,17.350000381469727,0.08641202826339489,-0.17297709585813906,0.049695544083797616
2016-06-20,67.06600189208984,17.520000457763672,8238.5,-0.0035805683999309,-0.0035805683999309,0.0018074867102431114,-0.006090897630067538,-0.004349816097830805,66.8280404663086,66.6689501953125,0.0023862723281231624,1,0.04947993651823541,0.04814658633796944,1.0276722112488381,17.520000457763672,0.05669484549958326,-0.11385294695819197,0.06307338250106187
2016-06-21,67.12999725341797,17.260000228881836,8219.900390625,0.0009542146471037,0.0009542146471037,-0.0003574184030031846,-0.004345687416709265,0.004488933325509592,66.83998046875,66.67447017669677,0.002482363813534727,1,0.04962334560406341,0.04554670972744316,1.08948058861815,17.260000228881836,0.004072117082575488,-0.20446372650152184,0.0632321092590944
2016-06-22,67.60600280761719,18.18000030517578,8203.7001953125,0.0070908025275537,0.0070908025275537,0.004576752690178543,0.0023426160200097357,0.01492228582214472,66.85652053833007,66.67846519470214,0.002670357560090819,1,0.0556910942643132,0.04718903066916273,1.1801453288884098,18.18000030517578,0.06565069603133944,0.11793100760858682,0.05869904462261122
2016-06-23,67.4219970703125,18.020000457763672,8270.4501953125,-0.0027217366751929,-0.0027217366751929,0.005203271563820611,-0.003385077869421882,0.015758672235226534,66.8740805053711,66.68416019439697,0.0028480573260647457,1,0.05547907392553059,0.04695321751259811,1.1815567773149496,18.020000457763672,0.018079078024348938,0.06099618296107606,0.04228790496394774
2016-06-24,67.24199676513672,18.6299991607666,8088.60009765625,-0.0026697563554527,-0.0026697563554527,-0.0009657605029571581,-0.0009212541389554962,0.010853880915605352,66.89312042236328,66.69009017944336,0.0030443839912890347,1,0.053312794013460785,0.04712534116929274,1.1312737779057438,18.6299991607666,0.07377514415872577,0.27336300098828203,0.002348329300754015
2016-06-27,67.87699890136719,18.530000686645508,8094.7001953125,0.0094435347963923,0.0094435347963923,0.012092520597578593,0.013785531681175245,0.016670645309146304,66.9243603515625,66.69920017242431,0.00337575530975065,1,0.05925148211633324,0.050206119914184034,1.1801410281571256,18.530000686645508,0.05764841338427429,0.23575159798260353,-0.007594993995445276
2016-06-28,67.9209976196289,17.729999542236328,8127.85009765625,0.0006482124869082,0.0006482124869082,0.011783113340894102,0.013383198804321372,0.015155364522624337,66.94972030639649,66.70809017181396,0.0036222013545910148,1,0.05923479407516685,0.05021158882922955,1.179680145085157,17.729999542236328,0.02723055081818737,-0.047918536538651864,-0.006193055247753265
2016-06-29,67.70500183105469,16.15999984741211,8204.0,-0.0031801032985975,-0.0031801032985975,0.0014643525622897169,0.00852037848195586,0.011927065599316888,66.97938034057617,66.71486518859864,0.003964860773228995,1,0.06055165720459682,0.05067023941332654,1.1949906476665288,16.15999984741211,-0.11111113442548104,-0.6025277238838274,0.005379823999506872
2016-06-30,67.41600036621094,16.290000915527344,8287.75,-0.0042685393549637,-0.0042685393549637,-8.894284302063404e-05,0.0027516703733116987,0.015790805962901944,67.00362030029297,66.71983020782471,0.004253459452523645,1,0.06252098072042632,0.04869752017560189,1.2838373834560486,16.290000915527344,-0.0960044116697556,-0.5582889650769471,0.013178540469509725
2016-07-01,67.5009994506836,15.739999771118164,8328.349609375,0.0012608147029034,0.0012608147029034,0.003851799440928616,0.0011122852528513416,0.017071529946133923,67.02340026855468,66.7262052154541,0.004453948072439484,1,0.06186277428392682,0.04873809500652282,1.2692639097145246,15.739999771118164,-0.15512611485965933,-0.7538162672482477,0.013310631097982917
2016-07-04,67.18199920654297,15.579999923706056,8370.7001953125,-0.0047258595685488,-0.0047258595685488,-0.010239104646245889,-0.0016346758998229127,0.014098510029300071,67.03398025512695,66.73131519317627,0.004535577653077993,1,0.0637047305569859,0.04958207976411617,1.2848078590529532,15.579999923706056,-0.15920133047083507,-0.8095053539750114,0.018234283060819312
2016-07-05,67.23699951171875,15.359999656677246,8335.9501953125,0.0008186762201982,0.0008186762201982,-0.010070495603446306,0.0036571942681598024,0.013246297056823009,67.04462020874024,66.73411018371581,0.004652943212543059,1,0.06171658249039534,0.04951041113250583,1.2465122903733281,15.359999656677246,-0.1336717398053665,-0.8857483208808146,0.01644916124614859
2016-07-07,67.4010009765625,15.3100004196167,8337.900390625,-0.0003707994683208,-0.0003707994683208,-0.004490079702689664,0.008981878289912926,0.019173448651591984,67.06350021362304,66.73710018157959,0.004890833301947062,1,0.06077209806233559,0.04898709699327857,1.2405482513573418,15.3100004196167,-0.05259897498894661,-0.9022738888797079,0.008643395124187103
2016-07-08,67.49700164794922,15.079999923706056,8323.2001953125,0.0014243211524425,0.0014243211524425,0.0012015141998675816,0.010994130795496604,0.015481123137560227,67.08634017944335,66.74255519866944,0.005150911285170201,1,0.06080561329566506,0.048062696826283585,1.265104794486253,15.079999923706056,-0.0742787552987757,-0.9784034021743954,0.006061898792943943
2016-07-11,67.13200378417969,14.850000381469728,8467.900390625,-0.0054076159660141,-0.0054076159660141,-0.0054665215257071464,0.009352001623382789,0.00900315149863884,67.10022018432618,66.74523021697998,0.005318581810148437,1,0.06244463947692929,0.04931502953665665,1.2662138469706716,14.850000381469728,-0.05654379940217813,-1.0542598970993118,0.03221765978777902
2016-07-12,67.1449966430664,14.779999732971191,8521.0498046875,0.0001935419495071,0.0001935419495071,-0.000550780922175309,0.0060532408095406165,0.0054807247507870915,67.11476013183594,66.74936019897461,0.0054742087680255125,1,0.0613804890267296,0.04876630410693563,1.2586401924563253,14.779999732971191,-0.051347894393607096,-1.0759049801432035,0.04296179440651837
2016-07-13,66.87000274658203,15.329999923706056,8519.5,-0.0040955232740006,-0.0040955232740006,-0.005458256135786543,-0.001120277071985476,0.004899074816657301,67.12474014282226,66.75254020690917,0.005575816811755674,1,0.06212472902896542,0.0489500125641148,1.269120407828051,15.329999923706056,-0.001953107658967168,-0.8825745680676597,0.05041549298699999
2016-07-14,67.00599670410156,15.609999656677246,8565.0,0.0020337064742603,0.0020337064742603,-0.0058605104781499495,-0.00220392867128405,0.010800962116241486,67.13302001953124,66.75599517822266,0.005647804969456605,1,0.061507296157537465,0.048482818933568005,1.2686149216466236,15.609999656677246,0.01959498555441952,-0.782983749711926,0.05625334009757976
2016-07-15,66.83799743652344,15.640000343322754,8541.400390625,-0.0025072273504117,-0.0025072273504117,-0.009763459047603562,-0.006835256742437235,0.007886526062926613,67.13737991333008,66.7580351638794,0.005682383379310929,1,0.06135383641381809,0.04876107690924533,1.2582285313238033,15.640000343322754,0.03713530652850783,-0.7716616529250077,0.04079652927962174
2016-07-18,67.13300323486328,15.989999771118164,8508.7001953125,0.0044137438231899,0.0044137438231899,1.4887842269883933e-05,0.0008946251060126809,0.00720152668015972,67.14800003051758,66.76309017181397,0.0057653092107188275,1,0.06262090462070215,0.04953002211110724,1.2642764463901406,15.989999771118164,0.07676763369453932,-0.648531119625233,0.04519856221017715
2016-07-19,67.13899993896484,15.800000190734863,8528.5498046875,8.932572375153214e-05,8.932572375153214e-05,-8.93097684320221e-05,-0.002496014821023129,0.013847359113348778,67.15889999389648,66.76948017120361,0.005832302748117302,1,0.06127002443698815,0.0491666370131027,1.2461453947982142,15.800000190734863,0.06901221083842501,-0.7115367782215881,0.04386056654775694
2016-07-20,67.20600128173828,15.989999771118164,8565.849609375,0.0009979496691094,0.0009979496691094,0.005024652629813442,0.0020874867399087726,0.015135020019035439,67.16860000610352,66.77681518554688,0.005867078558149608,1,0.06017292959035322,0.0491849545112103,1.2233762704887388,15.989999771118164,0.04305282783410158,-0.6425955367701227,0.039734127495903326
2016-07-21,67.16400146484375,15.710000038146973,8510.099609375,-0.0006249414649512,-0.0006249414649512,0.0023580689567224145,0.0005065427203492234,0.009802748632950165,67.17856002807618,66.7832601928711,0.0059191455173563945,1,0.06009690210040148,0.04836838160745436,1.2424575238137787,15.710000038146973,0.006406174482326277,-0.7378190944494933,0.0353044690275055
2016-07-22,67.15399932861328,15.5,8541.2001953125,-0.0001489210888618,-0.0001489210888618,0.0047278779168982155,-0.006685848300928998,0.007516532663212949,67.18981994628906,66.78822017669678,0.006013032964941933,1,0.05411288250929784,0.04819866035993614,1.1226818219299488,15.5,-0.00895142840470109,-0.8094544682257973,0.04113997244717016
2016-07-25,67.14600372314453,15.720000267028809,8635.650390625,-0.0001190637273831,-0.0001190637273831,0.00019365271408711138,-0.004093520796783046,0.0066112267443869666,67.19772003173829,66.7931351852417,0.006057281865487152,1,0.05348204192769311,0.04817902660991438,1.1100459192500256,15.720000267028809,-0.01688552269882082,-0.732130037677078,0.04415723288189155
2016-07-26,67.40499877929688,15.619999885559082,8590.650390625,0.0038571924134194,0.0038571924134194,0.003961912458836814,0.002424110258496537,0.014264833447599656,67.20781997680665,66.79886016845703,0.0061222572858021795,1,0.054641004716596775,0.04814384531118521,1.1349294896145892,15.619999885559082,-0.01139242424068665,-0.7671046730968725,0.06206887309390208
2016-07-27,67.28399658203125,15.43000030517578,8615.7998046875,-0.0017951516869219,-0.0017951516869219,0.0011605407077561747,-0.008736425135672743,0.01400034930448979,67.21599990844726,66.80568016052246,0.006141988928768827,1,0.04269868726166159,0.0481844429191578,0.8861325054809289,15.43000030517578,-0.035021855782254585,-0.8349633362631793,0.06437540573482381
2016-07-28,67.06300354003906,15.149999618530272,8666.2998046875,-0.0032844814995904,-0.0032844814995904,-0.0015037508576309921,-0.01263223612224873,0.009407266424303895,67.21990005493164,66.81336017608642,0.006084709372104369,1,0.04347677279475733,0.04862676665058957,0.8940729914074763,15.149999618530272,-0.035646111919599655,-0.9336079453418762,0.06624749479404368
2016-07-29,67.00700378417969,14.920000076293944,8638.5,-0.0008350320281426,-0.0008350320281426,-0.002188932094934204,-0.010309401491735093,0.008868146031147939,67.21684005737305,66.82161018371582,0.005914701435218328,1,0.0425645144397399,0.04865677132332253,0.8747732023504738,14.920000076293944,-0.03741934991651974,-1.013794603324967,0.05296196977084344
2016-08-01,66.64800262451172,15.18000030517578,8636.5498046875,-0.0053576662049278,-0.0053576662049278,-0.0074166900637328,-0.011391920872305894,0.0041735158137705675,67.20026016235352,66.82923519134522,0.00555183625767941,0,0.04388637023634073,0.049844855161361355,0.8804417156506086,15.18000030517578,-0.03435114202800793,-0.9232338875918495,0.04208618801091979
2016-08-02,66.7509994506836,15.6899995803833,8622.900390625,0.001545385039551,0.001545385039551,-0.009702534536862206,-0.01111094659491596,0.00238762276522686,67.18682022094727,66.83707019805908,0.005232874838046797,0,0.04405530674810288,0.049490696714411364,0.8901555144153004,15.6899995803833,0.004481414554230234,-0.7464375635997973,0.035367245020361704
2016-08-03,66.6760025024414,16.239999771118164,8544.849609375,-0.0011235329636913,-0.0011235329636913,-0.009036236110745777,-0.007531730375363477,0.0008405847125583232,67.1713803100586,66.84575519561767,0.004871290831975905,0,0.04156517947673089,0.049533456209695376,0.8391164990440602,16.239999771118164,0.05249510368905708,-0.5556598659624664,0.020804641188800543
2016-08-04,66.76000213623047,15.140000343322754,8551.099609375,0.0012598180850147,0.0012598180850147,-0.004518160353907952,-0.007094269211182502,0.0023723727060525057,67.15356033325196,66.85458019256592,0.0044720965986901895,0,0.04176782151916473,0.04959732917202164,0.8421215435363074,15.140000343322754,-0.0006600181821316831,-0.9394178970302947,0.02580982479759575
2016-08-05,66.84100341796875,14.350000381469728,8683.150390625,0.0012133205384414,0.0012133205384414,-0.0024773584377180136,-0.008308445727511993,0.0037090675043411903,67.14430038452149,66.86492519378662,0.004178202397223885,0,0.04217339979121198,0.04965610318186637,0.8492923889811747,14.350000381469728,-0.03820373270170918,-1.209774148414968,0.041407306854875925
2016-08-08,66.83499908447266,14.59000015258789,8711.349609375,-8.983009214491577e-05,-8.983009214491577e-05,0.002805732394029148,-0.00980788105121222,0.001708583683380338,67.14192031860351,66.87519020080566,0.003988476399049423,0,0.041674119588244046,0.04950788518044734,0.8417503128247069,14.59000015258789,-0.038866939441807635,-1.1224122156259864,0.046634636312256506
2016-08-09,66.79399871826172,14.539999961853027,8678.25,-0.0006134565238657,-0.0006134565238657,0.0006441741386942201,-0.0050349318784616015,0.0019199944701595584,67.13732025146484,66.8837351989746,0.0037914307826236726,0,0.037623443999595954,0.04949562821453693,0.7601213528429018,14.539999961853027,-0.07329507006284952,-1.1360540464117477,0.024840822361099413
2016-08-10,66.78299713134766,14.920000076293944,8575.2998046875,-0.0001647092122821,-0.0001647092122821,0.001604694716098587,-0.005391310295882357,0.002883177959848826,67.13032012939453,66.89340518951416,0.003541678573682816,0,0.03759216422637625,0.04944488822881041,0.7602687619326169,14.920000076293944,-0.08128077053127536,-1.00291865805453,0.006366586423442344
2016-08-11,66.75800323486328,14.210000038146973,8592.150390625,-0.0003742553877181,-0.0003742553877181,-2.994160130653789e-05,-0.001674884209937888,0.00010492403465600653,67.12086013793946,66.90327522277832,0.0032522311416984806,0,0.034916611214786133,0.04920913104915175,0.7095411142049377,14.210000038146973,-0.06142670304402886,-1.24825951427556,0.008527541595750865
2016-08-16,66.86489868164062,14.18000030517578,8642.5498046875,-0.0005186651010917,-0.0005186651010917,0.00035749408970509045,-0.0021057521625120756,-0.0005247061799348307,67.10963806152344,66.9141247177124,0.0029218546104554655,0,0.034081544010099045,0.04900038642989366,0.695522035052203,14.18000030517578,-0.01184669489719814,-1.2548072896765319,0.00905426791447761
2016-08-17,66.85769653320312,14.779999732971191,8624.0498046875,-0.0001077119472174,-0.0001077119472174,0.00033960423492751524,0.0002947290079777787,-0.00025874342873832834,67.10095199584961,66.92365821838379,0.0026491943534718843,0,0.033031405998532354,0.048996834010118305,0.6741401261066193,14.779999732971191,0.013022589334901413,-1.0467780427681728,0.009676330611221085
2016-08-18,66.90550231933594,14.550000190734863,8673.25,0.0007150378881071,0.0007150378881071,0.0016693655599890889,-0.0033888088505654723,0.0005608976735982374,67.0992221069336,66.93321571350097,0.0024801795590279063,0,0.028912659497966918,0.04902241401814844,0.589772460303631,14.550000190734863,0.0006877736525496836,-1.1260905183917194,0.019339006065597575
2016-08-19,66.81999969482422,14.539999961853027,8666.900390625,-0.0012779610278332,-0.0012779610278332,0.0005540716210112873,-0.0047513404195865805,-0.005062596020627974,67.09960205078124,66.94206569671631,0.0023533237647408445,0,0.02909136480322873,0.048242148321687404,0.6030154709067959,14.539999961853027,-0.025469176440869434,-1.1289687655772052,0.016222052881893045
2016-08-22,67.12750244140625,14.239999771118164,8629.150390625,0.004601956719342,0.004601956719342,0.005534905009711322,-0.0011680331939843969,-0.005179467784216962,67.10689208984375,66.95327819824219,0.002294344589770958,1,0.03350252581863503,0.048194235437335704,0.6951418644317157,14.239999771118164,0.0021111705060279373,-1.230665332982472,0.007389901076563232
2016-08-23,67.1874008178711,13.899999618530272,8632.599609375,0.0008923075384359,0.0008923075384359,0.004823190382235998,0.000348391288740979,-0.0034942929754188112,67.12044006347656,66.96471019744872,0.0023255512577993187,1,0.03364599918295991,0.04822115673192207,0.6977290412373229,13.899999618530272,-0.01974616929615336,-1.3430047149031075,0.014394661123008579
2016-08-24,67.12999725341797,13.489999771118164,8650.2998046875,-0.0008543798949557,-0.0008543798949557,0.004072840291164059,-0.0003574184030031846,-0.004714755110092783,67.12822006225586,66.97502517700195,0.0022873434515187085,1,0.03375221659261033,0.04823177746896874,0.6997775861928189,13.489999771118164,-0.087280107250293,-1.4760242216194008,0.012773334763289457
2016-08-25,67.16000366210938,13.289999961853027,8592.2001953125,0.0004469895712662,0.0004469895712662,0.003803892564152811,0.0002084999581295488,-0.007257798219766576,67.13252014160156,66.98609519958497,0.002185900545185193,1,0.03380843001126437,0.047820253075468076,0.7069749920168409,13.289999961853027,-0.08659795273983417,-1.5319293428461311,-0.005031490779162429
2016-08-26,67.00559997558594,13.56999969482422,8572.5498046875,-0.0022990422588459,-0.0022990422588459,0.00277761570801216,-0.005925358815281334,-0.004433627646466043,67.12955215454102,66.9939031982422,0.0020247955384451455,1,0.03139475401430626,0.04695917554809587,0.6685399628064049,13.56999969482422,-0.0667125357340913,-1.425750867910827,-0.0021070099601833148
2016-08-29,67.12899780273438,13.170000076293944,8607.4501953125,0.0018416046896587,0.0018416046896587,2.227643326113693e-05,-0.0023036500084816502,0.002613666340200549,67.12617218017579,67.00247318267822,0.0018461855454248166,1,0.03185637102268045,0.04597934816756272,0.6928257895435823,13.170000076293944,-0.07514042921506314,-1.551837226965997,-0.0009691043854637149
2016-08-30,67.08999633789062,13.020000457763672,8744.349609375,-0.0005809928066907,-0.0005809928066907,-0.0014497432374934727,0.00040249908931455636,0.000984636259429461,67.12651214599609,67.01021816253662,0.0017354664206195025,1,0.029882992006256784,0.04593939092919431,0.6504731762582079,13.020000457763672,-0.06330929387893369,-1.590628441832328,0.009006127926163288
2016-08-31,67.12660217285156,13.239999771118164,8786.2001953125,0.000545622849293,0.000545622849293,-5.057471630143251e-05,0.0017848639980544423,-9.534895957696854e-05,67.12290420532227,67.01819618225097,0.0015623819952801377,1,0.02982615635319245,0.04582901723548194,0.650799588399474,13.239999771118164,-0.018532246422660825,-1.5058636732461048,0.01709789839815934
2016-09-01,66.97470092773438,13.34000015258789,8774.650390625,-0.0022629068089285,-0.0022629068089285,-0.0027591233512624935,0.004901846872489735,-0.003812257279818154,67.12107818603516,67.02514469146729,0.0014313060420754198,0,0.024244822284395964,0.04592677797331273,0.5278901648253898,13.34000015258789,0.0037622416010820725,-1.4618145597497754,0.01599024947005412
2016-09-02,66.79299926757812,12.9399995803833,8809.650390625,-0.0027129894966205,-0.0027129894966205,-0.0031728797008798715,0.0006292013189339585,-0.009388117512088345,67.11433822631835,67.02980968475342,0.0012610589521659943,0,0.025570688634106695,0.04579096949865962,0.5584098896391686,12.9399995803833,-0.0464259490500365,-1.582718253450348,0.021657446049479834
2016-09-06,66.45999908447266,12.75,8943.0,-0.0016943946879551,-0.0016943946879551,-0.009965867809134332,-0.003239597604263067,-0.01236403635923733,67.09141815185546,67.03144466400147,0.0008947067776119422,0,0.025940909850131217,0.04574883164075203,0.5670165095651225,12.75,-0.03189066620052228,-1.631685408303378,0.046595365492233976
2016-09-07,66.25520324707031,13.149999618530272,8917.9501953125,-0.0030814902230443,-0.0030814902230443,-0.012442884727791315,-0.007561397139114301,-0.01099823193283056,67.06808227539062,67.03038066864013,0.0005624555071059856,0,0.027398346525186225,0.045311094812834234,0.6046585715879526,13.149999618530272,0.009984574208603991,-1.509311803515198,0.042900983814444515
2016-09-08,66.47160339355469,13.119999885559082,8952.5,0.0032661607825337,0.0032661607825337,-0.009757663252643822,-0.005526548159430544,-0.00493105038168673,67.05267440795899,67.03249870300293,0.0003009839308758533,0,0.029659952258574332,0.04550619624739226,0.6517640000788658,13.119999885559082,-0.009063435621868399,-1.5241708623835888,0.0310198024055659
2016-09-09,66.44999694824219,13.229999542236328,8866.7001953125,-0.0003250477528663,-0.0003250477528663,-0.007834360918734684,-0.0057604868931599995,-0.004688278503809928,67.02413436889648,67.03449367523193,-0.00015453695205980278,0,0.02965955019531523,0.0454986010911144,0.6518639610910222,13.229999542236328,-0.008245922720639731,-1.4855418376169138,0.01783312493512068
2016-09-12,66.77799987792969,15.239999771118164,8715.599609375,0.0049360864522383,0.0049360864522383,-0.0002245652959578237,-0.0002395251166128487,0.004029435169018436,67.0012744140625,67.03889865875244,-0.0005612300536360637,0,0.03455174398401639,0.04596419084624592,0.7516936914194996,15.239999771118164,0.17774345172480555,-0.7806317761961905,0.004303818094085754
2016-09-14,66.99500274658203,14.760000228881836,8726.599609375,0.0040766029040935,0.0040766029040935,0.008050010073418212,0.0031745447844666597,0.0038058381257346507,66.98707443237305,67.04368865966796,-0.0008444378348916315,0,0.03724296672381739,0.04616270929593222,0.8067585402436261,14.760000228881836,0.15764707677504597,-0.9424207824858596,0.017643675222269728
2016-09-15,66.75810241699219,14.68000030517578,8742.5498046875,-0.0035360895570965,-0.0035360895570965,0.007590334725055881,1.485696457415031e-06,-0.0027918034010608883,66.97391647338867,67.04710418701171,-0.0010915864974406775,0,0.039454761383821466,0.04630133164004868,0.852111761682764,14.68000030517578,0.11634986547752546,-0.9671882088073421,0.017504280910469516
2016-09-16,66.85030364990234,14.579999923706056,8779.849609375,0.0013811242316961,0.0013811242316961,0.0056971734848263456,-0.0002182764354100586,-0.0045223766528754705,66.96090255737305,67.05093070983887,-0.0013426831143540374,0,0.03962873945554339,0.04594569736097212,0.8624937532333867,14.579999923706056,0.11128049168308052,-1.0140113690147283,0.015886492735399882
2016-09-19,67.06529998779297,14.9399995803833,8808.400390625,0.0032160861828924,0.0032160861828924,0.009259639846636025,0.0031051541610731537,-0.0034577037242189412,66.95856857299805,67.05600719451904,-0.0014530931022830318,1,0.04096523110887362,0.04620591119701919,0.8865606907634261,14.9399995803833,0.12925170803580577,-0.8845572431781844,0.021376335957301373
2016-09-20,66.9552001953125,14.779999732971191,8775.900390625,-0.0016416804592018,-0.0016416804592018,0.002653573298192935,0.0007428070077011295,-0.00175626339947077,66.95293258666992,67.05892818450928,-0.0015806336413209943,0,0.04150858593203776,0.04583884830790238,0.905513160803415,14.779999732971191,-0.030183729990517105,-0.9412991944801734,0.01183528557634106
2016-09-21,66.9749984741211,14.8100004196167,8777.150390625,0.0002956944158309,0.0002956944158309,-0.0002985935016168728,0.0023196465130914667,-0.004932633104070994,66.94441253662109,67.06189315795899,-0.0017518238123875873,0,0.041142148659785535,0.04528222009119594,0.9085517455898522,14.8100004196167,0.003387546745224679,-0.9336238254460524,0.012720810789432546
2016-09-22,66.76119995117188,13.34000015258789,8867.4501953125,-0.0031922139278858,-0.0031922139278858,4.639937427119989e-05,-0.005456816906812656,-0.0045448055992423075,66.92969650268554,67.06290916442872,-0.0019863835822653275,0,0.03973261200409365,0.04516696018086029,0.8796636342442171,13.34000015258789,-0.09128066244763222,-1.5149596660613165,0.027615674069882523
2016-09-23,66.62259674072266,13.25,8831.5498046875,-0.002076104242443,-0.002076104242443,-0.0034062210154227612,-0.00840639867405324,-0.007558476589532126,66.91950836181641,67.06152214050293,-0.0021176641113063166,0,0.04016341548901727,0.04529110546981396,0.8867641517744228,13.25,-0.09122084572466771,-1.5522885908901347,0.023046382818037836
2016-09-26,66.69650268554688,14.56999969482422,8723.0498046875,0.0011093224887621,0.0011093224887621,-0.0054990777989991635,-0.006457538888831382,-0.013452949210123077,66.91053848266601,67.06246463775635,-0.0022654424633955506,0,0.04033748021253163,0.04293411162441092,0.9394986687212338,14.56999969482422,-0.024765722620561648,-1.0226328772645685,0.008410113133949126
2016-09-27,66.60649871826172,14.25,8706.400390625,-0.0013494555735478,-0.0013494555735478,-0.005207981994432065,-0.00824158596882174,-0.012095434538972771,66.90526840209961,67.06319213867188,-0.00235484968036892,0,0.040505208374220635,0.04269669985511544,0.9486508292405795,14.25,-0.03585925186377836,-1.1555285164599387,0.013291146937521647
2016-09-28,66.44129943847656,13.850000381469728,8745.150390625,-0.0024802276499164,-0.0024802276499164,-0.007968630799607301,-0.008421692176698414,-0.01190769705213901,66.8939744567871,67.06261363983154,-0.0025146527087377413,0,0.040628499847006,0.04265384220372627,0.9524944355193687,13.850000381469728,-0.0648210675858858,-1.327159359949361,0.02013410127324322
2016-09-29,66.33280181884766,18.450000762939453,8591.25,-0.0016329846126711,-0.0016329846126711,-0.006416872863842182,-0.011860686289797195,-0.022749931604421958,66.88387054443359,67.06026264190673,-0.0026303520225540167,0,0.040205893065125654,0.03797177927544003,1.058808278780109,18.450000762939453,0.3830585121365422,0.63372624948754,-0.0018821131630041288
2016-09-30,66.81629943847656,17.18000030517578,8611.150390625,0.0072889672435263,0.0072889672435263,0.002907462441125608,-0.0040795485818126975,-0.016264457529597487,66.87753646850587,67.06116413116455,-0.002738211676426072,0,0.048141664812946905,0.04090837527489453,1.1767880709361682,17.18000030517578,0.29660379661704006,0.10112596063638042,-0.01523260444747021
2016-10-03,66.54650115966797,15.619999885559082,8738.099609375,-0.0040379111246203,-0.0040379111246203,-0.002249016362763645,-0.008641894486031476,-0.01711100568725399,66.86568649291992,67.06005664825439,-0.002898449017930127,0,0.05007413087408165,0.04119142304398933,1.2156150858279824,15.619999885559082,0.07206590341301511,-0.5747258390750067,-0.005474560659699312
2016-10-04,66.38030242919922,14.989999771118164,8769.150390625,-0.0024974826260208,-0.0024974826260208,-0.00339600929962236,-0.008874970553082617,-0.015362791197722991,66.84917251586914,67.05779315948486,-0.003111057399690309,0,0.05020161383005677,0.0406436268980068,1.2351353096691517,14.989999771118164,0.051929808499520336,-0.8461780722762393,-0.0006268055996710986
2016-10-05,66.5780029296875,14.93000030517578,8743.9501953125,0.0029783006894124,0.0029783006894124,0.0020575077905802264,-0.0032188453917053605,-0.013673820069441178,66.83745254516602,67.05623317718506,-0.003262644226390665,0,0.050515445187132364,0.04104715605797212,1.230638597158655,14.93000030517578,0.07797833169383961,-0.8661761530731095,-0.007457752850489552
2016-10-06,66.56320190429688,14.84000015258789,8709.5498046875,-0.0002223110447794,-0.0002223110447794,0.0034733959539117176,0.0015528561728241908,-0.00921076046492264,66.82563659667969,67.05511917114258,-0.0034222976157448626,0,0.05013168833514256,0.04001661573342237,1.25274050980686,14.84000015258789,-0.1956639816299074,-0.8988907351463358,-0.02610423742731749
2016-10-07,66.68710327148438,14.489999771118164,8697.599609375,0.0018614093619722,0.0018614093619722,-0.001933602550245217,0.006518733672938426,-0.00817847679444017,66.81645858764648,67.05284969329834,-0.0035254445818950764,0,0.049069920169649624,0.040173923734064525,1.221406678814501,14.489999771118164,-0.15657744390418937,-1.04626608399488,-0.0247086585046552
2016-10-10,66.59120178222656,14.289999961853027,8708.7998046875,-0.0014380814963186,-0.0014380814963186,0.0006717201021784192,0.0017992403156543713,-0.01201464640884975,66.80018264770507,67.05045070648194,-0.003732533579415165,0,0.04825038061886637,0.04025548323338258,1.198574161064692,14.289999961853027,-0.08514724285853925,-1.1276671445364606,-0.027221468339849175
2016-10-13,66.81809997558594,15.43000030517578,8573.349609375,0.000293418482943,0.000293418482943,0.006595293036720795,0.00553954919863231,-0.010058249341271419,66.79086471557618,67.05002620697022,-0.003865195974630309,0,0.048224568730406106,0.04013831077801786,1.20142991485584,15.43000030517578,0.02935293801040495,-0.6147417502835094,-0.03308452744264245
2016-10-14,66.78399658203125,14.890000343322754,8583.400390625,-0.0005103915491034,-0.0005103915491034,0.0030940196953834764,8.980059469476664e-05,-0.005183923948810398,66.78528457641602,67.05180618286133,-0.003974860956294957,0,0.045009718471666973,0.03871301377866621,1.1626208206928437,14.890000343322754,-0.0026791668476495722,-0.8517891198230685,-0.01516811518140404
2016-10-17,66.7052993774414,15.65999984741211,8520.400390625,-0.0011783841731182,-0.0011783841731182,0.0021347752073110904,-0.00432425341090692,-0.0065484740130731245,66.77925048828125,67.0530376815796,-0.004083143773418674,0,0.042474411563507,0.03876835624279114,1.0955665938199526,15.65999984741211,0.05525604355746738,-0.49783657436625256,-0.023628816260629182
2016-10-18,66.78359985351562,14.539999961853027,8677.900390625,0.001173826919375,0.001173826919375,0.0014470051523818306,0.00038193770644001646,-0.0012921024303504947,66.78196243286133,67.05571567535401,-0.004082474398126368,0,0.041136676070063743,0.037996165863574384,1.0826248520155821,14.539999961853027,0.0034506688422815124,-0.9979097467481172,-0.007394800774007226
2016-10-19,66.73799896240234,14.609999656677246,8659.099609375,-0.0006828157094451,-0.0006828157094451,0.0022044530845959365,-0.0016799428180332976,-0.0039996083168898355,66.78170242309571,67.05806068420411,-0.004121178845446383,0,0.040803485550070275,0.03778280092372695,1.0799200861882339,14.609999656677246,0.022393260719276054,-0.9585013657583537,-0.013753082953842921
2016-10-20,66.63639831542969,14.170000076293944,8699.400390625,-0.0015223807808486,-0.0015223807808486,-0.0027193479045743985,-0.00639528448305382,-0.003016235207902618,66.78091033935547,67.06002769470214,-0.004162201611627503,0,0.03903171282608569,0.03757624366860235,1.038706116135352,14.170000076293944,-0.0816591188568665,-1.149160968013169,-0.01237455101564311
2016-10-21,66.84130096435547,13.829999923706056,8693.0498046875,0.0030749358324537,0.0030749358324537,0.0008580556009976092,-0.0017011259861038353,-0.004345139595309022,66.78253631591797,67.06346420288087,-0.004188985616863428,0,0.04060610319814077,0.037019265326298005,1.0968614849255416,13.829999923706056,-0.07118874379959583,-1.293013379036391,-0.009440693518582566
2016-10-24,66.91120147705078,14.329999923706056,8708.9501953125,0.0010457682852789,0.0010457682852789,0.003086742755538996,-0.0009525494367119691,-0.003392937966325893,66.7839402770996,67.06832019805908,-0.0042401527296297425,0,0.04081013261826987,0.0370868181291322,1.1003648819722243,14.329999923706056,-0.08492975329918928,-1.057907930721239,-0.007770197874853002
2016-10-25,66.83399963378906,14.479999542236328,8691.2998046875,-0.0011537955014632,-0.0011537955014632,0.000754673009301543,0.0010904489833980513,-0.005535244484934143,66.78392028808594,67.0718201828003,-0.004292412132691492,0,0.039511040123693573,0.0370849578092608,1.0653908502756049,14.479999542236328,-0.004126576325592546,-0.9819205003138428,-0.019864829995675293
2016-10-26,66.78130340576172,14.449999809265137,8615.25,-0.0007884643791497,-0.0007884643791497,0.0006488723670567964,0.0023821747095313928,-0.0056979639499643575,66.78366638183594,67.07442668914796,-0.004334890682845871,0,0.03894451052014055,0.03709575461486485,1.0498090985170787,14.449999809265137,-0.010951392961805029,-0.9877173804827718,-0.024491715437385042
2016-10-27,66.86399841308594,14.09000015258789,8615.25,0.0012382957969803,0.0012382957969803,0.003415552211853967,0.002511311999802368,-0.004318445936603799,66.7852864074707,67.0764716720581,-0.00434109393843829,0,0.038994659217113994,0.037192777112716686,1.0484189088658484,14.09000015258789,-0.005645725001786728,-1.1422818415168912,-0.012358040719837704
2016-10-28,66.90299987792969,14.649999618530272,8638.0,0.0005832954320619,0.0005832954320619,0.000923065719608207,0.004451534990934425,-0.003619036602934611,66.78818634033203,67.08002166748047,-0.004350555051921057,0,0.03874191485331563,0.037216564221486254,1.040957829017444,14.649999618530272,0.05929137377785887,-0.8816088527365749,-0.007856334139956789
2016-11-01,66.66549682617188,15.739999771118164,8626.25,-0.0017355993918547,-0.0017355993918547,-0.0036721004174939953,0.003374367894518837,-0.010971025391549039,66.78419830322265,67.0803441619873,-0.00441479337150541,0,0.038207386101340925,0.03649025620163955,1.047028523496658,15.739999771118164,0.09839496545143378,-0.3846685008027003,-0.013596151617068175
2016-11-02,66.67849731445312,16.799999237060547,8514.0,0.0001950107461907,0.0001950107461907,-0.0023266947988748177,0.0052115316423622104,-0.00899915727865408,66.78061431884765,67.08111663818359,-0.004479685705841119,0,0.03768275295544892,0.03634481799780993,1.0367837355516265,16.799999237060547,0.1602209784646107,0.0950039621925991,-0.0089917066783064
2016-11-03,66.77749633789062,16.469999313354492,8484.9501953125,0.0014847218732394,0.0014847218732394,-5.7007989915369706e-05,-0.0005807430359364707,-0.004257298168549473,66.77805419921874,67.08138412475586,-0.0045218197193575005,0,0.02803117277337826,0.035911161757297645,0.7805481876256612,16.469999313354492,0.13979235506938625,-0.0538916110018207,-0.014655439701749318
2016-11-04,66.68450164794922,16.850000381469727,8433.75,-0.0013926052194418,-0.0013926052194418,-0.0026845054049533523,0.0020737452138939183,-0.004812961601285748,66.77534423828125,67.08020164489746,-0.0045446703966399715,0,0.024624800746978526,0.03597771602724907,0.6844268908409219,16.850000381469727,0.19588361951684652,0.11869189275806995,-0.03483018310394026
2016-11-07,66.7853012084961,16.510000228881836,8497.0498046875,0.0015115890207746,0.0015115890207746,-0.0017592435264239814,0.006101189125024664,0.0020600554942045157,66.76850021362304,67.0799281692505,-0.004642639968869378,0,0.023303533758921646,0.034459641651250435,0.67623621158186,16.510000228881836,0.12696250230606942,-0.03528703739335531,-0.031029298599827837
2016-11-08,66.73500061035156,16.770000457763672,8543.5498046875,-0.0007531686948225,-0.0007531686948225,0.0010425750573930248,0.00235810138117043,-0.0002396794124985835,66.75945220947266,67.07963817596436,-0.004773221430500074,0,0.021251968737871323,0.03435973625717419,0.6184957324199978,16.770000457763672,0.06543841814632612,0.08157332972855867,-0.02291874795129001
2016-11-09,66.22949981689453,16.6200008392334,8432.0,-0.0075747477160975,-0.0075747477160975,-0.006733767490907039,-0.005013311827789413,-0.006696602507484273,66.74144226074219,67.0761856842041,-0.004990495807825068,0,0.03392790360848869,0.03750338458992231,0.9046383237442951,16.6200008392334,-0.010714190833418291,0.014651090286225325,-0.031867296348442986
2016-11-10,66.50749969482422,15.460000038146973,8525.75,0.0041975234404347,0.0041975234404347,-0.004043228001544663,-0.0026932280433442646,-0.0037822413619909012,66.72839218139649,67.07404319763184,-0.0051532753917472585,0,0.03665712579640537,0.03838383245324502,0.9549898606710321,15.460000038146973,-0.061323577250460115,-0.509271298956447,-0.019758280110959148
2016-11-11,67.2145004272461,17.360000610351562,8296.2998046875,0.0106303910937264,0.0106303910937264,0.007947855441657659,0.009360075030000248,0.0055878426441595686,66.73257019042968,67.07359569549561,-0.005084348043813525,1,0.05206830667144872,0.04386840012056684,1.186893518679278,17.360000610351562,0.030267075212810912,0.35141453348790946,-0.04736588384750473
2016-11-15,67.77549743652344,20.149999618530277,8108.4501953125,0.0033857819297105,0.0033857819297105,0.014826559289387031,0.014328414924807964,0.014071943815875398,66.74550018310546,67.07363819122314,-0.004892205298036356,1,0.0530898629729693,0.04435415155492179,1.1969266502726734,20.149999618530277,0.22047240091982512,1.6037080769441003,-0.054226111758481244
2016-11-16,67.74800109863281,19.5,8111.60009765625,-0.0004056973232307,-0.0004056973232307,0.015179448250789651,0.014434663481354582,0.014282755916367407,66.7586602783203,67.07382320404052,-0.004698747002410797,1,0.05306512801096502,0.04434139381471946,1.1967132002997558,19.5,0.16279066593420843,1.304016639073617,-0.05496659499702028
2016-11-17,67.98149871826172,18.709999084472656,8079.9501953125,0.0034465610179252,0.0034465610179252,0.02645345210534522,0.019131903352972657,0.01794620844220085,66.77575820922851,67.07489570617676,-0.004459753441267034,1,0.05359431035516539,0.0448188709170182,1.1957711893992875,18.709999084472656,0.12575199396534198,0.9514733129611356,-0.05169360301390624
2016-11-18,67.97480010986328,17.809999465942383,8074.10009765625,-9.853575641516343e-05,-9.853575641516343e-05,0.022062179780805158,0.017836718280542785,0.018226981276224796,66.7957601928711,67.07502471923829,-0.004163465127834498,1,0.05365170850803614,0.04480741795807768,1.1973577946499283,17.809999465942383,0.1520051372572364,0.5507278006363292,-0.06957907624994797
2016-11-21,68.16999816894531,19.100000381469727,7929.10009765625,0.0028716238777686,0.0028716238777686,0.014215648939226444,0.021457029410631545,0.019518454570888855,66.82330017089843,67.07683471679688,-0.0037797631174590895,1,0.053910224979455655,0.04509123558052648,1.1955544959216284,19.100000381469727,0.10023039803815581,1.1347811003595214,-0.08430432084744666
2016-11-22,68.21549987792969,18.46999931335449,8002.2998046875,0.0006674741118755,0.0006674741118755,0.006492057720687949,0.023697282602597625,0.0203088561995588,66.85841018676757,67.08020721435547,-0.003306445176580075,1,0.05321572587018096,0.04509096599791007,1.1801598065750207,18.46999931335449,-0.08337470654991141,0.8527008722101943,-0.08013202687954657
2016-11-23,68.385498046875,18.040000915527344,8033.2998046875,0.00249207539708,0.00249207539708,0.009409826679817046,0.023102439064479174,0.02212068777953613,66.90101608276368,67.08328472137451,-0.0027170499978925733,1,0.05296333580752092,0.04529865514442864,1.169177461476433,18.040000915527344,-0.07487174792167473,0.6622285712183761,-0.07589396297306927
2016-11-24,68.79850006103516,17.15999984741211,7965.5,0.0060393215806817,0.0060393215806817,0.012017995457254793,0.028206018459131732,0.02960940399950629,66.94755401611329,67.08629722595215,-0.002068130386918887,1,0.05583016477269579,0.046596149762597176,1.1981454886648413,17.15999984741211,-0.08284336252837576,0.26247806975801186,-0.0853662242451052
2016-11-25,68.74549865722656,17.610000610351562,8114.2998046875,-0.0007703860369276,-0.0007703860369276,0.011338003879638459,0.028600697757299898,0.024103328099129184,66.99346405029297,67.0895597076416,-0.0014323489044701931,1,0.05564345694885218,0.04587632703201321,1.2128748675794507,17.610000610351562,-0.011229582346325873,0.46517339832425403,-0.06638822879965611
2016-11-28,68.50849914550781,18.059999465942383,8126.89990234375,-0.0034474913463128,-0.0034474913463128,0.004965541816850161,0.025863462551062977,0.019662887856279676,67.02807403564454,67.09275218963623,-0.0009640110426366588,1,0.057570473601876365,0.0464844571200638,1.2384620302470493,18.059999465942383,-0.054450308625978994,0.6683558071005516,-0.05668437917138214
2016-11-29,68.55549621582031,17.709999084472656,8142.14990234375,0.0006860035017359,0.0006860035017359,0.004984150794160369,0.02529758678630456,0.021234902736865013,67.0592839050293,67.09611965179444,-0.0005489996583453172,1,0.05758246868142907,0.04643371952580908,1.240073575752383,17.709999084472656,-0.04114782117681637,0.5099880112850035,-0.05491426222759066
2016-11-30,68.60800170898438,16.850000381469727,8224.5,0.0007658830591608,0.0007658830591608,0.0032536673485490386,0.02548468430661721,0.02156042239306699,67.09628189086914,67.09922966003418,-4.39314904207011e-05,1,0.057567364272990536,0.046442075372837864,1.2395252426943864,16.850000381469727,-0.06596454953798603,0.12004787646205864,-0.0478698772864089
2016-12-01,68.58799743652344,16.690000534057617,8192.900390625,-0.0002915734602764,-0.0002915734602764,-0.0030596978760433213,0.028838015193442867,0.023615898693751802,67.13103576660156,67.10253463745117,0.00042473997896452786,1,0.05689819853499538,0.04615643272137945,1.2326985098684,16.690000534057617,-0.027389237618517415,0.04878562997916165,-0.050236152369221854
2016-12-02,68.21649932861328,17.93000030517578,8086.7998046875,-0.0054163719862789,-0.0054163719862789,-0.007695039514527879,0.023065936937765708,0.01620017520706396,67.15405975341797,67.10579711914062,0.0007192021606070576,1,0.06121162138432885,0.047461776755619994,1.2896763646910074,17.93000030517578,0.018171475510120993,0.6074447989584763,-0.05017620334889594
2016-12-05,68.0114974975586,17.290000915527344,8128.75,-0.0030051649245023,-0.0030051649245023,-0.007254598395063594,0.01847929657955416,0.013735299000866563,67.17518569946289,67.1068445968628,0.0010183924309157266,1,0.0625932659333334,0.04787519684165626,1.3073984581597358,17.290000915527344,-0.0426355799105701,0.3146478750883615,-0.04198023407483076
2016-12-06,68.01249694824219,17.110000610351562,8143.14990234375,1.4695319473512214e-05,1.4695319473512214e-05,-0.007920579640598113,0.01991460185612426,0.013197372527652185,67.19593566894531,67.10652709960938,0.0013323378991616508,1,0.06220476108411379,0.04787084259803451,1.29940185520805,17.110000610351562,-0.03387907990617267,0.23294561480402534,-0.034456807192085326
2016-12-07,67.72200012207031,16.850000381469727,8102.0498046875,-0.004271227189217,-0.004271227189217,-0.012913968704003742,0.01402552502757981,0.011157932532498638,67.21515167236328,67.10549709320068,0.0016340625420045995,1,0.06445276609072301,0.04845227050937444,1.3302046572532826,16.850000381469727,0.0,0.11393762297991121,-0.046486722930833446
2016-12-08,67.43150329589844,15.529999732971191,8246.849609375,-0.0042895488267955,-0.0042895488267955,-0.01686146532701016,0.010436842424166315,0.0095594453808312,67.23132980346679,67.10318962097168,0.0019095989805986147,1,0.06640960270922189,0.048930808881715485,1.3571867508465927,15.529999732971191,-0.06950274199927842,-0.48249020233233186,-0.03472797632076918
2016-12-09,67.40599822998047,15.06999969482422,8261.75,-0.0003782366501018,-0.0003782366501018,-0.011881305939322018,0.017763963435306174,0.014234113128792192,67.24551971435547,67.0978496170044,0.002200817137866018,1,0.060078500035358404,0.04880281341047446,1.2310206075508052,15.06999969482422,-0.15950923377987758,-0.6874132028086453,-0.020190939278937337
2016-12-12,67.46050262451172,16.190000534057617,8170.7998046875,0.0008085985811721,0.0008085985811721,-0.008101495972304584,0.014329255107475625,0.018191769376161515,67.26259979248047,67.09459712982178,0.0025039670829771765,1,0.058659350750374595,0.048376317833597485,1.2125383005346435,16.190000534057617,-0.06362060863061425,-0.17966212585289856,-0.04163272384394334
2016-12-13,67.41799926757812,15.920000076293944,8221.7998046875,-0.0006300480322563,-0.0006300480322563,-0.008741006540554985,0.0030276032558227417,0.014237596593242419,67.2821337890625,67.09100212097168,0.0028488420510726087,1,0.04553522252024894,0.04800039864852055,0.9486228277152999,15.920000076293944,-0.06954999950950724,-0.30251266504637253,-0.008979906916804836
2016-12-14,67.3864974975586,16.59000015258789,8182.4501953125,-0.0004672605292617,-0.0004672605292617,-0.004954115706963247,-0.005739536464917427,0.014093312149372261,67.30320770263671,67.08540462493896,0.003246653708290914,1,0.04375403490277975,0.04800688007190668,0.9113927721291697,16.59000015258789,-0.01543028029647786,-0.0009711613014301802,0.009126281621952836
2016-12-15,67.81999969482422,15.65999984741211,8153.60009765625,0.0064330721044127,0.0064330721044127,0.005761348626931895,0.0010627412620867194,0.015603938704353393,67.32328170776367,67.082724609375,0.0035859768634836087,1,0.049521020549380124,0.048702938536108714,1.016776507975133,15.65999984741211,0.008370902554809323,-0.42166250931795307,0.00517777004467157
2016-12-16,67.84500122070312,15.25,8139.4501953125,0.0003686453257358,0.0003686453257358,0.006512817883429722,-0.002007862435105867,0.012687490697423032,67.34925170898437,67.07911960601807,0.0040270669107300705,1,0.04798926425473566,0.048052683402991826,0.9986594337063419,15.25,0.01194428061187014,-0.6055529833113632,0.007363906776865825
2016-12-19,67.83499908447266,14.84000015258789,8104.35009765625,-0.0001474262812367,-0.0001474262812367,0.005551344051576423,-0.002056659602745037,0.01613132531469863,67.37834564208984,67.07560459136963,0.0045134300699118945,1,0.047989655284059726,0.04748335069941066,1.0106414971923652,14.84000015258789,-0.08338482624690702,-0.7885521242461178,0.003746547557514246
2016-12-20,67.84020233154297,14.539999961853027,8082.39990234375,7.670446142160614e-05,7.670446142160614e-05,0.0062624680137590705,-0.004837844304836469,0.014807691627322539,67.40358963012696,67.07193561553954,0.004944750908762785,1,0.04677492392139044,0.04741859141963501,0.9864050389523678,14.539999961853027,-0.08668342385851102,-0.9202770368809424,0.01933382134156858
2016-12-21,67.89700317382812,14.710000038146973,8061.2998046875,0.000837274069549,0.000837274069549,0.0075757858803691125,-0.004668978526456646,0.01240139365941162,67.43026565551757,67.06840564727783,0.005395387064109025,1,0.04681950389207284,0.047028228591906245,0.9955405456114689,14.710000038146973,-0.11332128373414485,-0.8386966594856509,0.007372880476864907
2016-12-22,67.82550048828125,15.550000190734863,7979.10009765625,-0.0010531051770255,-0.0010531051770255,8.110872134747815e-05,-0.008188834980918047,0.012998247939368879,67.45303359985351,67.06565315246581,0.005776137697593553,1,0.04583350168605402,0.0469542438131841,0.9761103971349175,15.550000190734863,-0.0070242437898506704,-0.45831459251170953,-0.006746879657052562
2016-12-23,67.83799743652344,15.130000114440918,7985.75,0.0001842514710872,0.0001842514710872,-0.00010323213285678978,-0.013961098332952004,0.01288538980311893,67.47796951293945,67.06085815429688,0.006219892946834449,1,0.03954526338621891,0.04695298678878713,0.8422131131080552,15.130000114440918,-0.007868844954693865,-0.6435777243216627,0.0025422132948340614
2016-12-26,67.83080291748047,16.600000381469727,7908.25,-0.0001060544136742,-0.0001060544136742,-6.185843663031321e-05,-0.013305536473113388,0.016021326265718505,67.49822357177734,67.05636215209961,0.006589403383910009,1,0.0395901717924857,0.04647436580418502,0.8518528279969059,16.600000381469727,0.11859839695317764,0.020914544785614202,-0.025393417749793756
2016-12-27,67.77200317382812,15.079999923706056,8032.85009765625,-0.0008668590245626,-0.0008668590245626,-0.001005291189751234,-0.010750432148796785,0.017252501243364193,67.51798370361328,67.05413215637208,0.006917568423068898,1,0.0382671583736888,0.04630072109304378,0.8264737783027667,15.079999923706056,0.0371389245715108,-0.6599232122859392,-0.011572654495274004
2016-12-28,67.96800231933594,15.539999961853027,8034.85009765625,0.0028920370703089,0.0028920370703089,0.0010456889433845262,-0.008569610445745668,0.019063962615607943,67.54323776245117,67.05524215698242,0.007277516116134697,1,0.039866811140119585,0.04658304959904599,0.8558038960386138,15.539999961853027,0.05642419589079828,-0.4503571014769855,-0.013178313587252077
2016-12-29,68.20500183105469,15.279999732971191,8103.60009765625,0.0034869277252735,0.0034869277252735,0.005595260485236064,-0.005873948634141812,0.023999206437114617,67.57166580200196,67.0593271636963,0.007640080209200706,1,0.04193589579184855,0.046929936332504994,0.8935661435504578,15.279999732971191,-0.01736337327664772,-0.5702299240605444,-0.014699969887987163
2016-12-30,67.93299865722656,15.470000267028809,8185.7998046875,-0.0039880238476041,-0.0039880238476041,0.0014004131061211567,-0.009549758030230615,0.02245138537862723,67.59556579589844,67.06327716827393,0.007937110294936822,1,0.04386257569385102,0.047385330366532086,0.9256377388705791,15.470000267028809,0.022471920027507197,-0.486883742420124,-0.0008666754871846649
2017-01-02,67.9448013305664,15.829999923706056,8179.5,0.0001737399139318,0.0001737399139318,0.0016806289795010532,-0.003982878053270467,0.02430169490082834,67.62173385620117,67.06777118682861,0.008259744726411222,1,0.03999688888713935,0.047229782421050595,0.8468394304921122,15.829999923706056,-0.04638556867885424,-0.32780722928493805,0.01146314952161509
2017-01-03,68.13390350341797,15.960000038146973,8192.25,0.0027831735342271,0.0027831735342271,0.005339968019856256,0.0017997840124570619,0.019719800049007974,67.64758590698243,67.0716556930542,0.008586789873861411,1,0.039884015828791704,0.04533637224642276,0.8797160896756353,15.960000038146973,0.0583554455499391,-0.2720739579604061,0.007811779178840572
2017-01-04,68.2697982788086,15.890000343322754,8190.5,0.0019945250220958,0.0019945250220958,0.004440265259742615,0.003783147834760525,0.025896134118394087,67.67475784301757,67.07727970123291,0.008907310261326629,1,0.04042378584791172,0.04463610088975932,0.9056095723543232,15.890000343322754,0.022522547125411352,-0.30885033227754954,0.005814715217586919
2017-01-05,67.885498046875,15.050000190734863,8273.7998046875,-0.0056291397019241,-0.0056291397019241,-0.004684462658194888,0.0024142512700449092,0.022675335341854064,67.6957878112793,67.08016220092773,0.009177461564680911,1,0.04252796186767507,0.04585964846258181,0.9273301467242462,15.050000190734863,-0.015052326325637022,-0.6948263480903937,0.021198339203078342
2017-01-06,67.73300170898438,14.90999984741211,8243.7998046875,-0.0022463757691713,-0.0022463757691713,-0.002944032387725448,0.004471180358576854,0.01734805383869298,67.71482177734374,67.08426219940185,0.009399515732432251,1,0.04039521813133543,0.04579193276815423,0.8821277801937917,14.90999984741211,-0.036199121522332955,-0.7601828336077995,-0.0003698145148703924
2017-01-09,68.1426010131836,15.479999542236328,8236.0498046875,0.0060472634294146,0.0060472634294146,0.0029111819998537403,0.010927852157755158,0.02372781151900627,67.7403938293457,67.0891051864624,0.00970781531625975,1,0.045067413806841206,0.04726214600919595,0.9535424027438308,15.479999542236328,-0.02210994208190664,-0.503279771471083,-0.0031107447347716866
2017-01-10,68.09700012207031,15.199999809265137,8288.599609375,-0.0006691979823966,-0.0006691979823966,-0.0005416302229888093,0.009435113478198698,0.021141971706976515,67.76427383422852,67.09279518127441,0.010008208051846434,1,0.04523922454076176,0.047188463398367374,0.958672154392985,15.199999809265137,-0.047619061846197575,-0.6335963161208481,0.014417169371830685
2017-01-11,68.31800079345703,14.8100004196167,8380.650390625,0.0032453804277803,0.0032453804277803,0.0007060591339611566,0.013349573343267807,0.02593133875069009,67.79732391357422,67.10023517608643,0.01038876742620154,1,0.0460567502993114,0.04744142988950719,0.9707923984200848,14.8100004196167,-0.0679672687458367,-0.815204876469711,0.01932065845813158
2017-01-12,68.13999938964844,14.609999656677246,8407.2001953125,-0.0026054832070794,-0.0026054832070794,0.0037489795331207,0.011181793386978445,0.01978355287782052,67.82655395507813,67.10787517547607,0.010709306139150332,1,0.047281274073749754,0.047798985983334284,0.9891482832282549,14.609999656677246,-0.02923591551370819,-0.9013863110456111,0.027467322701060004
2017-01-13,68.12950134277344,14.380000114440918,8400.349609375,-0.0001540658492666,-0.0001540658492666,0.005853861836695673,0.004563574894454581,0.020147113524263238,67.85359405517578,67.11664268493652,0.010980158434007237,1,0.04215401237213908,0.04778076936564214,0.8822195772944786,14.380000114440918,-0.0355465954658063,-1.0004355978850168,0.030262645796140797
2017-01-16,68.15779876708984,15.06999969482422,8412.7998046875,0.0004153475918462,0.0004153475918462,0.00022302867340373567,0.0046104730010863015,0.021774872509449317,67.88305999755859,67.12483169555664,0.011295794460101982,1,0.042156394979385725,0.04769041073814495,0.8839410352285477,15.06999969482422,-0.02648577903981497,-0.6819523898790447,0.03358330142893706
2017-01-17,68.09459686279297,15.390000343322754,8398.0,-0.0009272879324176,-0.0009272879324176,-3.5291705552942254e-05,0.0038269002996085266,0.019630523244522635,67.90924591064453,67.13148468017579,0.011585640242787854,1,0.04232881200580119,0.047718526220867634,0.8870333668000858,15.390000343322754,0.012500035292224432,-0.5304307724565975,0.03623361513326939
2017-01-18,67.89949798583984,15.18000030517578,8417.0,-0.0028651153827408,-0.0028651153827408,-0.006125805830917486,0.0008740489010792274,0.01740386348850298,67.9325358581543,67.13644718170166,0.011857771893976743,1,0.04363060432169683,0.04809259510307611,0.9072019720752,15.18000030517578,0.02498311107871376,-0.6216095745019374,0.0413986070596708
2017-01-19,68.197998046875,15.020000457763672,8435.099609375,0.0043962042414129,0.0043962042414129,0.0008511690306145514,0.004433109842510552,0.02343463588853245,67.97190582275391,67.14290218353271,0.01234685442930572,1,0.04611570865613022,0.04866983536310233,0.9475018933225632,15.020000457763672,0.028063026058939178,-0.68877021592591,0.04636966912831375
2017-01-20,68.09030151367188,15.789999961853027,8349.349609375,-0.0015791744081563,-0.0015791744081563,-0.000575372317850098,0.0039041514398612254,0.01868605983570637,68.00356185913085,67.15151371002197,0.012688442926070964,1,0.046333426829309604,0.04848998805492113,0.9555059339445123,15.789999961853027,0.09805283979074075,-0.3317300845170634,0.0464024147068296
2017-01-23,68.07720184326172,15.90999984741211,8391.5,-0.0001923867293718,-0.0001923867293718,-0.0011825047945509537,0.0035261124410712608,0.01742608622281061,68.02081588745118,67.16005973815918,0.012816488738215615,1,0.04635234293855753,0.04847053090165093,0.9562797393919071,15.90999984741211,0.055739891811436904,-0.27263151317094,0.05080925398365843
2017-01-24,68.05139923095703,15.289999961853027,8475.7998046875,-0.0003790198716465,-0.0003790198716465,-0.0006343767909071651,0.0032521554218505333,0.018215273720540548,68.02633392333985,67.1690767288208,0.012762676461670397,1,0.04638258647574934,0.048405389254278564,0.9581914121316052,15.289999961853027,-0.00649775043787526,-0.5518420404397241,0.0717668010858914
2017-01-25,68.16449737548828,15.170000076293944,8602.75,0.0016619517865814,0.0016619517865814,0.0039028180989453265,0.00579139147847596,0.02071229369876626,68.03466384887696,67.17810920715333,0.012750502385863838,1,0.046505148426401834,0.0484415011786303,0.9600071692193486,15.170000076293944,-0.000658776592937671,-0.6009864096281806,0.07094616424001621
2017-01-27,68.14900207519531,16.010000228881836,8641.25,0.0025893002154926,0.0025893002154926,-0.0007184370961448305,0.0026630142079058228,0.01921816960706746,68.03801391601563,67.18818920135499,0.012648424146598503,1,0.046302210266699305,0.04862507011442096,0.9522095895832539,16.010000228881836,0.06591209992982683,-0.20734909003923288,0.07547121538964818
2017-01-30,68.11000061035156,16.670000076293945,8632.75,-0.0005722969325466,-0.0005722969325466,0.0002893084072439489,-0.0013928776211815652,0.018041055477693968,68.0407179260254,67.19639919281006,0.012564940136043479,1,0.044855456352206724,0.04865282277506101,0.9219307711869816,16.670000076293945,0.055731482999803905,0.10205875520566267,0.06529812626079523
2017-01-31,67.82099914550781,16.829999923706055,8561.2998046875,-0.0042431575723672,-0.0042431575723672,-0.0037634140478302047,-0.0016486761063481126,0.017332838939892348,68.03373794555664,67.20283920288085,0.012364042241836737,1,0.04515409832549787,0.049329609883733506,0.9153363080635089,16.829999923706055,0.05782527247752234,0.1856233699179258,0.04587212110720995
2017-02-01,67.50160217285156,13.970000267028809,8716.400390625,-0.0047094111953583,-0.0047094111953583,-0.00807914406343846,-0.006522929628693497,0.012344382245399244,68.01945999145508,67.20645221710205,0.012097168464222818,1,0.04807229542759818,0.05031474599555742,0.9554125547863819,13.970000267028809,-0.08633091550801053,-1.1483093596925187,0.0656397567852558
2017-02-02,67.39540100097656,13.520000457763672,8734.25,-0.0015733133504454,-0.0015733133504454,-0.011282946462219279,-0.01083898711900988,0.009253187031142529,67.9996580505371,67.21070922851563,0.011738439172529258,1,0.04705446998880336,0.050360696835572705,0.9343305119847887,13.520000457763672,-0.10876727819591214,-1.3490359509546552,0.06616009032927472
2017-02-03,67.2656021118164,13.130000114440918,8740.9501953125,-0.001925930957192,-0.001925930957192,-0.012962771815853813,-0.014709230030109821,0.00871417570060018,67.96900009155273,67.21558723449706,0.011208900912034192,1,0.046517714712782425,0.05043693689005944,0.9222763178077248,13.130000114440918,-0.17988757484496687,-1.5183845138562282,0.06720593313137169
2017-02-06,67.15730285644531,13.399999618530272,8801.0498046875,-0.0016100243210648,-0.0016100243210648,-0.013987633906458297,-0.010726815172319548,0.005570112602889532,67.93723617553711,67.21979873657227,0.010673007840686921,0,0.04295437182181779,0.050470510558743374,0.8510617444632166,13.399999618530272,-0.19616079440898582,-1.380275309107419,0.0637252547132321
2017-02-07,67.19529724121094,13.510000228881836,8768.2998046875,0.0005657520947028,0.0005657520947028,-0.009225784228782175,-0.007938589080751068,0.00689737958566794,67.91097213745117,67.22251022338867,0.010241538314690324,0,0.04251390539719741,0.050453121007871866,0.8426250333558358,13.510000228881836,-0.19726676826348655,-1.3173251512110455,0.06362357316122158
2017-02-08,67.34049987792969,13.350000381469728,8769.0498046875,0.0021609047460198,0.0021609047460198,-0.0023866440163796687,-0.011770920442246147,0.016775003044062764,67.88667221069336,67.22810272216798,0.00979604453880012,1,0.037050213493099275,0.04815398037822238,0.769395256775037,13.350000381469728,-0.044380806994139266,-1.3801865159754796,0.0647154901487661
2017-02-09,66.96430206298828,13.239999771118164,8778.400390625,-0.0055865016687335,-0.0055865016687335,-0.006396563142076039,-0.016633597031463387,0.006868433939933638,67.85379821777343,67.23190422058106,0.009249983388124772,0,0.04114444429396416,0.04885238183226919,0.8422025814963533,13.239999771118164,-0.020710109257779052,-1.4186767867478056,0.05909330940488422
2017-02-10,66.74530029296875,13.18000030517578,8793.5498046875,-0.0032704256338479,-0.0032704256338479,-0.007735035478947383,-0.02302029453764254,-0.0069806385719582975,67.81694427490234,67.23307071685791,0.008684320853101113,0,0.03950766590296439,0.044353736434767484,0.8907203396658284,13.18000030517578,0.0038080876084585213,-1.433580128064276,0.049268182637040914
2017-02-13,66.84369659423828,13.6899995803833,8805.0498046875,0.0014742056869567,0.0014742056869567,-0.004669726878064107,-0.01902410929001397,-0.013748343834109833,67.78948822021485,67.23402420043945,0.008261650650561059,0,0.03990749418705088,0.04389837540541659,0.9090674711997573,13.6899995803833,0.021641788814083407,-1.18751237153666,0.04732248550436857
2017-02-14,66.91539764404297,13.800000190734863,8792.2998046875,0.0010726673337642,0.0010726673337642,-0.00416546408245233,-0.017820528182381112,-0.01228971247989552,67.76756622314453,67.23507617950439,0.007919825095735744,0,0.04037245012183701,0.043965813996950785,0.9182482525260289,13.800000190734863,0.021465577863800656,-1.1274155997484607,0.04665879559049224
2017-02-15,66.7759017944336,14.210000038146973,8724.7001953125,-0.0020846599515319,-0.0020846599515319,-0.008384227686452528,-0.02027496482652702,-0.01773419160446177,67.74283432006835,67.23667068481446,0.007528088914851905,0,0.04041627061914439,0.04351727896502685,0.9287194158487894,14.210000038146973,0.06441944809761613,-0.9302285066214587,0.037074505261757595
2017-02-16,66.8655014038086,13.729999542236328,8778.0,0.001341795572463,0.001341795572463,-0.0014754228168727401,-0.018049823563254797,-0.016319263966378728,67.72570434570312,67.23922317504883,0.007235080176161368,0,0.0411114762872211,0.0436309186600065,0.9422339780098723,13.729999542236328,0.037009046796741885,-1.1454484243324699,0.045248868778280604
2017-02-17,67.16480255126953,13.43000030517578,8821.7001953125,0.0044761669497312,0.0044761669497312,0.006285120547206091,-0.010820336767784822,-0.014745425328963835,67.72037033081055,67.24285717010498,0.007101321698713692,0,0.044066739911767745,0.044206179615993796,0.9968231471574078,13.43000030517578,0.01896813309646328,-1.282528316433573,0.04808128731287864
2017-02-20,67.06520080566406,13.609999656677246,8879.2001953125,-0.0014829455581208,-0.0014829455581208,0.003313763641325629,-0.016610417807753297,-0.01686272290497115,67.71355438232422,67.24609317779542,0.006951499818626861,0,0.0406076594192268,0.04424636972448332,0.9177417702358347,13.609999656677246,-0.0058436761255046266,-1.1993250585733062,0.05264912170615199
2017-02-21,66.96499633789062,13.529999732971191,8907.849609375,-0.0014941350591612,-0.0014941350591612,0.0007412149608898577,-0.016526658727679444,-0.02077197285323107,67.7036442565918,67.24906314849854,0.006759664548626754,0,0.04058447565829606,0.043970124314714955,0.9229801668890792,13.529999732971191,-0.01956525029216638,-1.2671258955391778,0.06689143779209972
2017-02-22,66.96510314941406,13.699999809265137,8926.900390625,1.5950351568427834e-06,1.5950351568427834e-06,0.002833377758984401,-0.016335846123759712,-0.026648791906721536,67.69458633422852,67.25092864990235,0.006597049189250415,0,0.04061796133567388,0.04205709412875142,0.965758486614517,13.699999809265137,-0.03589023416697623,-1.2023154725261533,0.06380270400107246
2017-02-23,66.91429901123047,13.399999618530272,8939.5,-0.0007586658691504,-0.0007586658691504,0.0007297875047280744,-0.016709431879091907,-0.026637375272040353,67.68514236450196,67.25240013122558,0.006434599098797733,0,0.040607688300226194,0.042056659105067805,0.9655242151918318,13.399999618530272,-0.02403495518633547,-1.3630722037234517,0.054708724367941386
2017-02-27,66.63500213623047,13.68000030517578,8896.7001953125,-0.0007167988825946,-0.0007167988825946,-0.00788806629238048,-0.022438297033608223,-0.027346928230001843,67.66144241333008,67.2525651550293,0.0060797273287380715,0,0.03971639119056063,0.041599346051864564,0.9547130002487205,13.68000030517578,0.01861504053009244,-1.2270175308483682,0.03416932902996139
2017-02-28,66.69319915771484,13.789999961853027,8879.599609375,0.0008733701450986,0.0008733701450986,-0.0055468654903035874,-0.021362057743327556,-0.027164810422241725,67.6384063720703,67.25306114196778,0.005729779783392841,0,0.03830276222565413,0.04161975727830437,0.9202802815320275,13.789999961853027,0.013225592190773572,-1.1711009485389656,0.027582769781570926
2017-03-01,66.7051010131836,13.579999923706056,8945.7998046875,0.0001784568084761,0.0001784568084761,-0.003881062329872398,-0.020626920930528536,-0.027735842006772704,67.61580841064453,67.25298164367676,0.005394954366337412,0,0.038461797293451866,0.04157321348079252,0.9251358973085899,13.579999923706056,0.0036955056704857103,-1.2888517676888287,0.03626304534331459
2017-03-02,66.85800170898438,13.359999656677246,8899.75,0.0022921889552429,0.0022921889552429,-0.0015993619869548725,-0.014199104239932536,-0.025223009742194824,67.59616439819337,67.25394165039063,0.005088515846130237,0,0.037799347482219865,0.04190612523837723,0.9019790135259483,13.359999656677246,-0.024817529731493315,-1.4112001263039995,0.039532571342401956
2017-03-03,66.84510040283203,13.350000381469728,8897.5498046875,-0.0001929657755626,-0.0001929657755626,-0.001034137836321447,-0.009725721299746692,-0.02010362506546881,67.57512634277344,67.25521213531493,0.004756719922537123,0,0.03458283646629463,0.04059694472187562,0.8518371238547,13.350000381469728,-0.0037312864540235413,-1.4181273654838584,0.020782594413324196
2017-03-06,66.77300262451172,13.640000343322754,8963.4501953125,-0.0010785798493206,-0.0010785798493206,0.002070990978571885,-0.009235027423545206,-0.018210080921851945,67.55407638549805,67.25532215118409,0.004442090599795057,0,0.034394923595109816,0.04024091168889934,0.8547040175677737,13.640000343322754,-0.0029239737544370925,-1.2801117343002715,0.026241542812777352
2017-03-07,66.66470336914062,13.880000114440918,8946.900390625,-0.0016219018332918,-0.0016219018332918,-0.00042726678183235833,-0.008933224765860226,-0.01981685189601612,67.53061050415039,67.2541456604004,0.004110747984904961,0,0.03422670726684482,0.040340260094142766,0.8484293050581796,13.880000114440918,0.0065264795385682195,-1.1558401725135086,0.023561534010678287
2017-03-08,66.61620330810547,14.079999923706056,8924.2998046875,-0.0007275223406695,-0.0007275223406695,-0.0013326972559498662,-0.008057195946306717,-0.016328472460524268,67.50631851196289,67.25285167694092,0.003768863753756291,0,0.03392330290027867,0.039505900929700785,0.8586677796024128,14.079999923706056,0.03681885145869335,-1.048982941850492,0.01400401119584127
2017-03-09,66.76499938964844,14.390000343322754,8927.0,0.0022336319717106,0.0022336319717106,-0.0013910424625126483,-0.006403689978747518,-0.009884162055905699,67.4861784362793,67.25233669281006,0.0034770798305101547,0,0.034887159626622144,0.03888278686259569,0.8972161006309263,14.390000343322754,0.07709586176005034,-0.8579515729116889,0.018099312163990966
2017-03-10,66.68049621582031,13.960000038146973,8934.5498046875,-0.0012656807399181,-0.0012656807399181,-0.002462471984031045,-0.009800991428720929,-0.010763166976399341,67.46042831420898,67.24993915557862,0.003129953146030484,0,0.03405072115605816,0.03895321303839829,0.8741216546331813,13.960000038146973,0.04569285687241975,-1.1411966885770664,0.01887319649063146
2017-03-14,66.17009735107422,12.399999618530272,9087.0,-0.0047364556875452,-0.0047364556875452,-0.009029177208457306,-0.011860120802379415,-0.019128308020768148,67.41973022460938,67.24340465545654,0.0026221987131125335,0,0.032479485814294606,0.04000972934831245,0.8117694014409289,12.399999618530272,-0.09090914175816023,-2.1620253051161105,0.03515442400013713
2017-03-15,65.77510070800781,12.420000076293944,9084.7998046875,-0.0059694130563341,-0.0059694130563341,-0.013344432903373726,-0.01453584867702129,-0.024368841814034647,67.376572265625,67.2351651763916,0.002103171589783681,0,0.03670146587551457,0.04165740075854044,0.8810099573491273,12.420000076293944,-0.10518732176579548,-2.13311940201315,0.03312086773475098
2017-03-16,65.62049865722656,11.90999984741211,9153.7001953125,-0.0023504646761024,-0.0023504646761024,-0.014946883812541611,-0.018299375997065326,-0.026207013361927767,67.3300862121582,67.22602767944336,0.001547890546367503,0,0.03664532057481988,0.04186854071106526,0.8752262373189892,11.90999984741211,-0.154119324435534,-2.4401459776326715,0.0395966403778194
2017-03-17,65.40450286865234,11.850000381469728,9160.0498046875,-0.0032915901737121,-0.0032915901737121,-0.020377391349261864,-0.02257917951004107,-0.035616290726055766,67.27549819946289,67.2147951889038,0.0009031197727893403,0,0.03729034614272447,0.04001520598801081,0.9318811022188603,11.850000381469728,-0.17651145943381685,-2.445583519078683,0.041826371730856904
2017-03-20,65.46810150146484,12.020000457763672,9126.849609375,0.000972389209046,0.000972389209046,-0.018182148951492394,-0.019584913985808083,-0.035034264521657366,67.21946426391601,67.20561569213868,0.0002060627171509566,0,0.03744580995411675,0.04008210980283078,0.9342042106591296,12.020000457763672,-0.1389684509371114,-2.309029650650101,0.0460932072231619
2017-03-21,65.33529663085938,11.9399995803833,9121.5,-0.0020285431769011,-0.0020285431769011,-0.01261598144227749,-0.022884817145214176,-0.03684974552001519,67.1684602355957,67.19752216339111,-0.0004324851104591243,0,0.037022632227566375,0.040207140759316855,0.9207745379021947,11.9399995803833,-0.037096778411150666,-2.329053183240306,0.03913192071086802
2017-03-22,65.49500274658203,12.270000457763672,9030.4501953125,0.0024444079074896,0.0024444079074896,-0.0042584193473029774,-0.024861232986025272,-0.034569466250994885,67.12370025634766,67.18987716674805,-0.0009849238187495946,0,0.03391671797206243,0.04060920096472635,0.8351772994554294,12.270000457763672,-0.012077263897652957,-2.091637249795077,0.023663238987754465
2017-03-23,65.36499786376953,11.84000015258789,9086.2998046875,-0.0019849588115222,-0.0019849588115222,-0.00389361249434661,-0.025351492599287595,-0.03729185666083401,67.06814819335938,67.18103713989258,-0.0016803692133857684,0,0.03407126820425295,0.04064945894583074,0.8381521165518704,11.84000015258789,-0.005877388389675664,-2.335570557636913,0.023324128842632907
2017-03-24,65.44439697265625,11.979999542236328,9108.0,0.0012147037632006,0.0012147037632006,0.0006099595938222624,-0.022707376217296682,-0.035106316923328884,67.01509613037109,67.17210411071777,-0.0023373985737872305,0,0.034776331547963654,0.04076639970240816,0.8530426713948447,11.979999542236328,0.010970392960483188,-2.215491180711258,0.022468990766789876
2017-03-27,65.39309692382812,12.4399995803833,9045.2001953125,-0.0007838722824439,-0.0007838722824439,-0.0011456659948363423,-0.02347500640861322,-0.03604028133323112,66.95659805297852,67.1619395828247,-0.0030574091683720495,0,0.034658344682591075,0.04075428148505541,0.8504013079948908,12.4399995803833,0.03494168940304432,-1.9028556528993787,0.013252058330541994
2017-03-28,65.04499816894531,12.119999885559082,9100.7998046875,-0.0053231728004606,-0.0053231728004606,-0.0044432102842393295,-0.027935745721126448,-0.04106990671958022,66.89469802856445,67.15070457458496,-0.00381241786876807,0,0.03799649798013187,0.04190367609445056,0.9067364676555452,12.119999885559082,0.015075402973339314,-2.079735263045569,0.018043492889703083
2017-03-29,65.11000061035156,12.09000015258789,9143.7998046875,0.0009993457335091,0.0009993457335091,-0.005878343691657628,-0.02288589295399357,-0.03927879417476865,66.83430801391602,67.14129459381104,-0.004572246956991544,0,0.03864065229717999,0.04200623430658763,0.9198570897375246,12.09000015258789,-0.014669950974768642,-2.0720838281278993,0.027774298779360107
2017-03-30,64.77999877929688,12.149999618530272,9173.75,-0.0050683739511779,-0.0050683739511779,-0.008949730032759784,-0.02868658877637087,-0.046904476095395276,66.76675201416016,67.13118957519531,-0.005428736826224911,0,0.04052570972202702,0.04241919909379025,0.9553399226728156,12.149999618530272,0.026182386988789386,-2.009138475629043,0.03312653763289486
2017-03-31,64.79000091552734,12.420000076293944,9173.75,0.000154401611901,0.000154401611901,-0.009999267888469054,-0.028709949742490415,-0.0500696550670342,66.70066009521484,67.12132457733155,-0.006267225576456759,0,0.04051516802797659,0.04162637657465953,0.9732818006273307,12.420000076293944,0.036727925782163995,-1.8208722206612395,0.025481253805060167
2017-04-03,64.79669952392578,11.489999771118164,9237.849609375,0.0001033895401107,0.0001033895401107,-0.009120188948950503,-0.030831046880983815,-0.04616753559085163,66.63860412597656,67.11275806427003,-0.007065034308966989,0,0.03878080897933861,0.041099976369269375,0.943549579720799,11.489999771118164,-0.07636654672908483,-2.358314996285758,0.03798978728335056
2017-04-05,65.05000305175781,11.550000190734863,9265.150390625,0.0026588663844968,0.0026588663844968,7.694492971621614e-05,-0.026854583810276722,-0.04260514744497912,66.57564422607422,67.10430309295654,-0.00787816641430572,0,0.04104304091544239,0.04158789264127948,0.9868750598736716,11.550000190734863,-0.047029678234846384,-2.2874244255681893,0.041314810707082206
2017-04-06,65.04000091552734,11.289999961853027,9261.9501953125,-0.0001537607342233,-0.0001537607342233,-0.001075098973552957,-0.02595362857545369,-0.04540914917248828,66.51463821411133,67.09477809906006,-0.008646572824075882,0,0.041205596888771394,0.04103916599496936,1.004030950893871,11.289999961853027,-0.06617040369214733,-2.409704722655447,0.03330190869539296
2017-04-07,64.58000183105469,11.6899995803833,9198.2998046875,-0.0070725565497776,-0.0070725565497776,-0.0030873255944874334,-0.031271443998518667,-0.05404727332992931,66.4446942138672,67.08190811157226,-0.009499042523436252,0,0.0460085386799292,0.042676228723249165,1.0780582539293428,11.6899995803833,-0.03786008663287632,-2.1440462239039357,0.028099051412926013
2017-04-10,64.26000213623047,11.619999885559082,9181.4501953125,-0.0049550895904487,-0.0049550895904487,-0.008180255777243794,-0.03536979075462132,-0.05340604422083084,66.36886627197265,67.06671813964844,-0.010405337953509286,0,0.047504664456552485,0.042383393866444186,1.120805563628976,11.619999885559082,-0.06441225328668254,-2.156804077108387,0.028814629298976602
2017-04-11,64.57499694824219,11.399999618530272,9237.0,0.0049018798870241,0.0049018798870241,-0.0034215103132179125,-0.03280165448104233,-0.04662431430856395,66.29707626342774,67.05422813415527,-0.011291635021324686,0,0.05100814276909643,0.04374085437980078,1.1661175204463006,11.399999618530272,-0.00783291160841637,-2.2544283253074426,0.034726111795676085
2017-04-12,64.62999725341797,11.630000114440918,9203.4501953125,0.0008517275691064,0.0008517275691064,-0.006456660701547712,-0.030751105327195383,-0.051547838026993364,66.22669616699218,67.04084312438965,-0.012144044129738574,0,0.051654839036564086,0.0417053035965664,1.238537932688351,11.630000114440918,0.006926400206489047,-2.0937386487017773,0.030096691663627162
2017-04-13,64.5,11.579999923706056,9150.7998046875,-0.0020114073795832,-0.0020114073795832,-0.008302596985333421,-0.025239457367174367,-0.052821711905404745,66.15449615478515,67.0280131149292,-0.013032117760170991,0,0.05028191155818629,0.041786291480579926,1.2032823802795192,11.579999923706056,0.025686444892195626,-2.0977926274310352,0.007020997544569196
2017-04-17,64.45369720458984,11.890000343322754,9139.2998046875,5.741282424920336e-05,5.741282424920336e-05,-0.001955785427124379,-0.02008972223826777,-0.05656347586267896,66.0871501159668,67.01463161468506,-0.013839985035671298,0,0.04744021340756117,0.041032824076122895,1.1561245990515925,11.890000343322754,0.017108705741535557,-1.8993569265246726,0.005999031478038708
2017-04-18,64.4083023071289,12.380000114440918,9105.150390625,-0.0007043024594359,-0.0007043024594359,0.0023078145964583463,-0.018472830516416128,-0.054765146990688685,66.02528411865234,66.99864311218262,-0.014528040394795605,0,0.04718483974136387,0.040865222657330245,1.154617106088229,12.380000114440918,0.06540449538440507,-1.6012175181407107,-0.00530384474601453
2017-04-19,64.56999969482422,12.220000267028809,9103.5,0.0025105053526215,0.0025105053526215,-7.738681616931142e-05,-0.012759108887411053,-0.052246113325277954,65.9687760925293,66.98438312530517,-0.015161847962024466,0,0.04776535353135319,0.041367983458742555,1.154617530764075,12.220000267028809,0.07192988385417642,-1.6768846285083134,-0.006173525897049337
2017-04-20,64.64669799804688,11.5600004196167,9136.400390625,0.0011878318659617,0.0011878318659617,0.0002584054670995428,-0.012546621707055117,-0.051514292312185295,65.9163980102539,66.97140663146973,-0.015753120238631624,0,0.04786211701230796,0.04148203950983264,1.1537755568987007,11.5600004196167,-0.006018890295392265,-2.0309376776866244,0.0010464488469481559
2017-04-21,64.66000366210938,11.420000076293944,9119.400390625,0.0002058212480227,0.0002058212480227,0.0024806769319283273,-0.010335806272761983,-0.05043855693285204,65.86645202636718,66.95532165527344,-0.016262630094026176,0,0.04765849368995919,0.04151836938268262,1.1478616943984015,11.420000076293944,-0.013816912648208945,-2.0833066990224975,-0.0002301824672477082
2017-04-24,64.63999938964844,11.630000114440918,9217.9501953125,-0.0003093762964424,-0.0003093762964424,0.002890480967557618,-0.013054482343360374,-0.04800475250746572,65.81534606933593,66.93891666412354,-0.01678501312510483,0,0.04644481371923648,0.04128542562978988,1.1249415034302366,11.630000114440918,-0.021867133841408815,-1.9407080969708361,0.02076308444703301
2017-04-25,64.38999938964844,11.15999984741211,9306.599609375,-0.0038675742939445,-0.0038675742939445,-0.00028417015857973293,-0.014916216721266307,-0.05583739649672981,65.75633605957032,66.9223416519165,-0.017423263495633945,0,0.04757390117137395,0.040489874852771765,1.1749289523715323,11.15999984741211,-0.09854606266164023,-2.1747224749680103,0.0242452713891137
2017-04-26,64.3499984741211,11.739999771118164,9351.849609375,-0.0006212286986567,-0.0006212286986567,-0.0034071739467695927,-0.016722569832714806,-0.054931509427958214,65.70404998779297,66.90701164245606,-0.017979605203287008,0,0.04704879392494004,0.04045734999424275,1.162894530588497,11.739999771118164,-0.039279908790652796,-1.8314041394599643,0.026773123558959222
2017-04-27,64.0199966430664,11.06999969482422,9342.150390625,-0.005128233704425,-0.005128233704425,-0.009694251591928271,-0.020997633471330324,-0.059597120480017085,65.64954391479492,66.88960662841797,-0.01853894463024408,0,0.04935598957208809,0.041372615110517666,1.1929339372507772,11.06999969482422,-0.042387604412277846,-2.174930638876337,0.03282958794725066
2017-04-28,64.05999755859375,10.859999656677246,9304.0498046875,0.0006248190819246,0.0006248190819246,-0.009279401013508215,-0.01514337209746952,-0.05865274950213761,65.59386993408204,66.87399662017822,-0.019142368495887463,0,0.04708212864438717,0.04146597913870666,1.1354125528869101,10.859999656677246,-0.04903681399960469,-2.258071030617388,0.02233320195608668
2017-05-02,64.18000030517578,11.449999809265137,9313.7998046875,-0.0012185270248706,-0.0012185270248706,-0.007116322537378039,-0.014283524749774346,-0.058454139966200525,65.53916198730468,66.85871162414551,-0.019736390438673812,0,0.04667211582357289,0.04116518045677641,1.1337489974951063,11.449999809265137,-0.015477240189557318,-1.9130385396934204,0.0185918331143744
2017-05-03,64.06999969482422,11.529999732971191,9311.9501953125,-0.0017139390749222,-0.0017139390749222,-0.004969711101995511,-0.010960158966529132,-0.05985417623386968,65.4850439453125,66.84205661773682,-0.02030177916554754,0,0.044235074575185385,0.040594219614176544,1.0896621571604392,11.529999732971191,0.033154112062544705,-1.8487675473673002,0.015064744004632757
2017-05-04,64.20999908447266,11.329999923706056,9359.900390625,0.0021851005199824,0.0021851005199824,-0.0021755927423174892,-0.008952026900121313,-0.05726033608765191,65.43193389892578,66.82562160491943,-0.02085558910672458,0,0.04527096775365386,0.041065103317892995,1.1023925840543227,11.329999923706056,-0.03492332669552156,-1.9339259039562118,0.02029163544079582
2017-05-05,64.16999816894531,11.989999771118164,9285.2998046875,-0.0006229701930803,-0.0006229701930803,0.002343041764204079,-0.009671809823416422,-0.05383289869748742,65.3720378112793,66.81081157684326,-0.021535043978759938,0,0.0451999023269143,0.04049696096269337,1.1161031630346119,11.989999771118164,0.08310750692469204,-1.5643811539094437,0.005136497920938732
2017-05-08,64.30799865722656,11.670000076293944,9314.0498046875,0.0021505453049557,0.0021505453049557,0.0038713878876748264,-0.011406677320842995,-0.047311521694657355,65.31689376831055,66.79662658691406,-0.022152807622374704,0,0.04476632484486807,0.04014834057731878,1.114995270187763,11.670000076293944,0.07458567635576951,-1.7176704732642851,0.005277778773238095
2017-05-09,64.41179656982422,11.109999656677246,9316.849609375,0.0016140746837873,0.0016140746837873,0.003611658827457953,-0.009658738266609568,-0.04427014880598623,65.26582977294922,66.78433555603027,-0.02273745438115604,0,0.04542848281279709,0.040378691479202505,1.1250329348404,11.109999656677246,-0.0296943369652084,-1.9915487552022624,0.005927414087184779
2017-05-10,64.63999938964844,10.949999809265137,9407.2998046875,0.0035428730756925,0.0035428730756925,0.008896514711085102,0.0009290423798795633,-0.039033363855175196,65.21932769775391,66.772505569458,-0.02326073970802922,0,0.040939764125899135,0.04116122592324599,0.9945954867027436,10.949999809265137,-0.05030355048903312,-2.051534214494717,0.02272159034145549
2017-05-11,64.55000305175781,10.84000015258789,9422.400390625,-0.0013922700918997,-0.0013922700918997,0.005295187231475484,0.004512930374831692,-0.038823771857854905,65.17204177856445,66.76106559753418,-0.023801654523447624,0,0.03727129147079896,0.04114145077686864,0.9059083930837162,10.84000015258789,-0.043247994211626284,-2.0851708406048273,0.026243152245765566
2017-05-12,64.36000061035156,10.630000114440918,9400.900390625,-0.0029434923690693,-0.0029434923690693,0.002960923279224925,-0.0033294053124454104,-0.042194867011027704,65.12654174804688,66.74720058441162,-0.02428055142650032,0,0.034347397236337486,0.041342405019950255,0.8307829802543635,10.630000114440918,-0.11342783007829993,-2.1685555091483164,0.017743898519541057
2017-05-15,64.16549682617188,10.68000030517578,9445.400390625,-0.0030221221618261,-0.0030221221618261,-0.002215927007995555,-0.007187071746649787,-0.04714849247500752,65.07598770141601,66.73233306884765,-0.02482073218873959,0,0.03536429450891825,0.04121676134077865,0.8579867843023951,10.68000030517578,-0.08483288471687478,-2.116436418309554,0.026289075311748844
2017-05-16,64.03829956054688,10.5600004196167,9512.25,-0.0019823311891371,-0.0019823311891371,-0.005798580837167999,-0.007158146348110517,-0.04369496003541018,65.02265167236328,66.7164945602417,-0.025388667360947137,0,0.03534827181090522,0.04010162688432079,0.8814452956628032,10.5600004196167,-0.04950488335343828,-2.1507642181682356,0.039499300938410586
2017-05-17,63.900001525878906,10.640000343322754,9525.75,-0.002159614412266,-0.002159614412266,-0.011447986861955917,-0.008590596082539537,-0.042629200177403015,64.96349166870117,66.70017456054687,-0.026037156623469282,0,0.03577905961709318,0.039868672202446186,0.8974003958552227,10.640000343322754,-0.02831045400385146,-2.0830227190996675,0.04228444230643258
2017-05-18,64.2300033569336,11.789999961853027,9429.4501953125,0.0051643477805087,0.0051643477805087,-0.004957392404267402,-0.002768260360987318,-0.03910156634769324,64.91118972778321,66.68555458068847,-0.02660793426795771,0,0.040883000266609654,0.04132182291377227,0.9893564230091351,11.789999961853027,0.08763835755466642,-1.4823446338632986,0.03561718266854896
2017-05-19,64.87110137939453,11.300000190734863,9427.900390625,0.009981285831456,0.009981285831456,0.00794127974201353,0.004663182375614028,-0.03055046127833072,64.87315170288086,66.67418006896973,-0.027012381168029842,0,0.053532849867111244,0.04631369559712962,1.1558501934843544,11.300000190734863,0.06302916924560953,-1.7146803652517648,0.03563468892458954
2017-05-22,64.44850158691406,11.199999809265137,9438.25,-0.0065144537936687,-0.0065144537936687,0.004410544213642842,-0.0030658396680801614,-0.034853894069215574,64.82882766723633,66.65939758300782,-0.027461543040378844,0,0.057987886085564065,0.04777617024111927,1.2137153747891283,11.199999809265137,0.048689090751931285,-1.7467872318686077,0.0330381327951359
2017-05-23,64.50019836425781,12.199999809265137,9386.150390625,0.0008021408732681,0.0008021408732681,0.007212852416142335,-0.0024714705969806072,-0.03537404176881054,64.78650756835937,66.64547859191894,-0.027893430474741687,0,0.058088450128651214,0.047703130913093875,1.2176817608201524,12.199999809265137,0.15530296633340135,-1.2319878247866611,0.029250826652399864
2017-05-24,64.88520050048828,11.829999923706056,9360.5498046875,0.0059690070107414,0.0059690070107414,0.015417823960620414,0.003793334052523356,-0.03394042659533081,64.74891159057617,66.6345895767212,-0.028298785932701076,0,0.061961715799327056,0.04842682590375895,1.279465155476195,11.829999923706056,0.11184206221667092,-1.4068446409137363,0.015469774337413478
2017-05-25,64.76010131835938,10.449999809265137,9509.75,-0.0019280079457867,-0.0019280079457867,0.008253120562363492,0.005747816931497507,-0.03437102192512942,64.71050369262696,66.62335506439209,-0.028711423642900358,0,0.06077326004412299,0.0484717665136583,1.2537609139143884,10.449999809265137,-0.11365565368307973,-2.0759637218961053,0.02182863764981957
2017-05-26,64.54540252685547,10.859999656677246,9595.099609375,-0.0033152942495944,-0.0033152942495944,-0.005020707920992962,0.0030365820880782213,-0.036132217477119255,64.67800979614258,66.61284206390381,-0.029045934804959872,0,0.06190048907666932,0.048758759080267014,1.2694994857290083,10.859999656677246,-0.03893809970183748,-1.850011768992061,0.026010897326251614
2017-05-29,64.51319885253906,11.789999961853027,9604.900390625,-0.0004989305675645,-0.0004989305675645,0.001003859888623726,0.00770387746538681,-0.03661465721040191,64.6527717590332,66.60165306091308,-0.029261755711940896,0,0.059076796576558864,0.04874667521221781,1.2118895171795234,11.789999961853027,0.052678585949601286,-1.375405927037285,0.028125216252531615
2017-05-30,64.50859832763672,11.770000457763672,9624.5498046875,-7.131137479110539e-05,-7.131137479110539e-05,0.00013023158985436822,0.007002822137678777,-0.035951967204946644,64.63053375244141,66.59081604003906,-0.029437727364971633,0,0.05906663135117856,0.04875365398679126,1.2115075489445797,11.770000457763672,-0.03524584903476047,-1.3733530292104272,0.034447365042965306
2017-05-31,64.61859893798828,11.760000228881836,9621.25,0.0017052085024833,0.0017052085024833,-0.004108819275329134,0.006833883308304145,-0.030260420703818625,64.61481567382812,66.58010902404786,-0.02951772502369887,0,0.05905540918629684,0.048956421995048134,1.2062605991032387,11.760000228881836,-0.005917134004705171,-1.3663056775685951,0.03301017863383371
2017-06-01,64.5000991821289,11.3100004196167,9616.099609375,-0.001833833568151,-0.001833833568151,-0.004014850670975734,0.006712962218718976,-0.03288341245109172,64.59545562744141,66.56840450286865,-0.029637917419850668,0,0.059109154478529435,0.04894875256412926,1.207547564231102,11.3100004196167,0.08229671062664257,-1.574009518696178,0.03266226812677808
2017-06-02,64.37229919433594,10.8100004196167,9653.5,-0.0019813921127795,-0.0019813921127795,-0.002681884777889665,0.002527645416249946,-0.03497186547077713,64.57619567871093,66.55609100341798,-0.029747770562507436,0,0.059219341721509694,0.04901121258144402,1.2082568527814246,10.8100004196167,-0.004603981458673911,-1.8007685216168277,0.03136781345120654
2017-06-05,64.40499877929688,11.020000457763672,9675.099609375,0.0005079760295996,0.0005079760295996,-0.001677177308933464,0.003662157036889102,-0.03668974344110354,64.55439559936524,66.54414600372314,-0.02990120880425129,0,0.05916848551118684,0.04871671066294781,1.2145169529935929,11.020000457763672,-0.06530954254289367,-1.6803361816229498,0.04198031435567828
2017-06-06,64.34400177001953,11.130000114440918,9637.150390625,-0.0009470850156579,-0.0009470850156579,-0.002551544474446721,0.0005598543500766606,-0.037416334446952804,64.53397567749023,66.5319510269165,-0.030030313534890274,0,0.05884119017506878,0.048714546174548304,1.207852416644169,11.130000114440918,-0.054375558065556384,-1.6107084653560277,0.034689591822334
2017-06-07,64.42050170898438,10.890000343322754,9663.900390625,0.001188921062732,0.001188921062732,-0.003065637947272881,0.00013514821234217322,-0.03523131839309801,64.5134977722168,66.52026351928711,-0.030167735978503307,0,0.05871556202362211,0.04883690920750443,1.2022538019420348,10.890000343322754,-0.07397958066551868,-1.7093112266713275,0.03724979964265862
2017-06-08,64.41829681396484,11.06999969482422,9647.25,-3.422660428031854e-05,-3.422660428031854e-05,-0.0012682518197851822,-0.003429804730460728,-0.03369709068885851,64.49400177001954,66.50803050994872,-0.030282489565345294,0,0.05729629982254447,0.04880171586264996,1.1740391658488596,11.06999969482422,-0.021220222448109505,-1.6063759239478004,0.025506808573586337
2017-06-09,64.243896484375,10.859999656677246,9668.25,-0.0027073104725742,-0.0027073104725742,-0.0019946888889784686,-0.0047421619351027955,-0.03561155853866893,64.47797973632812,66.4949615097046,-0.03033285120530682,0,0.05783199984285732,0.04899137980377983,1.180428468151194,10.859999656677246,0.004625276144283319,-1.6898690880530907,0.026092035912591127
2017-06-12,64.37699890136719,11.420000076293944,9616.400390625,0.0020718297655646,0.0020718297655646,-0.00043474696778800226,0.000264112660882887,-0.035767250956516894,64.46331970214844,66.48231899261475,-0.03036896608090034,0,0.057464538402785655,0.04895465668544181,1.173807937497735,11.420000076293944,0.036297604529450744,-1.4092102070707875,0.0229233361747887
2017-06-13,64.46910095214844,11.34000015258789,9606.900390625,0.0014306670449544,0.0014306670449544,0.00194422446051834,0.004731579135108133,-0.033164049297329745,64.45710174560547,66.47056449890137,-0.03029104338852384,0,0.056558627854498056,0.04909868379106131,1.15191429939096,11.34000015258789,0.018867927761698988,-1.434786189367498,0.017098269350264594
2017-06-14,64.35749816894531,11.18000030517578,9618.150390625,-0.0017311050030922,-0.0017311050030922,-0.0009780044918569208,0.00498449538149659,-0.02739302577283398,64.44845169067383,66.45671447753907,-0.03021911032848279,0,0.056441335995875655,0.048417945708716756,1.1656870088708817,11.18000030517578,0.026629931378362226,-1.4969165711866872,0.0111330537596257
2017-06-15,64.16580200195312,11.329999923706056,9578.0498046875,-0.0029786143409267,-0.0029786143409267,-0.003919613285351287,0.0041596317641177105,-0.024466685550186718,64.43583374023437,66.44160648345947,-0.03018850460403044,0,0.05694959617335388,0.04740174788492246,1.201398625911052,11.329999923706056,0.02348692285903131,-1.4137124772338492,0.005490360831168051
2017-06-16,64.55999755859375,10.920000076293944,9588.0498046875,0.0061433901602074,0.0061433901602074,0.00492032849059254,0.005137695538117049,-0.016161125263195797,64.4260336303711,66.42875648498536,-0.03014843210360152,0,0.05811320632890527,0.049030174278463054,1.1852297478918734,10.920000076293944,0.005524900691852741,-1.591593008134576,0.01681960306167607
2017-06-19,64.3949966430664,10.630000114440918,9657.5498046875,-0.0025557763594645,-0.0025557763594645,0.0002795678892517639,-0.007339242377644495,-0.01543481230356969,64.41313354492188,66.41493144989013,-0.03014078101516382,0,0.046786423930004734,0.04887015348142114,0.9573423297199454,10.630000114440918,-0.06917687885947887,-1.709687792227579,0.024358489647478665
2017-06-20,64.48760223388672,10.65999984741211,9653.5,0.0014380867403971,0.0014380867403971,0.0002869790560908747,0.0006066959822166318,-0.014976748142852214,64.41128555297851,66.40234146118163,-0.029984724399621965,0,0.041374119488163816,0.04892822751950322,0.8455911034293779,10.65999984741211,-0.059964752735968796,-1.678374271938553,0.022806134611818907
2017-06-21,64.53050231933594,10.920000076293944,9633.599609375,0.0006652454729767,0.0006652454729767,0.002688173955060602,0.00046982731598732563,-0.012317910119402642,64.41669555664062,66.38934898376465,-0.029713402184534665,0,0.04134472430231004,0.04883601508871075,0.846585816664036,10.920000076293944,-0.02325583379111973,-1.5431877185331573,0.026363227569542902
2017-06-22,64.5416030883789,11.210000038146973,9630.0,0.0001720235957258,0.0001720235957258,0.005856719228949148,-0.005295466600381271,-0.014556830570602308,64.41602767944336,66.37660701751709,-0.02953720333364318,0,0.035276178663522624,0.04853725994227286,0.7267705662600391,11.210000038146973,-0.010591340367796853,-1.3973865122448146,0.028785723161001364
2017-06-23,64.59100341796875,11.5600004196167,9574.9501953125,0.0007654028909414,0.0007654028909414,0.0004802642587906636,-0.002611143234000579,-0.011841114833567423,64.41524780273437,66.36392902374267,-0.029363560139893607,0,0.03489412734898321,0.048457285115003385,0.7200858896713099,11.5600004196167,0.0586080896383987,-1.2254771143398868,0.006856141887273681
2017-06-27,64.42130279541016,12.510000228881836,9511.400390625,-0.0011891578330522,-0.0011891578330522,0.00040851236454853,-0.0019226734451563976,-0.01563302932829469,64.41367385864258,66.35116203308105,-0.029200516088512263,0,0.033177760225606354,0.04840223921756781,0.685445039669258,12.510000228881836,0.17685795806219473,-0.7782155621506266,-0.00872312140128495
2017-06-28,64.5248031616211,11.989999771118164,9491.25,0.0016066170927904,0.0016066170927904,0.0005768694515799755,0.00017987496029392425,-0.013278064551957902,64.41509597778321,66.33982105255127,-0.029013118278437666,0,0.03359467662082578,0.04853685829987818,0.6921334767856886,11.989999771118164,0.1247654730528851,-1.0129713170244599,-0.011832542348479747
2017-06-29,64.51190185546875,11.380000114440918,9504.099609375,-0.000199943363175,-0.000199943363175,-0.0002882429734568648,5.121065900781652e-05,-0.008195807955777346,64.41716796875,66.33008056640625,-0.028839292539998507,0,0.03360489698969315,0.04742539891740049,0.7085694414248199,11.380000114440918,0.04212454532354637,-1.2885928639862778,-0.012514891372252701
2017-06-30,64.78510284423828,11.729999542236328,9520.900390625,0.0042348928013562,0.0042348928013562,0.0037727565509326766,0.002576717988110211,-0.004989982538283533,64.42147003173828,66.32273006439209,-0.028666793885111397,0,0.036195564958490425,0.04818229447676197,0.7512056896804133,11.729999542236328,0.04638710993040385,-1.1165887834666566,-0.01042999707678316
2017-07-03,64.60679626464844,11.199999809265137,9615.0,-0.002752277479879,-0.002752277479879,0.0002445053621089599,0.0016542157899361865,-0.0026737035799974107,64.42067199707031,66.31340602874756,-0.028542253294254416,0,0.03697522172286946,0.04743003921819801,0.7795574866654633,11.199999809265137,-0.031141920180267513,-1.3569130601829156,-0.00011435087194067162
2017-07-04,64.84269714355469,11.279999732971191,9613.2998046875,0.0036513322521043,0.0036513322521043,0.006541226734932737,0.007307459188286014,0.000813338899254612,64.42432586669922,66.30536952972412,-0.028369401699535723,0,0.038018031514760284,0.04800991450814237,0.7918622651587411,11.279999732971191,-0.09832138076791896,-1.3112179210509496,-0.0041643129758637265
2017-07-05,64.7688980102539,11.149999618530272,9637.599609375,-0.0011381255955068,-0.0011381255955068,0.0037829615383933035,0.005650170605608462,-0.0004290575581185063,64.42690383911133,66.29532402038575,-0.028183287567911663,0,0.03839478959991338,0.04806152102394986,0.7988509296210453,11.149999618530272,-0.07005839604862274,-1.3662706909450528,-0.0038759290874549324
2017-07-06,64.79139709472656,10.979999542236328,9674.5498046875,0.0003473748228524,0.0003473748228524,0.004332460076653666,0.00695317842222698,-0.0039754949254265926,64.4349317932129,66.28430599212646,-0.027900634565491855,0,0.038108926370449527,0.04775610306084173,0.7979739960755033,10.979999542236328,-0.03514943481388899,-1.4400003242842094,0.003880754429118616
2017-07-07,64.71330261230469,10.869999885559082,9665.7998046875,-0.0012053217853552,-0.0012053217853552,-0.0011082830586257586,0.004545150931034803,-0.005023036571708661,64.44219787597656,66.27408199310302,-0.027641033448295826,0,0.03838702377328193,0.04780964132042152,0.8028970687930419,10.869999885559082,-0.07331625662734564,-1.4824014181016205,0.00019654735517993238
2017-07-10,64.61170196533203,10.90999984741211,9771.0498046875,-0.0015700117730251,-0.0015700117730251,7.593165065022944e-05,0.003002332581467204,0.000490866109918553,64.45403198242188,66.26288898468017,-0.027298191038372832,0,0.03891418791530805,0.045765842009650386,0.850270331238992,10.90999984741211,-0.02589285417783016,-1.450373951833451,0.012832652277851242
2017-07-13,64.36499786376953,11.25,9891.7001953125,-0.0024889154583406,-0.0024889154583406,-0.0073670482695620265,0.0018850254424400692,0.0016339203866888585,64.46013198852539,66.24938747406006,-0.027007879676400837,0,0.038714434246700166,0.04493932410840009,0.861463173993082,11.25,-0.002659550858277293,-1.2776430305450623,0.023111751900550814
2017-07-14,64.42579650878906,11.170000076293944,9886.349609375,0.0009445917352193,0.0009445917352193,-0.005297318805864593,0.00075799754966277,-0.0023104985908510844,64.46504791259765,66.23674045562744,-0.026747882381329746,0,0.038230663511403404,0.04388268388887178,0.8711817268626827,11.170000076293944,0.001793763089501077,-1.3046185476090433,0.028071753232443708
2017-07-17,64.26730346679688,11.460000038146973,9915.9501953125,-0.002460086651324,-0.002460086651324,-0.008088938523172273,-0.003130142694270588,-0.005611849018017923,64.46899398803711,66.22320198059082,-0.026489326098545374,0,0.03898371099727411,0.044112822892162167,0.8837073833426587,11.460000038146973,0.04371589398198483,-1.1572202608543862,0.032169564804594986
2017-07-18,64.33000183105469,11.489999771118164,9827.150390625,0.0009755872874019,0.0009755872874019,-0.005923060109392697,-0.0004272437349638336,-0.0026356305262839053,64.47139404296875,66.21104598999024,-0.026274346236494828,0,0.038607554058223054,0.04398510857484812,0.877721519568553,11.489999771118164,0.05703770856361823,-1.133846013197007,0.021729749641232088
2017-07-19,64.3062973022461,11.260000228881836,9899.599609375,-0.000368483260281,-0.000368483260281,-0.004726770132905678,0.0021895666524778257,-0.0022869115153452135,64.47412002563476,66.19946449279786,-0.026062816072338513,0,0.03699784352300537,0.04398988316525702,0.8410343430482753,11.260000228881836,0.03208069535883151,-1.2326900838648351,0.03357153191353568
2017-07-20,64.26329803466797,11.31999969482422,9873.2998046875,-0.0006686634028394,-0.0006686634028394,-0.0015800486673954728,-0.004595717706719293,-0.002251328901194949,64.47322601318359,66.18729846954346,-0.02589730198987672,0,0.03020097137213992,0.04398774542295519,0.6865613256699012,11.31999969482422,0.0062221950954861605,-1.194598928005993,0.029750575540455015
2017-07-21,64.32499694824219,11.09000015258789,9915.25,0.0009600956605266,0.0009600956605266,-0.0015645838469862117,-0.0010870362368713415,-0.0037943742874396724,64.47149002075196,66.17589096069337,-0.025755617570056955,0,0.02900980830506323,0.04373133287456252,0.6633492063703093,11.09000015258789,-0.007162034302563347,-1.292414140112145,0.026683807023953454
2017-07-24,64.46109771728516,11.3100004196167,9966.400390625,0.0021158301671195,0.0021158301671195,0.0030154408234726038,-0.0004110017380617448,-0.0028709939797284534,64.46791198730469,66.1659899520874,-0.02566390929860396,0,0.029499884939420323,0.043878238640745734,0.6722971011631702,11.3100004196167,-0.013088971904971047,-1.1795051862958854,0.03241315487905938
2017-07-25,64.36509704589844,10.90999984741211,9964.5498046875,-0.0014892807411961,-0.0014892807411961,0.0005455497255528741,-0.0025632106909532215,-0.004560881526577298,64.4642138671875,66.15615142822266,-0.02557490912800242,0,0.029933727049860033,0.043969431189102647,0.68076946803466,10.90999984741211,-0.05047867147604057,-1.3555347184594106,0.03435374197931518
2017-07-26,64.4469985961914,11.170000076293944,10020.650390625,0.0012724528362719,0.0012724528362719,0.002187986244706286,-0.0014657908645057116,-0.0029857796299412875,64.4659538269043,66.14430492401124,-0.025374083211473497,0,0.03024910219827487,0.044048728984048734,0.6867034802695077,11.170000076293944,-0.007992908593113746,-1.2235457782318973,0.040565980334891005
2017-07-27,64.3447036743164,11.220000267028809,10020.5498046875,-0.0015872720856398,-0.0015872720856398,0.0012667516628934727,-0.00381322058210698,-0.0007034588563656907,64.46953796386718,66.13329593658447,-0.025157644861866224,0,0.03065688380239376,0.04347758649935862,0.7051030465961904,11.220000267028809,-0.00883387195152785,-1.1903619179721876,0.04653806028078833
2017-07-28,64.18499755859375,11.140000343322754,10014.5,-0.0024820398044105,-0.0024820398044105,-0.002176438341086717,-0.003668122601724888,-0.0025641168522124724,64.47247192382812,66.12231941223145,-0.024951446093679053,0,0.03157659734137466,0.04374195809187135,0.7218669865685756,11.140000343322754,0.00450858341270588,-1.2177504573772584,0.05289437818966025
2017-07-31,64.12349700927734,11.899999618530272,10077.099609375,-0.0009581763909901,-0.0009581763909901,-0.0052372782959494435,-0.006219409167953049,0.00161668809181581,64.4769418334961,66.11004688262939,-0.02470282697019832,0,0.03106598516497226,0.04254999430043847,0.7300883487146183,11.899999618530272,0.05216615181465811,-0.8560920434374703,0.06172523212169101
2017-08-01,64.18949890136719,11.90999984741211,10114.650390625,0.0010292933973998,0.0010292933973998,-0.002728157846263013,-0.004997573235770769,0.0020215633423179558,64.47613174438476,66.09817836761475,-0.024539959546369672,0,0.03137216154893653,0.04258088078608667,0.7367490812943885,11.90999984741211,0.0916590296962474,-0.8445352354018368,0.06424078096232733
2017-08-02,64.05580139160156,11.9399995803833,10081.5,-0.0020828564181668,-0.0020828564181668,-0.006070060873447081,-0.011257240023067716,-0.001935165362786706,64.4598257446289,66.08502185821533,-0.024592503231265717,0,0.027593105842058978,0.04271880169600307,0.6459090339045425,11.9399995803833,0.06893460150672026,-0.8238360704354798,0.05888094469794147
2017-08-03,63.64059829711914,11.640000343322754,10013.650390625,-0.0064818968065687,-0.0064818968065687,-0.010942709142948703,-0.014955051533146246,-0.006702066485880898,64.44366767883301,66.0702688407898,-0.02461926053118424,0,0.03379974947593238,0.044529912666403715,0.7590176677746951,11.640000343322754,0.03743316098914562,-0.9565239374474386,0.041461299076963165
2017-08-04,63.696998596191406,11.390000343322754,10066.400390625,0.0008862314400148,0.0008862314400148,-0.0076030066365097015,-0.017668890990558683,-0.007989417467618387,64.42760368347167,66.05466333389282,-0.024632017912144866,0,0.03056695248918444,0.04433924546262923,0.6893726493901985,11.390000343322754,0.022441651013938024,-1.0648256261659046,0.04713268025996298
2017-08-07,63.66510009765625,11.899999618530272,10057.400390625,-0.0005007849543645,-0.0005007849543645,-0.0071486574033037265,-0.017042098082677093,-0.00786813286108845,64.40320167541503,66.03906885147094,-0.024771202933450698,0,0.03055346884502081,0.04433383081270762,0.6891527109710616,11.899999618530272,0.0,-0.8199761178526856,0.043558645125871154
2017-08-08,63.8301010131836,12.770000457763672,9978.5498046875,0.0025917011875304,0.0025917011875304,-0.005599013769149841,-0.014836785817992526,-0.00743138729274162,64.38460166931152,66.02469285964966,-0.024840572811516526,0,0.03249908607299752,0.044432614318104906,0.7314076644842158,12.770000457763672,0.07220828055160977,-0.40897713494808735,0.03142265078347184
2017-08-09,63.70289993286133,13.449999809265137,9908.0498046875,-0.0019928071286616,-0.0019928071286616,-0.005509281767982155,-0.015613523628930648,-0.011005695768700141,64.36775161743164,66.00928936004638,-0.024868283820796977,0,0.032783072344598804,0.044462375927635134,0.737305066487839,13.449999809265137,0.12646568525535584,-0.08785781925409845,0.025062592325005406
2017-08-10,63.88769912719727,13.800000190734863,9820.25,0.0029009541878108,0.0029009541878108,0.003882754667460686,-0.011205444464583603,-0.01163830862553561,64.35524162292481,65.99503786087035,-0.024847265659617257,0,0.03485302200557411,0.0442650775670367,0.7873528426545715,13.800000190734863,0.1855669917270395,0.0781409147322095,0.005035302889244919
2017-08-11,64.13860321044922,15.199999809265137,9710.7998046875,0.0039272674815289,0.0039272674815289,0.006932895175444154,-0.0035173566508847065,-0.006373351229413959,64.34784172058106,65.98254888534547,-0.024774841111472545,0,0.037180906411296934,0.044926014615867996,0.82758462206311,15.199999809265137,0.3345038938630014,0.7339980318954183,-0.018288098815482212
2017-08-14,64.08100128173828,14.380000114440918,9794.150390625,-0.0008980851753496,-0.0008980851753496,0.006532640071940099,-0.0053518193912238665,-0.004334980204590111,64.33708976745605,65.96874738693238,-0.024733797201059837,0,0.037035570859537875,0.04457610708087336,0.8308204207228306,14.380000114440918,0.20840340969833937,0.35283366521684834,-0.009325911220312233
2017-08-16,64.26300048828125,14.239999771118164,9897.2998046875,0.0013821629411514,0.0013821629411514,0.006782058436790361,-6.695439645831858e-05,0.0015195652949360205,64.3323477935791,65.95550638198853,-0.024609902606292255,0,0.036538725741974976,0.04423995866070112,0.8259026668522901,14.239999771118164,0.11511348948000921,0.29169047031067113,-0.0018808475494175303
2017-08-17,64.1604995727539,14.34000015258789,9904.150390625,-0.0015950222483936,-0.0015950222483936,0.007183340795707149,-0.0026348865766541163,0.001908233245504709,64.32811180114746,65.94213888168335,-0.02447641383655841,0,0.03669667831515097,0.0441744141373088,0.8307036624736114,14.34000015258789,0.0661710301817009,0.3405131360171562,0.00783543519120844
2017-08-18,64.18890380859375,14.56999969482422,9837.400390625,0.0004427059644016,0.0004427059644016,0.0047145958535272925,-0.0018255365116200961,0.004521162375838772,64.32378990173339,65.92917688369751,-0.024350174806460956,0,0.03675516361896056,0.043950178343620395,0.8362725415823953,14.56999969482422,0.05579706474252988,0.448349609227626,-0.006283003475322069
2017-08-21,64.07589721679688,14.81999969482422,9754.349609375,-0.0017605315730869,-0.0017605315730869,-0.0009776638485031741,-0.0029161406837538983,-0.0023992858801568095,64.31842781066895,65.91523637771607,-0.024225181533096274,0,0.03714050056384063,0.04287355384599909,0.8662597562471533,14.81999969482422,-0.025000007842716387,0.5655162266473706,-0.012047663665193942
2017-08-22,64.15750122070312,14.109999656677246,9765.5498046875,0.0012735522630318,0.0012735522630318,0.0011938006185094885,-0.002603897947695777,-0.011000278144161046,64.31316780090332,65.90150888442993,-0.024101740770640867,0,0.0372800847807602,0.03786750120131866,0.9844615867570176,14.109999656677246,-0.01877610956988296,0.2321273227342803,-0.015097974868258479
2017-08-23,64.05750274658203,13.18000030517578,9852.5,-0.001558640411775,-0.001558640411775,-0.0031977613889455636,-0.00626106264080728,-0.00606684144246139,64.30595191955567,65.88846891403199,-0.024018117594159172,0,0.03658196494232502,0.035719225365109145,1.024124695978475,13.18000030517578,-0.07443816593960173,-0.20270084584736295,-0.011428438168322175
2017-08-24,64.00499725341797,12.56999969482422,9857.0498046875,-0.0008196618805416,-0.0008196618805416,-0.0024236457068045336,-0.005594643821070999,-0.007677512990630686,64.30117393493653,65.87510141372681,-0.02389260046683306,0,0.036395908959534824,0.035704963505696664,1.019322975382756,12.56999969482422,-0.12343099295185467,-0.48692768352643845,-0.010788244537593639
2017-08-28,63.99549865722656,12.640000343322754,9912.7998046875,-0.000616928283338,-0.000616928283338,-0.0030130620697917943,-0.007005755873812358,-0.01371193795193748,64.29354393005372,65.86119142532348,-0.02380229481647378,0,0.035930739119587884,0.03351840539844662,1.0719384396136398,12.640000343322754,-0.13246392532095042,-0.45095629181867736,-0.010762832923340127
2017-08-29,63.78929901123047,13.539999961853027,9796.0498046875,-0.0032220960899225,-0.0032220960899225,-0.004472792703888673,-0.008631707527897658,-0.014990747194116638,64.27994789123535,65.84671541213989,-0.02379416362832998,0,0.0370272871767738,0.03388693125823765,1.092639349820831,13.539999961853027,-0.08636975434069838,-0.024796486756030182,-0.022403960299162584
2017-08-30,63.98680114746094,12.890000343322754,9884.400390625,0.0030961640791145,0.0030961640791145,-0.0026606409226409555,-0.003087893100749639,-0.008654394542850885,64.27253395080567,65.83272291183472,-0.023699292570937835,0,0.038288878173968886,0.033935749410689914,1.1282423578820449,12.890000343322754,-0.08646345450314408,-0.3280643366685602,-0.0129911238079784
2017-08-31,63.976200103759766,11.949999809265137,9917.900390625,-0.0001656754754272,-0.0001656754754272,-0.0012692134306875325,-0.002297081606392526,-0.008323858657307337,64.26874191284179,65.81892890930176,-0.023552297525171295,0,0.03819886995740358,0.03392725698306212,1.1258718647548993,11.949999809265137,-0.09332325246059536,-0.7656863629854607,-0.0157981189946651
2017-09-01,63.91189956665039,11.68000030517578,9974.400390625,-0.001005069650981,-0.001005069650981,-0.0014545377824011219,-0.0043246845585031,-0.00924991049961621,64.25577995300293,65.80734090805053,-0.023577323344754597,0,0.03802475412853889,0.03397352210998639,1.1192138039628816,11.68000030517578,-0.07080345356053619,-0.8868399876706811,-0.013866025476272914
2017-09-04,64.0155029296875,13.170000076293944,9912.849609375,0.0016210340130646,0.0016210340130646,0.0003125887426564944,-0.0006291149441359778,-0.00933316441725307,64.24819007873535,65.79488092422486,-0.023507768746793722,0,0.037995417516456735,0.03395543551576367,1.1189459947531313,13.170000076293944,0.0419303574822425,-0.18469187506205997,-0.01672870015622674
2017-09-05,64.02629852294922,12.890000343322754,9952.2001953125,0.0001686402944232,0.0001686402944232,0.0037153490537187306,0.006060600248120718,-0.007345735358356809,64.2389640045166,65.77893991470337,-0.02341138230843609,0,0.03013301489839783,0.033783516309285194,0.8919179017553731,12.890000343322754,-0.04800588038120768,-0.3151982093282371,-0.0061366427741507135
2017-09-06,64.0999984741211,13.119999885559082,9916.2001953125,0.0011510887380981,0.0011510887380981,0.0017690730686674705,0.006326826802068197,-0.0042300915707979,64.2303539276123,65.76056241989136,-0.023269394846541003,0,0.030223084428234567,0.03365561972116119,0.8979833589536672,13.119999885559082,0.017843253383268642,-0.20671904216749173,-0.014920943881030602
2017-09-07,64.0154037475586,13.010000228881836,9929.900390625,-0.0013197305550116,-0.0013197305550116,0.0006127848127155389,0.005502286957296931,-0.006049142754793735,64.2198299407959,65.74189943313598,-0.023152198300691484,0,0.030596755798909164,0.03373054045245367,0.9070666618987311,13.010000228881836,0.08870296540045586,-0.2573616394158694,-0.012677232192013443
2017-09-08,63.95009994506836,12.960000038146973,9934.7998046875,-0.0010201263862641,-0.0010201263862641,0.0005977036933182411,0.0018799740244805907,-0.0061218111108330975,64.2070118713379,65.72174243927002,-0.023047632514183625,0,0.02953677323654072,0.03373848235769601,0.8754364670862637,12.960000038146973,0.10958901537048638,-0.28045119740431673,-0.0043844046335719256
2017-09-11,63.930999755859375,12.359999656677246,10006.0498046875,-0.0002986733285075,-0.0002986733285075,-0.0013200423328851851,0.003580681935021035,-0.007598543012538039,64.19720581054688,65.7015234375,-0.0228962366205121,0,0.02866717193793792,0.03364180768397591,0.8521040279165555,12.359999656677246,-0.06150344836175825,-0.5609936788829623,0.009890947455031496
2017-09-12,63.97999954223633,11.760000228881836,10093.0498046875,0.0007664479918048,0.0007664479918048,-0.0007231244313817831,0.0014447290526975465,-0.006803925179740267,64.18630973815918,65.68057344436646,-0.0227504668099916,0,0.026921196116749504,0.03368677004724371,0.7991385621249265,11.760000228881836,-0.0876648630212239,-0.8390006261301691,0.027779313631272062
2017-09-13,63.98759841918945,11.760000228881836,10079.2998046875,0.0001187695687323,0.0001187695687323,-0.001753511039115252,-0.0023543511037228404,-0.003989453928092357,64.1758236694336,65.65943393707275,-0.022595538503439205,0,0.022799749101400996,0.033266767972423325,0.6853405109804904,11.760000228881836,-0.10365851132164794,-0.834908262626811,0.037947440726985304
2017-09-14,64.11509704589844,11.470000267028809,10086.599609375,0.0019925521485231,0.0019925521485231,0.0015573329621254572,0.0005320728995830137,-0.004068252014512441,64.1624235534668,65.63808193206788,-0.022481741317918358,0,0.023863227133051265,0.033246608928310155,0.7177426558555271,11.470000267028809,-0.11837047922829935,-0.9664038072022633,0.029859580166334165
2017-09-15,64.15499877929688,11.68000030517578,10085.400390625,0.0006223453638363,0.0006223453638363,0.003204042439410193,-0.0016806203906409856,-0.004872135150212564,64.15338760375977,65.61486442565918,-0.0222735630819636,0,0.02342367154362364,0.03313951654829279,0.7067986254677221,11.68000030517578,-0.09876541120398086,-0.8651228507316888,0.019005242808590284
2017-09-18,64.12020111083984,11.4399995803833,10153.099609375,-0.0005423999550953,-0.0005423999550953,0.002959461852669154,-0.0006280883438004592,-0.0036871703353436036,64.13893768310547,65.59173793792725,-0.02214913494435289,0,0.0228548445439833,0.03298105230909342,0.6929479199716759,11.4399995803833,-0.07443366519811623,-0.9722977202813771,0.0251358479961743
2017-09-19,64.2146987915039,11.470000267028809,10147.5498046875,0.001473758332428,0.001473758332428,0.003668322146714642,0.000401860467769799,0.0007620381577915225,64.12785369873046,65.57026893615722,-0.02199800703625554,0,0.02340801031038017,0.03256983835115486,0.7186800062685582,11.470000267028809,-0.024659860221839525,-0.9535830337641844,0.03152757860278532
2017-09-20,64.29869842529297,11.630000114440918,10141.150390625,0.0013081060157549,0.0013081060157549,0.004861879704649352,0.003477145356892253,-0.004047384497863904,64.1179997253418,65.54898494720459,-0.021830776220491455,0,0.02291197149942437,0.03023125162004731,0.7578652026113467,11.630000114440918,-0.011054431284928556,-0.874833180580364,0.039654184721679586
2017-09-21,64.28369903564453,11.630000114440918,10121.900390625,-0.0002332767227919,-0.0002332767227919,0.0026296769016100896,0.001967000156494203,-0.0017283579971093532,64.10940765380859,65.52736343383789,-0.02163913982989707,0,0.022567950686383238,0.0298023326657552,0.757229097144374,11.630000114440918,0.013949419676304586,-0.8679858326930373,0.0364905809774736
2017-09-22,64.80229949951172,12.8100004196167,9964.400390625,0.0080673712254739,0.0080673712254739,0.010089638103519594,0.01162700263037375,0.0048799653689035605,64.11321960449219,65.50843494415284,-0.021298254810240835,0,0.0350089522790367,0.03379534143892988,1.0358799440554243,12.8100004196167,0.09674658261268876,-0.3161677624736885,0.011357563118497893
2017-09-25,64.89099884033203,13.34000015258789,9872.599609375,0.0013687684157099,0.0013687684157099,0.012021137116519087,0.013842693929132954,0.005586451492538114,64.12373962402344,65.49180744171143,-0.020889144323976483,0,0.03476539257722944,0.033872960873050244,1.0263161343168583,13.34000015258789,0.1660839721937235,-0.06731111463578165,0.0015775313096324517
2017-09-26,65.26509857177734,12.93000030517578,9871.5,0.0057650481288753,0.0057650481288753,0.01635762216504255,0.019838894003327168,0.01120975384524825,64.1405256652832,65.47807544708252,-0.02042744495262816,0,0.038679138057230555,0.035715401657831165,1.0829517045917132,12.93000030517578,0.127288579263928,-0.25510996753896953,-0.00416631078012597
2017-09-27,65.3499984741211,13.859999656677246,9735.75,0.0013008469182096,0.0013008469182096,0.016350253964310113,0.024466477717772994,0.01175078596071466,64.16217956542968,65.46476295471192,-0.019897473548989297,0,0.03559941158589419,0.03576630230222055,0.9953060279775159,13.859999656677246,0.1917454445651594,0.17987509663425227,-0.006155522469745489
2017-09-28,65.5250015258789,13.170000076293944,9768.9501953125,0.0026779350549963,0.0026779350549963,0.01930975517675315,0.024039338595363002,0.01713251180240616,64.18607955932617,65.45377796173096,-0.019367841580450573,1,0.035340471151442815,0.035990709075595546,0.9819058905264849,13.170000076293944,0.1324161605072398,-0.13865915478358656,-0.0116800403413444
2017-09-29,65.36000061035156,12.489999771118164,9788.599609375,-0.0025181367674166,-0.0025181367674166,0.008606193223807512,0.021629926509350028,0.012943820171577691,64.20715362548827,65.44342044830323,-0.01889062054437607,0,0.037315088086595664,0.036308789389689455,1.0276867124211873,12.489999771118164,-0.024980533802988814,-0.45151510295761077,-0.013037112307784704
2017-10-03,65.57170104980469,12.460000038146973,9859.5,0.0042639022598762,0.0042639022598762,0.010489932681535086,0.025970147881825723,0.016427963892775788,64.23332168579101,65.43424896240235,-0.01835319111405065,1,0.03816266867163141,0.037196974102984594,1.0259340620533797,12.460000038146973,-0.06596702431597823,-0.4636794409536526,-0.011519528605749119
2017-10-04,65.44309997558594,11.800000190734863,9914.900390625,-0.0019612282762204,-0.0019612282762204,0.002727359763547099,0.022300801845866358,0.01015661166626014,64.2556837463379,65.42416194915772,-0.01786004081684489,1,0.039736229089204565,0.03657030527868703,1.0865411771988895,11.800000190734863,-0.08739366494744671,-0.7677445569066491,0.0002068811018842709
2017-10-05,65.01950073242188,11.710000038146973,9888.7001953125,-0.0064727869450268,-0.0064727869450268,-0.005057348881654433,0.015512410249932884,0.006387942006640834,64.26685180664063,65.41216945648193,-0.01750924421797795,0,0.04758740504147854,0.0384855004653066,1.2364700470591212,11.710000038146973,-0.15512263144209248,-0.8037608859098934,-0.0063804986589707235
2017-10-06,65.20999908447266,11.119999885559082,9979.7001953125,0.0029298648852249,0.0029298648852249,-0.004807362595510067,0.01731670260179019,0.0056645074479984014,64.28374984741211,65.4012869644165,-0.01708738724992398,0,0.04815480282890585,0.03824200895196096,1.2591792369004124,11.119999885559082,-0.15565680932871595,-1.0703147626118927,0.006403662567241897
2017-10-09,65.41419982910156,11.390000343322754,9988.75,0.0031314330240119,0.0031314330240119,0.0008292414052000208,0.02185092961467605,0.009963143401721775,64.3030938720703,65.3892579650879,-0.01661074199064172,1,0.04807198076259242,0.0386318250200783,1.2443299380153636,11.390000343322754,-0.08807041216598299,-0.9388357843028127,0.005926505509618263
2017-10-10,65.41459655761719,11.109999656677246,10016.9501953125,6.064868433242054e-06,6.064868433242054e-06,-0.0023959191186480044,0.022900614913921924,0.00961855262944078,64.32449172973632,65.37710594177246,-0.01610065476091327,1,0.04763578822164742,0.03863138338795511,1.2330533103090764,11.109999656677246,-0.10834673975414333,-1.0643817264138777,0.008268952796234519
2017-10-11,65.23889923095703,11.729999542236328,9984.7998046875,-0.0026859040016459,-0.0026859040016459,-0.003120279215151567,0.020457985642212462,0.008121925437821975,64.34556976318359,65.36412544250489,-0.015582793656701344,0,0.049230136764967736,0.038956456400715926,1.2636897095792687,11.729999542236328,-0.005932258251444611,-0.7683154275588872,-0.002123715193786624
2017-10-12,65.20539855957031,11.039999961853027,10096.400390625,-0.0005135076125076,-0.0005135076125076,0.0028591088066558523,0.019152845046912503,0.009188685271854125,64.36720779418945,65.35095142364501,-0.015053241123887062,0,0.04951143158695325,0.03882524268946505,1.275205329110753,11.039999961853027,-0.05721606098303378,-1.0839594278338596,0.0003319696228927249
2017-10-13,65.0459976196289,11.260000228881836,10167.4501953125,-0.0024445972797142,-0.0024445972797142,-0.0025149741933181424,0.016540692674630098,0.01058028087409757,64.38433776855469,65.33669639587403,-0.01457616745035617,0,0.050836865203688866,0.03881307544789317,1.309753346358487,11.260000228881836,0.012589959061471312,-0.9729310058468104,0.008745685943780002
2017-10-16,64.6729965209961,11.3100004196167,10230.849609375,-0.0057344204452673,-0.0057344204452673,-0.01133092371445199,0.008701530541211921,0.003836972542098138,64.39668167114257,65.3209338760376,-0.014149402803227185,0,0.05545694418925996,0.040522324727369254,1.3685191075105596,11.3100004196167,-0.007023698094351105,-0.9420910776578573,0.01430115257731912
2017-10-17,64.6946029663086,11.609999656677246,10234.4501953125,0.0003340875863928,0.0003340875863928,-0.011006619763746839,0.008410945324276886,0.006648785252558076,64.41776176452636,65.30521690368653,-0.013589345250456852,0,0.05545576689630512,0.040203010158926404,1.3793590907247446,11.609999656677246,0.04500450184078031,-0.795088212222598,0.014778769202465236
2017-10-18,64.92870330810547,11.539999961853027,10210.849609375,0.0036185451500303,0.0036185451500303,-0.0047547694168385,0.012609165025356583,0.00930672252463327,64.44239585876466,65.29070640563965,-0.01299282231079868,0,0.05637987750764195,0.04078189691075684,1.3824392521947422,11.539999961853027,-0.01619774832037868,-0.821836345508538,0.005687918194624553
2017-10-19,65.04010009765625,12.399999618530272,10146.5498046875,0.0017156786424976,0.0017156786424976,-0.002535042581835456,0.012853775252178679,0.011411056555802102,64.46989585876464,65.27704689025879,-0.012365005311148591,0,0.056430537773977725,0.04088999193513061,1.3800236947907505,12.399999618530272,0.12318837512468361,-0.41514296302986825,-9.854595633895791e-05
2017-10-23,65.1041030883789,12.329999923706056,10184.849609375,0.0030737579662158,0.0030737579662158,0.0008932981409521812,0.012525987038784603,0.013083751992581272,64.49537590026856,65.262727394104,-0.011757882706948775,0,0.057013312976162016,0.04126171398408871,1.3817150514662433,12.329999923706056,0.09502661394976508,-0.4429207170763503,0.004309098777432352
2017-10-24,65.03489685058594,11.59000015258789,10207.7001953125,-0.0010630088505946,-0.0010630088505946,0.005595849103301687,0.011685665669688206,0.011036143583729396,64.52201583862305,65.24687686920166,-0.011109513058099596,0,0.057264985877616525,0.04131426411600225,1.3860491298526303,11.59000015258789,0.024756827814572224,-0.7842624216009296,0.008476649776851142
2017-10-25,65.07949829101562,11.760000228881836,10295.349609375,0.0006858078137981,0.0006858078137981,0.005949419380585352,0.004277607332529909,0.009593391915891036,64.54585182189942,65.2326093673706,-0.010527825762780219,0,0.05063692905576139,0.041142858931672785,1.23072872527231,11.760000228881836,0.012919946308380892,-0.6982535635193193,0.03321315942516456
2017-10-26,64.83999633789062,11.619999885559082,10343.7998046875,-0.0036801444297253,-0.0036801444297253,-0.0013662211887076614,-0.0007859719121738884,0.0073782113876645905,64.55987968444825,65.21708534240723,-0.010077200698382582,0,0.05235601877729781,0.041731887619194,1.2545505898139184,11.619999885559082,0.006932402423787343,-0.7583452541854487,0.04772807709785476
2017-10-27,64.5999984741211,11.479999542236328,10323.0498046875,-0.003701386140105,-0.003701386140105,-0.006766619714212552,-0.010190746849555232,0.002374041945511607,64.5702596282959,65.19941581726074,-0.009649721260206134,0,0.04968734827970477,0.04236358323059471,1.172851105586275,11.479999542236328,-0.07419355682230155,-0.8179205965170059,0.045742775129159696
2017-10-30,64.87339782714844,12.109999656677246,10363.650390625,0.0042321882273244,0.0042321882273244,-0.0035436362730822957,-0.007293047560841037,0.00821659161736199,64.58246757507324,65.18243381500244,-0.009204416049145903,0,0.05189212979362464,0.04303736273041361,1.205718026930295,12.109999656677246,-0.01784268194566896,-0.5179446969783325,0.06449430096551367
2017-10-31,64.84239959716797,12.4399995803833,10335.2998046875,-0.0004778265208654,-0.0004778265208654,-0.002959907107413784,-0.010417427131861223,0.010242300593282572,64.59610557556152,65.16721832275391,-0.008763804285213395,0,0.050830967814986125,0.042724263500615124,1.1897168946483923,12.4399995803833,0.07333903508237793,-0.3602612037889084,0.0579744596964733
2017-11-01,64.67009735107422,12.140000343322754,10440.5,-0.0026572466035214,-0.0026572466035214,-0.006290782054137689,-0.010555435324890117,0.008524181731975666,64.60572944641113,65.15190380096436,-0.008383091248135521,0,0.05090810163534725,0.04304285102554829,1.1827032299022502,12.140000343322754,0.03231293427254034,-0.49715876380724255,0.06659792172933954
2017-11-02,64.55509948730469,12.010000228881836,10423.7998046875,-0.0017782231429966,-0.0017782231429966,-0.004393844334927177,-0.015503663108081378,0.005695644804756483,64.61531349182128,65.13396629333496,-0.00796286225189935,0,0.048237272019462915,0.04317766692160735,1.1171551939535251,12.010000228881836,0.033562852595844905,-0.5536978266251007,0.05723411985268023
2017-11-03,64.50050354003906,11.90999984741211,10452.5,-0.0008457263283493,-0.0008457263283493,-0.0015401692946152012,-0.014403297458380204,0.006942417997689798,64.622173538208,65.11598381042481,-0.0075835492811482386,0,0.048006559764254844,0.042992489735655615,1.1166006774379555,11.90999984741211,0.03745647406986019,-0.5959487326352748,0.05422138278699462
2017-11-06,64.69339752197266,13.020000457763672,10451.7998046875,0.0029905810241288,0.0029905810241288,-0.0027746397013977964,-0.0050154677716035545,0.016542886978188065,64.63489143371582,65.09786079406739,-0.007111898220682478,0,0.04444855106353038,0.04120637752531771,1.0786551761567769,13.020000457763672,0.07514457695171495,-0.0723770869034826,0.056943743692616344
2017-11-07,64.59089660644531,13.239999771118164,10350.150390625,-0.0015844107660681,-0.0015844107660681,-0.0038786811142881295,-0.00949398078085173,0.014033597028971334,64.64660942077637,65.08011528015136,-0.006661110809482618,0,0.0432597116864559,0.04135526426507697,1.0460256131738253,13.239999771118164,0.06430869917362281,0.03370263948784259,0.03712037316376526
2017-11-08,65.16449737548828,13.609999656677246,10303.150390625,0.0088805203082709,0.0088805203082709,0.0076449556234641225,-0.00381725151825818,0.023551322082775217,64.6699893951416,65.06529026031494,-0.006075449192523563,1,0.05265549571618683,0.04478331149654535,1.175757624860408,13.609999656677246,0.12108725467730497,0.2123800881343055,0.03147544894256038
2017-11-09,64.9104995727539,13.270000457763672,10308.9501953125,-0.0038977942432487,-0.0038977942432487,0.005505375845933136,-0.0077061850319488645,0.01692616089307397,64.69241340637207,65.04905376434326,-0.005482637138169766,0,0.054288616789584465,0.04536486930303529,1.1966841509626307,13.270000457763672,0.10491258991417562,0.05890182184379989,0.029150589181988984
2017-11-10,64.96800231933594,13.479999542236328,10321.75,0.0008858774306239,0.0008858774306239,0.007247986506131232,-0.004152383237829849,0.01985941594194207,64.71203742980957,65.03342079162597,-0.004941818497386841,0,0.053687107090368814,0.04514107202027541,1.189292043711583,13.479999542236328,0.1318219743861171,0.16503088963463547,0.03374631458853217
2017-11-13,65.1603012084961,14.050000190734863,10224.9501953125,0.0029599015252916,0.0029599015252916,0.00721717678167777,-0.0006916198975920329,0.019919360044022394,64.7357194519043,65.01972480773925,-0.004367987663355111,1,0.054683706036702626,0.04515484331394319,1.2109995522953156,14.050000190734863,0.07910903968955041,0.4448705720491633,0.012732241166551361
2017-11-14,65.43840026855469,14.170000076293944,10186.599609375,0.0042679216470891,0.0042679216470891,0.013121100753148651,0.006032694758875801,0.020265440671363377,64.76624946594238,65.00592681884766,-0.0036870077027466586,1,0.05572526465274582,0.04526996004333156,1.2309273892006667,14.170000076293944,0.07024171610670948,0.5093460985555741,0.0018834037732811115
2017-11-15,65.41339874267578,14.270000457763672,10118.0498046875,-0.0003820619968749,-0.0003820619968749,0.0038195854677323116,0.011448398272984273,0.020792394536400582,64.79420738220215,64.99254230499268,-0.0030516566325380357,1,0.05121324938775241,0.04522428016497171,1.1324031426878491,14.270000457763672,0.048493814675639735,0.5655139426460676,-0.011025458196955218
2017-11-20,64.90499877929688,13.43000030517578,10298.75,-0.0046772014945236,-0.0046772014945236,-8.474427855642563e-05,0.003252138560891238,0.009990169866604726,64.8117813873291,64.97668128967285,-0.00253783202020752,0,0.054439041226679946,0.04627345285736562,1.1764383556188227,13.43000030517578,0.01205726012756081,0.16529842367015443,0.006282682846700416
2017-11-21,65.0250015258789,13.720000267028809,10326.900390625,0.0018488983720665,0.0018488983720665,0.0008773427611765694,0.0014831378553252783,0.013474052709716133,64.83028144836426,64.96154930114746,-0.0020207007713850533,1,0.05346035585755716,0.04622693671760201,1.1564512641811524,13.720000267028809,0.017804208675266997,0.31087240252139337,0.011365438302357145
2017-11-22,64.76129913330078,14.039999961853027,10342.2998046875,-0.0040554000213776,-0.0040554000213776,-0.006123392123658422,-0.004286601095890963,0.008917356283476563,64.8451993560791,64.94453330993652,-0.0015295198655652653,0,0.05527409585353619,0.047041839261811845,1.1749736351140323,14.039999961853027,-0.0007117600531016954,0.4777462163266391,0.019292272128755172
2017-11-23,64.7699966430664,13.869999885559082,10348.75,0.0001343010390777,0.0001343010390777,-0.010214241527072732,-0.005131880011601586,0.010832457389103656,64.86159729003906,64.92763828277587,-0.0010171476197731177,0,0.0541741604286563,0.046867201798619,1.155883058228459,13.869999885559082,-0.02117150240787613,0.4163469830411293,0.016092568561260956
2017-11-24,64.57939910888672,13.510000228881836,10389.7001953125,-0.0029426824773518,-0.0029426824773518,-0.012749675904624058,-0.007003897349844301,0.00657597132301424,64.8745652770996,64.90998527526855,-0.0005456787275291974,0,0.05498428763329035,0.04725600923635151,1.1635160269726672,13.510000228881836,-0.05325859877379002,0.25182731993745844,0.01782967725517426
2017-11-27,64.54499816894531,13.029999732971191,10399.5498046875,-0.0005326921652429,-0.0005326921652429,-0.00554657756909771,-0.008213033844855278,0.007610278288428862,64.8858652496338,64.89360527038575,-0.00011927247252951911,0,0.0549043030969637,0.04714526527634896,1.1645525425002556,13.029999732971191,-0.029784107454594144,0.01589005573435338,0.010121093432088557
2017-11-28,64.43389892578125,13.149999618530272,10370.25,-0.0017212680504422,-0.0017212680504422,-0.009090389638244045,-0.0062630696336430924,0.006701065397520578,64.89479125976563,64.87826675415039,0.0002547001706727503,0,0.05376473064631529,0.04726011206310369,1.137610358692531,13.149999618530272,-0.04154523596244619,0.08982183535805602,0.0025571062677096634
2017-11-29,64.47000122070312,13.0600004196167,10361.2998046875,0.0005602997106144,0.0005602997106144,-0.0044980245377422845,-0.002012341431711473,0.007414624050639862,64.90188934326171,64.86363975524903,0.0005896922861099441,0,0.052217796313898994,0.047235872889628834,1.1054456639394465,13.0600004196167,-0.06980053738596914,0.05586882374245046,0.0037053003447324873
2017-11-30,64.41480255126953,13.550000190734863,10226.5498046875,-0.0008561915369696,-0.0008561915369696,-0.0054839294458246535,-0.007069080566749486,0.009805775415856699,64.90708541870117,64.84938575744629,0.0008897487706467366,0,0.05002091441848915,0.04676975812618852,1.0694912039597828,13.550000190734863,-0.023071355260600224,0.3391322154078627,-0.013228986001064036
2017-12-01,64.49939727783203,14.800000190734863,10121.7998046875,0.0013132808486864,0.0013132808486864,-0.0012388134940648499,-0.005289784484640125,0.008010966655291663,64.91466934204101,64.83609622955322,0.0012118729697976338,0,0.050272873815139764,0.04646493451425156,1.0819296833408263,14.800000190734863,0.0954848216134927,1.0533316815316192,-0.020657359151126764
2017-12-04,64.50900268554688,14.859999656677246,10127.75,0.0001489224414528,0.0001489224414528,-0.0005576804465037277,-0.00249102246827948,0.008328137352999754,64.92055541992187,64.8226647567749,0.0015101301915660947,0,0.04940631552928523,0.04645831546985672,1.0634318441764505,14.859999656677246,0.1404451236537949,1.10205397411888,-0.02995546190316556
2017-12-05,64.35140228271484,15.010000228881836,10118.25,-0.0024430761021103,-0.0024430761021103,-0.0012803298332362267,-0.0031554006764392684,0.00687669618716491,64.9216094970703,64.80771926879883,0.0017573559069268274,0,0.04976598400033411,0.046702655933843464,1.0655693436682663,15.010000228881836,0.1414449174379102,1.2066590072022276,-0.02931270845686207
2017-12-06,64.35690307617188,15.09000015258789,10044.099609375,8.548055305568347e-05,8.548055305568347e-05,-0.001754275514034398,-0.002226346400195922,0.005333085438059548,64.92307357788086,64.79468227386475,0.001981509894182887,0,0.04967046052296299,0.04661522197000598,1.0655187920402942,15.09000015258789,0.15543642172645278,1.2776854074470392,-0.039072029717770906
2017-12-07,64.51519775390625,14.270000457763672,10166.7001953125,0.002459637896917,0.002459637896917,0.0015585734747352031,-0.002754527894533343,0.007635912777025355,64.91733154296875,64.78353176116943,0.0020653363310383366,0,0.049306699452408315,0.04683613705497033,1.052726587334738,14.270000457763672,0.053136550324266896,0.8204938923221827,-0.027277561252860627
2017-12-08,64.54239654541016,13.670000076293944,10265.650390625,0.0004215873538457,0.0004215873538457,0.0006666615409274268,-0.0007508807522934591,0.006901686143840902,64.91035949707032,64.77202526092529,0.0021357095997502906,0,0.04897199685173158,0.04680014337975187,1.0463846247166455,13.670000076293944,-0.07635135809986848,0.47883384873011775,-0.008164132578840522
2017-12-11,64.4729995727539,14.149999618530272,10322.25,-0.0010752153060729,-0.0010752153060729,-0.000558109896202641,-0.01061157272110691,0.00714821431104018,64.89451751708984,64.75981327056884,0.002080059217561381,0,0.03726982507809608,0.0467701568438217,0.7968548907726939,14.149999618530272,-0.047779276887664035,0.7784288877723571,0.0018537640091500496
2017-12-12,64.3499984741211,15.260000228881836,10240.150390625,-0.0019077924006624,-0.0019077924006624,-2.1814731986480318e-05,-0.008634983590052103,0.006253290133967582,64.87451751708984,64.74768375396728,0.0019588926702693854,0,0.035482367008422874,0.046899038049426134,0.7565530537742716,15.260000228881836,0.01665556270405366,1.4746914171784677,-0.006673793488572999
2017-12-13,64.55000305175781,15.949999809265137,10192.9501953125,0.0031080743182481,0.0031080743182481,0.0030004547508661883,-0.0064339252040341854,0.009682365335475618,64.85501754760742,64.73610626220703,0.0018368618730133512,0,0.03718267437490558,0.047244872401327784,0.7870036573578141,15.949999809265137,0.05699136169523222,1.9140483735391,-0.012478485207208068
2017-12-14,64.31999969482422,16.40999984741211,10252.099609375,-0.0035631811937975,-0.0035631811937975,-0.0030256135899422443,-0.012895912052081071,0.005314163098163904,64.83421752929688,64.72188224792481,0.001735661533169841,0,0.03716031245206091,0.04784451819503568,0.7766727972426175,16.40999984741211,0.14996491387525923,2.2081669070158556,0.0026552123525205307
2017-12-15,64.2750015258789,14.9399995803833,10333.25,-0.0006995984011008,-0.0006995984011008,-0.00414293602102489,-0.01777853275601593,0.004491543889593164,64.80828353881836,64.70793125152588,0.0015508498780838487,0,0.03292827310071267,0.04787727111348386,0.6877498358840937,14.9399995803833,0.09290413291889799,1.3157167841392567,0.014396402749552895
2017-12-18,64.07230377197266,13.119999885559082,10388.75,-0.0031536016973042,-0.0031536016973042,-0.006214939640416306,-0.02050183901892555,-0.000667444578538956,64.7808676147461,64.6934677886963,0.0013509837861107599,0,0.03397043296626101,0.04818821417329154,0.7049385126742497,13.119999885559082,-0.07279150252572042,0.18727483673342776,0.02675418687770148
2017-12-19,64.20010375976562,12.1899995803833,10463.2001953125,0.0019946213928532,0.0019946213928532,-0.002329366245684583,-0.010860411875642684,0.000703062603491178,64.76447967529298,64.67964279174805,0.0013116473728538303,0,0.03228404083510343,0.048327477903616835,0.6680127791214243,12.1899995803833,-0.2011795938697366,-0.39047875028117324,0.01596797624104873
2017-12-20,64.04759979248047,12.1899995803833,10444.2001953125,-0.0023754473646308,-0.0023754473646308,-0.0077831639895431515,-0.0150311681732056,-0.0011322690369276467,64.74123168945313,64.6653092956543,0.0011740822803725237,0,0.03169302761167512,0.0485672029408342,0.65254684531531,12.1899995803833,-0.23573669428495558,-0.3838647696332685,0.011358665257775513
2017-12-21,63.96500015258789,12.09000015258789,10440.2998046875,-0.0012896601927349,-0.0012896601927349,-0.005519271516179702,-0.012295908071174422,-0.0038884966154985046,64.71224769592285,64.65195928573608,0.000932507086449208,0,0.029388893155978278,0.048560584728135466,0.6051880992044938,12.09000015258789,-0.26325409719644155,-0.44106285319011285,0.009475648729075026
2017-12-22,64.00969696044922,11.59000015258789,10493.0,0.0006987697608802,0.0006987697608802,-0.0041276477500022946,-0.011738454871428106,-0.004494670528666034,64.68414970397949,64.63854177474975,0.0007055841294913989,0,0.029627616261953114,0.048511252958340495,0.6107243934309872,11.59000015258789,-0.2242302223484709,-0.7566355994732477,0.013938881507428391
2017-12-26,64.010498046875,12.050000190734863,10531.5,4.219494781065869e-05,4.219494781065869e-05,-0.0009646246733630015,-0.008809327275599133,-0.004249926386750813,64.65958168029785,64.62506875991821,0.0005340484898801456,0,0.028381713189862004,0.04850826263860403,0.5850782231283728,12.050000190734863,-0.08155485549980424,-0.45268976677709394,0.013648113229626668
2017-12-27,64.0281982421875,12.489999771118164,10490.75,0.0002765201936023,0.0002765201936023,-0.0026776517094332375,-0.008006816041811637,-0.011945583155271389,64.6360376739502,64.61091974258423,0.00038875675297678214,0,0.028478893518732385,0.0456859974481402,0.6233478912913698,12.489999771118164,0.024610352835256588,-0.1597392280444812,0.008769629169081083
2017-12-28,64.11499786376953,12.300000190734863,10477.900390625,0.0013556467925852,0.0013556467925852,0.0010523122100973836,-0.0049492746415834565,-0.011958530311297788,64.61741767883301,64.59726922988892,0.00031190867948893697,0,0.02864682468708124,0.04568430497594858,0.6270468086436679,12.300000190734863,0.009023840372281988,-0.2786001311602257,0.01038069387189311
2017-12-29,64.06199645996094,12.670000076293944,10530.7001953125,-0.000826661554621,-0.000826661554621,0.0015163965784672495,-0.006328598619774306,-0.01843408097351229,64.60519767761231,64.58371419906616,0.00033264544804478824,0,0.02856550394134744,0.04412759815158554,0.6473240741349288,12.670000076293944,0.04797352492852558,-0.030581935067561922,0.016349337806861097
2018-01-02,63.86759948730469,13.6899995803833,10442.2001953125,0.0004197667913139,0.0004197667913139,-0.0022199366641640905,-0.008494989385852914,-0.022683994207030378,64.58865760803222,64.56972867965698,0.00029315483837866196,0,0.02859403912263853,0.04404152262128945,0.6492370877234136,13.6899995803833,0.18119062986608414,0.6462212478960346,0.021087306544593787
2018-01-03,63.459999084472656,13.619999885559082,10443.2001953125,-0.0063819590231045,-0.0063819590231045,-0.008600135590246638,-0.016114851257945095,-0.03151472557525514,64.55928352355957,64.55394765853882,8.26574549550596e-05,0,0.035032654698503446,0.04533833742357787,0.7726768119969344,13.619999885559082,0.13029042904342658,0.6088650396286441,0.03175328467533567
2018-01-04,63.41910171508789,13.420000076293944,10504.7998046875,-0.0006444590289125,-0.0006444590289125,-0.009512941857206303,-0.0168953312729353,-0.029695515256104144,64.5268635559082,64.53721817016601,-0.00016044407477411315,0,0.03492516343445581,0.0451285457870815,0.7738868810962698,13.420000076293944,0.07445959345222009,0.4826349632017811,0.0372293752005628
2018-01-05,63.36959838867188,13.109999656677246,10558.849609375,-0.0007805743865375,-0.0007805743865375,-0.01162597675946997,-0.015256915299679208,-0.03358312543181108,64.49217346191406,64.52066368103027,-0.000441567359831474,0,0.034314872082119835,0.04416319043965097,0.776984061985922,13.109999656677246,0.06585361409608148,0.2886009332096299,0.04354504082968891
2018-01-08,63.26499938964844,13.739999771118164,10623.599609375,-0.0016506179884854,-0.0016506179884854,-0.012441027666233118,-0.016966380206814402,-0.03328235653185829,64.45677551269532,64.50613819122314,-0.0007652400207480703,0,0.0344279147378067,0.044122923004581566,0.7802550723840197,13.739999771118164,0.08445143554704715,0.7221218235560416,0.05769556481290805
2018-01-09,63.45199966430664,13.850000381469728,10637.0,0.0029558251238803,0.0029558251238803,-0.006507209075247267,-0.016479808271768537,-0.024108168325777446,64.42422554016113,64.49452268600464,-0.0010899707900120514,0,0.03502958633171115,0.04285592252974124,0.8173612164382968,13.850000381469728,0.011687421913123774,0.8066274483711102,0.046258844625352236
2018-01-10,63.63610076904297,14.039999961853027,10632.2001953125,0.0029014232129849,0.0029014232129849,0.0027750029484856498,-0.01404186743715885,-0.024135843237643173,64.40014762878418,64.48460069656372,-0.0013096625685399266,0,0.03696110956731752,0.04284739315107964,0.8626019985626047,14.039999961853027,0.03083701026600294,0.9444651391370841,0.03570643756018099
2018-01-11,63.7599983215332,14.010000228881836,10651.2001953125,0.0019469695816201,0.0019469695816201,0.005375298565041264,-0.01105891235006251,-0.02528811040859713,64.38334762573243,64.47637817382812,-0.0014428624983383598,0,0.037845301811509954,0.04253220451699914,0.8897825179474642,14.010000228881836,0.04396424360906748,0.93316054178681,0.031868070945045845
2018-01-12,63.67210006713867,13.729999542236328,10681.25,-0.0013785799358285,-0.0013785799358285,0.004773608893833048,-0.010534552028855781,-0.026637731976894896,64.35932167053222,64.4673981666565,-0.0016764519617322726,0,0.0376164164637196,0.042586445797959074,0.8832747716821818,13.729999542236328,0.04729213591117842,0.751611704300533,0.043075501096041746
2018-01-15,63.5885009765625,14.3100004196167,10741.5498046875,-0.0013129626710602,-0.0013129626710602,0.0051134369720233774,-0.014895461343733096,-0.02529776366323766,64.33424369812012,64.45866418838501,-0.0019302368708924433,0,0.03557945597879311,0.04236003471457123,0.8399099837510482,14.3100004196167,0.04148476404611667,1.170289361199274,0.05382147453514374
2018-01-16,63.52119827270508,14.09000015258789,10700.4501953125,-0.0010584099770213,-0.0010584099770213,0.001090566235335988,-0.012419176397841625,-0.02582915408954345,64.31126571655274,64.44879516601563,-0.0021339335996680697,0,0.0339225256045279,0.042387023786080384,0.8002856131185707,14.09000015258789,0.017328502852553385,1.0291572740615391,0.04373256240385204
2018-01-17,63.99430084228516,13.859999656677246,10788.5498046875,0.0074479478102567,0.0074479478102567,0.005628881545433284,-0.00436718283827231,-0.016168508683559235,64.30004974365234,64.4419416809082,-0.0022018569514626884,0,0.04348905355322192,0.044872604779886444,0.9691455314665267,13.859999656677246,-0.012820534591513222,0.873137573456591,0.04406162675707059
2018-01-18,63.82500076293945,13.960000038146973,10817.0,-0.002645549324196,-0.002645549324196,0.0010194862471364363,-0.0038597489784873984,-0.013112053000069901,64.28653968811035,64.43384469985962,-0.0022861434458153473,0,0.04306408809115669,0.043711116929053696,0.9851750753927387,13.960000038146973,-0.0035688929277665205,0.9503720277425944,0.041222476236313366
2018-01-19,63.86759948730469,13.979999542236328,10894.7001953125,0.0006674300643325,0.0006674300643325,0.0030704094879840937,-0.005179185904514383,-0.012783191195015031,64.270023727417,64.426217212677,-0.002424377714811299,0,0.04252594862924239,0.043728656590619315,0.9724738757350512,13.979999542236328,0.018208303593233888,0.9752107539192852,0.04123977291319636
2018-01-22,63.83209991455078,15.390000343322754,10966.2001953125,-0.0005558307035002,-0.0005558307035002,0.0038308646099090016,-0.0033646831204904304,-0.016889346894099933,64.2548477935791,64.42015272140503,-0.002566043712141086,0,0.04174719363293442,0.04309272869800782,0.9687533405496274,15.390000343322754,0.07547169056861436,1.9872664357989833,0.049979892211782895
2018-01-23,63.88010025024414,16.229999542236328,11083.7001953125,0.0007519780135325,0.0007519780135325,0.0056501134628828,-0.001327286830942298,-0.01783514855712698,64.22915985107421,64.4140032196045,-0.0028696146690355695,0,0.04154559925161509,0.042967991663771785,0.9668739628964393,16.229999542236328,0.15188072153820298,2.5654740132552085,0.061626620179635605
2018-01-24,63.7504997253418,18.040000915527344,11086.0,-0.0020288090406033,-0.0020288090406033,-0.003809731706331476,-0.00404934326228068,-0.02079136796032033,64.20595985412598,64.40885572433471,-0.00315012381336377,0,0.04212574528423147,0.04262532619767643,0.9882565316296893,18.040000915527344,0.3015873998839764,3.751227098472049,0.0565138663871152
2018-01-25,63.57789993286133,17.510000228881836,11069.650390625,-0.0027074265021307,-0.0027074265021307,-0.0038715366568644605,-0.006758236964456654,-0.022403309427429074,64.17815780639648,64.40279521942139,-0.003488007193780396,0,0.043136228459493116,0.042882808948443055,1.0058861261916714,17.510000228881836,0.25429800723740437,3.309015156057262,0.05109912079238477
2018-01-29,63.56999969482422,17.889999389648438,11130.400390625,-4.8783979797017984e-05,-4.8783979797017984e-05,-0.0046596364176740845,-0.007156199298786081,-0.02319468704938976,64.14635177612304,64.39666172027587,-0.0038870018641667947,0,0.043109966644033604,0.042842715621708036,1.0062144708614083,17.889999389648438,0.27968526290714313,3.4915577249228757,0.060972798953840224
2018-01-30,63.66939926147461,16.420000076293945,11049.650390625,0.0015636238340031,0.0015636238340031,-0.002548884547022179,-0.006949990129325512,-0.018053626504169862,64.11097175598144,64.38975870132447,-0.004329678367583245,0,0.0432086233595646,0.042424286568594004,1.0184639127823942,16.420000076293945,0.06692655685469662,2.4911207639836492,0.054567229949195495
2018-01-31,63.769901275634766,15.93000030517578,11027.7001953125,0.0015784979177739,0.0015784979177739,-0.0017250908213619631,-0.004559570423452786,-0.012849802137671396,64.07810180664063,64.383408203125,-0.004742004267949684,0,0.04354322683628544,0.041954436808469414,1.0378446787496085,15.93000030517578,-0.01848424186826636,2.1552324576904476,0.04719534226425215
2018-02-01,63.665000915527344,14.109999656677246,11016.900390625,-0.0016449823193861,-0.0016449823193861,-0.0013411472879869546,-0.0031721651260372408,-0.018627002008447247,64.05330184936524,64.37883319854737,-0.005056496568960345,0,0.04385145230548686,0.04112863293843404,1.0661766024298598,14.109999656677246,-0.21784928267201342,0.9552331403571829,0.055036312708358404
2018-02-02,63.97499847412109,15.25,10760.599609375,0.0048691989968721,0.0048691989968721,0.006245858099734214,0.008115338750051215,-0.01337706698758212,64.03230178833007,64.37740818023681,-0.00536067545528629,0,0.04090704094109343,0.042348303374675725,0.9659436562433575,15.25,-0.12906911475386984,1.718538803405437,0.030392926318214775
2018-02-05,64.13249969482422,16.049999237060547,10666.5498046875,0.0024619183190264,0.0024619183190264,0.008848513492218935,0.011248944883219814,-0.008312924802502564,64.01972579956055,64.37519569396973,-0.005521845651530688,0,0.04132879044616062,0.04233157895916589,0.9762880377788103,16.049999237060547,-0.1028507666496935,2.249158086728747,0.015397723231986182
2018-02-06,64.314697265625,20.020000457763672,10498.25,0.0028409553918491,0.0028409553918491,0.010135135742373125,0.014914073956354246,-0.003723984992494156,64.01061981201173,64.37361919403077,-0.005638946303840875,0,0.041772828393838134,0.042560571896680985,0.9814681773324175,20.020000457763672,0.21924484559943203,4.687902371129812,-0.005739224595186498
2018-02-07,63.97999954223633,19.46999931335449,10476.7001953125,-0.0052040627977512,-0.0052040627977512,0.003294630576476054,0.011301670109632234,-0.00806976642406565,63.99863182067871,64.37101919174194,-0.005785015923920556,0,0.04591367418645582,0.04380786041834856,1.048045389631402,19.46999931335449,0.22222215570382242,4.191676408244173,-0.01382764971044892
2018-02-08,64.19999694824219,17.770000457763672,10576.849609375,0.0034385340353217,0.0034385340353217,0.008403298908684409,0.01178839576203794,-0.007626753156114385,63.991731796264645,64.36975069046021,-0.005872617031148275,0,0.046262439819184674,0.043941892828420766,1.052785486832212,17.770000457763672,0.25939056627506085,3.0991347310688497,-0.005654826607596086
2018-02-09,64.44049835205078,19.229999542236328,10454.9501953125,0.0037461279632533,0.0037461279632533,0.007276278062249508,0.012640585662645254,-0.0023284744800945445,63.99186378479004,64.36991167068481,-0.005873052736639739,1,0.046888076703881905,0.04445674197602456,1.0546661755598832,19.229999542236328,0.2609835765400872,3.9100845880026136,-0.016671055542967106
2018-02-12,64.2113037109375,17.8799991607666,10539.75,-0.0035566863536831,-0.0035566863536831,0.0012287688221770399,0.0070781901079799425,-0.014627499680667011,63.98668983459473,64.36811819076539,-0.00592573415056552,0,0.04874427495174613,0.041287554735642815,1.180575955342585,17.8799991607666,0.11401869225516603,3.0748925577849184,-0.010463627879377269
2018-02-14,64.2500991821289,17.18000030517578,10500.900390625,-0.0005195966135783,-0.0005195966135783,-0.0010044062437127854,0.009077745423517802,-0.010174014912407214,63.98339576721192,64.36613519668579,-0.005946285702944865,0,0.0484517369828177,0.040579457629504365,1.193967239728476,17.18000030517578,-0.1418581462362829,2.6159162351802774,-0.01688469133996484
2018-02-15,64.02519989013672,16.31999969482422,10545.5,-0.0035003726819886,-0.0035003726819886,0.0007064762148139003,0.00686757679246397,-0.014511796508149932,63.97391181945801,64.36296117782592,-0.006044615587108004,0,0.04998579151543091,0.04110393018365765,1.2160534342740248,16.31999969482422,-0.16178735129023258,2.0851762266706,-0.01825153802312085
2018-02-16,63.890899658203125,16.3799991607666,10452.2998046875,-0.0020976151915814,-0.0020976151915814,-0.004814599762181571,0.005820126124051805,-0.019481210595255094,63.96154975891113,64.3592156791687,-0.006178849696365729,0,0.050463933126091404,0.04079679734754353,1.2369278835375626,16.3799991607666,-0.07822179297636322,2.0942887643380503,-0.023190649561053656
2018-02-19,64.37999725341797,16.670000076293945,10378.400390625,0.0076551996893354,0.0076551996893354,-0.0009388676403817575,0.0060270431281586045,-0.016174035593674474,63.962121658325195,64.35916566848755,-0.006169191381496741,1,0.050841075073668404,0.04282373796657461,1.1871894023811813,16.670000076293945,-0.13312530040989645,2.232755270017328,-0.03801710345576703
2018-02-20,64.50499725341797,16.8700008392334,10360.400390625,0.0019415968520155,0.0019415968520155,0.004573860449907707,0.010654077279280916,-0.013887085929157994,63.965083541870115,64.35994066238403,-0.0061351380447232096,1,0.05003627591574645,0.04302800344902947,1.1628499826870853,16.8700008392334,-0.056487604526817004,2.315414250164427,-0.04221129789914024
2018-02-21,64.86499786376953,15.920000076293944,10397.4501953125,0.0055809724157842,0.0055809724157842,0.00957039272262561,0.015616656715947252,-0.0006162994573555292,63.972079544067384,64.36416566848754,-0.006091683475548004,1,0.05309502451469777,0.043510440290029574,1.220254355194586,15.920000076293944,-0.07334110631547774,1.7597845338356477,-0.045641457872695246
2018-02-22,64.8949966430664,14.829999923706056,10382.7001953125,0.0004624802325574,0.0004624802325574,0.013585225105461785,0.016651445431663303,-0.001999306109370269,63.97913154602051,64.36834066390992,-0.006046592375615334,1,0.05290996455774263,0.04336331854953999,1.2201267384681154,14.829999923706056,-0.09129900729046614,1.1384651676719266,-0.0532089501931049
2018-02-23,64.95140075683594,14.199999809265137,10491.0498046875,0.000869159668499,0.000869159668499,0.01659862522372002,0.016770488812557938,0.0029354201672802116,63.98869956970215,64.37219766616822,-0.0059575113227433585,1,0.0529117991343002,0.04259825585848019,1.2420827093806404,14.199999809265137,-0.1330891003171113,0.7807590019428785,-0.053470445806143574
2018-02-26,64.7030029296875,13.699999809265137,10582.599609375,-0.0038243644363943,-0.0038243644363943,0.005017174433824323,0.014941109614032833,-0.0010343325127541991,63.995759658813476,64.37536268234253,-0.005896712775074864,1,0.054442395002039665,0.043310869339257374,1.2569855753765333,13.699999809265137,-0.17816438232969078,0.49966588756663555,-0.045408658724968465
2018-02-27,64.78040313720703,13.920000076293944,10554.2998046875,0.0011962382581167,0.0011962382581167,0.0042695278740512155,0.01891385537451784,0.0031125100433562203,64.00036766052246,64.3782147026062,-0.005869175525124448,1,0.05306004168577869,0.04294732352704193,1.2354391819827386,13.920000076293944,-0.17486666367430415,0.6229670112082139,-0.046555272095490485
2018-02-28,64.91000366210938,13.8100004196167,10492.849609375,0.0020006131272114,0.0020006131272114,0.0006938379684273688,0.021079187882932393,0.0056550546675773194,64.01216773986816,64.38191473007203,-0.005743025689031844,1,0.05309853137022669,0.04309623612350869,1.2320634951637301,13.8100004196167,-0.13253766624154673,0.562375046868125,-0.05728012999307741
2018-03-01,65.23999786376953,14.06999969482422,10458.349609375,0.0050838727937523,0.0050838727937523,0.005316299230288646,0.02466802923402578,0.012510478978104311,64.03146766662597,64.38657472610474,-0.005515234518831957,1,0.05498168441895787,0.04404555481807773,1.2482629945984358,14.06999969482422,-0.051247487039225104,0.7075032318196779,-0.05351307601113653
2018-03-05,65.18669891357422,15.399999618530272,10358.849609375,0.0005632753159758,0.0005632753159758,0.0036226802501024835,0.022217340933547547,0.011116762514360667,64.053755569458,64.39044923782349,-0.005228938023431384,1,0.05498591033751513,0.04404564319981771,1.2483564317959805,15.399999618530272,0.08450702995658954,1.4449972515230927,-0.06065186522043875
2018-03-06,65.00370025634766,16.25,10249.25,-0.0028073005732225,-0.0028073005732225,0.004647347310710259,0.021027241366045724,0.009142272921032424,64.06982749938965,64.39226774215699,-0.005007437291360439,1,0.05584832246015455,0.04441431457351734,1.2574113905624378,16.25,0.18613140337493506,1.9018848048495496,-0.06967934386320163
2018-03-07,64.88999938964844,15.699999809265137,10154.2001953125,-0.001749144529478,-0.001749144529478,0.001691811830952572,0.01430247655101513,0.006055903284396313,64.08667549133301,64.39396772384643,-0.004772065511341683,1,0.05478084138104876,0.04452700113877995,1.2302560182370166,15.699999809265137,0.12787354333442646,1.5837475910994516,-0.05635368251544126
2018-03-08,64.89119720458984,14.59000015258789,10242.650390625,1.8459160928907536e-05,1.8459160928907536e-05,-0.00028973126572950925,0.011830156525566737,0.005924669474522748,64.10519943237304,64.39662370681762,-0.004525458908705593,1,0.054440329676165,0.044527901860110575,1.2225841510125626,14.59000015258789,0.05648078995444661,0.9661287367035242,-0.03974100546328618
2018-03-09,65.09040069580078,14.529999732971191,10226.849609375,0.0030698076132404,0.0030698076132404,-0.0022930284007846025,0.012061060117752875,0.01148379657430465,64.12681350708007,64.40124822616578,-0.004261326086754336,1,0.05456581821210437,0.04458388612125685,1.223863577080864,14.529999732971191,0.03269367790506683,0.9290613253751987,-0.025851964910818426
2018-03-12,64.96489715576172,14.489999771118164,10421.400390625,-0.0019281420716028,-0.0019281420716028,-0.0034025615886236205,0.01539383589515686,0.009447224004396793,64.14590148925781,64.40588121414184,-0.004036583616015332,1,0.05126382360992874,0.04479470706344679,1.1443914377179218,14.489999771118164,-0.059090900646331046,0.9041179186505474,-0.005278360901483259
2018-03-13,64.94550323486328,14.460000038146973,10426.849609375,-0.0002985292326707,-0.0002985292326707,-0.0008952878259986807,0.011612248007147441,0.006669831232610335,64.16424758911133,64.41110872268676,-0.00383258631113248,1,0.050417239113298824,0.0445717627864993,1.1311221463833012,14.460000038146973,-0.11015384380634019,0.8852052533209729,-0.014181916689733787
2018-03-14,64.8281021118164,14.359999656677246,10410.900390625,-0.0018076867096142,-0.0018076867096142,-0.0009538800803549075,0.0060149094075603315,0.004426633990964879,64.17850967407226,64.41409921646118,-0.0036574219814397013,1,0.04966982505648895,0.044743294833427844,1.1100817487770824,14.359999656677246,-0.08535032922720853,0.8275762765760598,-0.004213296463836835
2018-03-15,64.83679962158203,14.329999923706056,10360.150390625,0.000134162646789,0.000134162646789,-0.0008382890954578004,0.009741211819344953,0.0056426729210512505,64.19400573730469,64.41392770767212,-0.003414199043497046,1,0.047661520077134284,0.044675702126949296,1.0668092721280904,14.329999923706056,-0.017820440449804686,0.8080278364422159,-0.017040215315828222
2018-03-16,65.01439666748047,15.220000267028809,10195.150390625,0.0027391396079845,0.0027391396079845,-0.0011676687730886037,0.011895662342637392,0.010324758494385522,64.2169416809082,64.41675718307495,-0.0031019180552486203,1,0.048136370482219894,0.044770694091820204,1.0751518667910853,15.220000267028809,0.04748799358143696,1.2887480059225784,-0.029116550831485566
2018-03-19,65.06500244140625,15.81999969482422,10094.25,0.0007783779673387,0.0007783779673387,0.0015409134783130884,0.01624052018664157,0.007978301553843492,64.24904174804688,64.4195812034607,-0.0026473232552566284,1,0.04572831116397372,0.04440241593116197,1.0298376871469914,15.81999969482422,0.09178743579810433,1.604812844985236,-0.04279076383291447
2018-03-20,65.21009826660156,15.609999656677246,10124.349609375,0.0022300133674162,0.0022300133674162,0.0040741085765618745,0.020647676202021792,0.013838597263690078,64.28486167907715,64.42120569229127,-0.00211644615695894,1,0.044673954586927286,0.04392083463917568,1.0171240558125676,15.609999656677246,0.07952971061524594,1.4809834771556596,-0.03137588869823893
2018-03-21,65.2323989868164,15.109999656677246,10155.25,0.000341982619374,0.000341982619374,0.0062364447181049165,0.013240164177751312,0.014895331594072747,64.32211769104003,64.42356718063354,-0.001574726362311707,1,0.03766992180498913,0.04387553927653611,0.8585435958741146,15.109999656677246,0.05222841350495844,1.2048303422356412,-0.021501424326100915
2018-03-22,65.06559753417969,15.25,10114.75,-0.0025570338547633,-0.0025570338547633,0.0035288279793732613,0.008690803885462062,0.015502700913363032,64.35812965393066,64.42616815567017,-0.001056069353296163,1,0.038994281555731466,0.0437005996310051,0.8922849937983981,15.25,0.0642009826372707,1.2763513847858015,-0.023710511308741133
2018-03-23,65.16000366210938,15.550000190734863,9998.0498046875,0.001450937692228,0.001450937692228,0.0022396115643990022,0.004547996732527704,0.014951687709659378,64.39228973388671,64.42940217971801,-0.0005760172308875156,1,0.034560497902403196,0.04362881176321009,0.7921303463322663,15.550000190734863,0.02168199197873455,1.430230457651902,-0.03841330163861356
2018-03-26,65.01499938964844,15.199999809265137,10130.650390625,-0.0022253570336315,-0.0022253570336315,-0.0007685091813043332,0.0018491833390803514,0.015104384868479537,64.41986770629883,64.43193418502807,-0.00018727481771052545,1,0.03562358815801967,0.043592419887072194,0.8171781028031708,15.199999809265137,-0.03919089112005025,1.2320600192987985,-0.02427593977925835
2018-03-27,64.69499969482422,15.550000190734863,10184.150390625,-0.0049219364427952,-0.0049219364427952,-0.007899061425600706,-0.003947583254926723,0.011412484022433,64.43856773376464,64.43231618881225,9.702499183905644e-05,1,0.039590698497218954,0.044722255058150064,0.8852374105091935,15.550000190734863,-0.0038436558143496447,1.4080191810526705,-0.029253451253789198
2018-03-28,64.89550018310547,15.760000228881836,10113.7001953125,0.0030991651476472,0.0030991651476472,-0.00516459319208884,0.002975089944853959,0.013838578601669926,64.46303573608398,64.43429319381714,0.0004460752317152483,1,0.038681698736285464,0.04507757622007784,0.8580949528538298,15.760000228881836,0.04301790780765158,1.5062442871246546,-0.044308528279488835
2018-04-02,65.10549926757812,15.350000381469728,10211.7998046875,0.0011610101445256,0.0011610101445256,0.0006132539300431894,0.005018433270360001,0.017106588045936677,64.4933757019043,64.43795919418335,0.0008599978710366329,1,0.03867057300509368,0.04510883025184592,0.8572537912290472,15.350000381469728,0.006557402063588791,1.2769345927588287,-0.03245122900979991
2018-04-03,65.13999938964844,15.1899995803833,10245.0,0.0005299110283836,0.0005299110283836,-0.00030700232253932924,0.003543301718735181,0.017364242286742604,64.52575172424316,64.4416341972351,0.0013053288926627715,1,0.038143742360013104,0.045111128038589667,0.8455318784204617,15.1899995803833,-0.023151164368863553,1.1824263916774158,-0.023620810228096145
2018-04-04,64.90499877929688,16.34000015258789,10128.400390625,-0.0036076237726969,-0.0036076237726969,-0.0016919266536066235,-0.005134872707570959,0.012321624297733313,64.5439656829834,64.4444391822815,0.001544376861134289,1,0.03575262176612548,0.04572902022622805,0.7818195047641785,16.34000015258789,0.0750000235281496,1.7730333307479544,-0.03154888018413815
2018-04-05,64.99500274658203,14.800000190734863,10325.150390625,0.0013867031658256,0.0013867031658256,0.004637190712929451,-0.002940725181472148,0.01456411504758881,64.56736572265625,64.44731168746948,0.0018628245623177886,1,0.03610806381105962,0.04573623031583111,0.7894676516641077,14.800000190734863,-0.048231510662416044,0.95396887828949,-0.0032531815810417086
2018-04-06,64.86150360107422,14.75,10331.599609375,-0.0020539909203224,-0.0020539909203224,-0.0005238665536951848,-0.002187516321573546,0.015561945677433853,64.58724380493165,64.44952772140503,0.002136805162047395,1,0.035521772837273514,0.04596832251327038,0.7727277866020132,14.75,-0.06408630800847992,0.92066515388546,0.0080346961363027
2018-04-09,64.90450286865234,14.869999885559082,10379.349609375,0.000662939728357,0.000662939728357,-0.003087241495525639,0.00022350869379450522,0.022762429956182162,64.60869186401368,64.45283075332641,0.0024182197874873523,1,0.03517781163448274,0.043970798732088326,0.8000084747229548,14.869999885559082,-0.03127038983595698,0.976464680509975,0.022173032807294435
2018-04-10,64.87000274658203,14.5,10402.25,-0.0005315520579539,-0.0005315520579539,-0.004144867141483433,-0.00032661530255007065,0.022877981432350758,64.62848991394043,64.45529577255249,0.002687042845930021,1,0.03520889419725266,0.043961170883036645,0.8008907087624841,14.5,-0.045424595091785314,0.7769570668611275,0.015581866342043726
2018-04-11,64.92530059814453,14.720000267028809,10417.150390625,0.0008524410239123,0.0008524410239123,0.0003127928392185897,-0.002536473825500707,0.024549661809924794,64.65198593139648,64.45757677078247,0.003016079262572191,1,0.033479640821020826,0.04391399161511817,0.7623738406793895,14.720000267028809,-0.09914319892478762,0.8860213244876277,0.01860795733962406
2018-04-12,65.19000244140625,14.5600004196167,10458.650390625,0.0040770214511611,0.0040770214511611,0.0030002259648258534,0.003465029508240569,0.03042761511624681,64.68422798156739,64.46173929214477,0.0034514844288375812,1,0.035982509913090786,0.044339499795531125,0.8115043826528382,14.5600004196167,-0.016216200542241155,0.7963682939861279,0.003574375669656682
2018-04-13,65.27570343017578,14.140000343322754,10480.599609375,0.0013146339248346,0.0013146339248346,0.006385911613290274,0.005084265713030112,0.028741470332179553,64.71834205627441,64.46728879928588,0.0038942735403402207,1,0.03620835689345203,0.04408358661877004,0.8213382424694321,14.140000343322754,-0.041355908927270923,0.5720676503644295,0.005154960703727118
2018-04-16,65.19560241699219,14.260000228881836,10528.349609375,-0.0012271183453316,-0.0012271183453316,0.004485043956486967,0.005668842572961852,0.024506555698772026,64.74886611938477,64.47046682357788,0.00431824538464598,1,0.03586803080566991,0.04391430943746734,0.8167545957234742,14.260000228881836,-0.04102216956098592,0.6307312890483147,0.011281369943349162
2018-04-17,65.4292984008789,14.039999961853027,10548.7001953125,0.0035845359997135,0.0035845359997135,0.008621791746823204,0.00913831007629895,0.02618099315071576,64.78205406188965,64.47563833236694,0.0047524264582408104,1,0.03776236538891785,0.044275403848824606,0.8528778786518435,14.039999961853027,-0.03172414056186024,0.5106882559229782,0.018199523904413706
2018-04-18,65.67500305175781,14.109999656677246,10526.2001953125,0.0037552695334359,0.0037552695334359,0.011547154140318483,0.010160924628064283,0.03145652463963322,64.82225410461426,64.4815753364563,0.005283350575421508,1,0.03872838785539822,0.04463264809156677,0.8676948784456561,14.109999656677246,-0.04144025810365626,0.5424046198108816,0.032471301746751946
2018-04-19,66.01000213623047,13.75,10565.2998046875,0.0051008613461143,0.0051008613461143,0.012578611199796308,0.014523932365563708,0.038080802699854255,64.86295417785645,64.48897283554078,0.005799151790948809,1,0.04203408349624858,0.045428676261731284,0.9252560650901432,13.75,-0.055631895348394744,0.34907933833969795,0.046665161323278026
2018-04-20,66.11479949951172,12.9399995803833,10564.0498046875,0.0015875982410207,0.0015875982410207,0.012854646143086068,0.013873637012651319,0.04083048332419614,64.90260017395019,64.49683881759644,0.006291182076400448,1,0.04177669073794434,0.04535137846231483,0.9211576581955525,12.9399995803833,-0.08486568131563887,-0.0789049669644181,0.04342996955630052
2018-04-23,66.1968994140625,13.149999618530272,10584.7001953125,0.0012417781672526,0.0012417781672526,0.015358351789833913,0.014785604120446605,0.03441866764363399,64.94024421691894,64.5048682975769,0.006749504817737728,1,0.04183350256577666,0.043196415929110256,0.968426042762098,13.149999618530272,-0.07784015375423325,0.02831666018237591,0.042288490712931726
2018-04-24,66.54499816894531,11.899999618530272,10614.349609375,0.0052585356408529,0.0052585356408529,0.01705199039779748,0.022737063683899716,0.04261648842134047,64.99154418945312,64.51548677444458,0.007378963390184179,1,0.0431335379827881,0.0437362935936841,0.9861958625857183,11.899999618530272,-0.15242167728897305,-0.6310345388850591,0.04939317426283396
2018-04-25,66.41410064697266,12.399999618530272,10570.5498046875,-0.0019670527548942,-0.0019670527548942,0.01125386464972622,0.01924642287263323,0.039871565239807616,65.03582626342774,64.52493326187134,0.007917761022440128,1,0.04426945961990796,0.044045564688778,1.005060438486063,12.399999618530272,-0.12119065058500933,-0.36965358082227034,0.057261167045956185
2018-04-26,66.90769958496094,12.039999961853027,10617.7998046875,0.0074321406625985,0.0074321406625985,0.013599415538236403,0.029111746721232068,0.0481826490829429,65.08517028808593,64.5369122505188,0.008495262919287372,1,0.048368327888864165,0.046047655781627984,1.0503743718000484,12.039999961853027,-0.12436363913796167,-0.5607587420875951,0.048086686962696135
2018-04-27,66.9000015258789,12.020000457763672,10692.2998046875,-0.0001150549059343,-0.0001150549059343,0.011876342850786203,0.03408303333265317,0.04727452311133806,65.13894424438476,64.547486743927,0.009163137564196733,1,0.04320117544152593,0.04607813646828293,0.9375430781187066,12.020000457763672,-0.07109730699020445,-0.5716751584209444,0.04989610272549361
2018-04-30,66.61000061035156,12.359999656677246,10739.349609375,-0.0043348416877863,-0.0043348416877863,0.006240491623408451,0.026419403847856238,0.04485456423603651,65.18614227294921,64.55750276565551,0.00973766766623041,1,0.047226140304882994,0.046859437176406636,1.007804091265723,12.359999656677246,-0.060076044469218104,-0.3922486235066805,0.06186157410049353
2018-05-02,66.7886962890625,12.84000015258789,10718.0498046875,0.0050970557769043,0.0050970557769043,0.0036621553358298087,0.025853377063688177,0.0505017680607851,65.24141220092774,64.56723276138305,0.010441510511008056,1,0.049168155931850914,0.04716946045598618,1.0423505612740147,12.84000015258789,0.07899164404962522,-0.14036543764839857,0.04957500241706825
2018-05-03,67.08000183105469,12.989999771118164,10679.650390625,0.0043615994648467,0.0043615994648467,0.0100265030708111,0.029782045741230778,0.055214757795826186,65.30519424438477,64.57878828048706,0.01124836781920835,1,0.050158838790879054,0.04767002336312338,1.0521871621845684,12.989999771118164,0.0475806589305221,-0.06427805126925944,0.042425611578818856
2018-05-04,66.66000366210938,13.25,10618.25,-0.0062611532122957,-0.0062611532122957,-0.003702054089261164,0.02703959503612685,0.04697082798524743,65.3507943725586,64.58813131332397,0.011808099161978669,1,0.054250732872873124,0.04972973339470763,1.0908894594875713,13.25,0.10049834235719945,0.06940051102600853,0.04836396572833079
2018-05-07,66.81050109863281,13.760000228881836,10715.5,0.0022576871925523,0.0022576871925523,-0.0013378239940917691,0.027932891381349467,0.04768079865539643,65.3969044494629,64.59861730575561,0.012357650627858874,1,0.05433359183730466,0.049794619086386736,1.0911319677147768,13.760000228881836,0.14475871088626335,0.33522416658265075,0.03780570690083396
2018-05-08,67.1187973022461,14.0600004196167,10717.7998046875,0.0046144872219733,0.0046144872219733,0.007638442985023142,0.03480174796833557,0.054249530150817904,65.44198043823242,64.61115278244019,0.012858889216693203,1,0.05384966186490353,0.05014146964530817,1.0739331797140999,14.0600004196167,0.13754051862137895,0.4889165688414842,0.037380484137428116
2018-05-09,67.1624984741211,14.270000457763672,10741.7001953125,0.0006511018318491,0.0006511018318491,0.005596788166679856,0.034789506207886234,0.04982415124698125,65.48733047485352,64.62514028549194,0.013341405303767484,1,0.053852689986398375,0.04947354735511763,1.0884928284407613,14.270000457763672,0.11137073895498095,0.5952836873655515,0.03491072172867282
2018-05-10,67.62000274658203,14.43000030517578,10716.5498046875,0.0068119007311382,0.0068119007311382,0.008050102873988774,0.04239247546732838,0.05437965256855981,65.54070251464844,64.6411113166809,0.013916703776337913,1,0.05590183709134195,0.050819038184600734,1.0999959678952205,14.43000030517578,0.11085454653042404,0.6741928516800562,0.030214598253983427
2018-05-11,67.38999938964844,13.979999542236328,10806.5,-0.0034014100501529,-0.0034014100501529,0.01095103041456924,0.037962069775528295,0.04781647515687104,65.59444244384765,64.65672479629517,0.014503018062031803,1,0.05895642004789923,0.051358372351577614,1.1479194029926312,13.979999542236328,0.05509430507443991,0.4294337498990214,0.03737582686004015
2018-05-14,67.3822021484375,14.25,10806.599609375,-0.0001157032390793,-0.0001157032390793,0.008557053762561662,0.03362785127982826,0.05317603361274181,65.64647842407227,64.67198579788209,0.015068234169208106,1,0.05879188651904307,0.0499470753127902,1.1770600999311827,14.25,0.035610447890085606,0.5680675171774405,0.033269036228794624
2018-05-15,67.6780014038086,13.170000076293944,10801.849609375,0.0043898721908712,0.0043898721908712,0.008331557239387388,0.036802329923606436,0.05417452680520163,65.70183837890625,64.6888443183899,0.015659486132269196,1,0.05950044375614441,0.05018415566946333,1.1856183957669626,13.170000076293944,-0.06330016477673894,-0.011879739330386338,0.03065187221851673
2018-05-16,68.45999908447266,13.4399995803833,10741.099609375,0.0115546804640134,0.0115546804640134,0.019318825830333175,0.05007081070593267,0.06237538248792829,65.76623840332032,64.70982782363892,0.016325349876691986,1,0.06716854451354419,0.05427748707225558,1.2374800429519959,13.4399995803833,-0.05816403999684561,0.12823344394520883,0.020207345680329336
2018-05-17,68.05999755859375,13.40999984741211,10682.7001953125,-0.0058428502954747,-0.0058428502954747,0.006506873619344322,0.04020674563246596,0.05993794900944649,65.8237043762207,64.72850282669067,0.016919927106338495,1,0.07286424695772621,0.05523757024030916,1.3190827829311753,13.40999984741211,-0.07068610091420546,0.10923555523764916,0.01270298686273641
2018-05-18,68.13999938964844,14.149999618530272,10596.400390625,0.0011754603867832,0.0011754603867832,0.011129247763655536,0.03753325045067735,0.060543100431532215,65.88643035888671,64.7468973350525,0.017599808959761543,1,0.07263049042355553,0.055159528192535764,1.3167112934459495,14.149999618530272,0.012160234753966881,0.5010829102048735,0.006669091790954207
2018-05-21,67.9749984741211,14.40999984741211,10516.7001953125,-0.0024214986352407,-0.0024214986352407,0.008797520810876813,0.029768160495363905,0.06169131202654565,65.94813034057617,64.76494684219361,0.018268887045727267,1,0.07310138140840998,0.05484571770764215,1.3328305587596592,14.40999984741211,0.011228059467516482,0.634667683662899,-0.0045999271457908275
2018-05-22,68.4000015258789,13.600000381469728,10536.7001953125,0.0062523436748529,0.0062523436748529,0.010668165535244079,0.03456415271113489,0.07057502542299621,66.01830642700196,64.78471185684204,0.019041445655972877,1,0.07491710287463037,0.05547778233568815,1.3503739577650755,13.600000381469728,0.032649985017827454,0.19423082664951674,-0.002588932263729471
2018-05-23,68.43000030517578,14.15999984741211,10430.349609375,0.0004385786349072,0.0004385786349072,-0.0004381942696181085,0.033734221857510294,0.0629077854075677,66.08509841918945,64.80513833999633,0.019750904202655795,1,0.07503661556710352,0.053874897435809976,1.39276780784033,14.15999984741211,0.05357145011222353,0.49040769345735985,-0.014582423978891312
2018-05-24,68.6500015258789,13.149999618530272,10513.849609375,0.0032149820213647,0.0032149820213647,0.008668880229935505,0.0316327810482373,0.06425865357650729,66.1588005065918,64.82746335983276,0.020536622563330775,1,0.07414637113553219,0.054025171917353856,1.3724157848710261,13.149999618530272,-0.019388533321423762,-0.06125792063989557,-0.009468314470368888
2018-05-25,68.26010131835938,12.649999618530272,10605.150390625,-0.0056795367640676,-0.0056795367640676,0.0017625760168289428,0.02779531234186594,0.05234107093813978,66.22509246826172,64.84814638137817,0.021233391603602714,1,0.0774444690869321,0.05485069146808666,1.4118884397938791,12.649999618530272,-0.1060070699956529,-0.33815090446993185,0.00327330049778074
2018-05-28,67.7217025756836,13.0600004196167,10688.650390625,-0.0078874588856048,-0.0078874588856048,-0.003726309733334321,0.01216605855188635,0.043558148992048684,66.28296447753907,64.86580739974976,0.0218475208218063,1,0.08060827348757514,0.05756152263878909,1.4003603350291052,13.0600004196167,-0.09368490229636306,-0.12070675798225364,0.006672812375518866
2018-05-29,67.40280151367188,13.06999969482422,10633.2998046875,-0.0047089935704928,-0.0047089935704928,-0.014578947221656757,0.007515694713377208,0.03774207681853481,66.33428451538086,64.88254240036011,0.022374926464236333,1,0.08273834534178977,0.058571380681077805,1.4125829337942368,13.06999969482422,-0.03897063763083741,-0.12101454414146373,-0.0055179896820826135
2018-05-30,68.12999725341797,13.40999984741211,10614.349609375,0.0107888058569582,0.0107888058569582,-0.00438408666403467,0.0228193458810777,0.05296499650031028,66.3965965270996,64.9049893951416,0.02298139397076393,1,0.08805538766114121,0.06129093966117363,1.4366552624687339,13.40999984741211,-0.052966102265676995,0.06235759177129245,-0.01163943856440619
2018-05-31,67.43000030517578,13.220000267028809,10736.150390625,-0.0102744308889146,-0.0102744308889146,-0.01777132110103774,0.009601984343843295,0.04090121455954532,66.443896484375,64.92365440368653,0.02341584272560837,1,0.09529550097449471,0.06519955910720537,1.4615749048686228,13.220000267028809,0.005323243386250454,-0.04648723131675214,0.0016887947217396615
2018-06-01,67.43499755859375,13.56999969482422,10696.2001953125,7.411023869718925e-05,7.411023869718925e-05,-0.012087643349918409,0.005292124595242864,0.03889991918084457,66.48839447021484,64.9425038909912,0.023803987937060178,1,0.0942422718957493,0.06515383226856043,1.4464356458979728,13.56999969482422,0.07272728095155778,0.14174283095506013,0.0015496579084675055
2018-06-04,66.92500305175781,13.880000114440918,10628.5,-0.0075627571038733,-0.0075627571038733,-0.011764316218060511,0.003975388165168514,0.025827793426768775,66.52224655151367,64.95797840118408,0.024081232033863254,1,0.09547826708695466,0.06654373738154604,1.4347981650226238,13.880000114440918,0.06278711090947153,0.3096665708631101,0.0009653191439267239
2018-06-05,67.05999755859375,13.31999969482422,10593.150390625,0.0020171012428873,0.0020171012428873,-0.005085900695219525,0.003734389891681955,0.02873743687348229,66.56213455200195,64.97476388931274,0.02443057223560463,1,0.09541674978286986,0.06661810441044544,1.4322730788303593,13.31999969482422,0.01912777397378229,-0.0034741730548070787,-0.011418002834678753
2018-06-06,67.08999633789062,12.550000190734863,10684.650390625,0.0004473423857593,0.0004473423857593,-0.015264948737028883,-0.0004291042973516568,0.032095035718205045,66.60073440551758,64.99077537536621,0.024772116055744142,1,0.09406703355237846,0.06628573726254557,1.4190928296832883,12.550000190734863,-0.06413122046703157,-0.43679357958672965,-0.0030929308875504713
2018-06-07,66.8301010131836,12.779999732971191,10768.349609375,-0.0038738312549325,-0.0038738312549325,-0.008896623005741566,-0.004949152704102899,0.02989831471387938,66.63703643798829,65.00423286437989,0.02511841924225089,1,0.09497177213971925,0.0667155866818402,1.4235106569918379,12.779999732971191,-0.03328294441528834,-0.31412572200092953,0.002480930725857533
2018-06-08,67.41000366210938,12.699999809265137,10767.650390625,0.0086772672812716,0.0086772672812716,-0.00037063687090166386,-0.0031055763966716388,0.03881584199438026,66.69133651733398,65.02087787628174,0.025691111772293995,1,0.09691184364411115,0.06868959713010758,1.410845846347054,12.699999809265137,-0.06411200479915369,-0.3612906650604426,0.004768380390034466
2018-06-11,67.51000213623047,13.18000030517578,10786.9501953125,0.001483436711001,0.001483436711001,0.008741114050009546,0.0017807203987074693,0.037172938168527514,66.74362655639648,65.03711288452149,0.02623907483262733,1,0.0963098548881354,0.0685326526027905,1.4052928923302992,13.18000030517578,-0.05043226249954069,-0.09604761735692548,-0.0018090783035672464
2018-06-12,67.48999786376953,12.729999542236328,10842.849609375,-0.0002963156840162,-0.0002963156840162,0.006412172991805853,0.0015997653964257008,0.038868693995675274,66.79131652832031,65.05376037597657,0.0267095421125787,1,0.09631703653617328,0.06836606892902496,1.408822084155231,12.729999542236328,-0.04429430676467283,-0.3508021327693357,0.003354431672341507
2018-06-13,67.91000366210938,12.640000343322754,10856.7001953125,0.0062232302805467,0.0062232302805467,0.012222497674450272,0.0034280305784522014,0.04564596899843143,66.84671661376953,65.07236587524415,0.02726734635601158,1,0.09754893565582484,0.06924855285822415,1.4086579859300827,12.640000343322754,0.007171326790443633,-0.40519137453379644,0.0050778883173761
2018-06-14,67.77999877929688,12.100000381469728,10808.0498046875,-0.0019143701340283,-0.0019143701340283,0.014213621582374936,-0.009932812069376906,0.045534213887505004,66.90421661376953,65.09088638305664,0.027858435050976738,1,0.08850029208490126,0.06926472876941633,1.2776923546060743,12.100000381469728,-0.05320808808368982,-0.713946751365259,0.006233085787051618
2018-06-15,68.12999725341797,12.06999969482422,10817.7001953125,0.0051637427032236,0.0051637427032236,0.01068081222658801,0.001028499813917172,0.050792106505203494,66.96691650390625,65.11074886322021,0.02850785274464185,1,0.08827879866759145,0.06981952969307878,1.2643673580772392,12.06999969482422,-0.049606308968706214,-0.7350054730817438,0.01263725439559149
2018-06-18,68.05000305175781,12.380000114440918,10799.849609375,-0.0011741406852345,-0.0011741406852345,0.007998828298622529,-0.001320756364789455,0.04669129515733439,67.03068649291993,65.13071136474609,0.029171723882049472,1,0.08828117090958348,0.06981679521391197,1.2644508558183813,12.380000114440918,-0.0606980403802192,-0.5639724755333292,0.01919984251727591
2018-06-19,68.01000213623047,12.920000076293944,10710.4501953125,-0.00058781651335,-0.00058781651335,0.007704908711222425,0.0005149490679678959,0.04526242348913012,67.09279647827148,65.15073638916016,0.029808720464968408,1,0.08788769530152139,0.06986714813763166,1.2579078971492623,12.920000076293944,0.014925415623717964,-0.26341382629229043,0.018423079140960752
2018-06-20,68.05000305175781,12.170000076293944,10772.0498046875,0.00058816224483,0.00058816224483,0.002061542955364981,-0.005116936642006853,0.04355007676181888,67.156396484375,65.17100891113282,0.03046427554849518,1,0.08498459633993849,0.06979983855794826,1.2175297331046353,12.170000076293944,-0.03718356441952897,-0.6944680850578427,0.02233617783674835
2018-06-21,68.3499984741211,12.449999809265137,10741.099609375,0.004408455678321,0.004408455678321,0.008409555991292228,-0.0011691046426699492,0.04779219430416415,67.22489044189453,65.19381240844727,0.03115446019205481,1,0.08647801642223704,0.07018975791364016,1.2320427787463994,12.449999809265137,0.028925571633155345,-0.5402548734692748,0.029792865209493202
2018-06-22,67.83000183105469,12.020000457763672,10821.849609375,-0.0076078515680331,-0.0076078515680331,-0.0044032795311500506,-0.011944642048042797,0.04248641988453006,67.2776904296875,65.21302841186524,0.031660268938631386,1,0.08941965346409067,0.07186572461134653,1.2442427833976006,12.020000457763672,-0.004142438966422635,-0.7888666457903744,0.029294693327680976
2018-06-25,67.85489654541016,12.579999923706056,10762.4501953125,0.0003670162713171,0.0003670162713171,-0.00286710503450327,-0.005936187686850558,0.04135808366855365,67.32927429199219,65.23242189407348,0.0321443284954781,1,0.0874874775026571,0.07185091755618768,1.2176081095433888,12.579999923706056,0.016155073296957756,-0.4717204503663212,0.014832397362941174
2018-06-26,68.33999633789062,12.800000190734863,10769.150390625,0.0071490757068037,0.0071490757068037,0.0048521422040122,0.009129920523129886,0.05114199768448491,67.39216217041016,65.25456237792969,0.032757859597621675,1,0.08648954250039716,0.0727618182302452,1.1886502557764618,12.800000190734863,-0.00928791678409202,-0.35004071841917817,0.00753135307621311
2018-06-27,68.36499786376953,13.510000228881836,10671.400390625,0.0003658403163395,0.0003658403163395,0.004628872856510258,0.01427531687837158,0.05672769435438951,67.45087615966797,65.2763098526001,0.033313254256839064,1,0.08443996884490557,0.07183202992922047,1.1755033711943814,13.510000228881836,0.11010683189707549,0.05439026149193099,0.0035831385023776807
2018-06-28,69.23999786376953,13.949999809265137,10589.099609375,0.0127989472294522,0.0127989472294522,0.013021205698862115,0.01629239182592035,0.0669460543243503,67.5221760559082,65.3023783493042,0.03399260123008441,1,0.08769392461951091,0.07556619690573625,1.1604760823522637,13.949999809265137,0.12048192955663484,0.30300387265473444,-0.0023788551281275216
2018-06-29,68.79669952392578,12.9399995803833,10714.2998046875,-0.0064023447937699,-0.0064023447937699,0.014251771587429074,0.020268414838567006,0.05669567544789311,67.57791000366211,65.32586185455322,0.03447406716382906,1,0.08240788253638996,0.0770192787781988,1.0699504577710794,12.9399995803833,0.07653902558925485,-0.2900023412557776,-0.0020352347109985347
2018-07-02,68.43499755859375,13.369999885559082,10657.2998046875,-0.0052575482230254,-0.0052575482230254,0.00854914004320051,0.014829095220639799,0.05058333128368009,67.62431396484375,65.34795982360839,0.03483435668657209,1,0.08516092668627012,0.0780035860478114,1.0917425628548607,13.369999885559082,0.06279808955835775,-0.04566081599567508,-0.0036368420480805685
2018-07-03,68.6948013305664,13.0,10699.900390625,0.003796358314329,0.003796358314329,0.005191761950374296,0.026444500532034176,0.05838999495487829,67.67427200317383,65.37168333053589,0.03522302861615878,1,0.08019516228078097,0.0776950950742977,1.0321646435910776,13.0,0.015624984866008385,-0.26863960738905207,0.006717823834501591
2018-07-04,68.83000183105469,12.65999984741211,10769.900390625,0.0019681329281044,0.0019681329281044,0.006801784272878475,0.026394338456609656,0.05900452223112396,67.71997207641601,65.39617834091186,0.03553409074441882,1,0.08018948421453884,0.07771704181758494,1.0318001115204976,12.65999984741211,-0.06291638542333888,-0.473730343523625,0.016685310175188706
2018-07-05,68.9800033569336,12.579999923706056,10749.75,0.00217930440053,0.00217930440053,-0.0037549756622967667,0.028171219588747354,0.06349682827567338,67.77129013061523,65.42117835998535,0.03592279793094222,1,0.08019455130448852,0.07751057278602158,1.03461390889169,12.579999923706056,-0.0982078784437811,-0.5244222395529902,0.006092816048723471
2018-07-06,69.06999969482422,12.4399995803833,10772.650390625,0.0013046728546088,0.0013046728546088,0.003972576777515169,0.03351631447031278,0.06417885727592143,67.8145361328125,65.44659036636352,0.03618134654828409,1,0.07793011315475416,0.0775089279797113,1.0054210497415614,12.4399995803833,-0.03863987760540477,-0.6070732099586938,0.0003993909378885441
2018-07-09,68.75499725341797,12.390000343322754,10852.900390625,-0.0045606260720724,-0.0045606260720724,0.004675965605905663,0.019952433144052817,0.05988892157154457,67.85163604736329,65.46978986740112,0.03638084351249993,1,0.07621835808842452,0.0782557797605835,0.9739521396306459,12.390000343322754,-0.07329839570865104,-0.6380621473820094,0.007917233278136981
2018-07-10,68.65979766845703,12.399999618530272,10947.25,-0.001384620591432,-0.001384620591432,-0.0005095532912444689,0.017031484162989052,0.05751990419616515,67.8926319885254,65.49231386184692,0.036650379031375024,1,0.07661298258824403,0.0783976542864079,0.977223184320991,12.399999618530272,-0.04615387549767136,-0.6359704179365606,0.014860530713969533
2018-07-11,68.9000015258789,12.779999732971191,10948.2998046875,0.0034984643937019,0.0034984643937019,0.00101699394104382,0.02089203892042657,0.05691055293037084,67.93485809326172,65.51621286392212,0.03691674356030239,1,0.07704559645929114,0.07831200054219647,0.9838161726133525,12.779999732971191,0.009478664060458941,-0.4135966682016618,0.009725321212730398
2018-07-12,68.72000122070312,12.510000228881836,11023.2001953125,-0.0026124862291646,-0.0026124862291646,-0.0037692392516291973,0.01192751457685004,0.052765387571987565,67.9676580810547,65.53873937606812,0.03706080904378073,1,0.07555813455267459,0.0786266611324566,0.9609612376157155,12.510000228881836,-0.005564363692269314,-0.5790023445851513,0.015336151593454472
2018-07-13,68.54000091552734,12.300000190734863,11018.900390625,-0.0026193291906047,-0.0026193291906047,-0.007673357197605313,0.01121277884210592,0.05129791541988249,68.00525802612304,65.55994588851928,0.03729887364095563,1,0.07588958098866938,0.0788264064497938,0.9627309130994236,12.300000190734863,-0.011253970608584574,-0.7084219907560239,0.01950866157612019
2018-07-16,68.48670196533203,12.949999809265137,10936.849609375,-0.0007776327616482,-0.0007776327616482,-0.0039021932776326373,0.005235648411774596,0.04672835624372307,68.03878204345703,65.58096090316772,0.03747766282226883,1,0.07410022928403558,0.07869282783336515,0.9416269525094578,12.949999809265137,0.04519769575665733,-0.32520507994801184,0.011014301738009769
2018-07-17,68.72000122070312,12.829999923706056,11008.0498046875,0.003406489853887,0.003406489853887,0.0008768384744854973,0.009845674340906774,0.04636464449869271,68.07080612182617,65.60054941177368,0.037656036911317914,1,0.07468061511655155,0.07864222308607428,0.9496128488377734,12.829999923706056,0.03467744503259529,-0.40334251363443924,0.019278064310429777
2018-07-18,68.35600280761719,13.68000030517578,10980.4501953125,-0.0052968336236914,-0.0052968336236914,-0.007895481947955973,0.005087496846326367,0.035540078707240186,68.0946762084961,65.6178744316101,0.03774583980874646,1,0.07726365195420924,0.07906315506620866,0.9772273148243769,13.68000030517578,0.07042258145613811,0.10279235976797674,0.02520902437118533
2018-07-19,68.6155014038086,13.59000015258789,10957.099609375,0.0037962810218985,0.0037962810218985,-0.001520660870754642,0.00831004153843562,0.03782363288139967,68.11458618164062,65.63462644577027,0.03778432010913302,1,0.07823220238402594,0.07929779205657171,0.9865497361954155,13.59000015258789,0.08633092757365901,0.04203752584976521,0.017178699323036506
2018-07-20,68.93509674072266,13.539999961853027,11010.2001953125,0.0046577716459901,0.0046577716459901,0.005764456082839153,0.008560325964353854,0.0413644347529436,68.14548812866211,65.65255193710327,0.03797165712533368,1,0.07839752377702057,0.07969647586270402,0.9836889177277973,13.539999961853027,0.10081298795850513,0.0060873223627075325,0.02505335540344733
2018-07-23,68.7332992553711,13.010000228881836,11084.75,-0.0029273547857713,-0.0029273547857713,0.003600659441359788,0.013317077988089565,0.032884531469519196,68.17251007080078,65.66859342575073,0.03812959155096185,1,0.07390851858823302,0.07947222412206062,0.9299801210369806,13.010000228881836,0.004633237104279431,-0.32357072086057725,0.024293480330501716
2018-07-24,69.19999694824219,12.470000267028809,11134.2998046875,0.0067899794994146,0.0067899794994146,0.0069848038273092605,0.019823188470000197,0.04194736169173008,68.20294998168946,65.68779340744018,0.038289557979951816,1,0.0768977502088921,0.0802644688431039,0.9580427463671242,12.470000267028809,-0.0280592095727199,-0.6589415616804366,0.03455064624010573
2018-07-25,68.80999755859375,12.210000038146973,11132.0,-0.0056358295787228,-0.0056358295787228,0.006641622276456038,0.006877396047540341,0.02843167506031552,68.20994995117188,65.70398488998413,0.03814022947594098,1,0.07665706398148286,0.08006659610223496,0.9574043397481632,12.210000038146973,-0.10745615747337645,-0.8221256218096161,0.03369342949197507
2018-07-26,68.83999633789062,12.029999732971191,11167.2998046875,0.0004359654172538,0.0004359654172538,0.0032717815870915157,0.006947977604967015,0.028998427021877937,68.22554992675781,65.72096937179566,0.038109306343204974,1,0.07665777546201674,0.08005709303926592,0.9575268726975369,12.029999732971191,-0.11479031656372973,-0.9369997298976812,0.046469947327452577
2018-07-27,68.73999786376953,12.3100004196167,11278.349609375,-0.0014526217234275,-0.0014526217234275,-0.0028301821013891892,-0.0072212596104315185,0.03197713907672539,68.23754989624024,65.73957185745239,0.037998088034470134,1,0.06196373424636023,0.07955489806829755,0.7788704012009932,12.3100004196167,-0.09084191622612059,-0.768516216219091,0.06509052000887561
2018-07-30,68.61499786376953,12.59000015258789,11319.5498046875,-0.0018184463759763,-0.0018184463759763,-0.0017211656196224334,-0.0026411392030959435,0.02734447108838256,68.2503498840332,65.75659685134887,0.03792399777503341,1,0.058233226035289985,0.07914970646889469,0.7357259162073931,12.59000015258789,-0.032282864635279296,-0.6011981964512794,0.05648992570986322
2018-07-31,68.68499755859375,12.479999542236328,11356.5,0.0010201806748313,0.0010201806748313,-0.007442188039887165,0.0036531016134828675,0.023926590395470626,68.2560498046875,65.77295083999634,0.037752585720712384,1,0.05523764437126038,0.07875804764061295,0.7013498261598645,12.479999542236328,0.0008018664790214736,-0.6744884150983832,0.06560763121301738
2018-08-01,68.4968032836914,12.529999732971191,11346.2001953125,-0.0027399618780185,-0.0027399618780185,-0.004551580962281698,-0.0028822857485563125,0.02755474828493143,68.25738586425781,65.78836187362671,0.03752979889321262,1,0.054480401699007905,0.07785958814890086,0.6997173151944267,12.529999732971191,0.026208001132224545,-0.6503392581837041,0.06040241320879702
2018-08-02,68.30709838867188,12.5600004196167,11244.7001953125,-0.0027695437732156,-0.0027695437732156,-0.0077411094940084135,-0.007597027872617179,0.02240062962302325,68.25052780151367,65.80370286941529,0.037183696743540384,1,0.054651141908570205,0.07803244865614259,0.7003553328700437,12.5600004196167,0.0440565834089679,-0.6373690343236758,0.04408581207499407
2018-08-03,68.6155014038086,12.079999923706056,11360.7998046875,0.0045149482617734,0.0045149482617734,-0.001811121091502943,-0.0052841683877413725,0.0222993283807309,68.25763580322266,65.82075338363647,0.03702301013455145,1,0.05658195998070589,0.0780106597129463,0.7253013227626014,12.079999923706056,-0.018684036398904036,-0.9437731133709435,0.05684316423056357
2018-08-06,68.50499725341797,12.5600004196167,11387.099609375,-0.0016104837555627,-0.0016104837555627,-0.0016031569449286298,-0.008180142520669342,0.019988815332922183,68.27330169677734,65.83804838180542,0.036988540438645634,1,0.056476229941898375,0.07810766333571097,0.7230469390976976,12.5600004196167,-0.002382822288133579,-0.6472634697831402,0.05703788728581882
2018-08-07,68.80999755859375,12.579999923706056,11389.4501953125,0.0044522343975506,0.0044522343975506,0.0018199025179168604,0.0007999462929664247,0.017598266247806027,68.30144561767578,65.8587333869934,0.037090179313481686,1,0.056709493090115526,0.07745108009309026,0.7321881222809761,12.579999923706056,0.008012851373214724,-0.6372445288321016,0.04943837917751326
2018-08-08,68.59600067138672,12.539999961853027,11450.0,-0.0031099679523285,-0.0031099679523285,0.001448204630579264,-0.0009291754306992583,0.01789584942366873,68.31076568603515,65.8782403755188,0.0369245641148046,1,0.057565698956425965,0.07739681710153251,0.7437638568140721,12.539999961853027,0.0007981028806824941,-0.6650935985252772,0.04592477562858255
2018-08-09,68.45500183105469,12.68000030517578,11470.7001953125,-0.002055496515132,-0.002055496515132,0.002165271924467138,-0.006458631131627479,0.015921113415882315,68.33126571655274,65.89587186813354,0.03695821573303926,1,0.056471261714587065,0.07753558829066672,0.728317597659693,12.68000030517578,0.00955413069665667,-0.5789869486265757,0.04771520692202236
2018-08-10,69.0999984741211,12.850000381469728,11429.5,0.0094221989016702,0.0094221989016702,0.007061043939053713,0.005529645615074408,0.021011215473518252,68.36456573486328,65.91617136001587,0.037144062288978485,1,0.06501109907210198,0.07925848741704927,0.8202311318268459,12.850000381469728,0.06374176015122379,-0.47523437254630496,0.03685860707313249
2018-08-13,69.08499908447266,13.399999618530272,11355.75,-0.0002170678723539,-0.0002170678723539,0.008466562357620555,0.007951534310847164,0.009129418760710273,68.40776565551758,65.93607583999633,0.03748615282351908,1,0.06419303595991424,0.07591616565225558,0.8455668149408446,13.399999618530272,0.06687891487659736,-0.13032130439301695,0.030570165573108765
2018-08-14,69.9490966796875,13.279999732971191,11435.099609375,0.0125077456273579,0.0125077456273579,0.016554267715585658,0.0213529732399107,0.027756379501298056,68.46554763793945,65.96064683914184,0.03797568578892663,1,0.07648218517665546,0.07883813463921863,0.9701043209904704,13.279999732971191,0.05564386434900048,-0.2110842573473853,0.04555699472843644
2018-08-16,70.66000366210938,13.649999618530272,11385.0498046875,0.0101502036432188,0.0101502036432188,0.030089261334788064,0.028230535607467244,0.03698274574454663,68.53694778442383,65.98854936599732,0.03861879739607765,1,0.08246953217717294,0.08118372246869339,1.015825757228831,13.649999618530272,0.0885167193025429,0.02395938603779913,0.03424766481702002
2018-08-17,70.00499725341797,13.15999984741211,11470.75,-0.0092698326456872,-0.0092698326456872,0.02264254445845504,0.024123623062655586,0.02986390327128463,68.60044570922851,66.01437437057496,0.039174367148229194,1,0.08749281643672556,0.08334269231986045,1.0497833009478557,13.15999984741211,0.03785485257759835,-0.28966293388071296,0.04465206762622609
2018-08-20,69.78500366210938,13.029999732971191,11551.75,-0.0031425412461943,-0.0031425412461943,0.009913244618157568,0.0170442864130389,0.02024856879142689,68.64794570922851,66.0402993965149,0.03948568278070552,1,0.08814737643016668,0.08281460809534585,1.0643812012909735,13.029999732971191,0.014007731218516506,-0.3710123059871115,0.05427078440687083
2018-08-21,69.73999786376953,12.899999618530272,11570.900390625,-0.000644920770625,-0.000644920770625,0.009481056495288964,0.011676216631337333,0.019143614682910703,68.6925456237793,66.064632396698,0.03977791341214876,1,0.08714605748383768,0.08283725789216308,1.052002537248941,12.899999618530272,-0.03731343389805564,-0.4492950221003284,0.05092552227626279
2018-08-23,69.79000091552734,12.760000228881836,11582.75,-0.0002864438299059,-0.0002864438299059,-0.0022744505892433597,0.015373940602359193,0.016605963063506923,68.73854568481445,66.08937040328979,0.04008474078900881,1,0.08628788869683811,0.08263465413261444,1.0441968373404842,12.760000228881836,-0.039156589950699816,-0.5350728945226065,0.044926588330814754
2018-08-24,70.2750015258789,12.40999984741211,11557.099609375,0.0069494283420141,0.0069494283420141,-0.005448657179123795,0.015534748916835373,0.02951797856440619,68.78584564208984,66.11739492416382,0.04035928398247868,1,0.08643150810105829,0.0828059710409028,1.0437709170447151,12.40999984741211,-0.0908424766133199,-0.754656531853702,0.03797273399352008
2018-08-27,69.76499938964844,12.239999771118164,11691.9501953125,-0.0072572340826297,-0.0072572340826297,-0.0034282961672112977,0.013878823789253536,0.03017196461771343,68.82554565429687,66.14344442367553,0.04054976655647691,1,0.08809557699296067,0.08255699361124336,1.0670750721946223,12.239999771118164,-0.0699088211976584,-0.857571390226339,0.05030095178876204
2018-08-28,69.94499969482422,12.43000030517578,11738.5,0.0025800947000722,0.0025800947000722,0.002292699352564709,0.016051763737898073,0.03771650619947442,68.861845703125,66.17066690444946,0.040670268633707485,1,0.08835102879730672,0.08198391130908014,1.0776498673545738,12.43000030517578,-0.046047539531192005,-0.730097081372795,0.05114935618301719
2018-08-29,70.54000091552734,12.4399995803833,11691.900390625,0.0085067013124477,0.0085067013124477,0.011471222774060541,0.02618567220972423,0.035373605742931025,68.9116456604004,66.19989992141724,0.04096298849699376,1,0.09192205068501977,0.08094996048175385,1.135527610024328,12.4399995803833,-0.035658918740292145,-0.717816017258889,0.03666766819377898
2018-08-30,70.91000366210938,12.40999984741211,11676.7998046875,0.005245289789904,0.005245289789904,0.01604818357772575,0.03344758244977908,0.051609125629300534,68.96964569091797,66.23149545669555,0.04134211699949786,1,0.09225655595161972,0.07842773290517573,1.1763106776589458,12.40999984741211,-0.027429496488370897,-0.7321246144373902,0.031560442434915625
2018-08-31,71.40499877929688,12.600000381469728,11680.5,0.0069806105150718,0.0069806105150718,0.016079647511666684,0.039601096562357,0.05887152612786295,69.03674560546875,66.2626979637146,0.04186439319559887,1,0.09412858310059537,0.07938034873651352,1.185777069787912,12.600000381469728,0.015310276905220022,-0.6085267371391415,0.028529916787742637
2018-09-03,70.99500274658203,13.390000343322754,11582.349609375,-0.0057418393631247,-0.0057418393631247,0.017630665343574936,0.03647176719392142,0.06081433708230999,69.08964569091796,66.29312047958373,0.04218424462603876,1,0.09650504478044923,0.07867126014326771,1.2266718231395255,13.390000343322754,0.09395429687165202,-0.10482156161723045,0.020813083675366606
2018-09-04,71.06999969482422,13.779999732971191,11520.2998046875,0.0010563693970107,0.0010563693970107,0.016084066122074026,0.040448231169639914,0.05979723057291686,69.15444564819336,66.32363046646118,0.04268184901554317,1,0.09518523850617512,0.07864093128143733,1.2103624231395584,13.779999732971191,0.10860815725268158,0.14229530863784617,0.02450928922852813
2018-09-05,71.75,13.649999618530272,11476.9501953125,0.0095680358533236,0.0095680358533236,0.017153374947097788,0.04568207667454893,0.06945899413438372,69.23234771728515,66.3565789604187,0.04333811058255166,1,0.09851340609463419,0.08051232042561313,1.2235665548740033,13.649999618530272,0.09726688737634892,0.05865300192551083,0.010223786407808744
2018-09-06,71.88999938964844,13.720000267028809,11536.900390625,0.001951211005553,0.001951211005553,0.01382027467110003,0.04941248481053817,0.07571286440920799,69.30334777832032,66.38883695602416,0.043900615765067874,1,0.09759179333798913,0.07990113182459996,1.2213916088274248,13.720000267028809,0.10556006734277901,0.10146350387131658,0.013155306126124477
2018-09-07,71.93890380859375,13.890000343322754,11589.099609375,0.0006802673440049,0.0006802673440049,0.0074771379934772675,0.04547168087508857,0.06718439253000708,69.3748258972168,66.42146448135377,0.04446396114455009,1,0.09740301650588054,0.07842844215165076,1.2419190272645644,13.890000343322754,0.10238094625379324,0.20599762686590856,0.017529328513563147
2018-09-10,72.09500122070312,15.199999809265137,11438.099609375,0.0021698608658911,0.0021698608658911,0.015494026784498516,0.05100881268688795,0.06791584860596589,69.43192596435547,66.45741449356079,0.04475815818990192,1,0.09555161498877016,0.0784566363990803,1.2178752684154301,15.199999809265137,0.13517546075680142,1.0398903284782084,-0.0010393354257641763
2018-09-11,72.44499969482422,15.329999923706056,11287.5,0.0048546843497463,0.0048546843497463,0.01934712263830418,0.05828643279590806,0.0734183136448825,69.50489196777343,66.49451448440551,0.04527256882331132,1,0.09453886432234605,0.07877591851292977,1.2000832998669433,15.329999923706056,0.11248187378597718,1.1153773921244716,-0.01597114319031412
2018-09-12,72.98999786376953,14.25,11369.900390625,0.0075229232002365,0.0075229232002365,0.017282200191909736,0.056295216722838326,0.07480479940681484,69.59599197387695,66.53565797805786,0.04599539688670884,1,0.09304673796310993,0.07916000772079684,1.1754112364421694,14.25,0.0439560731309625,0.41881177898828237,-0.005214542138763711
2018-09-14,72.02749633789062,13.84000015258789,11515.2001953125,0.0014222403255199,0.0014222403255199,0.0019126018835657899,0.04259241937341662,0.06266594327368336,69.66264587402344,66.57194547653198,0.04642646951907081,1,0.09259820371338588,0.07891733228890077,1.173342125051584,13.84000015258789,0.008746347173728575,0.1538543133770543,0.014041361892653592
2018-09-17,72.09500122070312,14.5,11377.75,0.0009372099023936,0.0009372099023936,0.0021698608658911045,0.030678087965055445,0.05819762405885376,69.72794586181641,66.60952348709107,0.046816464245232,1,0.08549140538096113,0.07850499607008153,1.0889793093592977,14.5,0.043916460878310026,0.5735054569976032,-0.005015226043853849
2018-09-18,72.53479766845703,14.420000076293944,11278.900390625,0.0061002349720138,0.0061002349720138,0.0061002349720138405,0.02653260556442616,0.06590439993497355,69.79904174804688,66.64947248458863,0.04725572680543744,1,0.08175972715230612,0.07898472491815127,1.0351202984720265,14.420000076293944,-0.051315772549927585,0.5183538894218143,-0.009323579245019697
2018-09-19,73.12000274658203,14.010000228881836,11234.349609375,0.0080679218380101,0.0080679218380101,0.00931745537443951,0.04449690186955868,0.07513601602475695,69.88004180908203,66.69290300369262,0.04778827524141427,1,0.07352362892104258,0.08005900213453752,0.9183565695825134,14.010000228881836,-0.0861056556682036,0.25141243085584614,-0.02060897418433838
2018-09-21,71.72000122070312,15.539999961853027,11143.099609375,-0.0086391594367841,-0.0086391594367841,-0.01739959830436988,0.027727985341417627,0.053930903811333586,69.93934188842773,66.72915300369263,0.04810774212220936,1,0.0811354756884771,0.08251940181459104,0.9832171669592008,15.539999961853027,0.09052631311249315,1.2243058639171904,-0.03537562625792634
2018-09-24,72.2300033569336,17.43000030517578,10967.400390625,0.0071110168370054,0.0071110168370054,0.0028115237838197693,0.035704123450477576,0.05676671498802688,70.01074600219727,66.76822900772095,0.048563771162799085,1,0.08182042295634659,0.08311682221147286,0.9843908415715542,17.43000030517578,0.25939307174910753,2.4024384127685563,-0.052156701693583774
2018-09-25,73.30000305175781,16.68000030517578,11067.4501953125,0.0148137843706954,0.0148137843706954,0.016714082955153087,0.05029376830756771,0.08064279924873574,70.09874603271484,66.81223203659057,0.04919030387017109,1,0.09076654411126248,0.08543960443641095,1.0623349952868761,16.68000030517578,0.1503448486328125,1.905298931263078,-0.044488554504543365
2018-09-26,73.08999633789062,17.09000015258789,11053.7998046875,-0.0028650300835444,-0.0028650300835444,0.00765423889332828,0.04005684455197178,0.07715139303140806,70.18614593505859,66.8551370048523,0.04982427797529665,1,0.09250713310148498,0.08587763538616316,1.077184478834765,17.09000015258789,0.18515950500467393,2.1388845019804026,-0.043548971774823864
2018-09-27,72.7699966430664,16.920000076293945,10977.5498046875,-0.0043781599515325,-0.0043781599515325,-0.004786735371559936,0.04307313523554401,0.06482295204220834,70.27074584960937,66.89722997665405,0.05042833423943893,1,0.08891408085459793,0.08593468540791696,1.0346584242918784,16.920000076293945,0.2077087651585543,2.0097678057008515,-0.061101901623855315
2018-09-28,72.94999694824219,17.0,10930.4501953125,0.0024735510990701,0.0024735510990701,0.017149968022923012,0.04296228846277805,0.06706647009057409,70.36001174926758,66.9401954460144,0.05108763547024875,1,0.08892474083181554,0.08593512329410997,1.0347771975642563,17.0,0.0939510966364816,2.0373242521996446,-0.06883756908357119
2018-10-01,72.50499725341797,16.84000015258789,11008.2998046875,-0.0061000646119279,-0.0061000646119279,0.0038071976146181186,0.02785648302221788,0.04715481644110331,70.43571166992187,66.98014444351196,0.051590919295854576,1,0.09233489383574103,0.08406681263968786,1.0983382454767276,16.84000015258789,-0.03384969261375703,1.9168505082148648,-0.058467876315952516
2018-10-03,73.27999877929688,18.1200008392334,10858.25,-0.0064402208909184,-0.0064402208909184,-0.0002729095720066521,0.033422577842199486,0.0651673595738691,70.53419158935547,67.0238324546814,0.052374789774184194,1,0.0967790144118114,0.0840806430454206,1.1510124077800399,18.1200008392334,0.08633096569013765,2.668813095458164,-0.07010052569017278
2018-10-04,73.8499984741211,18.920000076293945,10599.25,0.0077783802445321,0.0077783802445321,0.010398169028727589,0.034241295940377725,0.07912619432609813,70.63888153076172,67.07071744918824,0.05320002852625927,1,0.09733642281535666,0.08409671748130879,1.157420507126014,18.920000076293945,0.10708015841819307,3.0884007509865237,-0.09256881126664096
2018-10-05,74.22000122070312,19.729999542236328,10316.4501953125,0.0050101930159374,0.0050101930159374,0.01992585742100461,0.045425710956485066,0.08043112117828088,70.74457962036132,67.12006746292114,0.05400042482738043,1,0.09359254500709181,0.08427576893921493,1.1105378882595267,19.729999542236328,0.16607561780566304,3.476257979526068,-0.10929556236481186
2018-10-08,73.76300048828125,20.149999618530277,10348.0498046875,-0.006157379748121,-0.006157379748121,0.011144668595612028,0.0378922302662279,0.07166930881877298,70.84517364501953,67.16613245010376,0.05477524253237065,1,0.09824259719242882,0.08559308340878656,1.1477732254370265,20.149999618530277,0.18529409520766338,3.611239512883909,-0.10175516435110676
2018-10-09,73.88999938964844,19.76000022888184,10301.0498046875,0.0017217155013558,0.0017217155013558,0.01910216107435514,0.029825775465483373,0.07117999121148655,70.93897369384766,67.21398244857788,0.05541988600540937,1,0.0945014514454615,0.08557731766255589,1.1042686281598857,19.76000022888184,0.1733966775436886,3.299374664983762,-0.10245756674149109
2018-10-10,74.55000305175781,17.90999984741211,10460.099609375,0.0089322461437431,0.0089322461437431,0.017330844618132613,0.03700102496443192,0.0793398491551498,71.05377380371094,67.26535745620727,0.05632046703936866,1,0.09767278914257292,0.08695608415869924,1.1232298102856946,17.90999984741211,-0.011589458173014822,2.227270342705538,-0.09333536260094777
2018-10-11,74.5999984741211,20.549999237060547,10234.650390625,0.0006706293805054,0.0006706293805054,0.010155721266031259,0.03699103718076735,0.08501202027773425,71.16897384643555,67.31799592971802,0.05720577185241904,1,0.09767461425604523,0.08613823477682274,1.1339155091069637,20.549999237060547,0.0861521751688008,3.5875534582096433,-0.1168726876464431
2018-10-12,74.16000366210938,18.6299991607666,10472.5,-0.0058980539009575,-0.0058980539009575,-0.0008083745298701484,0.028642796399776627,0.08010810081631203,71.27737396240235,67.36779542922973,0.058033345284092874,1,0.10156770533241204,0.08720311195953687,1.1647123403944524,18.6299991607666,-0.05575268155049562,2.5033647068488456,-0.08441958387768944
2018-10-15,73.6760025024414,18.88999938964844,10512.5,-0.0065264446570578,-0.0065264446570578,-0.0011794257997091995,0.016992239806788767,0.06931786459784961,71.37859405517578,67.41593744277954,0.05877922584343831,1,0.10479742018407175,0.08849637301325045,1.1841867912664565,18.88999938964844,-0.06253102991243331,2.5990804322370398,-0.06866002214839428
2018-10-16,74.08000183105469,17.3700008392334,10584.75,0.0054834588589398,0.0054834588589398,0.002571422966243464,0.01493360733233029,0.07799767920750211,71.486494140625,67.46651245117188,0.05958484503497252,1,0.10348103102438963,0.08856197736336584,1.1684457106700057,17.3700008392334,-0.12095138471482114,1.7743273078919346,-0.06905516879219031
2018-10-17,73.45549774169922,17.979999542236328,10453.0498046875,-0.0084301305874654,-0.0084301305874654,-0.014681492491673165,0.019825781491968675,0.07171719813995936,71.58566802978515,67.51374145507812,0.06031255988703266,1,0.10861901930212474,0.0903577195019054,1.2020867482505027,17.979999542236328,0.003908414038000796,2.074373256822097,-0.09223898608878467
2018-10-19,74.16000366210938,19.790000915527344,10303.5498046875,0.0032468276394639,0.0032468276394639,-0.005898053900957545,0.028642796399776627,0.08283800407923225,71.70272613525391,67.56448898315429,0.06124870052863707,1,0.10898979838000707,0.09035258742541645,1.2062586720197925,19.790000915527344,-0.03698288806564032,2.968597202975496,-0.09441235704005624
2018-10-22,73.46499633789062,21.36000061035156,10245.25,-0.0093717272100655,-0.0093717272100655,-0.009371727210065517,0.012824171285144459,0.06904823971042062,71.79971603393555,67.6116729736328,0.06194260363792514,1,0.11255895014618689,0.09272205514497507,1.2139262448826544,21.36000061035156,0.1465379266003477,3.677500673102008,-0.09164460672816721
2018-10-23,73.8594970703125,19.040000915527344,10146.7998046875,0.0053699142732877,0.0053699142732877,0.0024905608561622827,0.010113434025616597,0.08051223062566248,71.90680603027344,67.66039546966553,0.0627606523895019,1,0.1104986947535882,0.09218738888797982,1.1986183519039217,19.040000915527344,0.007940790403683229,2.4617597988685604,-0.09680576468618585
2018-10-24,73.22129821777344,18.8799991607666,10224.75,-0.0086407148417422,-0.0086407148417422,-0.01159157116706866,0.02093275197319633,0.0671247272079134,71.99503204345703,67.70619197845458,0.06334487200767747,1,0.11050020858465194,0.09413261295509541,1.173865584415249,18.8799991607666,0.08693139024625651,2.350838225584272,-0.0824141972671919
2018-10-25,73.22049713134766,18.959999084472656,10124.900390625,-1.094062035611465e-05,-1.094062035611465e-05,-0.0031992242592641107,0.013713051756614414,0.062165726795788245,72.08752197265625,67.7529564666748,0.06397603487773207,1,0.10734969029941192,0.0938708873948443,1.1435765624683483,18.959999084472656,0.05450498148980687,2.3590208489352746,-0.0768185686664794
2018-10-26,73.22019958496094,19.229999542236328,10030.0,-4.0637034488533175e-06,-4.0637034488533175e-06,-0.012672654136189232,-0.0010887239218875244,0.06527986257315033,72.18282592773437,67.80175746917725,0.06461585395553748,1,0.0919862892910164,0.09355661058343141,0.9832047731593812,19.229999542236328,-0.028297187841544558,2.4575326132500273,-0.09373886279171162
2018-10-29,73.125,19.82999992370605,10250.849609375,-0.0013001819921355,-0.0013001819921355,-0.004628004557801435,0.0004789118054890906,0.056719699781107025,72.26332595825195,67.8502869606018,0.0650408302652079,1,0.09177802220057527,0.09293141208463424,0.9875781779665026,19.82999992370605,-0.07162924358270073,2.7056357156981536,-0.07264019699108348
2018-10-30,73.5905990600586,20.5,10198.400390625,0.0063671666332798,0.0063671666332798,-0.003640669391478779,0.011276658717152444,0.06947539123793778,72.35343795776367,67.90139196395874,0.06556634356138114,1,0.09441537709829449,0.09259617409536344,1.0196356208566206,20.5,0.07668062049734514,2.97129638828335,-0.0709766230101545
2018-10-31,73.6500015258789,19.799999237060547,10386.599609375,0.0008072018244047,0.0008072018244047,0.005854899032661676,0.009595676585612,0.06987224642458001,72.4274560546875,67.95331697463989,0.06584136403109442,1,0.09391521460141061,0.09258835644443993,1.0143197685769239,19.799999237060547,0.04872881976635579,2.590265827720836,-0.04975555226176587
2018-11-01,74.06999969482422,19.190000534057617,10380.4501953125,0.0057026226781236,0.0057026226781236,0.01160197754397485,0.021584752785194672,0.07753858010903358,72.49565597534179,68.00640697479248,0.06601214797619459,1,0.09417257170693709,0.09289064869135877,1.0137894313818705,19.190000534057617,0.012130878728434213,2.2685805388252667,-0.057034203329714206
2018-11-02,73.30999755859375,18.229999542236328,10553.0,-0.0102605932140104,-0.0102605932140104,0.0012264098451222338,0.00040937199504087474,0.06842526912477398,72.56175598144532,68.05477645874024,0.06622576338102504,1,0.09826440156944552,0.0955097948760999,1.0288303190955295,18.229999542236328,-0.052002081321095406,1.799329476736113,-0.028112264867727332
2018-11-05,72.90499877929688,19.479999542236328,10524.0,-0.005524468596158,-0.005524468596158,-0.0030085637019230393,-0.012796204662825716,0.061439926777359544,72.62415588378906,68.10050146102905,0.06642615437051802,1,0.09530983839412312,0.09642010551278193,0.9884748560727558,19.479999542236328,-0.017650044519229136,2.3515322598226214,-0.0070995589310564045
2018-11-06,72.86000061035156,18.51000022888184,10530.0,-0.0006172165105102,-0.0006172165105102,-0.009927877460418233,-0.018323909835401664,0.06369928401752145,72.6865559387207,68.14644096374512,0.06662292132601588,1,0.09287862399072544,0.09618040729530224,0.9656608964512613,18.51000022888184,-0.09707315956673956,1.8809322014923908,0.020699930755690543
2018-11-07,73.2300033569336,17.719999313354492,10598.400390625,0.0050782698803526,0.0050782698803526,-0.005702622678123603,-0.0072258059978502764,0.07207018134850451,72.75535598754882,68.19464847564697,0.06687779193598353,1,0.09342080665888587,0.09620641809644075,0.9710353786361723,17.719999313354492,-0.10505050524511261,1.502508750887347,0.024193020971361667
2018-11-09,72.9000015258789,17.770000457763672,10585.2001953125,0.0071843643574658,0.0071843643574658,-0.01579584411726509,-0.01339826596220306,0.06244216007190029,72.80785598754883,68.24154249191284,0.0669139841933839,1,0.09700051782218996,0.09673392646076585,1.0027455581054463,17.770000457763672,-0.07399687528792864,1.5119298058476072,0.027584605065757106
2018-11-12,72.47000122070312,19.3700008392334,10482.2001953125,-0.0058984951464388,-0.0058984951464388,-0.011458141670503408,-0.02790076117918605,0.057879047168158726,72.86195602416993,68.28392099380493,0.06704411468668225,1,0.09258747419631706,0.09761295924582121,0.9485064934529912,19.3700008392334,0.06253435686357811,2.2198383618480158,0.0021128466040316596
2018-11-13,73.18000030517578,18.700000762939453,10582.5,0.0097971446462432,0.0097971446462432,0.00377205308941031,-0.019034828391289005,0.06350825318458764,72.92665603637695,68.33069599151611,0.06726054781340851,1,0.09986694812597673,0.09893265076182378,1.0094335684265792,18.700000762939453,-0.04004100603830563,1.8919215959543991,0.03398744423098532
2018-11-14,72.55000305175781,18.82999992370605,10576.2998046875,-0.0086088719703573,-0.0086088719703573,-0.004254701564601837,-0.021709823770871273,0.05764187914267738,72.96685607910156,68.37410800933839,0.06717086633343583,1,0.10208213087116563,0.10050453615456816,1.0156866455015257,18.82999992370605,0.01728793575728349,1.9295218702303736,0.009911654780377255
2018-11-15,72.4000015258789,18.450000762939453,10616.7001953125,-0.0020675605729733,-0.0020675605729733,-0.011334177154261993,-0.01731908536324589,0.057629093408840815,72.99665603637695,68.41694751739502,0.06693821757858376,1,0.10006225337289466,0.10050608346832729,0.995574141840731,18.450000762939453,0.041196471663224266,1.7398834045292697,0.009912028091557668
2018-11-16,71.8917007446289,18.350000381469727,10682.2001953125,-0.0070207288748234,-0.0070207288748234,-0.013831286147395483,-0.029539700760488286,0.04040090205723157,73.0063900756836,68.45700551986694,0.06645608468071806,1,0.09992654385826485,0.10035878280319584,0.9956831418639022,18.350000381469727,0.03263927455064608,1.677312822230671,0.009206660082902385
2018-11-19,71.7750015258789,19.26000022888184,10763.400390625,-0.0016232641256399,-0.0016232641256399,-0.009590170872326054,-0.02287774594802494,0.03893757656589214,73.02199005126953,68.49712802886962,0.0660591495236531,1,0.09639999315589487,0.10045884581241134,0.9595873094997833,19.26000022888184,-0.0056789161376160635,2.0600256512652115,0.02968995572931532
2018-11-20,71.69000244140625,19.32999992370605,10656.2001953125,-0.0011842435759755,-0.0011842435759755,-0.020360725028094162,-0.03330637943273351,0.024888180753652067,73.03439010620117,68.53768854141235,0.06560918029897955,1,0.09525505252067959,0.09768170408187982,0.9751475802802785,19.32999992370605,0.033689793318894434,2.0642236212445786,0.03422610627500089
2018-11-21,71.41500091552734,19.559999465942383,10600.0498046875,-0.0038359815387601,-0.0038359815387601,-0.015644411970882288,-0.027904383373745123,0.010684930856051267,73.02769012451172,68.57691354751587,0.06490196695586148,1,0.09098838291167849,0.09612187828966316,0.9465840446172238,19.559999465942383,0.03876789937302649,2.1369168789337727,0.034630663447695165
2018-11-22,71.29499816894531,19.15999984741211,10526.75,-0.0016803576985733,-0.0016803576985733,-0.015262476984045592,-0.034721315512422746,0.018427268997062374,73.01579010009766,68.61504154205322,0.064136790696939,1,0.08822404394716825,0.09420203345631646,0.9365308176416551,19.15999984741211,0.03848233361045894,1.9377232900616352,0.03744532292210745
2018-11-26,70.66999816894531,20.399999618530277,10628.599609375,-0.0023293699112013,-0.0023293699112013,-0.01699365243873252,-0.034843687710098936,0.012681729030508793,72.99041198730468,68.64954202651978,0.0632323222070148,1,0.08404750852902233,0.0940879321784786,0.8932773131019432,20.399999618530277,0.11171657735389973,2.43846216578002,0.039497260018582336
2018-11-27,70.80999755859375,18.31999969482422,10685.599609375,0.0019810300449385,0.0019810300449385,-0.01344484774322463,-0.03292110361433076,0.015342697556635532,72.9647119140625,68.68526700973511,0.06230513603042187,1,0.0845680598211716,0.09410229415518571,0.8986726828256452,18.31999969482422,-0.048805842309805336,1.5278583963510444,0.05537824542641134
2018-11-28,70.87999725341797,17.959999084472656,10728.849609375,0.0009885566620206,0.0009885566620206,-0.011298718934349528,-0.03196115750582618,0.015618230743540629,72.93341186523438,68.7197920036316,0.06131595772845322,1,0.08474308576548102,0.09409010389937682,0.9006492883334349,17.959999084472656,-0.07087433236630514,1.3621551018865659,0.06967593313808584
2018-11-29,70.5999984741211,18.700000762939453,10858.7001953125,-0.0039503215314158,-0.0039503215314158,-0.011412202351859801,-0.034529935396634626,0.004624645196521282,72.8856118774414,68.75212949752807,0.060121517836941196,1,0.08548587489588935,0.0936163954162567,0.9131409233913027,18.700000762939453,-0.04396721505541701,1.6614140255311982,0.05929758108845773
2018-11-30,69.91999816894531,19.15999984741211,10876.75,-0.0096317325760997,-0.0096317325760997,-0.01928606543676048,-0.04987866572627897,0.0022217269498017167,72.8434619140625,68.78015600204468,0.059076718463636935,1,0.08655531740835509,0.09452284784130378,0.9156982008780782,19.15999984741211,0.0,1.8361817513137932,0.06651529488865537
2018-12-03,69.76000213623047,18.21999931335449,10883.75,-0.0022882728390274,-0.0022882728390274,-0.012876695292101004,-0.05281737011616461,-0.0026449004131947618,72.79676193237304,68.80905601501465,0.05795321354922023,1,0.08615332716172158,0.09456204253887494,0.9110676311657789,18.21999931335449,-0.1068627620559165,1.426297311456714,0.04786459566384638
2018-12-04,70.48500061035156,18.11000061035156,10869.5,0.0103927530378409,0.0103927530378409,-0.00458970427125438,-0.04840014984802499,-0.000779703777458729,72.75576599121094,68.84048103332519,0.05687474722889263,1,0.09252995627227241,0.09530013462588406,0.9709218744929927,18.11000061035156,-0.01146283231281875,1.368195373918727,0.047112581389614494
2018-12-05,70.62999725341797,18.38999938964844,10782.900390625,0.0020571276414957,0.0020571276414957,-0.0035270881727911263,-0.03655709172591037,-0.0039487574986690754,72.70596588134765,68.87142852783204,0.055676750656711294,1,0.08750565784899315,0.09484325012424843,0.9226248057669122,18.38999938964844,0.023942111753643802,1.4720780895982126,0.021785311345115188
2018-12-06,70.87000274658203,19.309999465942383,10601.150390625,0.0033980674288141,0.0033980674288141,0.0038244232053334937,-0.027912983564752913,-0.00749241708368964,72.68896591186524,68.90472202301025,0.05491995000852423,1,0.08701442732151765,0.09408115026004554,0.9248771109185694,19.309999465942383,0.03262025016661241,1.8359684409283292,0.007330899907354693
2018-12-07,70.75,18.59000015258789,10693.7001953125,-0.0016932798353506,-0.0016932798353506,0.011870735880873173,-0.028959656775679243,-0.0034509858032765184,72.65936584472657,68.93722152709961,0.053993245378532784,1,0.08711722918174028,0.09338477056470117,0.932874769410209,18.59000015258789,-0.029749462388498293,1.5221695831728028,0.015546077427587734
2018-12-10,71.36499786376953,20.440000534057617,10488.4501953125,0.0086925493112302,0.0086925493112302,0.023007392178755248,-0.025467778337708857,0.004150811456480108,72.6206657409668,68.97392051696778,0.05287136350473087,1,0.09086321105580158,0.09487926280427118,0.9576618821476455,20.440000534057617,0.12184419892244236,2.2557645671664197,-0.010374225473662846
2018-12-11,72.7300033569336,17.950000762939453,10549.150390625,0.0191271005958657,0.0191271005958657,0.03185078707727684,-0.002331936425062575,0.013658583371896738,72.61346588134765,69.01811603546143,0.05209284246528734,1,0.11061090644854424,0.10039818576766438,1.101711190213345,17.950000762939453,-0.008834889123120804,1.2236054503228593,-0.003405680008155554
2018-12-12,72.62000274658203,15.8100004196167,10737.599609375,-0.0015124516055873,-0.0015124516055873,0.028175075329877064,0.002069843015761519,0.010154449341095884,72.61046600341797,69.05931606292725,0.051421736312228905,1,0.10857874827918798,0.10044127264142083,1.081006486848564,15.8100004196167,-0.14029358649592993,0.3454988913200268,0.024365057841264193
2018-12-13,72.1500015258789,15.550000190734863,10791.5498046875,-0.0064720628329257,-0.0064720628329257,0.018061220963598856,-0.014074867108521016,0.0029344027516295945,72.5944660949707,69.09754108428955,0.05060853043113922,1,0.10547406611508585,0.10140289349954858,1.0401382281791318,15.550000190734863,-0.1947177306679444,0.23789942879307632,0.019754292906921878
2018-12-14,71.5469970703125,15.15999984741211,10805.4501953125,-0.008357649935047,-0.008357649935047,0.011264976258833936,-0.013825030175805164,-0.00760113934547324,72.57530609130859,69.13095108032226,0.04982363119790412,1,0.1052293875758612,0.10282594574287633,1.023363932630969,15.15999984741211,-0.1845078147940895,0.07799376691235962,0.021666404589196553
2018-12-17,71.91000366210938,14.539999961853027,10888.349609375,0.0050736803312672,0.0050736803312672,0.007636878226777499,-0.0067679261525206424,-0.00738485796077748,72.54790618896484,69.16602611541748,0.04889510448242351,1,0.1066451503329855,0.10286700264442503,1.0367183924200085,14.539999961853027,-0.288649726910421,-0.1749198426623633,0.02558699116157004
2018-12-18,71.58999633789062,14.579999923706056,10908.7001953125,-0.0044501085790844,-0.0044501085790844,-0.0156745079942896,-0.004196651402224916,-0.01918073115294383,72.50270614624023,69.19921909332275,0.04773879093147504,1,0.10486791867095083,0.10219808560404577,1.0261140601320546,14.579999923706056,-0.18774377136469456,-0.15906694055123594,0.021203497019218087
2018-12-19,70.56999969482422,14.65999984741211,10967.2998046875,-0.0142477538097952,-0.0142477538097952,-0.028229178934509158,-0.016788600563389933,-0.020235281207458544,72.42970611572265,69.22855407714843,0.046240342316074656,1,0.11604811066130645,0.10606392165397112,1.0941233807714934,14.65999984741211,-0.07273880719052317,-0.12799110759634744,0.01894377303292538
2018-12-20,70.68550109863281,14.329999923706056,10951.7001953125,0.0016366927066469,0.0016366927066469,-0.020297995790350853,-0.014011735368462785,-0.01955059432977102,72.3681561279297,69.25807956695557,0.04490561361822687,1,0.11624139011745033,0.10610407094497627,1.095530958908934,14.329999923706056,-0.07845660784980046,-0.263482620793455,0.02773033488334664
2018-12-21,70.30000305175781,15.989999771118164,10754.0,-0.0054537074914002,-0.0054537074914002,-0.01742901966003141,-0.015612936350563045,-0.03080996554114679,72.29635620117188,69.2850295639038,0.04346287583655606,1,0.11698743102992658,0.10582905632383785,1.10542727740735,15.989999771118164,0.05474933588787212,0.4152336221413978,0.01452353509173343
2018-12-24,70.13999938964844,15.75,10663.5,-0.0022760121644884,-0.0022760121644884,-0.024614159120027734,-0.016200277845016764,-0.040754967792624885,72.20815612792968,69.3095295715332,0.0418214720878296,1,0.11708675026610132,0.10448285562860896,1.1206204974124399,15.75,0.08321870985705049,0.31730872601668925,0.012990714133042092
2018-12-26,70.23999786376953,15.920000076293944,10729.849609375,0.0,0.0,-0.018857361966459263,-0.006084623126037303,-0.020635852366750473,72.12095611572266,69.33479606628418,0.040184152943565365,1,0.11689192666614164,0.1031859760339369,1.1328166708528928,15.920000076293944,0.09190673248284043,0.3878845956419017,0.009526184419506478
2018-12-27,70.1500015258789,16.06999969482422,10779.7998046875,-0.0012812690863853,-0.0012812690863853,-0.005951511559608491,-0.009320661706967437,-0.028796922807494574,72.04075607299805,69.36052757263184,0.03864198549469755,1,0.11662429251458407,0.10205665970929134,1.1427294418349923,16.06999969482422,0.09618007244802351,0.44732874470354345,0.008815620906275967
2018-12-28,69.98999786376953,15.270000457763672,10859.900390625,-0.0022808789540845,-0.0022808789540845,-0.009839404461359003,-0.012556425284081407,-0.04515695839263545,71.96703598022461,69.38602756500244,0.03719781209270434,1,0.11665265779046415,0.09720892442572529,1.2000076996211881,15.270000457763672,0.06559668800155238,0.11630761687638198,0.012214802706851824
2018-12-31,69.92250061035156,16.0,10862.5498046875,-0.0009643842760125,-0.0009643842760125,-0.005369878023025354,-0.009596287229636014,-0.04333692551981971,71.88388595581054,69.41118408203126,0.035623969054569216,1,0.11604319468736625,0.09712073773278229,1.1948220593688703,16.0,0.0006254051923064718,0.41037785127174436,0.0003545184327551354
2019-01-02,69.70999908447266,16.389999389648438,10792.5,0.0,0.0,-0.006130600355255256,-0.003003419479005731,-0.04205026384160637,71.80897598266601,69.43428207397461,0.034200597136748945,1,0.1111898395601239,0.09685774744983956,1.147958676811364,16.389999389648438,0.040634881882440466,0.564961125695995,-0.007745879973337644
2019-01-03,69.95999908447266,16.790000915527344,10672.25,0.0035862860892748,0.0035862860892748,-0.003986315316238054,0.002866928642743183,-0.040986949812909845,71.72497589111327,69.45925758361817,0.03261938561274613,1,0.11155669371314227,0.09703232278987126,1.1496740553214058,16.790000915527344,0.05464829365980317,0.7233597088418691,-0.019432640404272394
2019-01-04,70.30000305175781,16.15999984741211,10727.349609375,0.0048599767257662,0.0048599767257662,0.002138296829880648,-0.0026246372560374542,-0.030411616925565932,71.66167602539062,69.48603008270264,0.03131055177707687,1,0.10675319362415135,0.09703060438128125,1.10018992579644,16.15999984741211,0.0056005074235860874,0.45760871624500643,-0.013077914404986402
2019-01-07,69.5250015258789,16.299999237060547,10771.7998046875,-0.0110242033034951,-0.0110242033034951,-0.006643754137494184,-0.015644850212500727,-0.051241775600013195,71.57498611450195,69.50951457977295,0.029714946899227046,1,0.11297259544056674,0.09858625568933262,1.1459148005556123,16.299999237060547,0.06745243932020939,0.5099150505453474,-0.0010294619754765977
2019-01-08,69.80999755859375,15.699999809265137,10802.150390625,0.0040991877232647,0.0040991877232647,-0.0016089677968575966,-0.014957036078842356,-0.05470549761680854,71.50676010131836,69.53438056945801,0.028365529623006314,1,0.1133146920649696,0.09758458172377225,1.1611827286711318,15.699999809265137,-0.018750011920928955,0.25608158011347176,0.01896020644870311
2019-01-09,70.33000183105469,15.270000457763672,10855.150390625,0.0074488510334709,0.0074488510334709,0.008894028901517137,-0.0059363698790856345,-0.05241173976918978,71.4489501953125,69.56095859527588,0.02714154086089393,1,0.11659760575154274,0.09827997652444499,1.1863700369576806,15.270000457763672,-0.06833428758954885,0.07246175448335457,0.015097692320126033
2019-01-10,70.55049896240234,15.350000381469728,10821.599609375,0.0031351788085733,0.0031351788085733,0.00844053581556925,-0.0114131426574412,-0.04355166553168177,71.39555618286133,69.58838607788086,0.025969421146769367,1,0.1127960265853036,0.09790915718911933,1.1520360075352685,15.350000381469728,-0.08576536364127929,0.10160631831313377,0.03176345483447984
2019-01-11,70.72000122070312,15.350000381469728,10794.9501953125,0.002402566399865,0.002402566399865,0.005974369142432323,-0.02763649172908844,-0.04290158607565786,71.34745620727539,69.61593559265137,0.024872474956822987,1,0.08848994007181758,0.0979806680635244,0.9031275117142009,15.350000381469728,-0.050123729801401895,0.09892008603350794,0.023300436109617184
2019-01-14,70.37000274658203,16.15999984741211,10737.599609375,-0.0049490733608561,-0.0049490733608561,0.012153918765303473,-0.030983199048500443,-0.056069753642715936,71.28304428100586,69.6416236114502,0.023569534775834677,1,0.08941829816616449,0.09649221689133755,0.9266796262669921,16.15999984741211,-0.008588920012347456,0.43372000549716694,0.0
2019-01-15,71.08499908447266,15.579999923706056,10886.7998046875,0.0101605273551783,0.0101605273551783,0.01826388154230707,-0.0147609482866643,-0.04711795524858886,71.23174423217773,69.67172061920166,0.022391059085544063,1,0.09587349394897883,0.09887095736362492,0.9696732673793588,15.579999923706056,-0.007643304905536663,0.18758543093243726,0.008826350406002437
2019-01-16,71.09249877929688,16.079999923706055,10890.2998046875,0.0001055031992798,0.0001055031992798,0.010841702380071538,-0.006352443982645006,-0.04136333240743595,71.17219421386719,69.7013830947876,0.021101605933406153,1,0.09164936408534238,0.09827417666389275,0.9325789807408735,16.079999923706055,0.05304515007598165,0.39253549520935827,0.00785248257511828
2019-01-17,71.36499786376953,16.239999771118164,10905.2001953125,0.0038330216148205,0.0038330216148205,0.011544906320240855,-0.007578998339378695,-0.031367128511014086,71.13329421997071,69.73313308715821,0.02007885019395972,1,0.09084531515074334,0.09784863003633539,0.9284175639397813,16.239999771118164,0.05798041482284444,0.4555997632393786,0.0015475794350863215
2019-01-18,71.03019714355469,16.6200008392334,10906.9501953125,-0.0046913855564594,-0.0046913855564594,0.004386254489497254,-0.007819517013156418,-0.0411690687380829,71.09579818725587,69.76480907440185,0.019078230565134247,1,0.09098894813648516,0.09753103126136242,0.9329134947744154,16.6200008392334,0.08273618411741501,0.6103013588084001,-0.00016042241226432719
2019-01-21,71.2300033569336,18.149999618530277,10961.849609375,0.0028129756274657,0.0028129756274657,0.012221125149712186,0.009352467974543366,-0.03029717928794673,71.0631982421875,69.796481590271,0.018148717858767593,1,0.0759412682301814,0.09637015556584166,0.7880082767949962,18.149999618530277,0.12314355135571664,1.2418740396233325,-0.0004969496056057565
2019-01-22,71.5,17.989999771118164,10922.75,0.0037904903880665,0.0037904903880665,0.005838094124952953,0.011522856720371122,-0.03586844027447711,71.02859817504883,69.8284540939331,0.01718703495141516,1,0.07669896818012298,0.09645658016221575,0.7951574987796284,17.989999771118164,0.15468548518701364,1.16571849583662,-0.0026434430085011673
2019-01-23,71.2302017211914,18.09000015258789,10831.5,-0.0037734025008194,-0.0037734025008194,0.0019369545909762031,0.013231843941012844,-0.030419856096100983,70.99520217895508,69.85890510559082,0.016265600951614667,1,0.07522524542580798,0.09494218562407353,0.7923185316707351,18.09000015258789,0.12500001482702605,1.1976844686784038,0.0072066207922634185
2019-01-24,71.15730285644531,17.43000030517578,10849.7998046875,-0.0010234263414194,-0.0010234263414194,-0.002910320374712172,0.014503898996996778,-0.03658560267875588,70.96894821166993,69.89016662597656,0.015435384371975447,1,0.07472138281794483,0.09428770636438842,0.7924743662212985,17.43000030517578,0.0732758959870159,0.9163672626011448,0.017470793331223256
2019-01-25,70.98999786376953,17.690000534057617,10780.5498046875,-0.0023511991877109,-0.0023511991877109,-0.0005659463355269789,0.0106776768623289,-0.030473378761567638,70.9251481628418,69.9201416015625,0.014373634524459167,1,0.0754682802780352,0.09284363791125615,0.8128447907801652,17.690000534057617,0.06438024312840973,1.016905903774627,0.004725154327251957
2019-01-28,70.9749984741211,18.899999618530277,10661.5498046875,-0.0002112887744724,-0.0002112887744724,-0.003580020648527471,0.011760469426901343,-0.030667623755660123,70.89364807128906,69.95070907592773,0.013480049134853234,1,0.07521177319562704,0.09284318962619549,0.8100859461258784,18.899999618530277,0.04132231491808325,1.5051514345949384,-0.010969591471316598
2019-01-29,71.09010314941406,18.43000030517578,10652.2001953125,0.0016217636881661,0.0016217636881661,-0.005732823085118022,0.015718035708270905,-0.029091650222493826,70.86745010375977,69.98163707733154,0.012657792292703585,1,0.0744659413200381,0.09291147647864899,0.801463314102387,18.43000030517578,0.024458062237666667,1.2997592353921446,-0.019125423608102432
2019-01-30,71.62000274658203,17.850000381469727,10651.7998046875,0.007453915154044,0.007453915154044,0.005472412206782407,0.024276908311530843,-0.02058115902110047,70.86201614379883,70.01538707733154,0.012092042932394076,1,0.07746225272155516,0.09410832244286599,0.8231092383922187,17.850000381469727,-0.013266985577323531,1.052470011441302,-0.019401522090978562
2019-01-31,71.12000274658203,17.1200008392334,10830.9501953125,-0.0069812898746902,-0.0069812898746902,-0.0005241922946198629,0.02022670607699717,-0.03357217287306313,70.8489161682129,70.04636058807372,0.011457491487085525,1,0.08254606886654482,0.09422474531441859,0.8760458045845085,17.1200008392334,-0.017785396472444703,0.7482129362066358,0.003562677351169885
2019-02-01,71.19999694824219,15.720000267028809,10893.650390625,0.0011247778201752,0.0011247778201752,0.002958150314015251,0.01772438364775142,-0.033265506135472966,70.8391160583496,70.07641056060791,0.010883912170159382,1,0.08200049659006262,0.09424083220526425,0.8701071983772632,15.720000267028809,-0.11136236334397343,0.17324841075946545,0.020745427686289286
2019-02-04,71.45169830322266,15.720000267028809,10912.25,0.0035351315416971,0.0035351315416971,0.006716447190560748,0.0163825775457922,-0.03534901312797656,70.83985000610352,70.10729053497315,0.010449119706957388,1,0.08130963136567353,0.09378710355362169,0.8669503730735549,15.720000267028809,-0.168253937337844,0.1774767976236089,0.01723635355963493
2019-02-05,71.68499755859375,15.779999732971191,10934.349609375,0.003265132402886,0.003265132402886,0.008368174792620087,0.031067903420481713,-0.022166144511206687,70.84764999389648,70.13973751068116,0.010092887546200524,1,0.06934342162948126,0.09179357168069424,0.7554196327718713,15.779999732971191,-0.14378733197635263,0.20538130950005207,0.015090310591992617
2019-02-06,71.7699966430664,15.630000114440918,11062.4501953125,0.0011857304508267,0.0011857304508267,0.0020943017415833154,0.02807619471448297,-0.015568234760779953,70.8696499633789,70.17144100189209,0.009950044512667011,1,0.068681288238408,0.09113845521496958,0.7535845817424544,15.630000114440918,-0.12436976020086887,0.14745866152832585,0.02409703580070599
2019-02-07,71.54049682617188,15.4399995803833,11069.400390625,-0.0031977125209563,-0.0031977125209563,0.005912458708531965,0.01721164458412794,-0.0181101259007157,70.88425994873047,70.20076847076416,0.009736239258562485,1,0.06659737410583072,0.09136464490408712,0.7289104583647674,15.4399995803833,-0.09813090984201878,0.07043310607267804,0.01973717473182468
2019-02-08,71.58000183105469,15.56999969482422,10943.599609375,0.0005522047879931,0.0005522047879931,0.005337147459272273,0.01459242505430014,-0.022531769087003273,70.8982600402832,70.22861846923828,0.009535166512470106,1,0.06606557884890658,0.09079684316933559,0.7276117641439568,15.56999969482422,-0.009542020970521259,0.12488783840168129,0.011273749205644945
2019-02-11,71.1500015258789,15.84000015258789,10888.7998046875,-0.0060072687088033,-0.0060072687088033,-0.004222387773953673,0.006080320952396967,-0.024005486465988102,70.90926010131835,70.25379447937011,0.00932996753848947,1,0.0696576615043169,0.09036761728115499,0.770816945086123,15.84000015258789,0.00763358037663453,0.23397800326504362,0.008693843665508849
2019-02-12,71.2300033569336,15.75,10831.400390625,0.001124410812916,0.001124410812916,-0.006347132833313562,0.012221125149712186,-0.017110498728890478,70.93546020507813,70.27895999908448,0.009341347766133712,1,0.06702076719208225,0.08966952830589121,0.7474113118131266,15.75,-0.0019011237946037207,0.19584369735611787,0.008735730951273446
2019-02-14,70.86509704589844,15.770000457763672,10746.0498046875,0.0007781314673693,0.0007781314673693,-0.01260832714913318,-0.0030935083548766507,-0.03163300423098825,70.95756210327148,70.30056049346923,0.009345609838534497,1,0.057311634870275144,0.08739674718499489,0.6557564321304936,15.770000457763672,0.00895715561725452,0.2046167170033756,-0.012928500801438259
2019-02-15,71.01000213623047,16.459999084472656,10724.400390625,0.0020448019740688,0.0020448019740688,-0.007415306203847005,-0.001160412764819485,-0.02122675190556078,70.96806213378906,70.32354000091553,0.00916509795816789,1,0.05768928595434449,0.08585028630911404,0.6719676365317331,16.459999084472656,0.06606214584262537,0.500059459856838,-0.015233686586947015
2019-02-18,71.31999969482422,18.0,10640.9501953125,0.0043655477998583,0.0043655477998583,-0.003632329276047397,-0.0006305355607409968,-0.01491715204824473,70.98186218261719,70.34560150146484,0.009044782723751421,1,0.05813581144841005,0.08621554302903463,0.6742999592181746,18.0,0.15606938682109028,1.149471582265735,-0.02423155882214667
2019-02-19,71.69999694824219,18.46999931335449,10604.349609375,0.0053280602221532,0.0053280602221532,0.007730083071934013,0.009429789464526106,-0.0026665636561816752,70.99846206665039,70.36960147857666,0.008936537579585124,1,0.05774749419144996,0.08566504176370934,0.6741001802176589,18.46999931335449,0.16603529895401659,1.3433336529913575,-0.027743831274442687
2019-02-20,71.5999984741211,17.059999465942383,10735.4501953125,-0.0013946789173963,-0.0013946789173963,0.005194371749969617,0.005194371749969617,-0.002438217318528557,71.01546203613282,70.39455146789551,0.008820435037795171,1,0.057679321680344134,0.08564654753427409,0.6734497757482462,17.059999465942383,0.08317456926618294,0.7603742499942828,-0.020653395378538497
2019-02-21,71.30000305175781,16.049999237060547,10789.849609375,-0.0041898802898956,-0.0041898802898956,0.006137097442732609,-0.00279716011527531,-0.005440080574236172,71.01416213989258,70.41710800170898,0.008478822194303959,1,0.05862076376518338,0.08605368108070557,0.6812036606144232,16.049999237060547,0.0177551535300704,0.339769013057862,-0.012167301332082103
2019-02-22,71.18499755859375,15.449999809265137,10791.650390625,-0.0016129801997424,-0.0016129801997424,0.0024643770891255024,-0.0006346207297656115,-0.003220658880977334,70.98326202392577,70.43763298034668,0.007746271708638064,1,0.05725857828821155,0.08574945857263197,0.6677349514080166,15.449999809265137,-0.06136083422752381,0.09009521150529447,-0.0036790480889073995
2019-02-25,71.03099822998047,15.359999656677246,10880.099609375,-0.0021633677585859,-0.0021633677585859,-0.004052179838479719,-0.0017750058166152716,-0.003702923707764927,70.95148193359375,70.45948795318604,0.006982650523015499,1,0.05771428077971262,0.0857976037941412,0.6726715613949614,15.359999656677246,-0.14666668574015296,0.05377128035050104,0.002792660254838042
2019-02-26,71.08999633789062,17.110000610351562,10835.2998046875,0.0008305966321793,0.0008305966321793,-0.00850767972545241,0.001408627653616712,0.005943090134815865,70.93028182983399,70.48088542938233,0.006376145783553389,1,0.056987706576561506,0.08565493303148954,0.6653095069971535,17.110000610351562,-0.07363285076137482,0.7902006599412759,0.005078590701950381
2019-02-27,70.94000244140625,18.899999618530277,10806.650390625,-0.0021099156591801,-0.0021099156591801,-0.009217821882403943,-0.0004930754979530771,0.0018359679041779486,70.91814193725585,70.49999145507813,0.005931213232049259,1,0.05760158841811044,0.08570537730552259,0.6720805409004122,18.899999618530277,0.1078546430356675,1.5348687476981455,0.013609708587930092
2019-02-28,71.19000244140625,18.280000686645508,10792.5,0.0035241047560787,0.0035241047560787,-0.0015427854928942164,0.0014052489385509848,0.0043736625282293495,70.9037419128418,70.52012897491456,0.005439765121015183,1,0.0585357910599593,0.08595430926858255,0.6810026228519971,18.280000686645508,0.13894090689024674,1.2692874693046754,0.013170969575772684
2019-03-01,70.81600189208984,16.270000457763672,10863.5,-0.0052535543825024,-0.0052535543825024,-0.005183615637553096,-0.01122592604941719,0.0030595385642668838,70.88826202392578,70.53610897064209,0.004992521680353246,1,0.055596133489713005,0.08624929080411156,0.6445906787257201,16.270000457763672,0.05307447628619344,0.4266481359324473,0.01987459388969537
2019-03-05,70.9000015258789,15.65999984741211,10987.4501953125,-0.0012677326468346,-0.0012677326468346,-0.0018442188251026614,-0.0030933803741127752,0.01401606668475086,70.89486206054687,70.55365898132324,0.004836079150961625,1,0.05013480384894888,0.08397308427925805,0.5970270980535406,15.65999984741211,0.019531262854192155,0.16979902250462695,0.014449332438785545
2019-03-06,70.74250030517578,15.609999656677246,11053.0,-0.0022214558154224,-0.0022214558154224,-0.0048881143707364405,-0.006425514925218034,0.014083975614373578,70.89600204467773,70.57046047210693,0.004613000544320789,1,0.05054574389997668,0.08396476979629698,0.6019803548827325,15.609999656677246,-0.08766808300210194,0.1465662398452933,0.014627751365339892
2019-03-07,70.36499786376953,15.289999961853027,11058.2001953125,-0.0053362892147965,-0.0053362892147965,-0.008105505467266516,-0.015208881877676994,-0.001702528843624762,70.89730194091797,70.58389545440674,0.004440198213679913,0,0.051752049122539945,0.08216637168300206,0.6298369786269539,15.289999961853027,-0.19100527669523704,0.00986707245715247,0.013374894757039124
2019-03-08,70.48750305175781,14.9399995803833,11035.400390625,0.0017409961160725,0.0017409961160725,-0.009867950071031917,-0.016704952885813085,-0.0020174742630796327,70.90425201416015,70.59403297424316,0.004394408802655736,0,0.05058894157085173,0.08213767345037006,0.6158967444418085,14.9399995803833,-0.18271340157564941,-0.13867169483454067,0.009241590479543538
2019-03-11,69.98690032958984,14.899999618530272,11168.0498046875,-0.0071020067457969,-0.0071020067457969,-0.01170782789691227,-0.024844592404600907,-0.012460877420168881,70.89919006347657,70.60366748809814,0.0041856547385197285,0,0.05480659834942624,0.08308326027133223,0.6596507951138004,14.899999618530272,-0.08420410575831716,-0.15737932094380228,0.00954577037732074
2019-03-12,69.79010009765625,15.100000381469728,11301.2001953125,-0.0028119581094004,-0.0028119581094004,-0.015654462684567605,-0.024467215160228983,-0.013567489785777376,70.8919920349121,70.61191799163818,0.0039663848715607575,0,0.05463010010101839,0.08320022729074852,0.6566020944632499,15.100000381469728,-0.035759864074004,-0.07516160525290426,0.020940592670567693
2019-03-13,69.84500122070312,15.279999732971191,11341.7001953125,0.0007866606147584,0.0007866606147584,-0.01268684426760347,-0.0242386220448354,-0.021298909669526855,70.88909210205078,70.62126800537109,0.0037923999985289836,0,0.05472046795789462,0.08127581533955923,0.6732604830698989,15.279999732971191,-0.021140290260345806,0.000649999243502174,0.036377480915553706
2019-03-14,69.72630310058594,15.149999618530272,11343.25,-0.0016994504695062,-0.0016994504695062,-0.009076881724918717,-0.020009815808298193,-0.041299327893696614,70.88516815185547,70.62789951324463,0.0036425922388163556,0,0.05170273751574186,0.07113724116957958,0.726792463036761,15.149999618530272,-0.009156333791500493,-0.05214234219126094,0.04173556346557716
2019-03-15,69.3373031616211,15.869999885559082,11426.849609375,-0.0055789554539221,-0.0055789554539221,-0.016317784576538985,-0.02657167073021427,-0.045203793181010865,70.87771423339844,70.63243602752685,0.00347260012065842,0,0.0537457077227393,0.07181585594048683,0.7483717717645184,15.869999885559082,0.062249018159070246,0.2501071152222533,0.05497435209443324
2019-03-18,68.9530029296875,16.899999618530273,11462.2001953125,-0.0055424744605052,-0.0055424744605052,-0.01477272739660429,-0.02698217029142702,-0.04431044391654937,70.85757431030274,70.6339510345459,0.0031659460143673712,0,0.0553805817982929,0.07153270538151671,0.7741886360132891,16.899999618530273,0.13422819135597264,0.6785275897390277,0.06664312967473962
2019-03-19,68.61799621582031,16.489999771118164,11532.400390625,-0.0048584789586147,-0.0048584789586147,-0.016794701256995337,-0.033685478783977096,-0.04093813820884373,70.82393417358398,70.6357405090332,0.0026642838766122168,0,0.055112783580717396,0.07032817345393243,0.7836404279202542,16.489999771118164,0.09205293738629305,0.502964636583746,0.07534220754256182
2019-03-20,69.31749725341797,16.030000686645508,11521.0498046875,0.0101941338449691,0.0101941338449691,-0.007552494209546845,-0.028077712422530654,-0.03605209674126941,70.81978408813477,70.64371948242187,0.0024922895765235875,0,0.06589433467864286,0.07270466654097871,0.9063163548814065,16.030000686645508,0.04908383290452312,0.3073338328114431,0.08270874247327065
2019-03-22,68.93000030517578,16.270000457763672,11456.900390625,0.0015256572697353,0.0015256572697353,-0.011420407507643504,-0.03863314868849954,-0.03715597386204894,70.80218414306641,70.6513554763794,0.0021348304738109114,0,0.0621672590848974,0.0723638144877139,0.8590813024947664,16.270000457763672,0.07392744999567546,0.4050261159489805,0.08039632911539285
2019-03-25,69.1604995727539,16.670000076293945,11354.25,0.0033439615052608,0.0033439615052608,-0.002549905762199489,-0.03407121443234262,-0.019973078194213012,70.77879409790039,70.65650798797607,0.0017307126180807764,0,0.06452979047992446,0.06703486070676389,0.9626159759803523,16.670000076293945,0.05040959020187663,0.5688755280657235,0.05764078761761571
2019-03-26,68.92340087890625,16.489999771118164,11483.25,-0.0034282385944629,-0.0034282385944629,-0.000429307637427101,-0.03333242736506403,-0.02492873633685888,70.74625213623047,70.66397499084472,0.0011643435767150212,0,0.06417067555702366,0.06726109305180297,0.954039231392957,16.489999771118164,-0.024260346548325318,0.4896873933153689,0.06426413858655855
2019-03-27,69.42749786376953,17.049999237060547,11445.0498046875,0.0073138727694088,0.0073138727694088,0.011797220737882474,-0.024689186698048093,-0.012411168564898989,70.72040206909179,70.67393749237061,0.0006574499507148168,0,0.07086875430126313,0.06804869803971085,1.041426433074063,17.049999237060547,0.03395994382748313,0.720823264293039,0.06054675516824792
2019-03-28,69.37000274658203,16.649999618530273,11570.0,-0.0008281317771283,-0.0008281317771283,0.0007574637753020586,-0.023384093209848356,-0.010977996147231828,70.7004020690918,70.68616249084472,0.0002014478894496463,0,0.07073337168435714,0.06791294580546119,1.0415146822270078,16.649999618530273,0.03867741143650005,0.5515204447954833,0.06340938184339207
2019-04-01,69.43000030517578,18.010000228881836,11669.150390625,-0.0010071898535858,-0.0010071898535858,0.007253735641757464,-0.0233506276301505,-0.011531856253252482,70.66730209350585,70.69801250457763,-0.0004343886056172863,0,0.07045466065461331,0.06794447572279004,1.036929389413071,18.010000228881836,0.10694528101797784,1.1144377637989784,0.07695685407585717
2019-04-02,69.19529724121094,18.07999992370605,11713.2001953125,-0.0033804272351032,-0.0033804272351032,0.0005031436827669378,-0.02459409557585468,-0.013609469193179846,70.62935806274415,70.70853900909424,-0.0011198215584670157,0,0.07084737416643332,0.06823590898526018,1.038255911939637,18.07999992370605,0.08458307384276731,1.1358409346120475,0.08388814035049674
2019-04-03,68.91020202636719,18.780000686645508,11643.9501953125,-0.0041201530481171,-0.0041201530481171,-0.0001915003086143674,-0.03202416542850206,-0.015427859270750188,70.58026214599609,70.71893951416016,-0.0019609650415685076,0,0.06957677874737615,0.06858169442223469,1.014494681690709,18.780000686645508,0.13887210111053028,1.4160288961423413,0.07889276769168396
2019-04-04,68.8499984741211,18.649999618530277,11598.0,-0.0008736522383587,-0.0008736522383587,-0.00831802106395374,-0.027762135187532455,-0.015338440800438002,70.53665817260742,70.72613948822021,-0.0026790846635189602,0,0.06816516623139918,0.0685770223841503,0.9939797600105987,18.649999618530277,0.09384166880148048,1.3520061619229593,0.0676117273438579
2019-04-05,68.97039794921875,18.38999938964844,11665.9501953125,0.0017487215361799,0.0017487215361799,-0.005760484093147444,-0.027215846757857154,-0.010609685051891637,70.49146606445312,70.73344146728516,-0.0034209476848932052,0,0.06892280412135224,0.06867127089539707,1.0036482443741637,18.38999938964844,0.10450449315216015,1.2354667703976268,0.061752270812518884
2019-04-08,69.16000366210938,20.149999618530277,11604.5,0.0027490882832112,0.0027490882832112,-0.003888760505252109,-0.02236981498024071,-0.011435040492172255,70.44466613769531,70.74179149627686,-0.004200139016795945,0,0.07000429206621515,0.06851271687649173,1.0217558652147052,20.149999618530277,0.11882284078023608,1.9388841394119904,0.04989595584909079
2019-04-09,69.55249786376953,20.280000686645508,11671.9501953125,0.0056751616668173,0.0056751616668173,0.005162209525792161,-0.011546934195507896,-0.010633074758729877,70.41111206054687,70.75000396728515,-0.0047899913460780486,0,0.07142598333702017,0.06876836413723109,1.0386308530421735,20.280000686645508,0.1216814586406536,1.9693662721104324,0.05550179858926452
2019-04-10,69.26180267333984,21.1299991607666,11584.2998046875,-0.0041795075569976,-0.0041795075569976,0.005102301787449637,-0.017388903356641228,-0.003785672013845165,70.37320205688476,70.75741298675537,-0.005429974240897195,0,0.07224150426384034,0.06560731912025715,1.1011028057497534,21.1299991607666,0.12513303451539182,2.281072269149273,0.04973987301165894
2019-04-11,69.14019775390625,20.959999084472656,11596.7001953125,-0.001755728478612,-0.001755728478612,0.0042149496908736594,-0.012098015081339675,-0.009594611489927574,70.3362060546875,70.76246398925781,-0.006023785924625602,0,0.06842848720230262,0.06519556022052668,1.0495720475258814,20.959999084472656,0.12386056370999654,2.1825235830173537,0.038381848050595746
2019-04-12,69.43000030517578,21.0,11643.4501953125,0.0041915204278275,0.0041915204278275,0.0066637625651431165,-0.005159754635350677,-0.012796836377750642,70.3053060913086,70.7693639755249,-0.006557327325660167,0,0.0695075688101215,0.06399606081032394,1.0861056418845507,21.0,0.1419249971166776,2.1708476305722306,0.030284394054178154
2019-04-15,69.16100311279297,21.38999938964844,11690.349609375,-0.0038743654212941,-0.0038743654212941,1.4451281530769577e-05,-0.009793086061360201,-0.01969505347297207,70.26672409057618,70.77511898040771,-0.007183243167309561,0,0.07071881312021082,0.0641098836950823,1.1030703219839626,21.38999938964844,0.061538451344576695,2.290241046329762,0.03074048934978868
2019-04-16,69.80999755859375,21.690000534057617,11787.150390625,0.0093838206010741,0.0093838206010741,0.003702235041631141,0.0012003283450590096,-0.012867698619934087,70.23052398681641,70.78391895294189,-0.007818088830224057,0,0.07783879999967669,0.06671570884307007,1.166706232208903,21.690000534057617,0.06952661734082688,2.3699044687029427,0.03913343976594019
2019-04-18,69.4010009765625,22.739999771118164,11752.7998046875,-0.0069256799724278,-0.0069256799724278,0.002009741269356713,0.0009186658845516948,-0.013770097089652267,70.19614395141602,70.7891739654541,-0.008377411132491575,0,0.07925152246554004,0.06741805961027002,1.1755061984499644,22.739999771118164,0.0761950153477029,2.7221029845807396,0.02852493963384961
2019-04-22,69.36000061035156,24.049999237060547,11594.4501953125,-0.0003026202382122,-0.0003026202382122,0.0031790892069425425,0.0059025374294296995,-0.02426670178431345,70.1593440246582,70.79682395935059,-0.009004357809305308,0,0.07645111181547594,0.06411905327624837,1.192312044503483,24.049999237060547,0.14742367784152188,3.142762543947284,0.011537924460094828
2019-04-23,70.0625,24.649999618530277,11575.9501953125,0.0101283071434055,0.0101283071434055,0.009109890422642986,0.021051383949428848,-0.014488149903050362,70.13156005859375,70.80786197662354,-0.009551226363155418,0,0.08071336046855479,0.06739829719662083,1.1975400905604916,24.649999618530277,0.17380950564429898,3.2795247433114088,0.003776300094722851
2019-04-24,69.75800323486328,23.709999084472656,11726.150390625,-0.00434607336502,-0.00434607336502,0.008632033880374479,0.0063549031471068496,-0.02251796646829418,70.09302017211914,70.8149520111084,-0.010194624418809473,0,0.07591240711346481,0.06744500985605724,1.1255285119976184,23.709999084472656,0.10846188691089753,2.8756772345551624,0.017802248008167876
2019-04-25,70.0958023071289,23.229999542236328,11641.7998046875,0.0048424418217407,0.0048424418217407,0.00409403750938786,0.01691283906559904,-0.013154895720440374,70.05953628540038,70.82360603332519,-0.010788348556627914,0,0.07731940939691358,0.06757505700528169,1.1441834996509246,23.229999542236328,0.07100041356663889,2.6540446203503376,0.0161386943901336
2019-04-26,70.16000366210938,21.71999931335449,11754.650390625,0.0009159086973449,0.0009159086973449,0.010936480380206559,0.014451950109238831,-0.015021755501855694,70.03192642211914,70.8282060623169,-0.011242408702221818,0,0.0767219370467541,0.06735162698821666,1.1391083091707264,21.71999931335449,-0.04485490184829144,2.0919040302898555,0.03526436273862221
2019-04-30,69.81179809570312,21.82999992370605,11748.150390625,-0.0004324728917929,-0.0004324728917929,0.0065138045181063475,0.012889631177047223,-0.023611215444711564,69.99656234741211,70.83328155517579,-0.011812515097326282,0,0.07544710115516749,0.06688670999350588,1.1279665750627828,21.82999992370605,-0.09230766668522483,2.102363543832315,0.023068416225807242
2019-05-02,69.63289642333984,22.979999542236328,11724.75,0.0011055360824425,0.0011055360824425,-0.006131719202999597,0.0029584612133559673,-0.02242455109285979,69.96622024536133,70.83927104949952,-0.012324390005765795,0,0.07156609265148671,0.06652994186840873,1.0756813392637217,22.979999542236328,-0.06774848284535273,2.4616607690150474,0.02443853020175979
2019-05-03,69.42440032958984,24.030000686645508,11712.25,-0.0029942183143212,-0.0029942183143212,-0.004782288623575659,0.0007841657900249377,-0.02435312269144707,69.93010818481446,70.84291904449464,-0.012884997851470015,0,0.07242833920934268,0.06675808624538926,1.08492106891809,24.030000686645508,0.0134964831096267,2.7682833958289494,0.012294727744165845
2019-05-06,69.16799926757812,26.43000030517578,11598.25,-0.0036932412926069,-0.0036932412926069,-0.013236213995890367,-0.0037735998335883814,-0.025665567699943326,69.89616622924805,70.84460903167725,-0.013387649609374108,0,0.07363236529700502,0.06699342015579213,1.0990820597562705,26.43000030517578,0.13775294128272697,3.4831639788196767,-0.006075882840790303
2019-05-07,69.40029907226562,26.479999542236328,11497.900390625,0.003358486686724,0.003358486686724,-0.010828172038052974,0.002962655544929138,-0.02218667750207326,69.86397216796875,70.8467105102539,-0.013871333407115771,0,0.07322144958791203,0.067359075035749,1.0870155585345223,26.479999542236328,0.2191528719780007,3.406182867986642,-0.018380954913898018
2019-05-08,69.91000366210938,26.3700008392334,11359.4501953125,0.0073444148895238,0.0073444148895238,0.0014067187650950164,0.014508760768973339,-0.016600053101968437,69.83577224731445,70.85091053009033,-0.014327808565632316,0,0.07484936914865382,0.06890512844233188,1.08625126444734,26.3700008392334,0.2079707252127465,3.2900306046747314,-0.024433288980790335
2019-05-09,70.01000213623047,25.489999771118164,11301.7998046875,0.0014303886265605,0.0014303886265605,0.0054156258357827,0.01684827433286573,-0.022479761918584917,69.80197235107421,70.8571855545044,-0.014892112848858496,0,0.07452782518815391,0.06729083340943995,1.1075314999174755,25.489999771118164,0.10922542553878456,2.9488771477534974,-0.025538902855018142
2019-05-10,70.41000366210938,26.34000015258789,11278.900390625,0.0057134911251759,0.0057134911251759,0.014196785681120927,0.020872805662953686,-0.009983113850579484,69.77817245483398,70.86593658447265,-0.015349604931024219,0,0.07616956684479843,0.06679914625618058,1.140260480159517,26.34000015258789,0.09612981273138899,3.1437530995018883,-0.03317773505007937
2019-05-13,69.92250061035156,27.3799991607666,11148.2001953125,-0.0069237754069335,-0.0069237754069335,0.010908242984658756,0.011025114341628228,-0.017942365065258148,69.75062240600586,70.87104907989502,-0.015809370517798738,0,0.08113790696890122,0.06822440875848493,1.1892623063076981,27.3799991607666,0.03594395931220551,3.3768372444506247,-0.03932093624779176
2019-05-14,70.61699676513672,27.1299991607666,11222.0498046875,0.0099323701058016,0.0099323701058016,0.01753159149363559,0.015304970116992722,-0.011682039166426517,69.73926239013672,70.88053405761718,-0.016101341258980217,0,0.08552397309424817,0.07073367221057018,1.209081351782499,27.1299991607666,0.024546813812949875,3.22335343475581,-0.0385454344044136
2019-05-15,70.30699920654297,28.65999984741211,11157.0,-0.0043898434200587,-0.0043898434200587,0.005678665765093571,0.015090518768802408,-0.019222967133735835,69.72478240966797,70.88936904907227,-0.016428226898142273,0,0.0856902504502355,0.0709888331023909,1.2070777843165472,28.65999984741211,0.0868410669434505,3.5711394922058504,-0.036886114127898884
2019-05-16,70.20919799804688,28.3700008392334,11257.099609375,-0.0013910593482845,-0.0013910593482845,0.002845248617887375,0.015461342010411494,-0.021747230291536024,69.7071664428711,70.89798152923584,-0.016796177559352476,0,0.08554731377253495,0.07099476828262488,1.204963561095392,28.3700008392334,0.1129855274215601,3.3949439837867694,-0.02928424294997034
2019-05-17,70.23500061035156,28.07999992370605,11407.150390625,0.0003675104265599,0.0003675104265599,-0.002485485622151562,0.011594415982103534,-0.018248352663700285,69.69306640625,70.90555652618409,-0.017100071973715325,0,0.08482795908819295,0.07071652585348878,1.199532337485023,28.07999992370605,0.0660592164403313,3.2316625521290847,-0.02029465499690386
2019-05-20,70.28150177001953,23.68000030517578,11828.25,0.0006620795794669,0.0006620795794669,0.005134272323418898,0.016201307193291603,-0.018140542439491925,69.67489639282226,70.9151840209961,-0.017489732915402345,0,0.08303634817571615,0.0707205204991961,1.1741312628687053,23.68000030517578,-0.13513509747993813,1.9855218317412389,0.011796087818829015
2019-05-21,70.12750244140625,25.649999618530277,11709.099609375,-0.0021911786847869,-0.0021911786847869,-0.006931678578154021,0.004548129120703681,-0.014371033907859432,69.6611264038086,70.92274402618408,-0.017788618301481707,0,0.07807701520916002,0.06981440796824971,1.1183350134495738,25.649999618530277,-0.05455214109908968,2.4869466865908536,-0.006621683669369216
2019-05-24,69.94499969482422,16.469999313354492,11844.099609375,-0.0003930682174525,-0.0003930682174525,-0.0051488403118342685,0.007838485189074262,-0.018040202183765452,69.6420263671875,70.9277935409546,-0.01812783268134066,0,0.07329584301447076,0.0697842143623688,1.0503061957203794,16.469999313354492,-0.42533149333419584,-0.017469652184321626,0.007768345092638018
2019-05-27,69.36000061035156,16.190000534057617,11924.75,-0.0083637012942319,-0.0083637012942319,-0.01209524409777385,0.0,-0.02123889613206964,69.61437637329101,70.9309270477295,-0.018561024495740486,0,0.0799677266650037,0.07174391789750947,1.114611724543902,16.190000534057617,-0.4293267516697368,-0.0958077995070808,0.028487750529217593
2019-05-28,69.72000122070312,15.920000076293944,11928.75,0.0051903201727745,0.0051903201727745,-0.007332517764263136,-0.004888474994424574,-0.018166467775237005,69.60147644042969,70.9335270690918,-0.018778857949142136,0,0.07409724604673949,0.07240481849648919,1.0233603816015464,15.920000076293944,-0.4330484287909929,-0.17175862671045522,0.030476962904553595
2019-05-29,69.875,16.40999984741211,11861.099609375,0.0022231608804224,0.0022231608804224,-0.005783908422300366,0.0016771805342938872,-0.02026079221827426,69.58922637939453,70.93885208129883,-0.019025197931840987,0,0.07241206806543332,0.07199540928299372,1.005773326566965,16.40999984741211,-0.30701015050978075,-0.040272027282726434,0.011508399112627021
2019-05-30,69.81500244140625,15.609999656677246,11945.900390625,-0.000858641267889,-0.000858641267889,-0.004456168965394247,-0.004005944100508585,-0.026290022134821678,69.58578842163087,70.9437271118164,-0.019141067793707056,0,0.07086660678768705,0.0711518453535481,0.9959771311401706,15.609999656677246,-0.391423006283394,-0.26205179865873157,0.026121440931758277
2019-05-31,69.9800033569336,16.06999969482422,11922.7998046875,0.0023634019875,0.0023634019875,0.0005004455252284323,-0.0025655686399713717,-0.022625630610495384,69.5895864868164,70.94992713928222,-0.01917324946360166,0,0.07119791039078895,0.07129553212526588,0.9986167386892864,16.06999969482422,-0.02428655951466485,-0.13914627094118737,0.014304926856574918
2019-06-03,69.5696029663086,15.970000267028809,12088.5498046875,-0.005864538024266,-0.005864538024266,0.003021948588705081,-0.0034692578618661374,-0.024269284872163288,69.58407852172851,70.95470016479493,-0.019316854836721076,0,0.07439737539950776,0.0717578438840592,1.0367694262147205,15.970000267028809,-0.013588651005045471,-0.16960047551470017,0.02897472391348832
2019-06-04,69.16190338134766,15.630000114440918,12021.650390625,-0.0058603120842644,-0.0058603120842644,-0.008004845518989279,-0.006763944431217417,-0.028420232445479088,69.57279052734376,70.9570846939087,-0.019508892910925613,0,0.07710478238353162,0.07259987144016236,1.062036596173386,15.630000114440918,-0.018216077918545848,-0.26478498436562314,0.025322534862150636
2019-06-06,69.625,15.529999732971191,11843.75,0.0009344802140267,0.0009344802140267,-0.003577817531305927,0.002889469256598831,-0.019794149948846318,69.57854446411133,70.96272567749024,-0.0195057503804138,0,0.0765139029162553,0.072532334355218,1.0548791613734898,15.529999732971191,-0.05362584537620796,-0.2936504278525991,0.011227560887105303
2019-06-07,69.36000061035156,14.859999656677246,11870.650390625,-0.0038060953629937,-0.0038060953629937,-0.006517250091576776,0.0027758695467057226,-0.024335290711176794,69.58668441772461,70.96799018859863,-0.01946378595762932,0,0.07658314462747244,0.07285647868698049,1.0511363556306776,14.859999656677246,-0.04804612533602359,-0.47969380564859,0.023486335492423516
2019-06-10,69.34500122070312,14.979999542236328,11922.7001953125,-0.0002162541741125,-0.0002162541741125,-0.009074051239918335,-0.0007967955801591042,-0.022483805551325342,69.60122451782226,70.9716376876831,-0.01930930741504744,0,0.07558795863952818,0.07276092600061786,1.0388394424700402,14.979999542236328,-0.0678282621834122,-0.44778759071777713,0.03694585883122348
2019-06-11,69.52349853515625,14.489999771118164,11965.599609375,0.0025740473186384,0.0025740473186384,-0.0006627094188631499,-0.005528609736901058,-0.023409240751489424,69.60534454345704,70.9767301940918,-0.019321623395225362,0,0.07127599962805184,0.07258553744663909,0.9819451669043908,14.489999771118164,-0.0926737928092719,-0.5848419972760536,0.053360805641159414
2019-06-12,69.3864974975586,14.119999885559082,11906.2001953125,-0.0019705716841676,-0.0019705716841676,0.0032473674845610034,-0.008905936575442697,-0.02018617764823183,69.61447448730469,70.97961269378662,-0.01923282129435222,0,0.0711356993332645,0.07196170313293376,0.9885078830607352,14.119999885559082,-0.09660909902916204,-0.6894426106899885,0.05347824249853739
2019-06-13,69.69999694824219,13.65999984741211,11914.0498046875,0.0045181622072021,0.0045181622072021,0.0010771554505162317,-0.010083889744906704,-0.01692531102694983,69.62526443481445,70.9851326751709,-0.019157085281212738,0,0.06991232092155016,0.07254315437921154,0.9637209437454609,13.65999984741211,-0.12041210030345018,-0.817579972188712,0.056313061740525194
2019-06-14,69.80000305175781,13.899999618530272,11823.2998046875,0.0014348078607504,0.0014348078607504,0.006343749099399165,-0.0017519047162855017,-0.01332292821644887,69.64279647827148,70.99185768127441,-0.019003041293266132,0,0.06635335838676479,0.07248022689167746,0.9154557839636087,13.899999618530272,-0.06460296502871077,-0.7527884873996635,0.060556825097100475
2019-06-17,69.77050018310547,14.649999618530272,11672.150390625,-0.0004226771828429,-0.0004226771828429,0.006135971662155182,-0.011987150697538085,-0.008448769966781566,69.6496565246582,70.99521018981933,-0.01895273866453151,0,0.05508388217177552,0.07168750149040501,0.7683782060802052,14.649999618530272,-0.022029368076789124,-0.547342025664917,0.04010858923023952
2019-06-18,70.11250305175781,14.600000381469728,11691.5,0.0049018262411018,0.0049018262411018,0.008472020669439084,-0.0027663839586408168,-0.005320091984598263,69.66450653076171,71.00034770965576,-0.01881457235050099,0,0.05669878420474612,0.07227214225072869,0.7845069750537166,14.600000381469728,0.007591484616226163,-0.5633393614198102,0.04790714349735592
2019-06-19,69.76499938964844,14.729999542236328,11691.4501953125,-0.0049563722158492,-0.0049563722158492,0.005454979077206712,-0.0063267865331660955,-0.003170606769215434,69.67120651245118,70.99942722320557,-0.018707484872783287,0,0.058871727106702534,0.0715301901206559,0.8230217756394114,14.729999542236328,0.04320110917997311,-0.5290655029588771,0.03858459114777402
2019-06-20,69.87000274658203,14.0,11831.75,0.0015051008077435,0.0015051008077435,0.0024391076869929584,-0.005196808722113588,0.0011448994744809315,69.6847006225586,70.99547721862793,-0.018462818300845285,0,0.05920500448690747,0.07133548279140747,0.8299400554976444,14.0,0.024890201785200183,-0.7316927193431889,0.03722223297099325
2019-06-21,69.77999877929688,14.609999656677246,11724.099609375,-0.0012881632137843,-0.0012881632137843,-0.00028659414880116696,-0.007135632820762905,-0.0009306670523328009,69.70209655761718,70.99435222625732,-0.01820223198208426,0,0.05914573594285775,0.07138367255833072,0.8285495166280669,14.609999656677246,0.05107914083684317,-0.5645453261062592,-0.008805223987064847
2019-06-24,69.56990051269531,15.220000267028809,11699.650390625,-0.0030108665846508,-0.0030108665846508,-0.002875135908209092,-0.007951258911250036,-0.0022430930787338266,69.71649459838868,70.99327671051026,-0.017984549682470985,0,0.05950771753709309,0.07156901144885978,0.8314616182451531,15.220000267028809,0.038907895108581725,-0.3990480006392283,-0.0008069978961007251
2019-06-25,69.60250091552734,15.010000228881836,11796.4501953125,0.0004685992446702,0.0004685992446702,-0.0072740540421725175,-0.004896687122613819,0.0038247486102551687,69.72913665771485,70.99258922576904,-0.017796964187856146,0,0.059609524507359214,0.0706276359532321,0.8439852151021383,15.010000228881836,0.028082180595863315,-0.46081825997769615,-0.004023050770763814
2019-06-26,69.63749694824219,14.75,11847.5498046875,0.0005027984950902,0.0005027984950902,-0.0018275989754422683,0.0040008122181187655,0.009926964591414178,69.7386865234375,70.99182670593262,-0.01765189375512166,0,0.05234201457811839,0.0696525182799628,0.7514626090779337,14.75,0.0013578043710269494,-0.5365703839725114,-0.006473946649824924
2019-06-27,69.60250091552734,14.649999618530272,11841.5498046875,-0.0005025458158103,-0.0005025458158103,-0.00382856477084903,-0.0016853170269436335,0.01434761657292527,69.73968658447265,70.98846420288086,-0.01759127532100535,0,0.048711376916888594,0.06887885609244762,0.7071933607339459,14.649999618530272,0.04642854418073372,-0.5668443001973311,-0.007310086581787667
2019-06-28,69.32499694824219,14.949999809265137,11788.849609375,-0.0039869827037098,-0.0039869827037098,-0.006520519332391839,-0.007871242243403409,0.00010819338725975847,69.7409504699707,70.98626419067382,-0.0175430237793347,0,0.04932590212192999,0.06646388121070121,0.7421348120003598,14.949999809265137,0.02327174268156118,-0.48636992556494585,-0.006091340801395284
2019-07-01,68.94049835205078,14.600000381469728,11865.599609375,-0.0055463196987728,-0.0055463196987728,-0.009047047013236331,-0.012526019605734628,0.0001523001135721458,69.73695648193359,70.98124168395996,-0.01752977508574005,0,0.05217276639347577,0.06737020266698482,0.7744075261854123,14.600000381469728,-0.04073586561638831,-0.5877263289971433,-0.006722036734294168
2019-07-02,69.1675033569336,14.25,11910.2998046875,0.0032927671007481,0.0032927671007481,-0.0062497403523140704,-0.011610459574513565,0.00010126855969749826,69.73170654296875,70.97437919616699,-0.017508749879496688,0,0.052990962943251924,0.06736008579641563,0.7866702609783591,14.25,-0.050632925868945966,-0.6900196334627198,-0.001048411464150023
2019-07-03,69.0824966430664,13.699999809265137,11916.75,-0.0012289978637586,-0.0012289978637586,-0.007969848565755888,-0.007001711990193282,0.002308298228633321,69.73013641357421,70.96524166107177,-0.017404368935941772,0,0.04977007338528991,0.06704234497389565,0.7423566560509272,13.699999809265137,-0.07118645360914322,-0.8482774734823879,-0.014211779532138924
2019-07-04,69.00749969482422,13.529999732971191,11946.75,-0.0010856143290489,-0.0010856143290489,-0.008548560940723204,-0.00223249620057564,-0.006049449884675817,69.71408645629883,70.95325416564941,-0.017464564859246412,0,0.04602242941116855,0.06544302284186079,0.7032335026588652,13.529999732971191,-0.07645050612441184,-0.8987265978127036,-0.0062304582308774226
2019-07-05,68.73999786376953,13.06999969482422,11811.150390625,-0.00387641679872,-0.00387641679872,-0.008438501409663401,-0.012710982207978061,-0.009081805648963215,69.70086639404298,70.94197914123535,-0.017494757860102794,0,0.04729657887492691,0.06587182018532878,0.7179983905632269,13.06999969482422,-0.12575251762048867,-1.0289533867003462,-0.002752473614775708
2019-07-08,68.44000244140625,13.850000381469728,11558.599609375,-0.0043642047088482,-0.0043642047088482,-0.007259824379114654,-0.013264102665074162,-0.014258935034107023,69.68246643066406,70.92882915496826,-0.017572018869521866,0,0.04780929881097818,0.06639893496697477,0.7200202656035283,13.850000381469728,-0.05136986167150359,-0.8121801147715383,-0.026287589220591157
2019-07-09,68.8499984741211,13.6899995803833,11555.900390625,0.0059905905623813,0.0059905905623813,-0.004590376512132344,-0.007138261415651215,-0.004990205705543094,69.65821640014649,70.91432914733886,-0.017713102024592864,0,0.05303725826819403,0.06719049522116109,0.7893448135604316,13.6899995803833,-0.03929827506082095,-0.8600882551638391,-0.030764826648221
2019-07-10,68.76499938964844,13.640000343322754,11498.900390625,-0.0012345546311756,-0.0012345546311756,-0.004595914578165994,-0.010909968017853156,-0.0021071282981174333,69.63835632324219,70.89870414733886,-0.017776739917241158,0,0.052035967480630524,0.06671900737396333,0.7799154935485952,13.640000343322754,-0.0043795231224605935,-0.8778529882605295,-0.03900341261497198
2019-07-11,68.36759948730469,12.470000267028809,11582.900390625,-0.0057791013723701,-0.0057791013723701,-0.009272908167219485,-0.014684384527259842,-0.007006521387182385,69.6037922668457,70.88084762573243,-0.018016931253839963,0,0.054966308927558306,0.06770523173677703,0.8118352996110019,12.470000267028809,-0.07834438188193571,-1.2097525554229838,-0.027153902956779108
2019-07-12,68.66999816894531,12.0,11552.5,0.0044231285566311,0.0044231285566311,-0.0010183255309804684,-0.014777601497769521,-0.004355488574889987,69.57399215698243,70.86372261047363,-0.01820015102199246,0,0.05485353606725391,0.06820199163061436,0.8042687682138526,12.0,-0.08186684925845444,-1.3407903314675182,-0.030346507746278784
2019-07-15,68.55030059814453,12.020000457763672,11588.349609375,-0.0017430839375631,-0.0017430839375631,0.0016116036353550633,-0.017904045830579807,-0.008815833309431698,69.54876220703125,70.84424911499023,-0.01828640890605293,0,0.05439573349401621,0.06805809422244612,0.7992426892463156,12.020000457763672,-0.13212995475108147,-1.330928253568929,-0.0198717954542057
2019-07-16,68.74749755859375,11.5600004196167,11662.599609375,0.0028766753570523,0.0028766753570523,-0.0014887569760204666,-0.014662394877877571,-0.011573995613392785,69.53105422973633,70.82303661346435,-0.01824240311495484,0,0.05590540571035851,0.067324163582361,0.8303790549571806,11.5600004196167,-0.15558796391920449,-1.454054831007114,-0.0008182537861807226
2019-07-17,68.8949966430664,11.800000190734863,11687.5,0.002145519323768,0.002145519323768,0.00189045669412935,-0.017365039838794893,-0.0052959353657514585,69.52046615600585,70.80737411499024,-0.01817477310900506,0,0.05317590570686076,0.06695919569082086,0.7941420295781827,11.800000190734863,-0.13489736849520195,-1.3828833459235716,-0.00034212889706197736
2019-07-18,68.78600311279297,11.75,11596.900390625,-0.0015820238853935,-0.0015820238853935,0.006119911019633939,-0.014032771238018937,-0.005122846804314629,69.51282623291016,70.79082912445068,-0.01805322677170218,0,0.05112046634322008,0.06694172560841352,0.7636448303920738,11.75,-0.05773859275147886,-1.392206123725904,-0.008087089549028592
2019-07-19,68.8499984741211,12.520000457763672,11419.25,0.0009303544097944,0.0009303544097944,0.0026212364930160437,-0.014598600720834187,-0.008353763913370615,69.50182022094727,70.77240512847901,-0.017953111883440176,0,0.05085070998209347,0.06642537094030311,0.7655199171996409,12.520000457763672,0.043333371480305916,-1.1744837170617222,-0.034863819806875584
2019-07-22,68.83000183105469,13.010000228881836,11346.2001953125,-0.0002904378142277,-0.0002904378142277,0.004080233499628605,-0.013614172611938202,-0.004785952586582098,69.48022018432617,70.75095512390136,-0.017960675405015225,0,0.05082155631266183,0.06597467104898179,0.7703075316192053,13.010000228881836,0.08236270660694744,-1.0376330717108437,-0.03223270243800369
2019-07-23,69.16000366210938,13.43000030517578,11331.0498046875,0.0047944475123606,0.0047944475123606,0.00600030718447675,-0.005891870587210857,-0.00931089985984912,69.46322021484374,70.7381551361084,-0.01802329900760824,0,0.05337673678390107,0.06392659060281373,0.8349561790234548,13.43000030517578,0.16176469011071926,-0.9214295285328064,-0.03150526499773543
2019-07-24,69.0199966430664,12.760000228881836,11271.2998046875,-0.0020243928807029,-0.0020243928807029,0.0018143552665748075,-0.00836901353829067,-0.0054898968045830054,69.4354200744629,70.72210510253906,-0.018193534061388794,0,0.05363655167126245,0.0625291322646941,0.8577712812794871,12.760000228881836,0.08135593412114916,-1.11077403144127,-0.04451766268073398
2019-07-25,69.18499755859375,12.640000343322754,11252.150390625,0.002390624797921,0.002390624797921,0.005800517950527384,-0.006497927258711678,-0.0025231120273619956,69.42067001342774,70.70153007507324,-0.018116440482765173,0,0.05442740613156404,0.06270804079051118,0.8679355551520368,12.640000343322754,0.0757447100700217,-1.1452121692718837,-0.050255067408699894
2019-07-26,69.15049743652344,12.130000114440918,11284.2998046875,-0.0004986647869879,-0.0004986647869879,0.00436454566539024,-0.006494069509836664,-0.013016985740967879,69.39134002685547,70.68183258056641,-0.018257768744747382,0,0.05442723011471795,0.05926803442060353,0.9183080279066865,12.130000114440918,-0.03115018602742259,-1.2880351424526224,-0.04705887398112463
2019-07-29,68.87000274658203,13.0600004196167,11189.2001953125,-0.0040562931625891,-0.0040562931625891,0.0005811552297430023,-0.006563205505798364,-0.012729729165146919,69.36260009765626,70.66233261108398,-0.01839356932329539,0,0.05448681266449972,0.059186962545765304,0.9205725340244554,13.0600004196167,0.003843212133376017,-1.0269091409452824,-0.05086581252047129
2019-07-30,68.94999694824219,13.609999656677246,11085.400390625,0.0011615245893703,0.0011615245893703,-0.0030365341634914778,0.00013777962762762108,-0.01634627639849684,69.33741607666016,70.64233261108399,-0.018472160901140455,0,0.05121782261089403,0.05838443464828082,0.8772362990775845,13.609999656677246,0.013402780894360644,-0.8743784788522477,-0.06575303772542307
2019-07-31,69.07749938964844,13.59000015258789,11118.0,0.0018492015525679,0.0018492015525679,0.0008331316919558684,-0.00130124643679419,-0.015429079474885365,69.3142660522461,70.62519512176513,-0.018561776250796247,0,0.05028823999689634,0.05848542442359334,0.8598275666961466,13.59000015258789,0.06504701479764696,-0.8828206897615712,-0.0665222385397618
2019-08-01,69.40499877929688,14.5600004196167,10980.0,0.004741042923414,0.004741042923414,0.0031798977880543866,0.004668362492698641,-0.005827085499911955,69.29673599243164,70.60582012176513,-0.018540739659646754,0,0.052728704569248185,0.05929913826919226,0.8891835012236712,14.5600004196167,0.1518987360873143,-0.6116504396452082,-0.07860784190320347
2019-08-02,69.29720306396484,15.1899995803833,10997.349609375,-0.0015531405118932,-0.0015531405118932,0.0021215411729478273,0.004198143251411768,-0.004820901852683579,69.2801300048828,70.58305614471436,-0.018459474709627277,0,0.052899950577411654,0.059320836891979326,0.8917449854720202,15.1899995803833,0.25226705994004206,-0.4370274403397838,-0.0794693444346789
2019-08-05,69.65689849853516,16.59000015258789,10862.599609375,0.0051906198037789,0.0051906198037789,0.011425812698870219,0.013338677091360385,0.0033489402550332947,69.27436798095704,70.56024063110351,-0.018223756589339724,0,0.0534080911158467,0.05996731591172183,0.8906051521351324,16.59000015258789,0.27029093564721296,-0.043629525211798956,-0.08030977084187363
2019-08-06,71.5199966430664,16.1200008392334,10948.25,0.0267467858129002,0.0267467858129002,0.03727338373565714,0.04500283594082344,0.034004126191210515,69.31756790161133,70.54902561187744,-0.017455346825637652,1,0.10269645543897105,0.07992220223740325,1.2849391986812828,16.1200008392334,0.18442330976288535,-0.18014476906919238,-0.05280480594551917
2019-08-07,71.2300033569336,16.739999771118164,10855.5,-0.0040547161597347,-0.0040547161597347,0.0311607105975773,0.03456797292024749,0.026364501437705856,69.34776794433594,70.53572563171387,-0.016841929061318206,1,0.10381308127855168,0.08021443618521047,1.2941783553835735,16.739999771118164,0.231788048797809,-0.007536075366750542,-0.0606097635795837
2019-08-08,71.16510009765625,16.09000015258789,11032.4501953125,-0.0009111786637453,-0.0009111786637453,0.02535986383281097,0.03490294087560364,0.017953030607937626,69.37356994628907,70.51880111694337,-0.0162400828220991,1,0.10370625952933224,0.07898668386561926,1.3129421506492882,16.09000015258789,0.10508239621407034,-0.19651826190549032,-0.04056476527901698
2019-08-09,70.47090148925781,15.850000381469728,11109.650390625,-0.0097547619190562,-0.0097547619190562,0.01693716879467111,0.0307646022052257,0.006583335794369649,69.3866879272461,70.49815563201905,-0.015765911814409783,0,0.10811783151543193,0.08143071492720773,1.3277115877036247,15.850000381469728,0.04344969185771186,-0.26960692578659695,-0.04085764221740529
2019-08-13,71.58000183105469,17.780000686645508,10925.849609375,0.0076722480586852,0.0076722480586852,0.027608225085703042,0.042376638120042553,0.01661693094861949,69.41868789672851,70.48525562286378,-0.01513178489189293,1,0.10981023918944643,0.08207503424946984,1.3379086866658125,17.780000686645508,0.0717299893377028,0.27729962565994853,-0.05424370401428258
2019-08-14,71.08000183105469,16.360000610351562,11029.400390625,-0.0069851912155592,-0.0069851912155592,-0.006152053029414906,0.0369028466810053,0.0165540592884883,69.44889587402344,70.47227561950683,-0.014521735483735698,1,0.11328008255656298,0.08209646173109798,1.379824420486964,16.360000610351562,0.014888322495247408,-0.13585401451416662,-0.04823372072739407
2019-08-16,71.72000122070312,16.649999618530273,11047.7998046875,0.0011837856196725,0.0011837856196725,0.006879093649822643,0.04323799072942114,0.015619532210281672,69.50005783081055,70.46047561645508,-0.013630589025150464,1,0.11314825965980163,0.07966239063043469,1.4203294482493989,16.649999618530273,-0.005376353274697765,-0.05743478794343156,-0.05271550299928773
2019-08-19,71.13200378417969,16.75,11053.900390625,-0.0081985140339582,-0.0081985140339582,-0.0004650638224515946,0.032469805502754356,0.011734316454227844,69.53019790649414,70.44885814666748,-0.013040101207329458,1,0.11774368566338117,0.0808613381860663,1.4561004332134193,16.75,0.04101925675283202,-0.03339166974664662,-0.05421173128342249
2019-08-20,71.99500274658203,16.6299991607666,11017.0,0.0121323583828842,0.0121323583828842,0.021627384141758688,0.046651927551700556,0.025435481382152236,69.58289794921875,70.43803314208985,-0.012140248026887623,1,0.12368570965779048,0.0844337426371723,1.4648674916827187,16.6299991607666,0.049211278266514835,-0.07321268272429668,-0.05000477464597308
2019-08-21,71.80999755859375,17.020000457763672,10918.7001953125,-0.0025696948528426,-0.0025696948528426,0.0032131282712439813,0.042991999274847315,0.022424673375884607,69.63219787597656,70.42975814819336,-0.011324194391504672,1,0.12446307986084242,0.08460102318817608,1.4711596149894117,17.020000457763672,-0.04274466814012379,0.03520661955882153,-0.04383385990213895
2019-08-22,71.43779754638672,17.850000381469727,10741.349609375,-0.0051831224740445,-0.0051831224740445,0.005033704362901625,0.037887485775940366,0.01645234872969703,69.67048385620117,70.41764965057374,-0.010610490382455873,1,0.12638215717075496,0.0852372202246642,1.4826935245438817,17.850000381469727,0.0910757772328803,0.2722226799359021,-0.05330864743488173
2019-08-23,71.92040252685547,17.350000381469727,10829.349609375,0.0067555971354713,0.0067555971354713,0.0027942178296351816,0.03991322612173942,0.025566290300260475,69.72116195678711,70.41114517211913,-0.00979934658988102,1,0.12729337422652934,0.08618930194085994,1.476887438146725,17.350000381469727,0.04204208882746174,0.12016032137905583,-0.044276585485040765
2019-08-26,71.50250244140625,16.65999984741211,11057.849609375,-0.0058105915813412,-0.0058105915813412,0.005208607061748083,0.03596792116896208,0.022267535254522075,69.7572120666504,70.40255519866943,-0.009166473151406729,1,0.12914323852980825,0.08699487759546033,1.4844753808949134,16.65999984741211,-0.005373143438083039,-0.08778261660440025,-0.01893749603073558
2019-08-27,72.16000366210938,16.010000228881836,11105.349609375,0.0091954994336307,0.0091954994336307,0.002291838450345418,0.043000740167636,0.04036913245557172,69.80441207885742,70.39725421905517,-0.008421381583335608,1,0.13220537641206304,0.08720255022868333,1.5160549778692098,16.010000228881836,-0.03728195809819779,-0.28444468711478404,-0.013046464555993675
2019-08-28,71.53500366210938,16.84000015258789,11046.099609375,-0.008661307764431,-0.008661307764431,-0.0038294653367728637,0.03448284992851702,0.026032736799024736,69.8397021484375,70.38930423736572,-0.007808034116587703,1,0.13654804226029627,0.08843815931345736,1.543977162608763,16.84000015258789,-0.010575810830467658,-0.04402418651633396,-0.021108992089482692
2019-08-29,72.08499908447266,16.43000030517578,10948.2998046875,0.0076884796841718,0.0076884796841718,0.009059651337454566,0.04668209974843052,0.03162789387438503,69.8791520690918,70.3817762374878,-0.007141396470302208,1,0.13723657451240073,0.08964327122930621,1.5309017813459094,16.43000030517578,-0.07955182330237165,-0.17074307996960886,-0.02152972387838059
2019-08-30,71.6801986694336,16.280000686645508,11023.25,-0.0056155985320149,-0.0056155985320149,-0.003339856966626198,0.03959683599755426,0.026716266744998718,69.9174560546875,70.37192722320556,-0.0064581316222385166,1,0.13941234127716232,0.09036679365574407,1.542721534269757,16.280000686645508,-0.061671450795298455,-0.22013824686414482,-0.005606508419629175
2019-09-03,71.96209716796875,18.059999465942383,10797.900390625,0.0032371526203387,0.0032371526203387,0.006427673310303028,0.041758862202712965,0.028323717004205662,69.95929794311523,70.3613877105713,-0.0057146366855361785,1,0.13958459799856984,0.09047284606467718,1.5428171131222252,18.059999465942383,0.08403359131769395,0.3068568511581461,-0.0287911143528512
2019-09-04,72.45999908447266,17.239999771118164,10844.650390625,0.0069189467247146,0.0069189467247146,0.004157364289614218,0.04401700682814602,0.041546824977049646,70.01289794921875,70.35713771820069,-0.004892748342900322,1,0.14048132718534348,0.0906556830399421,1.5495970343791345,17.239999771118164,0.07682695344484913,0.056752116630280076,-0.012326922529599327
2019-09-05,71.95570373535156,17.270000457763672,10847.900390625,-0.006959637806967,-0.006959637806967,0.005881037977286452,0.03836375140469639,0.040395076153403986,70.06061401367188,70.35239124298096,-0.004147367618271058,1,0.14309189567113118,0.09098586385522626,1.5726654333180647,17.270000457763672,0.025534459695934153,0.06157396424305649,-0.013589566946439313
2019-09-06,72.22000122070312,16.270000457763672,10946.2001953125,0.00367305816817,0.00367305816817,0.0018728187271288554,0.036796107455485894,0.037271112685143715,70.11296401977539,70.34919124603272,-0.0033579238378330656,1,0.1426342134488034,0.09122893102220256,1.563458525624563,16.270000457763672,-0.009738274159478033,-0.24360910953370474,0.0076961858987556475
2019-09-09,71.66999816894531,15.850000381469728,11003.0498046875,-0.0076156610698054,-0.0076156610698054,-0.0001423056949845236,0.0020973368696801664,0.03330446277777277,70.15361404418945,70.34139122009277,-0.002669511828615634,1,0.11044550377990356,0.09224446651599263,1.1973000728524212,15.850000381469728,-0.026412794044198606,-0.3746801929178661,0.005005348314799152
2019-09-11,71.85900115966797,15.369999885559082,11035.7001953125,-0.0032388615123986,-0.0032388615123986,-0.001432643187984639,0.008830517662374193,0.03625351351517869,70.19874404907226,70.33618621826172,-0.001954074802448802,1,0.11016535629885389,0.09250767359649961,1.1908651590808494,15.369999885559082,-0.148947932443526,-0.524215020138675,0.016599898237068755
2019-09-12,71.56009674072266,14.899999618530272,10982.7998046875,-0.0041595960717734,-0.0041595960717734,-0.012419298304170656,0.00555042629778324,0.02929366686770729,70.24344604492188,70.33163669586182,-0.001253925759204244,1,0.110845672016279,0.09279329051927876,1.1945311656135775,14.899999618530272,-0.1357308691214747,-0.671042460565732,-0.004500395627989873
2019-09-13,71.28500366210938,14.119999885559082,11075.900390625,-0.0038442245209645,-0.0038442245209645,-0.009321013323821847,0.011552316710119914,0.027361320040942827,70.29033615112304,70.32216171264649,-0.0004525680204982008,1,0.106623757695055,0.09304025282627604,1.1459836841851196,14.119999885559082,-0.18239724891197195,-0.9124629005920873,-0.003037899376966968
2019-09-16,71.02069854736328,14.949999809265137,11003.5,-0.0037077239414744,-0.0037077239414744,-0.016606240003718575,-0.007813680768149367,0.018948373844289046,70.32740005493164,70.31451519012451,0.00018324615866704974,1,0.10286225813950767,0.09290374957048948,1.1071797579246812,14.949999809265137,-0.08113095337183351,-0.6651354481373283,0.0071070345466197615
2019-09-17,71.74909973144531,16.020000457763672,10817.599609375,0.0102561816340944,0.0102561816340944,0.001103691426272091,0.009413307303803409,0.02792401997808236,70.38073211669922,70.31126068115235,0.0009880556097823234,1,0.10753225755109495,0.09512152845837839,1.1304604628770623,16.020000457763672,0.010725556605833964,-0.34356748187014846,-0.019203290636726766
2019-09-18,71.70999908447266,15.350000381469728,10840.650390625,-0.000544963590052,-0.000544963590052,-0.002073533903765745,-0.00013946090435346115,0.02779826568932675,70.43478210449219,70.31035217285157,0.0017697241984326872,1,0.10741552192698117,0.09512457591770117,1.1291970733497874,15.350000381469728,-0.001301203919210403,-0.5548113203091573,-0.018750286729001697
2019-09-19,71.5425033569336,15.550000190734863,10704.7998046875,-0.0023357374100891,-0.0023357374100891,-0.0002458546674805051,0.0057709547168023345,0.020395795941276607,70.49083221435546,70.30918968200683,0.0025834820906081024,1,0.10384258277206966,0.09473969419342917,1.0960715841922948,15.550000190734863,0.04362420059368488,-0.49890779274429176,-0.031581665620361354
2019-09-20,71.71749877929688,15.399999618530272,11274.2001953125,0.0024460343733041,0.0024460343733041,0.0060671262533353865,-0.00385448929367993,0.027986804367952756,70.55638214111327,70.3093271636963,0.0035138293507173124,1,0.09456850028690701,0.09432674654522989,1.0025523109635792,15.399999618530272,0.09065153989698538,-0.5506074739499691,0.02334575613256784
2019-09-23,71.19159698486328,16.790000915527344,11600.2001953125,-0.0073329634103944,-0.0073329634103944,0.002406318735178825,-0.008611622263681062,0.018915044888071053,70.60321411132813,70.30821014404297,0.004195867974462253,1,0.09729504275955808,0.09544164093512819,1.0194085348674389,16.790000915527344,0.12307699864463428,-0.12372124533785576,0.06241585425090923
2019-09-24,70.78959655761719,16.729999542236328,11588.2001953125,-0.0056467398439111,-0.0056467398439111,-0.013373034329622446,-0.009073641839932645,0.01446829744886502,70.6437060546875,70.30568313598633,0.004807903196778041,1,0.09757665864198903,0.09606948714196605,1.0156777751922634,16.729999542236328,0.04431954208394373,-0.14636129932391698,0.07884024044784588
2019-09-25,71.28500366210938,16.170000076293945,11440.2001953125,0.0069983038268761,0.0069983038268761,-0.005926585243191118,-0.008834751230832327,0.024652948139563424,70.7020541381836,70.30875816345215,0.005593840440434539,1,0.09781455260047113,0.09692225272188629,1.0091959344486958,16.170000076293945,0.05342017423101231,-0.32487699533148323,0.05640695036834753
2019-09-26,71.30999755859375,16.34000015258789,11571.2001953125,0.000350619277553,0.000350619277553,-0.0032498974376091727,-0.0026922817557364365,0.024532116240172153,70.75485412597656,70.31125816345215,0.006309031783973795,1,0.09608533141983064,0.09692047113295005,0.9913730187610086,16.34000015258789,0.05080385544456334,-0.2755984772096088,0.046424088233418814
2019-09-27,71.21499633789062,16.110000610351562,11512.400390625,-0.0013322286349128,-0.0013322286349128,-0.00700669222936301,-0.013095998839520062,0.0226530168196728,70.80814804077148,70.31293315887451,0.007043012709738727,1,0.08950091015311407,0.09695499732292251,0.9231085505213416,16.110000610351562,0.04610396164990638,-0.3510976985407877,0.03665357648050738
2019-09-30,70.49870300292969,15.869999885559082,11474.4501953125,-0.0100581811668201,-0.0100581811668201,-0.009732805714147919,-0.0144866234169021,0.012876004103502092,70.8431721496582,70.31242668151856,0.007548387862413852,1,0.09113809803642525,0.09902555378512672,0.9203399952116048,15.869999885559082,-0.054794578904248104,-0.4274625094305289,0.0387784467898471
2019-10-01,70.92250061035156,16.760000228881836,11359.900390625,0.0060114241733533,0.0060114241733533,0.0018774517612372144,-0.016126773793238458,0.023043688891931202,70.88372222900391,70.31743919372559,0.00805323745818165,1,0.08929203679468982,0.09946169063336854,0.8977440307122901,16.760000228881836,0.0017932269854381566,-0.14983655471209856,0.03759493193283525
2019-10-03,71.1416015625,17.700000762939453,11314.0,0.0005851348702075,0.0005851348702075,-0.0020116727536285683,-0.007513889706380894,0.03192757904372967,70.93083419799805,70.32434719085694,0.008624139879964021,1,0.08788853636711134,0.09881924265804769,0.8893778643231647,17.700000762939453,0.09461970806596143,0.141513349280008,0.026376068763749316
2019-10-04,71.0199966430664,17.579999923706055,11174.75,-0.001709336264053,-0.001709336264053,-0.004066763784265404,-0.013091621311471235,0.026782711479018673,70.97423416137696,70.3270221710205,0.009202892009028574,1,0.08670490490081462,0.0986735521070003,0.878695702685267,17.579999923706055,0.07588737818474112,0.09929136469246044,0.03490026725030626
2019-10-07,70.81500244140625,17.829999923706055,11126.400390625,-0.0028864293346902,-0.0028864293346902,-0.005616708798053427,-0.022702134472133984,0.025078795389971376,71.01393417358399,70.32794719696045,0.009754116307452598,1,0.08192589991060313,0.09881606770310375,0.8290662920372197,17.829999923706055,0.10676593719365202,0.17425902868920284,0.02598055168690072
2019-10-09,71.20999908447266,17.15999984741211,11313.2998046875,-0.0021020393020728,-0.0021020393020728,0.010089491738782819,-0.010363384862742242,0.031916811931872235,71.05493408203125,70.3296471786499,0.010312676552165723,1,0.07952403211146143,0.09888309881401902,0.8042145609379526,17.15999984741211,0.08128544241684987,-0.0409575478294012,0.04290225733126274
2019-10-10,71.41000366210938,17.229999542236328,11234.5498046875,0.0028086586182856,0.0028086586182856,0.006873743135992205,-0.01121569572005976,0.038842098942617476,71.10273422241211,70.33294719696045,0.010944899312920198,1,0.07890410479371257,0.09872114420834778,0.799254366144942,17.229999542236328,0.028042918074939083,-0.022895776729966014,0.026342438858233175
2019-10-11,70.9800033569336,17.139999389648438,11305.0498046875,-0.0060215695718265,-0.0060215695718265,-0.0022715008098944667,-0.009627387046741931,0.037112811585620964,71.1386343383789,70.33102222442626,0.011483014015857052,1,0.0774737497658631,0.09908130920476893,0.7819130416687363,17.139999389648438,-0.03163849430241583,-0.05349002915972797,0.027446935655180082
2019-10-14,70.91400146484375,17.43000030517578,11341.150390625,-0.0009298660040623,-0.0009298660040623,-0.0014924694907459957,-0.013150749099955727,0.029978257610251857,71.17390441894531,70.32194221496582,0.012115168852634195,1,0.07712494394344543,0.09836801649282541,0.7840369528251874,17.43000030517578,-0.008532401546145874,0.0385525839371233,0.027678370190071133
2019-10-15,71.45249938964844,16.850000381469727,11428.2998046875,0.0075936756307801,0.0075936756307801,0.009002286609672394,-0.0015035942651679957,0.0390823823726314,71.22555435180664,70.31610469818115,0.012933732002492704,1,0.08185664425684847,0.09950595103395929,0.8226223736763153,16.850000381469727,-0.054963519149170637,-0.14575155589047362,0.04056342716998795
2019-10-16,71.76000213623047,16.360000610351562,11464.0,0.0043035967839997,0.0043035967839997,0.007723677276071372,0.006663371673130358,0.04962003455387842,71.2817544555664,70.31415470123291,0.013761094881177938,1,0.08257917294128896,0.09912226327553574,0.8330957861197658,16.360000610351562,-0.046620002574253805,-0.30030632003684443,0.035040005388952356
2019-10-17,71.62000274658203,15.880000114440918,11586.349609375,-0.0019509390395873,-0.0019509390395873,0.0029407516272692558,0.008438444164542869,0.04295914746319007,71.33260452270508,70.31451972961426,0.014479012258147295,1,0.08184785250487156,0.09885672663612517,0.8279358153372933,15.880000114440918,-0.07835168100185508,-0.4511521634601162,0.05296947420139042
2019-10-18,71.42250061035156,15.93000030517578,11661.849609375,-0.0027576393277909,-0.0027576393277909,0.006234111474929138,-0.004551961241551439,0.041899159991207524,71.37295455932617,70.31208221435547,0.015088051890377763,1,0.07310611782067589,0.09895734021380295,0.7387565076650191,15.93000030517578,-0.07059504828240704,-0.4337885241731754,0.07804411611503315
2019-10-22,71.1050033569336,16.809999465942383,11588.349609375,0.0010559563413448,0.0010559563413448,0.0026934299030429987,-0.008436699696877548,0.034292241638766985,71.40911056518554,70.30965724945068,0.015637301599040976,1,0.07335633393174015,0.09882069578316975,0.7423100094608315,16.809999465942383,-0.035570902373954105,-0.1546918937630064,0.06897180444049833
2019-10-23,71.07499694824219,16.540000915527344,11604.099609375,-0.000422001368044,-0.000422001368044,-0.0052832643312815675,-0.006534666621308527,0.031642360278642645,71.43747253417969,70.31218223571777,0.016004201017249642,1,0.07308970478266737,0.09874080488712389,0.7402103381259785,16.540000915527344,-0.018397594001439588,-0.2383281967910674,0.08400902595989779
2019-10-24,70.71499633789062,16.239999771118164,11582.599609375,-0.0050650809118391,-0.0050650809118391,-0.014562510691624397,-0.01397849142078067,0.028043397461756214,71.42137252807618,70.31232971191406,0.015773091585872923,1,0.07387155132964092,0.09922438139110337,0.7444824126044055,16.239999771118164,-0.007335014349416968,-0.3301953022924734,0.027354438338847764
2019-10-25,71.19000244140625,15.31999969482422,11583.900390625,0.0067171905269702,0.0067171905269702,-0.006003913553274787,-2.2397916672245444e-05,0.033986986479959125,71.42057250976562,70.3167797088623,0.01569743104666399,1,0.0744418755828071,0.10010887784213317,0.7436017023234924,15.31999969482422,-0.0352645097972919,-0.616759455093568,-0.0014051313264478171
2019-10-29,70.73500061035156,16.420000076293945,11786.849609375,-0.0013412567873388,-0.0013412567873388,-0.009625818112287687,-0.0007712425260283373,0.027676866607860173,71.41197052001954,70.31975471496582,0.015532133317030183,1,0.0719333585814047,0.10014851530873367,0.7182596776395148,16.420000076293945,0.03075955817520981,-0.2633730346838329,0.017142387145059335
2019-10-30,70.88459777832031,16.65999984741211,11844.099609375,0.0021148959733925,0.0021148959733925,-0.0030997196850816033,-0.005616972199187664,0.02493629301462552,71.42024444580078,70.32297771453858,0.015603246149733963,1,0.06781198238037035,0.09978126049650565,0.6795995805561562,16.65999984741211,-0.008923237554776753,-0.18340089073365703,0.03530527500978464
2019-10-31,70.98999786376953,16.280000686645508,11877.4501953125,0.0014869250690938,0.0014869250690938,-0.0011959069732293548,-0.004487445039684457,0.028542470537790576,71.40844436645507,70.32717769622803,0.015374805383168821,1,0.06805046157662817,0.09972988179669451,0.6823409193889595,16.280000686645508,-0.015719480924438978,-0.30224339693632524,0.026466571732469246
2019-11-01,70.97000122070312,15.729999542236328,11890.599609375,-0.0002816825421628,-0.0002816825421628,0.0036060934174986237,-0.0034402180690297213,0.025800444100581688,71.40624435424805,70.3320777130127,0.01527278414294031,1,0.0679246304082631,0.09962555356149763,0.6817924336440534,15.729999542236328,-0.03140395542300678,-0.47201472398792615,0.032851465021837
2019-11-04,70.51210021972656,15.93000030517578,11941.2998046875,-0.0064520359743629,-0.0064520359743629,-0.009522435713324229,0.0001900349400232315,0.019690426442022346,71.38208633422852,70.33502571105957,0.014886759656139725,1,0.06219403364412435,0.10047300412911049,0.6190062213923927,15.93000030517578,0.03981727300932292,-0.40487708824388463,0.04068601121870885
2019-11-05,71.0,15.920000076293944,11917.2001953125,0.0069193766566739,0.0069193766566739,0.0037463686627812187,0.0010927334623214158,0.030927793937451042,71.37944625854492,70.3414757156372,0.014756166718819186,1,0.06336172930849979,0.10107641626609301,0.6268633652219189,15.920000076293944,-0.03045066977325217,-0.40441045419778987,0.04905851156471619
2019-11-06,70.8949966430664,15.779999732971191,11966.0498046875,-0.0014789205201914,-0.0014789205201914,0.0001467013296543307,-0.0034663953863470764,0.02820884381306432,71.3574461364746,70.34615070343017,0.014375988208763957,1,0.06355723894657149,0.10110755344261405,0.6286039784225034,15.779999732971191,-0.05282113580436876,-0.4468664555537057,0.0576321199122769
2019-11-07,71.0,15.210000038146973,12012.0498046875,0.0014811109655912,0.0014811109655912,0.00014089500678204914,-0.00028156355972397407,0.02783106839909233,71.34124618530274,70.34965068817138,0.014095244076287594,1,0.06344892773147592,0.10108454954888212,0.6276755482324782,15.210000038146973,-0.06572485278678508,-0.6246467205600349,0.07492783325689611
2019-11-08,71.37650299072266,15.859999656677246,11908.150390625,0.0053028590242627,0.0053028590242627,0.005727797140025137,0.007929118547739922,0.028405795635773057,71.34002029418946,70.3589081954956,0.013944390608901847,1,0.06486470903864548,0.1011953991860235,0.6409784296712814,15.859999656677246,0.008264470325752837,-0.41305676124550295,0.0702608186434397
2019-11-11,71.37650299072266,16.25,11913.4501953125,0.0,0.0,0.012258928159882831,0.0023382096389650275,0.03000553896581537,71.3291423034668,70.36674072265625,0.013676938436068209,1,0.06419817623704364,0.10113888930108282,0.6347463565629622,16.25,0.02008786495253556,-0.2832002328797166,0.05304821767176504
2019-11-13,71.77999877929688,16.459999084472656,11840.4501953125,0.0028781581152472,0.0028781581152472,0.010985898299955998,0.005181278507395248,0.030479397253186047,71.3346922302246,70.37399070739747,0.013651371951060254,1,0.06422843379668787,0.10077474245462484,0.6373402193053282,16.459999084472656,0.03391953552706384,-0.21286639894737117,0.05393187988469239
2019-11-14,72.1415023803711,15.649999618530272,11872.099609375,0.0050362720426582,0.0050362720426582,0.01758242183973069,0.01636374990850209,0.008689957584959496,71.33432220458984,70.38194572448731,0.013531545203803175,1,0.06115649264564932,0.08566789114416315,0.7138704823753993,15.649999618530272,-0.008238283690797155,-0.46821062389956114,0.05015898332905877
2019-11-15,71.95580291748047,15.029999732971191,11895.4501953125,-0.002574100299596,-0.002574100299596,0.013462012922260014,0.014691054391468894,0.010189520235031946,71.34273818969727,70.38812473297119,0.013562137936584673,1,0.06211969784749799,0.08545081609678698,0.7269558528415374,15.029999732971191,-0.01183433956110036,-0.6616593774487546,0.0488750951707424
2019-11-18,71.70580291748047,15.760000228881836,11884.5,-0.0034743549493388,-0.0034743549493388,0.0046135620681866385,0.003545061824229645,0.007597864951812694,71.33515426635742,70.39480373382568,0.013358237862092226,1,0.059250362128292405,0.08568895543845123,0.6914504952782982,15.760000228881836,-0.006305134297610704,-0.42374717318148514,0.039918465835607764
2019-11-19,71.93509674072266,15.40999984741211,11940.099609375,0.0031977024719471,0.0031977024719471,0.007826017338963931,0.0024400027770314914,0.02077730269546829,71.3402522277832,70.39905422210694,0.013369469463422101,1,0.05848594377563708,0.08374751949291932,0.6983519724259948,15.40999984741211,-0.051692317082331685,-0.5307868322945052,0.04152997290430904
2019-11-20,71.85099792480469,15.15999984741211,11999.099609375,-0.0011690929703075,-0.0011690929703075,0.0009891215758601746,0.0032252885976562506,0.003785919067026855,71.33803024291993,70.40284671783448,0.013283319761678625,1,0.05813563674342905,0.08228732688036777,0.7064870431494819,15.15999984741211,-0.07897930190572644,-0.605194275811418,0.03562381715687457
2019-11-21,71.76820373535156,14.979999542236328,11968.400390625,-0.0011523039602007,-0.0011523039602007,-0.005174533835617834,0.004840255130326376,0.009682074937654273,71.3241943359375,70.40486274719238,0.013057785398236321,1,0.057250262272380746,0.08114914833365391,0.7054856146040881,14.979999542236328,-0.04281150751598961,-0.6573378933873142,0.026286634755053218
2019-11-22,71.7405014038086,14.869999885559082,11914.400390625,-0.0003859972815415,-0.0003859972815415,-0.00299213551850408,0.008937458925146524,0.0002858363462987512,71.31989028930664,70.40841426849366,0.01294555530447239,1,0.05732613628460042,0.08110898903913004,0.7067703616251811,14.869999885559082,-0.010645365951745145,-0.6872058178093593,0.028136084277801343
2019-11-25,71.78260040283203,15.0,12073.75,0.0005868233173682,0.0005868233173682,0.0010710079551015106,0.009955729651386802,0.009146327729306014,71.31114227294921,70.41117725372314,0.012781564722076588,1,0.05721927202216617,0.07944028833214435,0.720271199315552,15.0,-0.04822336407642025,-0.6409634110850666,0.04047279896197775
2019-11-26,71.67949676513672,14.84000015258789,12037.7001953125,-0.0014363318842827,-0.0014363318842827,-0.0035532026391401628,0.01363926291726747,-0.004382331681490048,71.31133224487304,70.41207473754883,0.012771353644613681,1,0.05399187429646027,0.07556901131923652,0.7144616409858405,14.84000015258789,-0.03698894876497627,-0.6866863647470001,0.039291748077792565
2019-11-27,71.42839813232422,14.619999885559082,12100.7001953125,-0.0035030747165433,-0.0035030747165433,-0.005881613403932673,0.0033487242975469567,-0.005314015307661957,71.30272018432618,70.41306571960449,0.012634792358912739,1,0.05132715387987045,0.07571089273744613,0.6779272320910383,14.619999885559082,-0.035620050612679144,-0.7519521845649416,0.04461362643499189
2019-11-28,71.22810363769531,13.989999771118164,12151.150390625,-0.0028041297280368,-0.0028041297280368,-0.007525618164387904,0.006971132015111348,-0.0029353355771536416,71.29608032226562,70.41341972351074,0.012535403083968832,1,0.052150780122673275,0.07522432174124684,0.6932609780262123,13.989999771118164,-0.06608810423036693,-0.9479685662810532,0.030907391993891586
2019-11-29,71.54740142822266,13.899999618530272,12056.0498046875,0.004482750125589,0.004482750125589,-0.0026916451907553762,0.009350460758416723,-0.005186304379950157,71.30132827758788,70.41620674133301,0.012569855395736962,1,0.053860789758362296,0.0745068556267667,0.7228873963058062,13.899999618530272,-0.065232029219504,-0.9702088605735347,0.017895002769542367
2019-12-02,71.7229995727539,14.199999809265137,12048.2001953125,0.0024542910158298,0.0024542910158298,-0.0008302963356531246,0.010325422327677858,0.0030837680335502604,71.3153742980957,70.41994674682617,0.012715538602844578,1,0.05422850540920267,0.07381358413325793,0.7346584153519528,14.199999809265137,-0.05333334604899087,-0.8673581023012626,0.014375981140075655
2019-12-03,71.625,14.5600004196167,11994.2001953125,-0.0013663618830456,-0.0013663618830456,-0.0007602838691136427,0.009229234437518885,-0.007414130196203184,71.3128923034668,70.4226212310791,0.012641833786141365,1,0.05452042252572223,0.07140102112543238,0.7635697374720788,14.5600004196167,-0.01886790634044322,-0.7465481355573484,0.008712814268492908
2019-12-04,71.95999908447266,13.31999969482422,12043.2001953125,0.0046771250886235,0.0046771250886235,0.007442431386514237,0.02053404820214144,0.0059410833942319385,71.31789230346679,70.42432121276856,0.012688387694906433,1,0.05061515028588051,0.06998360353785152,0.7232326501428997,13.31999969482422,-0.08891930238788426,-1.1341472660347287,0.008533442111971823
2019-12-05,71.4801025390625,14.3100004196167,12018.400390625,-0.0066689348459665,-0.0066689348459665,0.003537913948249871,0.006762007592429509,-0.008391434460605418,71.31664428710937,70.42612171173096,0.012644776593314422,1,0.05192672920623132,0.06942963512114035,0.7478936223992655,14.3100004196167,0.022873527786552605,-0.8121343670136147,0.008491943883959019
2019-12-06,71.38500213623047,13.640000343322754,11921.5,-0.0013304458087488,-0.0013304458087488,-0.0022698139799683936,0.006911707685537838,-0.004118243792326504,71.30999435424805,70.42704673767089,0.012537052985708508,1,0.05186895714390279,0.0686117483754261,0.7559667608720925,13.640000343322754,-0.018704984341216035,-1.0182741049012893,-0.003723016819639824
2019-12-09,71.28679656982422,14.600000381469728,11937.5,-0.0013757170759599,-0.0013757170759599,-0.0060817730090501065,0.004039388307383263,-0.009384115037229801,71.31189834594727,70.42622222900391,0.012575942438931564,1,0.05192500423609429,0.06829259833673834,0.76032022767442,14.600000381469728,0.0281690547589728,-0.7067384269838628,-0.006206251713875566
2019-12-10,70.96019744873047,14.289999961853027,11856.7998046875,-0.0045814812392902,-0.0045814812392902,-0.009281711012489091,-0.005832529257510655,-0.02069833914838648,71.31531036376953,70.42259822845459,0.012676500977980565,1,0.05063649276657836,0.06723645036664681,0.7530995373925813,14.289999961853027,-0.018543986949334124,-0.7991306233603606,-0.0043122218189255435
2019-12-11,71.01000213623047,13.380000114440918,11910.150390625,0.0007018679385155,0.0007018679385155,-0.013201736524857344,-0.005134754984281398,-0.013142830241773762,71.30981033325196,70.41879825592041,0.012653042928869374,1,0.05076546688737477,0.06595708840082022,0.7696624950510766,13.380000114440918,0.00450453611046342,-1.0803770995711266,-0.00027698144814491954
2019-12-12,70.72930145263672,13.350000381469728,11971.7998046875,-0.003952973879021,-0.003952973879021,-0.010503637512487951,-0.01463774511742122,-0.020641093088753282,71.2981964111328,70.41474227905273,0.012546437059713478,1,0.05077052589174663,0.0658382744274553,0.7711282715864055,13.350000381469728,-0.06708595457697997,-1.081301670394038,0.011093295204856357
2019-12-13,70.55989837646484,13.300000190734863,12086.7001953125,-0.0023950904744239,-0.0023950904744239,-0.011558502977852436,-0.02192363551797316,-0.01548904452130262,71.2850944519043,70.40964176177978,0.012433704649236432,1,0.04654742969668569,0.06434072473120622,0.7234408137354427,13.300000190734863,-0.024926696776392143,-1.0885939853643924,0.018076043244114715
2019-12-16,70.68900299072266,13.420000076293944,12053.9501953125,0.0018297165561236,0.0018297165561236,-0.008385754555768732,-0.017605250381412474,-0.01628185961485351,71.28890045166015,70.407336769104,0.012520906527783815,1,0.04722660699668212,0.06422067387579802,0.7353686714553153,13.420000076293944,-0.08082193659894954,-1.0425085673672414,0.013324422144397552
2019-12-17,70.92050170898438,12.520000457763672,12165.0,0.00327489013096,0.00327489013096,-0.0005594085300393292,-0.010951710692087557,-0.008937872653465906,71.28886047363281,70.40578926086425,0.012542593755985543,1,0.048261134970118226,0.06412103458657949,0.7526450974501534,12.520000457763672,-0.12386280677497175,-1.3172573371755711,0.02360217089486305
2019-12-18,71.21499633789062,12.34000015258789,12221.650390625,0.0041524611615788,0.0041524611615788,0.002886835593482795,-0.010010418216680916,-0.0009820764624013378,71.29032836914062,70.40753875732422,0.012538282510615062,1,0.04929015963717371,0.06425390885242582,0.7671034091788748,12.34000015258789,-0.0777279486515523,-1.3622760748396276,0.023580270723113195
2019-12-19,70.98989868164062,12.119999885559082,12259.7001953125,-0.0031608181959595,-0.0031608181959595,0.003684430973468711,-0.011984513340583591,-0.00043367449704989625,71.2897264099121,70.40743824005126,0.012531178408348165,1,0.05011977719445295,0.06413639091548577,0.7814439670690079,12.119999885559082,-0.09213486597483023,-1.4189249231166652,0.021718345077649914
2019-12-20,71.22270202636719,12.329999923706056,12271.7998046875,0.0032793869134901,0.0032793869134901,0.009393489292827795,-0.0076008828505160775,-0.0073366454359485855,71.29788040161132,70.40695175170899,0.012653986967710251,1,0.05179337103135083,0.06102830904154502,0.8486638935415944,12.329999923706056,-0.07293234985850117,-1.3412991883447412,0.02535003878213815
2019-12-23,71.02400207519531,11.960000038146973,12262.75,-0.0027898401144387,-0.0027898401144387,0.0047390551613328835,-0.009987375535338017,-0.009566267159887398,71.29416046142578,70.40357177734376,0.012649765652495093,1,0.052474556943600904,0.061252565940301686,0.8566775850199989,11.960000038146973,-0.10879284872181338,-1.4443133065825302,0.02923769538995047
2019-12-24,71.21070098876953,11.630000114440918,12214.5498046875,0.002628673520489,0.002628673520489,0.004091895471579843,-0.007967103599662018,-0.004637835588568451,71.29017440795899,70.40162528991699,0.012621144957703834,1,0.05346142850678382,0.06134788693730303,0.8714327378330435,11.630000114440918,-0.0710862868036769,-1.532811063837924,0.011661646521379021
2019-12-26,71.54000091552734,11.119999885559082,12126.5498046875,0.001119533054571,0.001119533054571,0.004563709813234951,-0.0019461053146960783,-0.002474958926213522,71.30137435913086,70.40282527923584,0.012762969047493966,1,0.0535554232087395,0.06118093872118617,0.8753469459802236,11.119999885559082,-0.09886549853672044,-1.6744713982173836,0.0073809455239297606
2019-12-27,71.30030059814453,10.529999732971191,12245.7998046875,-0.0033505774995145,-0.0033505774995145,0.004372480060803152,-0.0017933698294952949,0.0015269163480680081,71.30910034179688,70.40340179443359,0.012864414563486193,1,0.053441326585192794,0.05977620304732916,0.8940084825126415,10.529999732971191,-0.13118813264036144,-1.836470652372999,0.011991009365822203
2019-12-30,71.31300354003906,11.010000228881836,12255.849609375,0.000178161126783,0.000178161126783,0.0012678754259904945,0.0011919438818082106,0.007393840449364086,71.30631042480469,70.40481182098388,0.012804502710880294,1,0.05263540374725107,0.05868943255581516,0.8968310754430767,11.010000228881836,-0.10705593698231464,-1.672574659352226,0.008616403828791253
2019-12-31,71.31099700927734,11.670000076293944,12168.4501953125,-2.8136954862589825e-05,-2.8136954862589825e-05,0.004040816142382164,-0.0033041649902894044,0.0003646397675896029,71.29733032226562,70.40591682434082,0.012661059441194888,1,0.04993211688829411,0.056955839623584824,0.8766658616995684,11.670000076293944,-0.024247488371911485,-1.4564653201719586,0.009323152479122854
2020-01-02,71.0250015258789,11.489999771118164,12282.2001953125,-0.0035187409644473,-0.0035187409644473,-0.002607746593028315,-0.009731857995801896,-0.003996578915609561,71.28543029785156,70.40634181976318,0.012485927479924941,1,0.05003865461876294,0.057361056987241484,0.8723301995584394,11.489999771118164,-0.012037862592014559,-1.499644621041495,0.019421988031958604
2020-01-03,71.41500091552734,12.699999809265137,12226.650390625,0.0054910155757805,0.0054910155757805,-0.0017472742298060284,-0.002931924390543239,0.00280846153087988,71.28528030395508,70.40746681213379,0.012467619296168353,1,0.054188141857738924,0.05839950825645486,0.9278710661178132,12.699999809265137,0.14208632553655964,-1.1246693388887314,0.019380216398534378
2020-01-06,71.73100280761719,14.779999732971191,11993.0498046875,0.0044248671573023,0.0044248671573023,0.006040678732901039,-0.0031822718144652873,0.017479751430835355,71.29780029296874,70.41204181671142,0.012579644807958035,1,0.053903845539157474,0.05540152112849715,0.9729493250701761,14.779999732971191,0.4036087471771286,-0.4916150606340822,-0.004164208002165437
2020-01-07,71.78700256347656,14.609999656677246,12052.9501953125,0.0007806911052055,0.0007806911052055,0.0066467404247161355,0.004293502856215881,0.012189389061090461,71.31204040527344,70.41647682189941,0.012718097010719909,1,0.048722759752763675,0.054143333381304615,0.8998681248809511,14.609999656677246,0.32697541807054287,-0.5434092380471447,0.0028747423587627274
2020-01-08,72.16000366210938,15.640000343322754,12025.349609375,0.0051959419576403,0.0051959419576403,0.01190569040454692,0.010856643590202664,0.01431514159425662,71.34094055175781,70.42356433868409,0.013026551860707336,1,0.05153089139480007,0.055083850191959584,0.9354821010718067,15.640000343322754,0.34018853822403483,-0.23164452773014932,0.008711119353688623
2020-01-09,71.41190338134766,14.0,12215.900390625,-0.0103672428325352,-0.0103672428325352,0.005447403691047903,0.0017549787273847262,0.005518259036970896,71.34537857055665,70.42879886627198,0.013014274260520153,1,0.06342399409805204,0.058885346176857783,1.077057725870204,14.0,0.2184508510775689,-0.7293555582332161,0.02332149869109945
2020-01-10,71.19429779052734,14.079999923706056,12256.7998046875,-0.0030471893412261,-0.0030471893412261,-0.0030904308922582446,0.0032990373507064685,0.005356143981424477,71.35456451416016,70.43233283996582,0.013093868071781811,1,0.0622552419803275,0.05891878561643915,1.0566101238996655,14.079999923706056,0.10866142796586153,-0.704588566410872,0.03373591581109969
2020-01-13,70.9530029296875,14.279999732971191,12329.5498046875,-0.0033892441997223,-0.0033892441997223,-0.010846075580684178,-0.0008026926465037887,-0.0036089897217986833,71.3559326171875,70.43716335296631,0.013043814095936357,1,0.06329608384489369,0.059165283826845425,1.069799888567185,14.279999732971191,-0.03382949993460427,-0.641222206221085,0.03521361194503703
2020-01-14,70.71890258789062,13.90999984741211,12362.2998046875,-0.0032993718677257,-0.0032993718677257,-0.01487873761885361,-0.00014702343346428837,-0.009677930804888768,71.35051071166993,70.44180736541747,0.01290005722792631,1,0.06284322180335261,0.059258688313029065,1.0604716898171005,13.90999984741211,-0.04791237684562255,-0.7505968308425327,0.03261832025015177
2020-01-15,70.84510040283203,14.119999885559082,12343.2998046875,0.0017844990564519,0.0017844990564519,-0.01822205089448725,0.004041984653174069,-0.0019005768909756693,71.3480126953125,70.44680786132812,0.012792699362025983,1,0.06262295606962526,0.058118298070865514,1.0774898897310903,14.119999885559082,-0.09718672790263794,-0.6840978335405791,0.021229914304858433
2020-01-16,70.71800231933594,14.18000030517578,12355.5,-0.001794027854762,-0.001794027854762,-0.00971688232851331,0.00041023818962449,-0.002763899109613499,71.35213073730469,70.45176635742187,0.01277986949702603,1,0.06258829876830078,0.05820332502566326,1.0753204120261606,14.18000030517578,0.012857164655412756,-0.6630630772884835,0.02501667916338035
2020-01-17,70.94560241699219,14.130000114440918,12352.349609375,0.0032184180858008,0.0032184180858008,-0.0034931923096830353,0.00035392738916040223,-0.007094181127129118,71.35104278564454,70.45980785369873,0.012648841362104646,1,0.06255004327963017,0.05652883362935959,1.1064961501521895,14.130000114440918,0.003551149929388764,-0.6763675392342077,0.015400707716810569
2020-01-20,71.03469848632812,15.40999984741211,12224.5498046875,0.0012558363915533,0.0012558363915533,0.0011514037921915854,-0.002531739954139023,-0.010107352679915138,71.35383682250976,70.47021633148194,0.012538921221291632,1,0.06083932932362137,0.05590429503057662,1.088257011976167,15.40999984741211,0.07913166215485656,-0.28819580657469385,0.00023723588630253367
2020-01-21,71.03099822998047,15.859999656677246,12169.849609375,-5.209082922152941e-05,-5.209082922152941e-05,0.0044131855935118924,0.0005789492463450507,-0.008224022535794573,71.35445678710937,70.48228134155273,0.01237439295317544,1,0.059915576889722336,0.055774663680561457,1.0742243648210266,15.859999656677246,0.14018690371358455,-0.15136861675970711,-0.007328938269783647
2020-01-22,71.16999816894531,16.360000610351562,12106.900390625,0.0019568912507015,0.0019568912507015,0.004586030145569353,-0.0007399867727899689,-0.0035353346529238827,71.35032669067382,70.49154384613037,0.01218277821263225,1,0.059143512451256715,0.05564077429246843,1.062933617831491,16.360000610351562,0.1586402792455679,0.00045653054120185375,-0.013437264027034823
2020-01-23,71.0781021118164,15.859999656677246,12180.349609375,-0.0012912190458507,-0.0012912190458507,0.005092052669338543,0.0007617148434386767,-0.00037833125444275417,71.3443586730957,70.50228435516357,0.01194392955680823,1,0.05853224714394202,0.05566225108242769,1.051542013909066,15.859999656677246,0.11847667950248608,-0.15049134875170214,-0.006719568663228093
2020-01-24,71.32099914550781,15.5600004196167,12248.25,0.0034173258215208,0.0034173258215208,0.005291331889877737,0.0015488986234761803,0.0034611636697610138,71.33517868041992,70.51308685302735,0.011658712787685488,1,0.05905692611208345,0.05607512679785384,1.0531562981333384,15.5600004196167,0.1012031347200284,-0.24035955191703245,0.002759020663992695
2020-01-27,71.32499694824219,17.18000030517578,12119.0,5.6053655757448695e-05,5.6053655757448695e-05,0.00408671350903167,-0.003005367130747283,0.008626184571047135,71.31884857177734,70.52509483337403,0.011254912032074182,1,0.058903408363216225,0.05510340496981763,1.0689419184451665,17.18000030517578,0.11486051105061623,0.2480332953168967,-0.0006225847260019624
2020-01-28,71.44000244140625,17.299999237060547,12055.7998046875,0.0016124149749003,0.0016124149749003,0.005758108735872236,0.001959344379893979,0.003511729055013957,71.30853256225586,70.5351573562622,0.010964393289540242,1,0.05796811388762754,0.053547402087358933,1.0825367635257965,17.299999237060547,0.09079442695807649,0.2819202554419633,-0.015515523937217335
2020-01-29,71.23040008544922,16.5,12129.5,-0.0029339634489646,-0.0029339634489646,0.0008486991437111069,-0.0011583224726113839,0.007003597523475014,71.29902450561524,70.54445934295654,0.010696306551735368,1,0.0589254353947614,0.053809728354861974,1.0950499500056905,16.5,0.008557419585904835,0.03847873373655955,-0.010309330923769622
2020-01-30,71.30000305175781,16.799999237060547,12035.7998046875,0.0009771525391559,0.0009771525391559,0.003121931134181466,-0.0001541691741892004,0.0058603037395601465,71.28632263183594,70.55380935668946,0.010382334870725707,1,0.059027599407829194,0.053678070494183376,1.099639000161625,16.799999237060547,0.059268575077651375,0.12754992109986077,-0.010901173813909315
2020-01-31,71.63999938964844,17.3700008392334,11962.099609375,0.0047685318841266,0.0047685318841266,0.00447273941703763,0.00865889265127917,0.009156240955609851,71.28210266113281,70.56603286743164,0.010147513819381171,1,0.059739426861459645,0.05444164787739365,1.0972909876829373,17.3700008392334,0.11632393128568341,0.2985796031389482,-0.026062153429127988
2020-02-03,71.49649810791016,15.779999732971191,11707.900390625,-0.0020030888185492,-0.0020030888185492,0.0024045028672405877,0.0011411775024579018,0.007418583600833362,71.27666854858398,70.57896434783936,0.00988544118196577,1,0.05731123607476782,0.05459407386701013,1.0497510492315492,15.779999732971191,-0.08149013663188442,-0.1828656004497329,-0.04242781002372986
2020-02-04,71.31410217285156,14.380000114440918,11979.650390625,-0.0025511170460866,-0.0025511170460866,-0.001762321728053573,-0.005812000647526849,0.01137396206645147,71.26814056396485,70.59128486633301,0.009588374810197697,1,0.05568952080392586,0.053252036649056964,1.0457529618625427,14.380000114440918,-0.16878608389556016,-0.604108336544424,-0.0011172649393370593
2020-02-05,71.0999984741211,14.170000076293944,12089.150390625,-0.0030022631177705,-0.0030022631177705,-0.001830701655075595,-0.009570034474527533,0.001408429212973239,71.25448852539063,70.60193286895752,0.009242744920940016,1,0.056326999009898036,0.05175916341723406,1.088230702748195,14.170000076293944,-0.14121211658824584,-0.6645506258719329,0.00300343025781169
2020-02-06,71.18000030517578,13.779999732971191,12137.9501953125,0.0011252015860985,0.0011252015860985,-0.001683067902464419,-0.01358097709532391,0.00402008146702193,71.2444985961914,70.61203285217285,0.008956911711388349,1,0.05284147798895854,0.05173183375237584,1.0214301857479784,13.779999732971191,-0.17976188340695165,-0.7780576060102063,0.009363601857339532
2020-02-07,71.47000122070312,13.75,12098.349609375,0.0040741909846024,0.0040741909846024,-0.002372950452172673,0.0008135595972735832,0.0066197355028609906,71.24533065795899,70.62162036895752,0.008831718753307127,1,0.041916070560526646,0.05229508181556216,0.8015145514793299,13.75,-0.20840533473417855,-0.7813441662085086,-0.009622768481332256
2020-02-10,71.5155029296875,14.210000038146973,12031.5,0.0006366546552007,0.0006366546552007,0.00026581472212328094,0.004511669461298995,0.001947418732225037,71.25107864379883,70.63288887023926,0.008752151914602546,1,0.04041067907724149,0.05119987808301583,0.7892575399140738,14.210000038146973,-0.0994930114950392,-0.6378723789889984,-0.018381617410552442
2020-02-11,71.27999877929688,13.880000114440918,12107.900390625,-0.0032930503281528,-0.0032930503281528,-0.00047821388078372884,0.004608625936994182,-0.0013520445438230944,71.24573059082032,70.64358787536621,0.00852367120022901,1,0.04030373492175228,0.051607352460974774,0.7809537216331247,13.880000114440918,-0.03477051432690059,-0.7319663012746636,-0.017977088991378398
2020-02-12,71.27529907226562,13.619999885559082,12201.2001953125,-6.593304028812419e-05,-6.593304028812419e-05,0.0024655499564931738,0.007867719435882048,-0.007031202502288392,71.23677658081054,70.65281436920166,0.008265236379082275,1,0.038248111462637235,0.05124967025773581,0.7462948537119676,13.619999885559082,-0.03881440986404783,-0.8049048249863493,-0.0130315242244744
2020-02-13,71.29620361328125,13.369999885559082,12174.650390625,0.0002932929259886,0.0002932929259886,0.0016325275022093244,0.006367458128850201,-0.011717232649702036,71.23020065307617,70.6634903717041,0.00801984558632829,1,0.03790348259459574,0.050163511705730274,0.7555836049385096,13.369999885559082,-0.029753255105739118,-0.8739768070821909,-0.013663235660731021
2020-02-14,71.26850128173828,13.619999885559082,12113.4501953125,-0.0003885526877872,-0.0003885526877872,-0.002819363866282898,0.007784424677559354,-0.009551719359318311,71.21637069702149,70.67078289031983,0.007720132484571485,1,0.03722948626385008,0.04993830416804108,0.7454946936900912,13.619999885559082,-0.009454553777521357,-0.7924943340389322,-0.019590449976730984
2020-02-17,71.51480102539062,14.420000076293944,12045.7998046875,0.0034559411131527,0.0034559411131527,-9.814715245193284e-06,0.008023028757341288,-0.0026636880743061697,71.21706466674804,70.68135189056396,0.007579266126849449,1,0.03746664506112369,0.050012072086801335,0.7491370455327677,14.420000076293944,0.014778327767996036,-0.5472985936651266,-0.024817125031406095
2020-02-18,71.34919738769531,14.510000228881836,11992.5,-0.0023156554352505,-0.0023156554352505,0.0009707997977481675,0.004427398272517813,-0.008144833044975486,71.21634857177735,70.69129787445068,0.007427373851010222,1,0.03844843037723265,0.049756076618083414,0.7727228565365349,14.510000228881836,0.04538905686214356,-0.5162102991659039,-0.01898227815297715
2020-02-19,71.57499694824219,14.020000457763672,12125.900390625,0.0031647105898042,0.0031647105898042,0.004204792963024895,0.007658610069090965,-0.0038412963568209557,71.2221125793457,70.6988603591919,0.007401140803336537,1,0.039761187376556706,0.0501566376980584,0.7927244822795125,14.020000457763672,0.02936861788293399,-0.6593976647629047,-0.0036113197911783468
2020-02-20,71.82749938964844,13.699999809265137,12080.849609375,0.0035278023356235,0.0035278023356235,0.007451950446744737,0.00923846055387445,0.0008262106505483313,71.23945861816406,70.70920783996581,0.00749903434639454,1,0.0409087953189851,0.05063014895934394,0.8079768316503,13.699999809265137,0.024682118663477803,-0.7523381152645086,-0.00215173003902569
2020-02-24,71.88680267333984,17.0,11829.400390625,-0.0030952424784708,-0.0030952424784708,0.008675661484128794,0.011377633019115097,0.0020393120576027712,71.25699462890626,70.71816284179687,0.007619425695698734,1,0.04232422536852069,0.05099630366849649,0.8299306497387708,17.0,0.24816447451109314,0.23678526035279068,-0.028812737729619897
2020-02-25,72.04669952392578,16.899999618530273,11797.900390625,0.0022242865816766,0.0022242865816766,0.007437600201758432,0.010175129164096575,0.003679152323984747,71.28334259033203,70.72759632110596,0.007857559116005497,1,0.04142897945018751,0.05118715319523612,0.8093470239524707,16.899999618530273,0.17198332379438575,0.20542250295463046,-0.036768486059232997
2020-02-26,71.87000274658203,18.26000022888184,11678.5,-0.0024525311847917,-0.0024525311847917,0.007299386369503003,0.007641161186944467,0.0026577471947035747,71.30954467773438,70.73788734436035,0.008081345864785927,1,0.04251116881194496,0.05133942017569926,0.8280253388355904,18.26000022888184,0.2584424494036679,0.6100977936699431,-0.03634788348873674
2020-02-27,71.66339874267578,17.770000457763672,11633.2998046875,-0.0028746903577386,-0.0028746903577386,0.0012350932337101828,0.0031270477832465726,0.0032900165269871273,71.32903259277344,70.74803985595703,0.0082121389935228,1,0.04343643859746653,0.05118340893271796,0.8486263591431493,17.770000457763672,0.26747502693007497,0.46020004617017657,-0.035045372919656925
2020-02-28,71.93000030517578,23.239999771118164,11201.75,0.0037201914391096,0.0037201914391096,0.0014270427955636045,0.009821652256442714,0.009854209667727432,71.34922256469727,70.76056785583496,0.008318965303693027,1,0.043953297738599996,0.0514206343635264,0.8547627527330455,23.239999771118164,0.6963503718738191,2.0734480065664522,-0.07648707696112778
2020-03-02,72.1500015258789,25.200000762939453,11132.75,0.0030585460832717,0.0030585460832717,0.0036612958533579487,0.01192143671444268,0.008422389711257194,71.36792266845703,70.77547786712647,0.008370763704948825,1,0.04494808924832941,0.050998877266933744,0.8813372042656253,25.200000762939453,0.482352986055262,2.608942347363399,-0.07503031118345749
2020-03-03,72.82499694824219,24.540000915527344,11303.2998046875,0.0093554457115454,0.0093554457115454,0.010802679782131452,0.016541004588073394,0.015364630342467045,71.40462463378907,70.79260135650635,0.008645300010951873,1,0.05272503782274465,0.05410626890430288,0.9744538745061607,24.540000915527344,0.4520710928667755,2.377948017508558,-0.05507392733723615
2020-03-04,73.34200286865234,24.229999542236328,11251.0,0.0070992920298726,0.0070992920298726,0.020481425710538348,0.025812519627978814,0.023972116839823254,71.44701065063477,70.80976135253906,0.008999455525955602,1,0.05636609943599501,0.05577314725722731,1.0106133792783536,24.229999542236328,0.3269440984952312,2.255170256139198,-0.03902496394578647
2020-03-05,74.0425033569336,23.25,11269.0,0.0095511502397305,0.0095511502397305,0.03319832237932996,0.038258929173207834,0.028939748456865866,71.50738067626953,70.82992385864257,0.009564556626927567,1,0.0619805676929257,0.05813946135477163,1.066048776509045,23.25,0.3083848846971824,1.9511850670309474,-0.059321463269173424
2020-03-06,73.8551025390625,25.63999938964844,10989.4501953125,-0.0025309897609444,-0.0025309897609444,0.026763551031824484,0.03874970638633979,0.03322602956119303,71.56026870727538,70.84714935302735,0.01006560406114021,1,0.06155880643712993,0.05667982916814204,1.0860604430206464,25.63999938964844,0.10327020835486023,2.5888380237695428,-0.09096587930325573
2020-03-09,73.99530029296875,30.799999237060547,10451.4501953125,0.001898281216685,0.001898281216685,0.025575865946835252,0.03955184006353907,0.03656647865271223,71.60937469482423,70.86751335144044,0.01046828523112997,1,0.061536875341336734,0.05664348054050725,1.086370194485778,30.799999237060547,0.22222215494361297,3.9032810390959414,-0.1389443829363628
2020-03-11,74.20500183105469,31.559999465942383,10458.400390625,-0.0027013467154156,-0.0027013467154156,0.01894960440291249,0.038267812559646286,0.040936125645260724,71.66746871948243,70.88545337677002,0.01103209904796465,1,0.06266548868871587,0.05688026703874629,1.1016893953158513,31.559999465942383,0.2860634999395306,3.96414266122881,-0.13555148195413402
2020-03-12,74.76000213623047,41.15999984741211,9590.150390625,0.0074792842999906,0.0074792842999906,0.019334067957178735,0.04536777444930906,0.053548395073807376,71.73640869140625,70.90771839141846,0.011686884288298893,1,0.06607945090206954,0.05765727758998857,1.146053154274993,41.15999984741211,0.69872062010007,5.988789606720907,-0.2029131537526493
2020-03-13,75.30000305175781,51.470001220703125,9955.2001953125,0.0072231260045088,0.0072231260045088,0.016983484320650888,0.05639736730226397,0.06041403726896255,71.81618881225586,70.93317241668701,0.012448567651559328,1,0.06616509218258569,0.05914316401445928,1.1187087227475219,51.470001220703125,1.2137634933635755,7.468202267659513,-0.17779302156956212
2020-03-16,73.90399932861328,58.880001068115234,9197.400390625,-0.0185392253196189,-0.0185392253196189,0.0006620637961327613,0.03688094319579682,0.04488518634815697,71.87376876831054,70.95151741027831,0.012998331701622234,1,0.09754541172344004,0.07003892769014265,1.3927114852970999,58.880001068115234,1.2964119527977322,7.839930406869886,-0.2461888795039614
2020-03-17,75.15499877929688,62.93000030517578,8967.0498046875,0.0169273579515101,0.0169273579515101,0.015672596526219218,0.05412343112890228,0.06512339882230789,71.94856872558594,70.97588489532471,0.013704426957067861,1,0.11142869828340521,0.07708921258533191,1.4454324945603658,62.93000030517578,1.0431818787012936,7.529832938438682,-0.2634655191747838
2020-03-18,74.01239776611328,63.959999084472656,8468.7998046875,-0.0152032603518363,-0.0152032603518363,-0.0025955671476151077,0.03850083045141983,0.047014311063727776,71.99419662475586,70.99530937194824,0.01406976406813576,1,0.12638652354952346,0.08344348914309141,1.5146179795384047,63.959999084472656,1.0266159748669947,6.901705520696173,-0.30087632605575554
2020-03-19,74.98200225830078,72.19999694824219,8263.4501953125,0.0131005685730052,0.0131005685730052,0.0029695039556818514,0.04848228874578231,0.05726835613744519,72.05809661865234,71.02049438476563,0.014609898774645691,1,0.13264393241309747,0.08698862182058181,1.5248247967634434,72.19999694824219,0.7541301558770945,7.20167365164102,-0.3139973825484911
2020-03-20,75.15969848632812,67.0999984741211,8745.4501953125,0.0023698517334227,0.0023698517334227,-0.0018632743657825968,0.05340636248404329,0.05539145336357598,72.11809051513671,71.04949287414551,0.015040186745373108,1,0.1317850946834943,0.08677395258067745,1.5186997026701856,67.0999984741211,0.3036719814012945,6.01475604813748,-0.27075670666562435
2020-03-23,75.62210083007812,71.98999786376953,7610.25,0.0061522644856553,0.0061522644856553,0.023247747308306366,0.056543542499380095,0.06525156725763126,72.20229446411133,71.07900337219239,0.01580341646093486,1,0.132504467104273,0.08710004548234007,1.5212729809441674,71.98999786376953,0.2226561915392633,6.078156344156597,-0.37239712063907626
2020-03-24,76.50599670410156,83.61000061035156,7801.0498046875,0.0116883274111829,0.0116883274111829,0.01797615523582241,0.06513518296207566,0.07417992476301238,72.30852844238281,71.1121583557129,0.01682370658313448,1,0.13648713172951685,0.08965113630303614,1.522408024591541,83.61000061035156,0.3286191038437818,6.669393388018676,-0.35426314730102115
2020-03-25,77.26000213623047,77.62999725341797,8317.849609375,0.0098555076021704,0.0098555076021704,0.043879194136905886,0.07474528373875433,0.08780130489454696,72.43466842651367,71.14938335418701,0.018064598900715767,1,0.1370584825054439,0.09106086602983282,1.5051139239837463,77.62999725341797,0.21372730401217166,5.638516897959072,-0.29684943152596
2020-03-26,75.84549713134766,71.52999877929688,8641.4501953125,-0.0183083738774515,-0.0183083738774515,0.011516028474036766,0.052726878989930004,0.06508566940394345,72.53720031738281,71.17871082305908,0.019085615328166883,1,0.15605745493639853,0.09896811341653022,1.5768298770102267,71.52999877929688,-0.009279753424721204,4.7992600944055885,-0.2675433840601603
2020-03-27,74.72560119628906,70.38999938964844,8660.25,-0.0147654900741065,-0.0147654900741065,-0.005775665666328145,0.03973282789171506,0.044528938216302105,72.61481033325195,71.20449081420898,0.01980660914664578,1,0.1662129242490963,0.10375777387568731,1.6019168118566522,70.38999938964844,0.04903131133149308,4.4847524705351685,-0.25844500577985186
2020-03-30,75.46499633789062,71.88999938964844,8281.099609375,0.0098948035179979,0.0098948035179979,-0.0020774944158257203,0.05304796677122958,0.0584106336832817,72.70975021362305,71.2360062789917,0.020688188622752346,1,0.16771670551813772,0.10509640317752805,1.5958215945148961,71.88999938964844,-0.001389060662431607,4.414055885540911,-0.28815557508126544
2020-03-31,75.4000015258789,64.41000366210938,8597.75,-0.0008612577375702,-0.0008612577375702,-0.014456320103903186,0.04824136251885203,0.057310697670238664,72.79883819580078,71.26488128662109,0.02152472412057005,1,0.16796263325499783,0.10514117346737771,1.5974810840971565,64.41000366210938,-0.22963756498125276,3.6696301274390914,-0.23246367755038277
2020-04-01,75.32499694824219,60.04999923706055,8253.7998046875,-0.0009947556514435,-0.0009947556514435,-0.025045368036313742,0.04400547962877677,0.0562886526245403,72.88464416503906,71.29470626831055,0.022300924990769078,1,0.168238200366921,0.10518854224348326,1.599381428787839,60.04999923706055,-0.22645882569039244,3.2312893167475605,-0.25860189039657766
2020-04-03,77.13999938964844,55.29999923706055,8083.7998046875,-0.0055433841287545,-0.0055433841287545,0.017067621774025543,0.059251666628602706,0.08609641298693171,73.00682418823243,71.33368125915527,0.023455160304970635,1,0.16777073539430581,0.10559954241240332,1.5887298640863825,55.29999923706055,-0.22689780258927983,2.7959210607474985,-0.2848283293932332
2020-04-07,75.96489715576172,51.79999923706055,8792.2001953125,-0.0034777146726671,-0.0034777146726671,0.016584623470840665,0.035762512401068314,0.06371065157047573,73.10272216796875,71.3658882522583,0.024337032134613468,1,0.1670306005835795,0.10547479921252635,1.583591703790028,51.79999923706055,-0.26410001866432375,2.479599720275527,-0.21854055681161677
2020-04-08,76.66000366210938,52.2400016784668,8748.75,0.0091503646075157,0.0091503646075157,0.015835253192992393,0.035351321018384674,0.06871506965700425,73.2143601989746,71.40225578308106,0.02537881185993185,1,0.16676642323778415,0.10659347190820075,1.5644941079252548,52.2400016784668,-0.27333423115887623,2.472250217109671,-0.22364451149170295
2020-04-09,75.95899963378906,49.75,9111.900390625,-0.0091443255261256,-0.0091443255261256,0.007413767859385301,0.028486821118605787,0.058116329158937496,73.30712020874023,71.43355079650878,0.026228143377173607,1,0.1698804599762633,0.10837709137303277,1.5674797168326393,49.75,-0.22760445316871558,2.248693023538812,-0.17085020372432824
2020-04-13,76.16649627685547,51.459999084472656,8993.849609375,-0.0063079613750587,-0.0063079613750587,0.011171581317042767,0.029342349788301858,0.05552234494757746,73.4039501953125,71.46538326263428,0.027125957270165646,1,0.1712774959598414,0.10878897790361222,1.5743867152137216,51.459999084472656,-0.1430474648080674,2.3419895935495685,-0.13946395559452962
2020-04-15,75.93099975585938,49.7400016784668,8925.2998046875,-0.0127292141416489,-0.0127292141416489,-0.015672798073048777,0.02325985960804,0.06328211629340319,73.49377014160156,71.49618576049805,0.027939733565579772,1,0.17663855694631972,0.10982873323853004,1.6082945094903687,49.7400016784668,-0.1005424527179305,2.1824243225701307,-0.14659035116993457
2020-04-16,77.2125015258789,46.09999847412109,8992.7998046875,0.0168771881595124,0.0168771881595124,0.016423432622557854,0.03280496682142142,0.08453210330213135,73.61341217041016,71.53168575286865,0.029102157954637775,1,0.18484596949549342,0.11451081677427878,1.6142086878234985,46.09999847412109,-0.11003862638788164,1.8900447768576452,-0.06228792684225781
2020-04-17,77.56999969482422,42.59000015258789,9266.75,0.0046300555205491,0.0046300555205491,0.011870545124492704,0.030146036534767662,0.09325886843286924,73.73881210327148,71.57071075439453,0.03029313703921588,1,0.1837621331026821,0.11450193602067431,1.6048683072153063,42.59000015258789,-0.18472437243156936,1.615443402909328,-0.06915483182715532
2020-04-20,76.55999755859375,43.459999084472656,9261.849609375,-0.0130205252056725,-0.0130205252056725,0.007912135858847424,0.03593849120628234,0.08259595040298762,73.8372120666504,71.60416072845459,0.03118605560735821,1,0.17773673689653793,0.11749870784328319,1.512656841101228,43.459999084472656,-0.1264321792065798,1.6624767567152594,0.007007329898967241
2020-04-21,77.20999908447266,45.20000076293945,8981.4501953125,0.0084900933464822,0.0084900933464822,0.01370028632831155,0.02734349462516228,0.08984246822220876,73.95148208618164,71.64131072998048,0.03224635803926468,1,0.16984832709891073,0.11854325043556511,1.4327841837528175,45.20000076293945,-0.1216478513973015,1.7705035091072194,0.0016059228998006603
2020-04-22,76.96939849853516,42.81999969482422,9187.2998046875,-0.0031161842868857,-0.0031161842868857,0.013675557361479962,0.03995277577367906,0.08839893625629114,74.06458801269531,71.67830821990967,0.03329151945752562,1,0.16152079726997398,0.11868424284246759,1.3609172749839047,42.81999969482422,-0.13912347708340256,1.5829212195669926,0.08484082946467919
2020-04-23,76.4000015258789,39.22999954223633,9313.900390625,-0.0073977058904401,-0.0073977058904401,-0.010522907352349953,0.018911195018417093,0.07688142637548934,74.17058807373047,71.71229572296143,0.03427992823247372,1,0.15639963817157018,0.11964445438613812,1.3071924794302117,39.22999954223633,-0.14902384293442728,1.3135185448560964,0.12712004919063657
2020-04-24,76.42250061035156,39.119998931884766,9154.400390625,0.0002944906285771,0.0002944906285771,-0.014793078367760004,0.016801585816009545,0.07584746945973753,74.27543807983399,71.74622074127197,0.035252272697160913,1,0.15603638521534813,0.11963449619584786,1.3042649562794526,39.119998931884766,-0.08147455290610695,1.2954684203630698,0.0467614801044427
2020-04-27,76.27149963378906,38.040000915527344,9282.2998046875,-0.0019758706579413,-0.0019758706579413,-0.0037682593260780495,0.008587420827809611,0.07377766798153629,74.3714680480957,71.77956573486328,0.03610919468092488,1,0.15394232893524662,0.1197299703530073,1.2857352486275915,38.040000915527344,-0.12471233969449769,1.209008216236513,0.21971023352550834
2020-04-28,76.1863021850586,35.349998474121094,9380.900390625,-0.0011170286298228,-0.0011170286298228,-0.013258605252592592,-0.004178685760796497,0.07048340796926023,74.46488403320312,71.81387226104736,0.03691503728582113,1,0.1465706880003083,0.11972869347625331,1.224179931851062,35.349998474121094,-0.21792040094155507,1.0103816528528498,0.2025176899893908
2020-04-29,76.46499633789062,33.84000015258789,9553.349609375,0.0036580611584884,0.0036580611584884,-0.006553281829974722,-0.010290004871317926,0.07578838019056611,74.568583984375,71.85149475097656,0.03781534737468362,1,0.14181120195129684,0.11985645955550055,1.183165423972886,33.84000015258789,-0.20971507721243088,0.8974012419497213,0.14853598682614733
2020-04-30,75.25849914550781,33.9900016784668,9859.900390625,-0.0157784247716619,-0.0157784247716619,-0.014941130334721664,-0.007739391368525084,0.0552081441255019,74.64824798583984,71.88194972991943,0.03848390682659786,1,0.13841574493172196,0.12400926860367692,1.1161635765348057,33.9900016784668,-0.1335711935996322,0.9029729887960152,0.14100066166827419
2020-05-04,75.60050201416016,43.66999816894531,9293.5,-0.0015781722743857,-0.0015781722743857,-0.010755976180136462,0.011708180380816335,0.05994399227273073,74.73433395385742,71.9145397567749,0.03921034893109865,1,0.13047256413778185,0.12405774744421284,1.0516998343583406,43.66999816894531,0.11630877712913401,1.5768633232249305,0.07312144568574808
2020-05-05,75.8499984741211,43.61000061035156,9205.599609375,0.0033001958097342,0.0033001958097342,-0.005526325845063629,0.005101731331260462,0.061730065537607404,74.82596389770508,71.94875225067139,0.039989736542051624,1,0.12515117069891418,0.12418551078910664,1.0077678316564165,43.61000061035156,0.14642480443660122,1.5586457539285927,0.11163976326928582
2020-05-06,76.16999816894531,41.25,9270.900390625,0.0042188490607999,0.0042188490607999,-0.00021400193533060996,0.010212156863181665,0.06934676876123769,74.91906784057618,71.98590225219726,0.04074638917635265,1,0.12682910962950103,0.12428558873580704,1.0204569207309935,41.25,0.16690245489538458,1.381658229676142,0.07829378507458351
2020-05-07,76.15129852294922,39.93000030517578,9199.0498046875,-0.0002454988374112,-0.0002454988374112,-0.004102502190089785,0.010969818893916461,0.06804060678187862,75.01510986328125,72.02445873260498,0.04152271580102029,1,0.1268934791519359,0.12428143111812777,1.0210089874354518,39.93000030517578,0.17996454270471274,1.2798025541708224,0.11452301029438261
2020-05-08,76.08000183105469,38.40999984741211,9251.5,-0.000936250507574,-0.000936250507574,0.010915746325987019,-0.013741218135607025,0.06197658402057171,75.1052099609375,72.06060874938964,0.04225056191429477,1,0.12602947093781555,0.12396212201069076,1.0166690616822847,38.40999984741211,0.13003818625126606,1.166044010909364,0.14444942026340057
2020-05-11,75.5250015258789,38.040000915527344,9239.2001953125,-0.0072949565170651,-0.0072949565170651,-0.0009986770758096952,-0.005790775033642559,0.05634546480708047,75.1791600036621,72.0944087600708,0.042787662686260663,1,0.12756481072939183,0.12478678965681361,1.0222539487253959,38.040000915527344,-0.12892139888894205,1.1335204679937283,0.05084051660223965
2020-05-12,76.30999755859375,38.209999084472656,9196.5498046875,0.0103938565621328,0.0103938565621328,0.006064589238318874,-0.004565693801142134,0.07005480309677181,75.26762390136719,72.13412075042724,0.043439957655841965,1,0.12892971638143796,0.12635431408424236,1.02037430966678,38.209999084472656,-0.12382484407939054,1.1387281935377547,0.05118443259751393
2020-05-13,75.68000030517578,38.84000015258789,9383.5498046875,-0.0082557629874674,-0.0082557629874674,-0.006432950972149354,-0.0036730253157412074,0.06441634218489778,75.34028991699219,72.1691707611084,0.043940080264753156,1,0.12828980971964152,0.12734250167199612,1.0074311451720783,38.84000015258789,-0.05842423872514202,1.1750422371842533,0.029812596979439387
2020-05-14,75.42620086669922,38.18000030517578,9142.75,-0.0033535866471079,-0.0033535866471079,-0.009521802914910005,-0.0097194363183698,0.05965440493563312,75.41141387939453,72.20355026245117,0.04442805935834393,1,0.12724883382042804,0.12752511264083852,0.9978257094592744,38.18000030517578,-0.04382669638430137,1.1224697508941743,0.01655580169694959
2020-05-15,75.48500061035156,38.02000045776367,9136.849609375,0.0007795665561396,0.0007795665561396,-0.007820730893571715,-0.005873742568145213,0.0561774075986079,75.48784591674804,72.23723777770996,0.044999064735018246,1,0.1202208325407166,0.12728079594526603,0.9445249546322727,38.02000045776367,-0.010153589981717115,1.1042654571873098,0.023702263152706182
2020-05-18,75.81999969482422,40.91999816894531,8823.25,0.0044379556436899,0.0044379556436899,0.0039059670703116556,-0.018034668007589016,0.060189701376620386,75.56564590454101,72.27186279296875,0.04557490265620645,1,0.10415763175778076,0.12757553150452097,0.8164325407615404,40.91999816894531,0.07570970515519626,1.2942877480658594,-0.018853950757262705
2020-05-19,75.60009765625,39.45000076293945,8879.099609375,-0.002900317059606,-0.002900317059606,-0.009302842681899737,-0.025395153362436584,0.06060744880663327,75.63464782714844,72.30593326568604,0.04603653408678299,1,0.10215182150719931,0.12753502967799785,0.8009644158212513,39.45000076293945,0.03245228233911934,1.1856329209042074,-0.04183239977608111
2020-05-20,76.0,35.810001373291016,9066.5498046875,0.0052897067086914,0.0052897067086914,0.004228325760225138,-0.007314492900357905,0.06628805475714694,75.6981478881836,72.34168327331543,0.04639738063858778,1,0.09560405554112551,0.1279485248820021,0.747201332941984,35.810001373291016,-0.0780123266579078,0.9318613477700265,-0.021086479798788194
2020-05-21,75.77999877929688,32.9900016784668,9106.25,-0.0028947529039884,-0.0028947529039884,0.004690650046433209,-0.018520921151822134,0.06288967629098807,75.74690780639648,72.37643325805664,0.04656867431312195,1,0.08989398369103985,0.1281006800354291,0.7017393032330088,32.9900016784668,-0.135935007470532,0.73684250466185,0.013895284388776519
2020-05-22,75.625,32.380001068115234,9039.25,-0.0020453784876441,-0.0020453784876441,0.00185466501313436,-0.017466662397793598,0.06112796873670212,75.7785577392578,72.40875823974609,0.046538562204785805,1,0.08967745104846214,0.12817326263907125,0.6996525605221297,32.380001068115234,-0.14834295954083165,0.6930812977448443,-0.016114615592707993
2020-05-26,76.11000061035156,31.46999931335449,9029.0498046875,0.001645061512087,0.001645061512087,0.003824860415386322,-0.0037958234258557155,0.06425522436019171,75.82365570068359,72.44420825958252,0.046648966456943164,1,0.08712901047452877,0.12803456936688448,0.6805062913795585,31.46999931335449,-0.23093839878914124,0.6292699950100309,-0.030583383329310543
2020-05-27,75.81999969482422,31.270000457763672,9314.9501953125,-0.003810286600995,-0.003810286600995,0.0029087533666174448,-0.00788381577042685,0.06266086334280097,75.8601496887207,72.47738327026367,0.04667340714886037,1,0.0877067138893843,0.12818504867143887,0.6842141933416677,31.270000457763672,-0.20735108103876965,0.6136800419366276,0.017537992422957505
2020-05-28,76.12999725341797,30.020000457763672,9490.099609375,0.0040885987845091,0.0040885987845091,0.0017104901765521152,-0.001855245813318307,0.06363954592229493,75.89864959716797,72.51228076934814,0.046700624940917645,1,0.08925358054575122,0.1282881489488981,0.6957219786476558,30.020000457763672,-0.16168669906407296,0.5273722097341111,0.022386672382911144
2020-05-29,75.95999908447266,30.21999931335449,9580.2998046875,-0.0022329984904561,-0.0022329984904561,0.002375300977504935,-0.0029703909245554216,0.05753367066847637,75.92264953613281,72.54773075103759,0.04651997726402968,1,0.08942011052945421,0.12818225346143614,0.6975958880335036,30.21999931335449,-0.08396490524946965,0.5400313819839203,0.021255892905735818
2020-06-01,75.51319885253906,30.739999771118164,9826.150390625,-0.005882046304881,-0.005882046304881,-0.001478362280475154,-0.012447492721318842,0.0504459239295687,75.92691345214844,72.58054676055909,0.046105559146983444,1,0.08974389543266012,0.1285782528694949,0.6979656004359287,30.739999771118164,-0.05064858687148066,0.5741788573691791,0.028555511145775814
2020-06-02,75.7300033569336,30.1200008392334,9979.099609375,0.0028710809194814,0.0028710809194814,-0.00499273749008855,0.006265129078832032,0.05112383852898961,75.96343353271484,72.61380928039551,0.04612930082465283,1,0.07299463813099488,0.1286306872437643,0.5674701132751677,30.1200008392334,-0.042897950542636676,0.5315232105794987,0.01208929238913381
2020-06-03,75.06580352783203,30.040000915527344,10061.5498046875,-0.0087706298647713,-0.0087706298647713,-0.009947192957370454,-0.007072684335191037,0.044466406833440386,75.96164962768555,72.64211330413818,0.04569713314436652,1,0.07872113859227753,0.1297338066501903,0.6067850303622591,30.040000915527344,-0.03933481049665111,0.5255221508373021,0.08264376227336312
2020-06-04,75.54499816894531,29.690000534057617,10029.099609375,0.0063836609826684,0.0063836609826684,-0.007684212604465723,-0.0040210983693010904,0.054164322295225276,75.9923016357422,72.67335227966309,0.04566941323013496,1,0.08130473455539283,0.1302530020152548,0.6242014317983932,29.690000534057617,-0.01099266884323813,0.5011995939330032,0.08945642162856471
2020-06-05,75.49089813232422,28.68000030517578,10142.150390625,-0.0007161299613788,-0.0007161299613788,-0.006175631356008404,-0.008915584258185838,0.049505043959970685,76.00247955322266,72.70252227783203,0.04538985955370123,1,0.07954637229535354,0.13004479505396413,0.6116796953130609,28.68000030517578,-0.05095959772236558,0.4310587149470638,0.09397684834161657
2020-06-08,75.5177001953125,29.649999618530277,10167.4501953125,0.0003550370130886,0.0003550370130886,5.961001310805791e-05,-0.00832025638335998,0.046676349247555704,76.00963958740235,72.72251079559327,0.04520098049211296,1,0.07961111613963849,0.1298956360771125,0.6128805067159534,29.649999618530277,-0.035458690979301766,0.4956846972547846,0.1052717847153668
2020-06-09,75.625,30.209999084472656,10046.650390625,0.001420856360959,0.001420856360959,-0.0013865489539025555,-0.0059805707164029,0.038448378566329655,76.00969757080078,72.7444857788086,0.04488603853659212,1,0.07990826842829715,0.12851531720634485,0.6217752746524554,30.209999084472656,0.002987989466521901,0.5298825841185898,0.08594826683510792
2020-06-10,75.50980377197266,29.440000534057617,10116.150390625,-0.0015232559077995,-0.0015232559077995,0.005914813713757239,-0.000201228117831187,0.029557427102210543,75.9897737121582,72.76620929718018,0.04430029331077079,1,0.07613617750679237,0.12767776369749528,0.5963104223595013,29.440000534057617,-0.019973380931542994,0.47399115518845303,0.09491624564617829
2020-06-11,75.875,29.65999984741211,9902.0,0.0048364081190064,0.0048364081190064,0.004368281673879704,-0.005700400635706204,0.02474925292885577,75.9620736694336,72.79322978973389,0.04353212364464443,1,0.06841219770502614,0.1265360415006097,0.5406495749681053,29.65999984741211,-0.001010464334990302,0.4851874096893568,0.07670813623527928
2020-06-12,76.38999938964844,30.81999969482422,9972.900390625,0.0067874713627471,0.0067874713627471,0.011910061736823296,0.009381594630148316,0.034322568968680356,75.97296371459962,72.81727977752685,0.043337020370907586,1,0.0667208026282135,0.1272734679714214,0.5242277079735679,30.81999969482422,0.07461643538623819,0.5598891012323649,0.06280678402144702
2020-06-15,75.95680236816406,32.58000183105469,9813.7001953125,-0.005670860386773,-0.005670860386773,0.005814559655761498,0.007034710688962997,0.026508468340950886,75.99758773803711,72.8416637802124,0.043325808253737774,1,0.06874001235966622,0.127649415282694,0.5385020660327263,32.58000183105469,0.09881963744421962,0.6744434125989731,0.0733860376049329
2020-06-16,75.97799682617188,32.970001220703125,9914.0,0.0002790330470348,0.0002790330470348,0.004667726627066049,0.006531048709466525,0.023893200611379672,76.00784774780273,72.86295375823974,0.04316176914811587,1,0.0687010444011521,0.12756910277198158,0.5385356200892002,32.970001220703125,0.09136055014477162,0.6959497064151839,0.08505671252677649
2020-06-17,76.65499877929688,33.349998474121094,9881.150390625,0.0089105001632761,0.0089105001632761,0.01516617644488294,0.011012913318827922,0.02534773393416012,76.03294769287109,72.89056873321533,0.04311091289679858,1,0.07382150655457713,0.12795725588914925,0.5769186680578782,33.349998474121094,0.13281242762004042,0.7165968685774917,0.11989917441135645
2020-06-18,76.55000305175781,31.459999084472656,10091.650390625,-0.0013697179467886,-0.0013697179467886,0.008896251094007379,0.012564869953303415,0.016600264931474262,76.05744781494141,72.9133437347412,0.04312110677077796,1,0.07317148414219282,0.12704957821519128,0.5759240545781616,31.459999084472656,0.060687769599486296,0.5841676294342886,0.13656235818885598
2020-06-19,76.40039825439453,29.96999931335449,10244.400390625,-0.0019543408412685,-0.0019543408412685,0.00013612861407485966,0.0052683980841385925,0.03377894225562872,76.04265579223633,72.93629573822021,0.0425900441278968,1,0.07132506473558126,0.12167066621723954,0.5862093201570315,29.96999931335449,-0.027579506485604366,0.479374384072528,0.1299116655520427
2020-06-22,76.2520980834961,30.459999084472656,10311.2001953125,-0.0019410915948976,-0.0019410915948976,0.003887679656401577,0.006229866875218315,0.014597822127853544,76.04839981079101,72.96036724090577,0.042324794770960406,1,0.07090699251633066,0.11662776108342926,0.607971754630987,30.459999084472656,-0.06507067610294859,0.5084109118297913,0.132321229409746
2020-06-23,75.78980255126953,29.34000015258789,10471.0,-0.0060627254048846,-0.0060627254048846,-0.0024769575767167318,0.0021792072895143733,0.02401496017968552,76.03099578857422,72.97971424102784,0.041809995822524204,1,0.07373293711831697,0.1133273415386398,0.6506133957071752,29.34000015258789,-0.11010011931197072,0.4287712992841129,0.15839256575490213
2020-06-24,75.60780334472656,29.57999992370605,10305.2998046875,-0.0024013679996045,-0.0024013679996045,-0.013661149973863695,-0.0065983085218461746,0.00834601727851969,76.02397186279296,73.00024074554443,0.041420837607759387,1,0.07385012030891333,0.11004457297587214,0.6710866990088299,29.57999992370605,-0.11304343996718569,0.4410983311860228,0.14134931444695598
2020-06-25,75.97000122070312,29.729999542236328,10288.900390625,0.0047904827273601,0.0047904827273601,-0.007576770841701053,0.0019783899562471063,0.010781080162560741,76.02004196166992,73.0192907333374,0.04109532149923378,1,0.07471119553080768,0.11041528292006525,0.6766320469680553,29.729999542236328,-0.05499045113101053,0.44721690853396723,0.10455774586992583
2020-06-26,75.53980255126953,28.739999771118164,10383.0,-0.005662744011071,-0.005662744011071,-0.011264282946005455,-0.007752459259703137,-0.0010882834238302719,76.01221801757812,73.0393147277832,0.04070278179463882,1,0.07578812327693009,0.1100264367864468,0.6888111319363724,28.739999771118164,-0.04104102670727261,0.37624254698346377,0.09408756782098782
2020-06-29,75.61979675292969,28.90999984741211,10312.400390625,0.0010589675768064,0.0010589675768064,-0.008292248298191529,-0.004478703734114631,-0.011583405083909759,75.98036392211914,73.05698871612549,0.04001499729687574,1,0.07562062285733073,0.10716218577676648,0.7056585926332704,28.90999984741211,-0.050886384886684954,0.3839262998819091,0.07641729391175156
2020-06-30,75.69999694824219,29.1200008392334,10302.099609375,0.0010605714211919,0.0010605714211919,-0.0011849298982747891,0.002473714510067282,-0.020191627554417724,75.9429638671875,73.07708770751952,0.03921716436125955,1,0.07282371168558585,0.10499261881850094,0.6936013112518185,29.1200008392334,-0.007498272399807271,0.3944282787318744,0.04843699717888472
2020-07-01,75.75,28.1200008392334,10430.0498046875,0.0006605423219765,0.0006605423219765,0.00188071401340828,0.0002640517916281393,-0.0012591008689978311,75.92676391601563,73.09602722167969,0.038726272848606635,1,0.07217414937646262,0.09900241091010129,0.7290066949511405,28.1200008392334,-0.04935764328053893,0.32304906654549714,0.04518946728308526
2020-07-02,75.45490264892578,26.51000022888184,10551.7001953125,-0.0038956746016398,-0.0038956746016398,-0.0067802891075506855,0.005183440432359854,0.009759726799935642,75.89166198730469,73.11100173950196,0.03803340375105724,1,0.06643850340848173,0.0950555196790794,0.6989368391856231,26.51000022888184,-0.10830808486155385,0.2106348720383243,0.04871519797046053
2020-07-03,74.72100067138672,25.770000457763672,10607.349609375,-0.0097263657068612,-0.0097263657068612,-0.010839343660278722,-0.010907373320942382,-0.009858818029655825,75.84669403076173,73.12482822418212,0.03722218393778731,1,0.07099450745423898,0.09436831631473522,0.7523049888107921,25.770000457763672,-0.10334026920693118,0.15728395400507478,0.057657219742783594
2020-07-06,74.6792984008789,25.200000762939453,10763.650390625,-0.0005581064243399,-0.0005581064243399,-0.012437197565124958,-0.010750961394348502,-0.009558396689854698,75.81227996826172,73.13712471008301,0.03657725496843178,1,0.07099090937010621,0.09437060831443198,0.7522485908428646,25.200000762939453,-0.12832926682996015,0.11573386143048078,0.06127891778990868
2020-07-07,74.60759735107422,25.100000381469727,10799.650390625,-0.0009601194888012,-0.0009601194888012,-0.014430642552269446,-0.012051516954097785,-0.00952405743422613,75.77598190307617,73.15181270599365,0.03587292098460204,1,0.07093630505791752,0.09437046675179732,0.7516711088584043,25.100000381469727,-0.13804946229079507,0.10632333688519431,0.062178833745747175
2020-07-08,75.125,26.100000381469727,10705.75,0.0069349860777727,0.0069349860777727,-0.008250825082508295,-0.006611570247933907,-0.026121330121747888,75.75305191040039,73.16814270019532,0.03532834256565276,1,0.07532030132151357,0.0951620397224273,0.7914869211955474,26.100000381469727,-0.07183500702266488,0.17154256414509678,0.06560391610621163
2020-07-09,74.93990325927734,24.90999984741211,10813.4501953125,-0.0024638501260919,-0.0024638501260919,-0.0068252608057107755,-0.007547371125692703,-0.01349299393353598,75.72812393188477,73.18504173278808,0.03474866091327722,1,0.07558199502570737,0.09506262175512903,0.7950674888065627,24.90999984741211,-0.06035459704472501,0.08775506756444573,0.06892936322236887
2020-07-10,75.33999633789062,24.940000534057617,10768.0498046875,0.0053388523498494,0.0053388523498494,0.008284092302593304,-0.007051119105230597,-0.01721898331804006,75.70562393188476,73.20531669616699,0.03415472193222113,1,0.0760350864194825,0.09375925571144068,0.8109522082948485,24.940000534057617,-0.03220799025853349,0.0870801989081808,0.08746210913830543
2020-07-13,75.15850067138672,25.25,10802.7001953125,-0.0024090214404832,-0.0024090214404832,0.00641680198889194,-0.016121203404913187,-0.010538566414271977,75.70362396240235,73.2260057067871,0.03383522331582811,1,0.07174737978772328,0.09225769314340593,0.7776760903842407,25.25,0.0019840966486825984,0.10552079384640554,0.08320546402604712
2020-07-14,75.44999694824219,26.63999938964844,10607.349609375,0.0038784205944975,0.0038784205944975,0.011291069905440931,-0.006672284826648944,-0.009407014417584625,75.70061386108398,73.24451019287109,0.03353293867001583,1,0.07114164223264353,0.09195475924734145,0.7736507513497619,26.63999938964844,0.06135454122604833,0.19732949625349586,0.08087157731205052
2020-07-15,75.57499694824219,26.290000915527344,10618.2001953125,0.001656726375824,0.001656726375824,0.005989976016534948,-0.005304165610626743,-0.004688504151951656,75.69511383056641,73.26383518218994,0.033185249479916745,1,0.07144460241324038,0.08859284079343877,0.8064285482307654,26.290000915527344,0.007279713842169633,0.17027699980935757,0.07103088514348399
2020-07-16,75.1249008178711,25.36000061035156,10739.9501953125,-0.0059556222103368,-0.0059556222103368,0.0024686121885384438,-0.01996083733340337,-0.027037081648081607,75.67421188354493,73.28174716949462,0.03264748462556066,1,0.06577988423128327,0.0822100385052877,0.8001344518601646,25.36000061035156,0.018065064861339186,0.1035972571434246,0.08691293733392702
2020-07-17,75.17449951171875,24.15999984741211,10901.7001953125,0.0006602164303404,0.0006602164303404,-0.0021966662359478306,-0.01796869347097274,-0.030881786676934975,75.65467590332031,73.29903217315673,0.03213744657090101,1,0.06599277514936557,0.08156556246509736,0.809066523768292,24.15999984741211,-0.031275087006528035,0.01857157747848667,0.08026930911518937
2020-07-20,74.89730072021484,24.709999084472656,11022.2001953125,-0.0036874045494734,-0.0036874045494734,-0.0034753214718040715,-0.019673948939045394,-0.021717566502093888,75.63102188110352,73.31756069183349,0.03155398471307458,1,0.06662663129601956,0.0778676163081695,0.8556288072763596,24.709999084472656,-0.021386174872370045,0.05315670447001193,0.0759243855208247
2020-07-21,74.98999786376953,24.43000030517578,11162.25,0.0012376566667064,0.0012376566667064,-0.006096740928806299,-0.016551678595709718,-0.02875276838527485,75.62032180786133,73.33856269836426,0.031112678317432696,1,0.06693248108532877,0.07578400658432641,0.8831889591624251,24.43000030517578,-0.0829579254919729,0.031096169413133503,0.08253644469771704
2020-07-22,74.7699966430664,24.88999938964844,11132.599609375,-0.0029337408583847,-0.0029337408583847,-0.01065167499413977,-0.01345571401262402,-0.028575016803731534,75.58952178955079,73.35598766326905,0.030447877500259235,1,0.06466351376095862,0.07576049611082303,0.8535142134253736,24.88999938964844,-0.0532522433292133,0.05969257008946344,0.06318399478321068
2020-07-23,74.81999969482422,24.63999938964844,11215.4501953125,0.0006687582453228,0.0006687582453228,-0.004058589358887255,-0.010419607699888145,-0.020680651825896845,75.57232177734375,73.3735376739502,0.029966990458662135,1,0.0644823420965444,0.07453569428008049,0.8651086920254919,24.63999938964844,-0.028391214644104767,0.0395469717032387,0.0883186717392741
2020-07-24,74.80729675292969,24.540000915527344,11194.150390625,-0.0001697800313598,-0.0001697800313598,-0.004884671812571462,-0.015304784113345238,-0.021135187209551876,75.55994369506836,73.39149917602539,0.029546262760514974,1,0.06158791954211458,0.07452153617667087,0.8264334884699557,24.540000915527344,0.01572852113059664,0.029407613336261646,0.08798316298453446
2020-07-27,74.75980377197266,25.020000457763672,11131.7998046875,-0.0006348709687222,-0.0006348709687222,-0.0018358064565746623,-0.010325666111815512,-0.01981993102370716,75.54543975830079,73.4128046798706,0.02904990604472757,1,0.05891564890206353,0.07446186586020054,0.7912084529847944,25.020000457763672,0.01254558416741558,0.059000863953850624,0.07211786619353755
2020-07-28,75.0,23.63999938964844,11300.5498046875,0.0032129060793146,0.0032129060793146,0.00013337960415249484,-0.008196223469824071,-0.015571069221564704,75.5290397644043,73.43319217681885,0.02854087539240968,1,0.06008886510827699,0.07481385613890255,0.8031675553410804,23.63999938964844,-0.03233732728852934,-0.03944764910796267,0.0958214747907602
2020-07-29,75.08999633789062,24.11000061035156,11202.849609375,0.0011999511718749,0.0011999511718749,0.0042797874707929395,-0.008058132561995168,-0.017982084167296963,75.5188377380371,73.4529341506958,0.028125542038972995,1,0.06013303749567933,0.07443107063514756,0.8078915040593256,24.11000061035156,-0.03133783842603377,-0.010431633344912422,0.08743363335181797
2020-07-30,74.8311996459961,24.729999542236328,11102.150390625,-0.0034464869425482,-0.0034464869425482,0.0001496919435652888,-0.012129377610612613,-0.005677757387714588,75.49546173095703,73.47199016571045,0.02754072076559777,1,0.06091692008540514,0.06790889013986921,0.897025749267726,24.729999542236328,0.0036526036857653654,0.02896283485971612,0.06443886640267449
2020-07-31,74.98999786376953,24.190000534057617,11073.4501953125,0.0021220856878503,0.0021220856878503,0.002442289973974887,-0.006161359551669521,-0.00807539810087865,75.47966171264649,73.49286514282227,0.027033870103760238,1,0.060346484920709126,0.06801872823630545,0.8871909148337241,24.190000534057617,-0.01426244370057328,-0.01189795384111505,0.04944700762364174
2020-08-03,74.91780090332031,25.190000534057617,10891.599609375,-0.0009627545340162,-0.0009627545340162,0.0021133968172197815,0.0026338008078758968,-0.0122900143645861,75.46551773071289,73.51140415191651,0.026582454808754097,1,0.049787278285012074,0.06766177697884017,0.7358148823921576,25.190000534057617,0.006794567273526786,0.054090261432457994,0.02679745746748785
2020-08-04,75.33000183105469,23.81999969482422,11095.25,0.0055020425421496,0.0055020425421496,0.004400024414062509,0.008713304009402956,-0.011027915952256051,75.44991775512695,73.53100414276123,0.02609665996999211,1,0.053050937455384396,0.06805475682308429,0.779521673578534,23.81999969482422,0.0076142263038549984,-0.04415929553526079,0.03080735599363371
2020-08-05,75.25,23.56999969482422,11101.650390625,-0.0010620181748317,-0.0010620181748317,0.0021308252751723877,0.008610418666920472,-0.011835629075682808,75.43851776123047,73.55235412597656,0.025643824153111172,1,0.05308546603282277,0.0680745018446668,0.7798027865288754,23.56999969482422,-0.02239738290572635,-0.06443104908523718,0.027963868188007446
2020-08-06,74.8822021484375,23.149999618530277,11200.150390625,-0.0048876790905315,-0.0048876790905315,0.0006815673500182307,-0.0032319181572378897,-0.015743949182297046,75.41356185913087,73.57219512939453,0.025028024874041765,1,0.050521956769375244,0.06869109397786671,0.7354843016672913,23.149999618530277,-0.06389001022857166,-0.09669115838154846,0.04618082718398986
2020-08-07,74.8998031616211,22.57999992370605,11214.0498046875,0.0002350493532321,0.0002350493532321,-0.001202756430428109,-0.0005350967363476622,-0.008278031799093477,75.39235794067383,73.58943164825439,0.024499799115681897,1,0.04982429155265606,0.06721755516449468,0.7412282431648219,22.57999992370605,-0.06655645203830451,-0.13939215781365905,0.03704641924079466
2020-08-10,75.0248031616211,22.51000022888184,11270.150390625,0.0016688962416933,0.0016688962416933,0.0014282621354417824,-0.004183610188351117,-0.016841756494433535,75.38259002685547,73.60575565338135,0.02413988359607977,1,0.046350913527249356,0.06380777842185073,0.7264033989307169,22.51000022888184,-0.1063914350280517,-0.1473756283676087,0.04662873919090971
2020-08-11,75.0999984741211,21.36000061035156,11322.5,0.001002272706241,0.001002272706241,-0.0030532769327342724,-0.0007783843044103511,-0.007663871943919931,75.36998992919922,73.62315563201905,0.023726696882039988,1,0.0458014256551016,0.06179254374151803,0.7412008258773545,21.36000061035156,-0.10327452208184473,-0.23040543074532085,0.048117581279637056
2020-08-12,74.9000015258789,20.850000381469727,11308.400390625,-0.0026630752637245,-0.0026630752637245,-0.004651142513237172,-0.007289535382494106,-0.006976346876468864,75.36667388916015,73.64054313659668,0.023439951405052284,1,0.04434484315748926,0.06166415490589714,0.7191231940495537,20.850000381469727,-0.11540090575189033,-0.2684204261222272,0.06609104131256283
2020-08-13,74.77210235595703,20.56999969482422,11300.4501953125,-0.0017075990295899,-0.0017075990295899,-0.0014703065524465098,-0.010623812434091384,-0.009444237247535625,75.35121597290039,73.65887863159179,0.022975334036415385,1,0.043961503538731156,0.06170761852561144,0.7124045974305104,20.56999969482422,-0.11144708277407112,-0.29029652063419353,0.06425288537140084
2020-08-14,75.02999877929688,21.670000076293945,11178.400390625,0.0034490995333007,0.0034490995333007,0.0017382638161924646,-0.0012632567569612618,-0.01041942651948169,75.34199798583984,73.67865364074707,0.022575661509819822,1,0.04125729528327733,0.06143541770870943,0.6715446118439383,21.670000076293945,-0.04030114483998404,-0.2152700795735251,0.040824229846416094
2020-08-17,74.90280151367188,21.309999465942383,11247.099609375,-0.0016952854550771,-0.0016952854550771,-0.0016261508568892191,-0.003614230886958114,-0.009223482035019326,75.32970001220703,73.69959266662597,0.022118268047351508,1,0.04154724504672608,0.06126991694066465,0.6780907993748622,21.309999465942383,-0.05330967351123239,-0.24245630853445801,0.03168307767361034
2020-08-18,75.0,20.43000030517578,11385.349609375,0.0012976615609014,0.0012976615609014,-0.001331537631862334,0.0013712013490152497,-0.013157894736842146,75.31720001220702,73.71864265441894,0.0216845739453162,1,0.039779481007666075,0.060325028671095245,0.6594082502023891,20.43000030517578,-0.04353933888583683,-0.30554170756876076,0.032947089295015664
2020-08-19,74.79499816894531,19.959999084472656,11408.400390625,-0.0027333577473958,-0.0027333577473958,-0.0014019139491915356,-0.002600342717417603,-0.012998160810483772,75.30290390014649,73.73894264221191,0.02120943428119193,1,0.040676919690129855,0.060297435738945235,0.6745932824233724,19.959999084472656,-0.04268591274406175,-0.339846697052285,0.02205204063920796
2020-08-20,74.966796875,20.6200008392334,11312.2001953125,0.0022969277392939,0.0022969277392939,0.002603839037668365,0.002632074906637527,-0.008703512396694202,75.28473983764648,73.75935363769531,0.020680579814240874,1,0.040151660448896134,0.06040482880094326,0.6646984446022394,20.6200008392334,0.0024307800267864277,-0.2946203064366715,0.01613285236507145
2020-08-21,74.9999008178711,19.940000534057617,11371.599609375,0.000441581396712,0.000441581396712,-0.0004011457005925756,0.0024044523360151615,-0.014585465557458988,75.25693786621093,73.77940315246582,0.0200263847444222,1,0.040120825993716205,0.06030271937545977,0.665312627632768,19.940000534057617,-0.07983385030666768,-0.3437514900579632,0.0139227058515905
2020-08-24,74.92179870605469,19.229999542236328,11466.4501953125,-0.0010413628680132,-0.0010413628680132,0.00025362459078848154,0.0015306254616200832,-0.011846491590408736,75.23623779296875,73.79916213989257,0.019472790901773118,1,0.040312582681314414,0.05988664485420606,0.6731368845686567,19.229999542236328,-0.09760675625686,-0.3949046257427803,0.024325187279558902
2020-08-25,74.4000015258789,19.31999969482422,11472.25,-0.0069645575678579,-0.0069645575678579,-0.00799997965494792,-0.004812776758901016,-0.02272423210236474,75.20467788696288,73.81860164642335,0.01877678809439609,1,0.04710899996507075,0.06075662278356742,0.7753594990522227,19.31999969482422,-0.05433189396822247,-0.3890667366677612,0.03058357150558355
2020-08-26,74.45249938964844,19.299999237060547,11549.599609375,0.0007056164340435,0.0007056164340435,-0.004579166891925612,-0.007300008138020786,-0.01984596778559433,75.16062789916992,73.83586414337158,0.017942009227737588,1,0.04557898714728349,0.06067214367428202,0.7512217826056605,19.299999237060547,-0.0330661261365256,-0.39145890924229415,0.022038733423766166
2020-08-27,74.24009704589844,18.899999618530277,11559.25,-0.0028528571302676,-0.0028528571302676,-0.009693622502149335,-0.011318409021726428,-0.016859328249710592,75.11442977905273,73.85258964538575,0.01708592941325282,1,0.04600836710376541,0.05983834880477046,0.7688647691316047,18.899999618530277,-0.08341421681373062,-0.42042988131875675,0.03181336919195532
2020-08-28,73.77449798583984,18.350000381469727,11647.599609375,-0.0062715308651972,-0.0062715308651972,-0.016338726033878426,-0.014121137508889214,-0.025822068987333635,75.06191177368164,73.86646213531495,0.01618392980804706,0,0.04918949260043141,0.060679989418519924,0.8106244323270494,18.350000381469727,-0.07973922316963644,-0.4597834905363417,0.0491300513466828
2020-08-31,73.12830352783203,22.84000015258789,11387.5,-0.0087590492060256,-0.0087590492060256,-0.023938229049454418,-0.024825901973214437,-0.02581068754271887,74.99943588256836,73.87522113800048,0.015217751327848195,0,0.055444825804316714,0.06067350654285362,0.913807609875768,22.84000015258789,0.18772754530870572,-0.14479891098337322,0.02836061021166114
2020-09-01,73.66999816894531,21.799999237060547,11470.25,0.0074074553214149,0.0074074553214149,-0.009811872875831518,-0.016655624155135884,-0.024819644522418804,74.95703979492187,73.88668861389161,0.014486387211417373,0,0.06295162200882376,0.06117179601812096,1.0290787099248475,21.799999237060547,0.12836436756780656,-0.21968187570926215,0.05312813648850301
2020-09-02,73.2699966430664,21.11000061035156,11535.0,-0.0054296394165993,-0.0054296394165993,-0.01588264673820261,-0.027346410963965284,-0.029419460414484733,74.91028366088867,73.89413860321045,0.013751362109173604,0,0.060523194766951165,0.06199430761321769,0.9762544472647691,21.11000061035156,0.0937824582819351,-0.2694333930047867,0.03963407764583948
2020-09-03,73.24849700927734,20.5,11527.4501953125,-0.0002934302548667,-0.0002934302548667,-0.013356664068044588,-0.026598046388340957,-0.030048626747984697,74.85585357666015,73.89967357635499,0.012938893421730935,0,0.060621762983045495,0.06197294794723883,0.9781813970388895,20.5,0.08465610654833156,-0.3135414269848518,0.038354640049471866
2020-09-04,73.4478988647461,22.149999618530277,11333.849609375,0.0027222654881708,0.0027222654881708,-0.004426992118014006,-0.019154127984220004,-0.028788114185175573,74.81401550292969,73.90713405609131,0.012270553559147857,0,0.06064081933147192,0.062189187968811954,0.9750866062968481,22.149999618530277,0.2070844227827855,-0.19855798445566314,0.011937269955045515
2020-09-07,73.29029846191406,22.01000022888184,11355.0498046875,-0.0021457441978326,-0.0021457441978326,0.002215215262314718,-0.021488770754630626,-0.029393604527978123,74.76742553710938,73.91505653381347,0.011531737148925414,0,0.060633445277139285,0.0622450450185116,0.9740931373086797,22.01000022888184,-0.03633975123297051,-0.21029512867452138,0.012573512910657891
2020-09-08,73.6500015258789,22.71999931335449,11317.349609375,0.0049079219421075,0.0049079219421075,-0.0002714353680388637,-0.0183246283603109,-0.029324526841793652,74.72642562866211,73.92363105773926,0.010859782716785338,0,0.0634220267557329,0.062269964739411245,1.018484730743109,22.71999931335449,0.04220183983905468,-0.1617874265853252,0.004187984819551405
2020-09-09,73.78679656982422,22.229999542236328,11278.0,0.001857366478088,0.001857366478088,0.007053363592677497,-0.01748604435390766,-0.03407779605476702,74.6871615600586,73.93331005096435,0.010196371683813377,0,0.06380854395165536,0.06069699594545105,1.0512463048862395,22.229999542236328,0.05305537183810238,-0.19825501009625468,-0.003930227423272203
2020-09-10,73.55000305175781,21.26000022888184,11449.25,-0.0032091584006134,-0.0032091584006134,0.004116207905839886,-0.018024011303319543,-0.03168642230014429,74.64906356811524,73.94221904754639,0.009559417199994202,0,0.0640336395680986,0.060047900116013214,1.0663582421057995,21.26000022888184,0.03707318189667519,-0.26857380026558897,0.012455307957769834
2020-09-11,73.52729797363281,20.709999084472656,11464.4501953125,-0.000308702612956,-0.000308702612956,0.0010810262800429182,-0.01664797889991454,-0.032255375962937705,74.62518951416016,73.9511530303955,0.009114617638045663,0,0.06398311621757992,0.06002825403100446,1.0658655892097766,20.709999084472656,-0.06501131191230103,-0.3084190490741008,0.014512696146214532
2020-09-14,73.47859954833984,21.190000534057617,11440.0498046875,-0.000662317623999,-0.000662317623999,0.0025692498240217354,-0.02067705259492969,-0.04143760069845459,74.60117553710937,73.95963302612304,0.008674225178479933,0,0.06210747762727418,0.05689122328445229,1.0916690198016419,21.190000534057617,-0.03725577856869833,-0.2756063514689463,0.023406695494816665
2020-09-15,73.61499786376953,20.600000381469727,11521.7998046875,0.0018562998787143,0.0018562998787143,-0.0004752703514483425,-0.017192997109290786,-0.03834101986911531,74.58132354736328,73.96931053161622,0.00827387752229325,0,0.06281183001597986,0.0570943482382409,1.1001216728530296,20.600000381469727,-0.0933098149628313,-0.3185504787382993,0.024424091975101314
2020-09-16,73.80000305175781,19.65999984741211,11604.5498046875,0.0025131453284918,0.0025131453284918,0.00017898164099183766,-0.01599995930989584,-0.03403640899852434,74.55482360839844,73.98116855621338,0.007754068547175974,0,0.06346541427544118,0.05736655797324297,1.106294507168012,19.65999984741211,-0.11560952531471258,-0.3864374338000853,0.01925282954262597
2020-09-17,73.55069732666016,20.100000381469727,11516.099609375,-0.0033781262166454,-0.0033781262166454,9.439495221474914e-06,-0.01663615044784894,-0.03542723183666241,74.52703948974609,73.9927815246582,0.007220406559656833,0,0.0637566353308389,0.05758049444389264,1.107241761378099,20.100000381469727,-0.054562551031219986,-0.3565957856198737,0.009440343524277361
2020-09-18,73.58360290527344,20.049999237060547,11504.9501953125,0.000447386358108,0.000447386358108,0.0007657690843041465,-0.018450754565823457,-0.029109452350184806,74.49191162109375,74.00296253204345,0.006607155610001136,0,0.06294475016646768,0.056516743671812066,1.1137166149444329,20.049999237060547,-0.03186865652287474,-0.3617228831160247,0.01703912560527976
2020-09-21,73.53479766845703,22.190000534057617,11250.5498046875,-0.0006632623966406,-0.0006632623966406,0.0007648229615511148,-0.019534734492141603,-0.02741787996164713,74.45943756103516,74.01202152252198,0.00604518062483983,0,0.06276881463956252,0.05638113795857113,1.1132748227050957,22.190000534057617,0.04719207054255392,-0.21176382965521123,-0.01064492321622934
2020-09-22,73.57980346679688,21.40999984741211,11153.650390625,0.0006120340269752,0.0006120340269752,-0.00047808731907850177,-0.017911946355198216,-0.031462389304989014,74.42203369140626,74.02179553985596,0.005407031113353611,0,0.06299327579091117,0.05541821718170637,1.1366684517461023,21.40999984741211,0.03932036169625519,-0.26965497606179056,-0.02727956772666862
2020-09-23,73.50299835205078,20.989999771118164,11131.849609375,-0.0010438341926362,-0.0010438341926362,-0.004024453759151392,-0.012056494024615283,-0.026963324372424102,74.38059371948242,74.02951053619385,0.004742476084816483,0,0.05896545706630157,0.05443085367359732,1.0832895278542263,20.989999771118164,0.06765004750908621,-0.30156743538312725,-0.0296716329076685
2020-09-24,73.77839660644531,23.51000022888184,10805.5498046875,0.0037467621807136,0.0037467621807136,0.0030958140175596505,-0.009054132349206934,-0.02435076825848559,74.35366363525391,74.04100200653076,0.0042228173613259035,0,0.06071024187174071,0.0549918480665431,1.1039661338921634,23.51000022888184,0.16965173048234394,-0.12400886356071368,-0.06442212975794781
2020-09-25,73.68240356445312,20.68000030517578,11050.25,-0.0013010995956477,-0.0013010995956477,0.0013426993960445888,-0.0075120252213641825,-0.02665248963178346,74.3238217163086,74.05248901367187,0.0036640591862702188,0,0.060164194100581575,0.05494228805413752,1.0950235457568487,20.68000030517578,0.03142150085226625,-0.3278420803855053,-0.04403399874559333
2020-09-28,73.69930267333984,19.56999969482422,11227.5498046875,0.0002293506735557,0.0002293506735557,0.0022371042023465737,-0.0010192588842072858,-0.027071911903104318,74.2998617553711,74.06455154418946,0.003177096279874725,0,0.05618845557616274,0.05491449180886651,1.0231804127645217,19.56999969482422,-0.11807123822336885,-0.40855765951908074,-0.036063207765950955
2020-09-29,73.9749984741211,19.770000457763672,11222.400390625,0.0037408196655974,0.0037408196655974,0.005370971227213861,0.011578211245756753,-0.01961309501239883,74.27956176757813,74.0796255493164,0.0026989366749514687,0,0.0478168082516735,0.055079070022222607,0.8681326699908211,19.770000457763672,-0.07659969179526493,-0.39576865760702595,-0.014498319154774952
2020-09-30,73.84500122070312,19.530000686645508,11247.5498046875,-0.0017573133639664,-0.0017573133639664,0.0046529104433847834,0.002375499607811582,-0.011723604379124009,74.26106185913086,74.09380054473877,0.0022574265749952804,0,0.0413670045966614,0.051745792433223,0.7994119567902442,19.530000686645508,-0.0695568890134809,-0.4138843643838964,-0.01941546132930838
2020-10-01,73.70500183105469,18.350000381469727,11416.9501953125,-0.0018958546595457,-0.0018958546595457,-0.0009948003584590026,0.005937016622334479,-0.013046407648264036,74.23876190185547,74.10867904663085,0.0017552985277575761,0,0.036975854748598366,0.05185437272465045,0.7130573517413208,18.350000381469727,-0.21948106325720473,-0.49893755143006185,-0.010234053288903366
2020-10-05,73.32240295410156,19.700000762939453,11503.349609375,0.0014395574978438,0.0014395574978438,-0.004885842384832806,0.001008975580957694,-0.0172260526086242,74.2090640258789,74.12249156951904,0.001167964736839222,0,0.03712160846143261,0.05193403511925843,0.7147700656443237,19.700000762939453,-0.047388758596442315,-0.40349732619126527,-0.0020907126492986094
2020-10-06,73.1082992553711,19.63999938964844,11662.400390625,-0.0029200311242457,-0.0029200311242457,-0.00801911818064649,-0.004623680386015794,-0.026844602257955485,74.17603393554687,74.13458805084228,0.0005590627235450008,0,0.037751262550099085,0.050168021410793164,0.7524815411683001,19.63999938964844,0.00357688788532462,-0.4089365563986298,0.028988454282844245
2020-10-07,73.81500244140625,20.059999465942383,11738.849609375,0.009666524775342,0.009666524775342,-0.002162839283745499,0.007159255597312786,-0.015010705497966237,74.152333984375,74.14906055450439,4.4146612865114676e-05,0,0.049310431547433795,0.05379741952052833,0.9165776985068862,20.059999465942383,0.014668639426602903,-0.38018103559381755,0.03379992261496412
2020-10-08,73.5425033569336,20.3799991607666,11834.599609375,-0.0036916490612997,-0.0036916490612997,-0.004096389176911908,-0.0014595813539466373,-0.023858416091440904,74.12138412475586,74.1606980895996,-0.0005301185918752394,0,0.04897516374279644,0.053094007945455865,0.9224061854008626,20.3799991607666,0.043522705798076045,-0.35875614474380135,0.045704163770952544
2020-10-09,73.28050231933594,20.3799991607666,11914.2001953125,-0.0035625798094749,-0.0035625798094749,-0.005759439674009936,-0.0068615832916554265,-0.024987171581055012,74.09037017822266,74.17215110778808,-0.0011025826856037035,0,0.05031619573913635,0.05333228937849627,0.9434294476392001,20.3799991607666,0.11062663417417773,-0.3599693092163064,0.056410728437001234
2020-10-12,73.01480102539062,21.1299991607666,11930.9501953125,-0.0036258115806502,-0.0036258115806502,-0.004195197051895416,-0.007276709777844115,-0.032275626525499757,74.05086624145508,74.1811116027832,-0.001755775271008897,0,0.05066978194765644,0.053059087001893546,0.9549509774804591,21.1299991607666,0.07258874834752937,-0.3072269154437493,0.04207264190339988
2020-10-13,73.35079956054688,20.71999931335449,11934.5,0.0046017866300753,0.0046017866300753,0.003317001047018042,-0.0024004474249716967,-0.029430333807602516,74.01952621459961,74.19274559020997,-0.002334721194537037,0,0.05312131078522106,0.053846376938386974,0.9865162205765995,20.71999931335449,0.05498981452490659,-0.3377084687704932,0.04100064082267907
2020-10-14,73.62000274658203,20.209999084472656,11971.0498046875,0.0036700784128869,0.0036700784128869,-0.0026417352621374013,0.0019244133545190945,-0.020031947528788896,73.98532623291015,74.20479209899902,-0.0029575699881494444,0,0.05433392756066243,0.05322065683260286,1.0208988369444787,20.209999084472656,0.007477548480743446,-0.37515254271757986,0.04641588184191514
2020-10-15,73.29620361328125,22.059999465942383,11680.349609375,-0.0043982494053331,-0.0043982494053331,-0.003349080224491985,-0.004330561159265889,-0.024985811819667636,73.94625030517578,74.2135731124878,-0.0036020743389733045,0,0.056517316534520794,0.05384235129913275,1.0496619391414277,22.059999465942383,0.08243377695568999,-0.24371393900416385,0.013760853978993515
2020-10-16,73.37100219726562,21.649999618530277,11762.4501953125,0.0010204973831799,0.0010204973831799,0.0012349789516359344,-0.005813019468187797,-0.020378551807238465,73.91602630615235,74.2239266204834,-0.004148262270000647,0,0.055953227525391974,0.05345702904754073,1.0466758412591726,21.649999618530277,0.06231602110212764,-0.27461449926544745,0.013606765732628201
2020-10-19,73.44380187988281,21.81999969482422,11873.0498046875,0.0009922132782302,0.0009922132782302,0.0058755327477095776,-0.0014533573529913468,-0.020618696198599906,73.88690628051758,74.23458061218261,-0.004683455187567631,0,0.05461690643474347,0.05343215358749375,1.0221539019835577,21.81999969482422,0.032655019472920044,-0.26387009584287746,0.03099575441514202
2020-10-20,73.57499694824219,22.690000534057617,11896.7998046875,0.0017863327469613,0.0017863327469613,0.003056509118353201,-0.00011695481997975321,-0.01598234249666819,73.85791015625,74.24590061187745,-0.005225749198675356,0,0.05487337963154589,0.05329139785204704,1.029666178352268,22.690000534057617,0.09507728214225475,-0.2028490557050698,0.03405921822544289
2020-10-21,73.64749908447266,22.920000076293945,11937.650390625,0.0009854181343897,0.0009854181343897,0.0003734900416301201,0.0015326269955042715,-0.01567095181948619,73.82886016845703,74.25901309967041,-0.005792602315304651,0,0.05479963567651117,0.05331480308500057,1.0278310089251577,22.920000076293945,0.13409208879694523,-0.1881468003813021,0.06107262292650106
2020-10-22,73.6812973022461,22.63999938964844,11896.4501953125,0.0004589187439301,0.0004589187439301,0.005253937720930857,0.0013793708418237127,-0.01505200026679876,73.80448608398437,74.27034458160401,-0.006272469856495322,0,0.054794561465014935,0.05332818766760235,1.027477894592098,22.63999938964844,0.026291928275043563,-0.21029629252696752,0.06659701341471558
2020-10-23,73.72000122070312,21.82999992370605,11930.349609375,0.0005252882328912,0.0005252882328912,0.004756634269478477,0.002952299545835979,-0.013908577856103888,73.7834440612793,74.28028957366944,-0.006688793423420547,0,0.05454707956617485,0.05333399964627561,1.0227257884679462,21.82999992370605,0.008314102002187074,-0.2706694006176717,0.07173111639304941
2020-10-26,73.8228988647461,22.82999992370605,11767.75,0.0013957900480077,0.0013957900480077,0.005161728766210905,0.0006031882007164757,-0.015694681803385402,73.75930206298828,74.29046905517578,-0.007149867256767362,0,0.053358503728840184,0.05299641275596003,1.006813369825106,22.82999992370605,0.04628782048614832,-0.20061100510107396,0.08904685209956575
2020-10-27,73.94850158691406,22.200000762939453,11889.400390625,0.001701405987837,0.001701405987837,0.005076515856801578,0.0036114188678464387,-0.01520168872881622,73.74021606445312,74.29941154479981,-0.0075262437308741825,0,0.0532010059212589,0.05305740608828605,1.0026876011453412,22.200000762939453,-0.02159540588739417,-0.2478625531652422,0.07593949373317344
2020-10-28,73.80500030517578,23.280000686645508,11729.599609375,-0.0019405569911328,-0.0019405569911328,0.002138582065393413,0.0014341741102277261,-0.013713522510329312,73.71631607055664,74.31137702941895,-0.008007669655034522,0,0.053863628989004285,0.05275970954747491,1.020904181368845,23.280000686645508,0.01570683286008845,-0.1718207282580912,0.044715883110836296
2020-10-29,74.44000244140625,24.020000457763672,11670.7998046875,0.0086037820419322,0.0086037820419322,0.010297119716118575,0.006285961160889197,-0.007334250407133314,73.70921615600587,74.32760555267333,-0.008319780949074707,1,0.059964055964922026,0.055399955969639016,1.0823650046360878,24.020000457763672,0.06095411242573623,-0.12059791481047219,0.039955749078163905
2020-10-30,74.26399993896484,24.75,11642.400390625,-0.0023643537972737,-0.0023643537972737,0.007379255415814523,0.005674029539378678,-0.008726910780512465,73.69516021728515,74.34416053771973,-0.008729674472621185,0,0.060303421445848666,0.05556906214838819,1.085178225729189,24.75,0.13376088348598691,-0.07049809218036199,0.03510547566305888
2020-11-02,74.55049896240234,25.209999084472656,11669.150390625,0.003857845304225,0.003857845304225,0.009856021760799694,0.011471367076086425,-0.01034784082974749,73.68617218017579,74.36331851959228,-0.009105918790298317,1,0.06060468065217067,0.05499841534779249,1.101914997985577,25.209999084472656,0.10424875903285824,-0.03969901162886169,0.022089979460192977
2020-11-03,74.45680236816406,24.239999771118164,11813.5,-0.0012568204846695,-0.0012568204846695,0.0068737130616849385,0.015471388939238828,-0.010540832316756621,73.67687225341797,74.38137702941894,-0.009471521019600582,1,0.06100207134639516,0.05501430829963026,1.1088199490614348,24.239999771118164,0.09189184405724315,-0.11239892053273816,0.02696174602676016
2020-11-04,74.65560150146484,23.200000762939453,11908.5,0.0026699928949107,0.0026699928949107,0.01152498059443019,0.021164522521430085,-0.003026094859276074,73.68198425292968,74.40106502532959,-0.009664925793133383,1,0.0598404450863458,0.05438987232035973,1.100192781132252,23.200000762939453,-0.0034364227382496226,-0.19012886992687783,0.021101968817056838
2020-11-05,74.37999725341797,20.96999931335449,12120.2998046875,-0.0036916754068543,-0.0036916754068543,-0.0008060879368658735,0.007654200275346579,-0.006940017012881494,73.68053421020508,74.41823699951172,-0.009912930204346027,0,0.052974808863088495,0.05490397616248913,0.9648453121318479,20.96999931335449,-0.12697756395851234,-0.3541096507509138,0.032494682869764535
2020-11-06,74.12000274658203,20.5,12263.5498046875,-0.0034954895998465,-0.0034954895998465,-0.0019389905270542629,0.007852593579056988,-0.012060017179784,73.67813232421875,74.43366352081298,-0.010150396485361424,0,0.05278941287924137,0.055236766276101024,0.9556760969547214,20.5,-0.1717171717171717,-0.3899254453070045,0.03624543368351052
2020-11-09,73.97979736328125,20.11000061035156,12461.0498046875,-0.0018915998125383,-0.0018915998125383,-0.007655235136775018,0.009542716299868914,-0.014916126945406782,73.68223831176758,74.44840751647949,-0.010291277278729138,0,0.051519937122680194,0.055309226600130636,0.9314721759349746,20.11000061035156,-0.20230062115560676,-0.41983532691140973,0.04589897772492968
2020-11-10,73.95320129394531,21.57999992370605,12631.099609375,-0.0003595044901966,-0.0003595044901966,-0.006763667767098136,0.012852192368892013,-0.012640857311684628,73.69873626708984,74.46232353210449,-0.01025467953179604,0,0.049459462869292155,0.05507130461784162,0.8980823158301043,21.57999992370605,-0.10973596833864208,-0.3146443185737956,0.05868345794768115
2020-11-11,74.28160095214844,22.030000686645508,12749.150390625,0.0044406415470483,0.0044406415470483,-0.0050096783335014106,0.012689723863653857,-0.0065599520189165705,73.7109683227539,74.47834102630615,-0.010303300167242124,0,0.04929859860325913,0.05570667507809916,0.8849516432725858,22.030000686645508,-0.050431036112849936,-0.2840890208592735,0.06826011903515017
2020-11-12,74.56999969482422,20.6200008392334,12690.7998046875,0.0038825057481133,0.0038825057481133,0.0025544830387516093,0.012904060211900603,-0.006130868878536977,73.73696838378906,74.49458602905274,-0.010170103435009459,1,0.04947019251994048,0.05582214627539674,0.8861949893666915,20.6200008392334,-0.016690438034406507,-0.3887440995210798,0.06012421731953421
2020-11-13,74.86499786376953,19.700000762939453,12719.9501953125,0.0039559899443821,0.0039559899443821,0.010051201964126344,0.02140348576258333,-0.0005047027499424095,73.76929840087891,74.51228603363037,-0.00997134395280963,1,0.047215698763056646,0.05626135643157903,0.839205851970952,19.700000762939453,-0.03902435302734375,-0.4572528637671422,0.08900423537862978
2020-11-17,74.41809844970703,19.799999237060547,12874.2001953125,-0.0009344222601239,-0.0009344222601239,0.005924605122578086,0.014271254597643113,-0.0077586873372396115,73.78870239257813,74.52717651367188,-0.009908789727976264,0,0.047695092872413504,0.05624591893415499,0.8479592087212348,19.799999237060547,-0.015415284131390816,-0.4511606549607424,0.09451687204108605
2020-11-18,74.47969818115234,19.1200008392334,12938.25,0.0008277520217334,0.0008277520217334,0.007119325167741497,0.014104611618060536,-0.004215522367963409,73.81249038696289,74.54342300415038,-0.009805460867376548,0,0.047695361489414216,0.05597525648120244,0.852064151618123,19.1200008392334,-0.11399439727385241,-0.5022437659477937,0.08971580283373837
2020-11-19,74.41999816894531,19.56999969482422,12771.7001953125,-0.0008015608771912,-0.0008015608771912,0.0018631426224380299,0.011484896442436332,-0.007293878474845639,73.82789031982422,74.55902297973633,-0.00980609228356999,0,0.04793965543639488,0.05582937078235417,0.8586662557424168,19.56999969482422,-0.11166595166347548,-0.47101198868108735,0.07354081811818647
2020-11-20,74.09960174560547,19.6200008392334,12859.0498046875,-0.0043052463211903,-0.0043052463211903,-0.006308139347510289,0.00613873745548732,-0.012004003504643257,73.83414642333985,74.57132099151612,-0.009885496976245634,0,0.05106778762571072,0.05650595667776561,0.9037433729961413,19.6200008392334,-0.04849660326382299,-0.4687924105206171,0.07718431884938615
2020-11-23,74.16239929199219,20.799999237060547,12926.4501953125,0.0008474748164275,0.0008474748164275,-0.009384873997536847,0.006529499443699738,-0.010135894054571493,73.84639434814453,74.58465049743653,-0.009898231665205315,0,0.051078031646841195,0.05649072205897739,0.9041684300846007,20.799999237060547,0.05583748383352671,-0.38418330729080796,0.08658044904906559
2020-11-24,74.24490356445312,21.059999465942383,13055.150390625,0.0011124811663132,0.0011124811663132,-0.0023273221012353185,0.007120216156515591,-0.0020846499764093362,73.86074645996094,74.59930450439452,-0.009900334183277515,0,0.05111413294718732,0.05470734008648032,0.9343023909405503,21.059999465942383,0.06363637764810814,-0.3671877007142342,0.09428062194976405
2020-11-25,73.96080017089844,23.1299991607666,12858.400390625,-0.0038265709821826,-0.0038265709821826,-0.006966972516346925,0.0018680017755059453,-0.006604200299263119,73.87039047241211,74.61360851287841,-0.009960891254013338,0,0.05322627987612198,0.05527109631264939,0.9629864511569247,23.1299991607666,0.20972793648130295,-0.21774741048678123,0.09268130191625423
2020-11-26,73.77989959716797,20.020000457763672,12987.0,-0.0024458980069506,-0.0024458980069506,-0.008601163498072384,-0.0022799919691128823,-0.0061987721870292445,73.87368850708008,74.62660800933838,-0.010089156164837187,0,0.05382023735893347,0.05518906459450604,0.9751798218458885,20.020000457763672,0.022994418495492663,-0.448457528550151,0.09231749064826489
2020-11-27,74.04879760742188,19.81999969482422,12968.9501953125,0.0036445971290564,0.0036445971290564,-0.0006856195848125024,0.0033032626683560107,0.00371808184495781,73.87866439819337,74.63950199127197,-0.010193497716096456,0,0.05457550421927566,0.05409366637228006,1.0088888217497538,19.81999969482422,0.010193621153720356,-0.46501425209391856,0.1056600930305358
2020-12-01,74.02519989013672,20.18000030517578,13109.0498046875,0.0011400615503227,0.0011400615503227,-0.0018499860194016726,-0.005572307061596837,0.012264695323655816,73.88815444946289,74.65205047607422,-0.010232753444008313,0,0.04587573252016961,0.050922600603509026,0.9008737005334305,20.18000030517578,-0.02980764204933617,-0.4404837924823569,0.12323491312243529
2020-12-02,73.65499877929688,19.90999984741211,13113.75,-0.0050010146732365,-0.0050010146732365,-0.007945390953927878,-0.008200489606922434,-0.00020360241646866228,73.88958236694336,74.66392547607421,-0.010371047385915877,0,0.04845912700326368,0.05002905034341706,0.9686004045694493,19.90999984741211,-0.05460587121049165,-0.4624231743723203,0.12637854394354964
2020-12-03,73.66259765625,19.0,13133.900390625,0.0001031685164492,0.0001031685164492,-0.00403189951919658,-0.011910065237794476,0.005358278028810837,73.89213836669921,74.67586196899414,-0.010495005770677746,0,0.04631512594746388,0.04869992464753893,0.9510112237633743,19.0,-0.17855595808978486,-0.53165388502714,0.12552327727104973
2020-12-04,73.86489868164062,18.030000686645508,13258.5498046875,0.0027463194596351,0.0027463194596351,0.001152062891610628,-0.007949625389452986,0.008415212564500951,73.8978402709961,74.68870544433594,-0.010588818866719474,0,0.047291378103574325,0.048928741098850294,0.966516009312903,18.030000686645508,-0.09940058569511423,-0.6051307826756734,0.12232190330448223
2020-12-07,73.79029846191406,18.020000457763672,13355.75,-0.0010099549455566,-0.0010099549455566,-0.0034909296823194547,-0.011590597653061585,0.004661802481218613,73.90358627319335,74.70131443023682,-0.010678903887139213,0,0.04631711205989826,0.048761268499990955,0.9498555642444496,18.020000457763672,-0.09081731911078672,-0.607504175373716,0.1215308393164547
2020-12-08,74.0199966430664,18.6200008392334,13392.9501953125,0.003112850685526,0.003112850685526,-7.029021303606164e-05,-0.004840019140159635,0.009956272473518935,73.90841827392578,74.7138404083252,-0.010780092818112874,0,0.045926029445935546,0.048828957435831315,0.9405297865821018,18.6200008392334,-0.07730423401144715,-0.5647466147671056,0.10500156028589358
2020-12-09,73.72640228271484,18.920000076293945,13529.099609375,-0.0039664195307561,-0.0039664195307561,0.000969431872939408,-0.005310313670830791,0.0010373490190505041,73.90929824829101,74.72572643280029,-0.010925664071576136,0,0.04641474694252566,0.048702901715798004,0.9529985341496816,18.920000076293945,-0.04972374579133132,-0.5448347443316732,0.10319604232403967
2020-12-10,73.93499755859375,18.709999084472656,13478.2998046875,0.0028293158138792,0.0028293158138792,0.0036979404882639955,-0.0006055680913467087,0.0020085028170220287,73.9140121459961,74.73752643585205,-0.0110187522805264,0,0.04679242614761237,0.04887340836228378,0.9574013827596926,18.709999084472656,-0.01526320608038656,-0.5622451871636728,0.08163437398487394
2020-12-11,73.72669982910156,18.790000915527344,13513.849609375,-0.0028173089385322,-0.0028173089385322,-0.001870967875211016,-0.0030627675459709014,0.002402403399214048,73.9090461730957,74.74702243804931,-0.011210831383258513,0,0.04797876151326511,0.04876700190370424,0.9838164296335631,18.790000915527344,0.04215198002985954,-0.5584578621470924,0.06988702704432859
2020-12-14,73.73799896240234,19.399999618530277,13558.150390625,0.000153257006308,0.000153257006308,-0.0007087584764101651,-0.007318124310436991,0.0028656158267246212,73.90690612792969,74.75627841949463,-0.011361885710772013,0,0.04539770054982043,0.048754181591073344,0.9311359135237507,19.399999618530277,0.07658152750889924,-0.5150178962792024,0.06345520879531641
2020-12-15,73.86000061035156,19.350000381469727,13567.849609375,0.0016545288679643,0.0016545288679643,-0.0021615244524579857,-0.009521242958003384,0.005190641416087383,73.91000610351563,74.76534492492675,-0.011440311313617113,0,0.043594979563453824,0.04879643277031108,0.8933867436972527,19.350000381469727,0.039205129394955573,-0.5207880498962411,0.06910910409000004
2020-12-16,73.75980377197266,19.200000762939453,13682.7001953125,-0.0013565778168279,-0.0013565778168279,0.00045304651011890407,-0.014762494133880533,0.001967070738371879,73.91875411987304,74.7747939300537,-0.011448240311854652,0,0.041116739708064,0.04880186248478685,0.8425067222415731,19.200000762939453,0.014799190566406883,-0.5343796683259551,0.07568818943605526
2020-12-17,73.6166000366211,19.15999984741211,13740.7001953125,-0.0019414874773023,-0.0019414874773023,-0.004306452052295295,-0.010770208185682195,-0.002485135603694899,73.92892013549805,74.78455993652344,-0.011441396482798738,0,0.04143003915956867,0.04877346055054676,0.8494207561072501,19.15999984741211,0.02405135141417003,-0.5397890447064809,0.06730515192046593
2020-12-18,73.52980041503906,18.6200008392334,13760.5498046875,-0.0011790767508802,-0.0011790767508802,-0.0026706663192427316,-0.012753781088141736,-0.00028411575118425514,73.9232160949707,74.79255893707276,-0.01162338679752195,0,0.041237344369879844,0.04831869632066669,0.8534272255399571,18.6200008392334,-0.00904736923953331,-0.5824312289769552,0.06355572080362482
2020-12-21,73.60359954833984,23.190000534057617,13328.400390625,0.0010036629078853,0.0010036629078853,-0.0018226615307397331,-0.010970151043972254,0.00027175406309121186,73.92443801879882,74.79982692718505,-0.011703087351236596,0,0.04156506199318941,0.04834266077485559,0.8597830889713703,23.190000534057617,0.1953608757758556,-0.2438990838497582,0.043588573705858114
2020-12-22,73.935302734375,21.989999771118164,13466.2998046875,0.0045066163621156,0.0045066163621156,0.0010195250934357247,-0.002217272527246905,0.005446469951868371,73.93753402709962,74.80537845611572,-0.011601364058671515,0,0.04247231684290919,0.04906017623514891,0.8657011531753847,21.989999771118164,0.13643407429472698,-0.33730063406657584,0.04722355144612944
2020-12-23,74.2699966430664,20.5,13601.099609375,0.0045268484244103,0.0045268484244103,0.006916949951100815,0.001450834278575508,0.009380198692443997,73.96263793945313,74.81001842498779,-0.011327099008595076,0,0.045254564821138425,0.04978094309631084,0.9090558143459063,20.5,0.06770829090641772,-0.4524458502480858,0.05219139082028468
2020-12-24,73.83979797363281,19.96999931335449,13749.25,-0.005792361503678,-0.005792361503678,0.0030318968398526103,-0.005456342070249143,0.004582120854021321,73.97241790771484,74.8090048980713,-0.01118297177587535,0,0.049510538992898596,0.051211309696248854,0.9667702801642062,19.96999931335449,0.042275546575841094,-0.4955786855444034,0.05316672643414644
2020-12-28,73.68900299072266,20.43000030517578,13873.2001953125,0.0017836680437879,0.0017836680437879,0.002165143585117546,-0.0036748815527650747,-0.0012116502910669569,73.97379791259766,74.80817440032959,-0.011153546980933293,0,0.04810777176156059,0.05082119884781529,0.9465897354346489,20.43000030517578,0.09720727091099857,-0.46420048301538913,0.07892115456502546
2020-12-29,73.5448989868164,20.790000915527344,13932.599609375,-0.0019555700044467,-0.0019555700044467,-0.000797522972838971,-0.0031851576328328912,-0.001866179318057104,73.97877182006836,74.80592239379882,-0.011057287274343297,0,0.04781237695717517,0.050919428533070715,0.9389625801385981,20.790000915527344,-0.10349286603100993,-0.440568128985933,0.07281124273311779
2020-12-30,73.45359802246094,21.11000061035156,13981.9501953125,-0.0012414316371803,-0.0012414316371803,-0.006515219307949072,-0.008037937200769396,-0.0033338802670623835,73.98042373657226,74.80216537475586,-0.010985532759201555,0,0.04622296964995566,0.051006152685632626,0.9062056440365756,21.11000061035156,-0.04001815233860995,-0.4201361668737901,0.07810963761478074
2020-12-31,73.13400268554688,21.100000381469727,13981.75,-0.0043509827362893,-0.0043509827362893,-0.015295462621049971,-0.012039105681747597,-0.011368648947906679,73.97422775268555,74.79403537750244,-0.010960869014208563,0,0.0481957419625526,0.05130349345976872,0.9394058631598439,21.100000381469727,0.029268311291206217,-0.4249247356598984,0.06657234569361714
2021-01-04,73.09200286865234,20.030000686645508,14132.900390625,3.830918497671476e-05,3.830918497671476e-05,-0.010127263691153354,-0.007643689090695904,-0.010197011843770865,73.96456787109375,74.78299537658691,-0.01094403214757289,0,0.045188732762550206,0.05116575573968865,0.8831658781035152,20.030000686645508,0.0030045756311516403,-0.5104014893572504,0.07771616742922505
2021-01-05,73.31999969482422,20.459999084472656,14199.5,0.0031193128827182,0.0031193128827182,-0.005007576177206485,-0.00465090795500489,-0.005223555073140984,73.95801788330078,74.78007537841796,-0.010993001691389392,0,0.04658797198729983,0.051344821308504034,0.9073371659084515,20.459999084472656,0.0014683690087500256,-0.48165261977255436,0.08113352299638477
2021-01-06,73.37480163574219,21.0,14146.25,0.0007474350947362,0.0007474350947362,-0.0023128368305286306,-0.006635046614099749,0.0007146339935615309,73.9518879699707,74.77117439270019,-0.010957249627063237,0,0.045603957440595005,0.05129561288962191,0.8890247303213539,21.0,0.010100965619285418,-0.44423923174423396,0.06695303848379086
2021-01-07,73.36000061035156,20.6200008392334,14137.349609375,-0.000201718097503,-0.000201718097503,-0.0012742386299545716,-0.0058313607687139335,0.003442856112700232,73.94468795776368,74.76791240692138,-0.011010397678048567,0,0.045486928090545775,0.05091234800245158,0.8934185213739134,20.6200008392334,-0.023211736473275235,-0.47720300748402766,0.05852158129457341
2021-01-08,73.44599914550781,20.63999938964844,14347.25,0.001172281003827,0.001172281003827,0.004266093041596752,-0.007754627446505902,-0.004999028431806218,73.9371499633789,74.76023239135742,-0.011009629072175953,0,0.04425984815817642,0.04721569254113388,0.9373771388078159,20.63999938964844,-0.0218009944789036,-0.47899580117122476,0.07125389035057439
2021-01-11,73.37339782714844,22.3799991607666,14484.75,-0.0009884992947749,-0.0009884992947749,0.00384987341230425,-0.00478803311482312,-0.002299425802306687,73.92564788818359,74.75130088806152,-0.01104533285801046,0,0.04218261539263039,0.046639709896013175,0.9044162382321745,22.3799991607666,0.11732393377739103,-0.34805434215477943,0.07063665862603163
2021-01-12,73.51349639892578,22.850000381469727,14563.4501953125,0.0019093919039621,0.0019093919039621,0.00263907126168772,-0.005700969413489521,0.003179482566515679,73.91981781005859,74.74075786590576,-0.010983833711186608,0,0.0415164887662202,0.046154819196394886,0.8994854709341384,22.850000381469727,0.11681336285155908,-0.3148848489779096,0.08051092543939453
2021-01-13,73.16500091552734,23.290000915527344,14564.849609375,-0.0047405646645795,-0.0047405646645795,-0.0028593020429051874,-0.007618663454030061,0.0020571156536397517,73.89431777954101,74.7240528869629,-0.011103989617333054,0,0.04360914731402249,0.04658502067304367,0.9360994281972724,23.290000915527344,0.10904766264415922,-0.283677645772981,0.07777206572366224
2021-01-14,73.1698989868164,23.030000686645508,14595.599609375,6.694555084774123e-05,6.694555084774123e-05,-0.0025913525348080224,-0.00770430420651369,-0.002466238606999016,73.87243576049805,74.70360237121582,-0.011126191834599286,0,0.04360262941367565,0.04572253428296355,0.9536145903297301,23.030000686645508,0.116876806465819,-0.3070820807734119,0.07651849174555259
2021-01-15,73.08760070800781,24.01000022888184,14433.7001953125,-0.0011247559440176,-0.0011247559440176,-0.0048797544000995785,-0.01045762112051074,-0.00723175792870967,73.84317779541016,74.68981288909912,-0.01133534897116506,0,0.04321187110388743,0.045220217216883886,0.9555662974890857,24.01000022888184,0.16327523928724297,-0.23475486604523493,0.06381634605820086
2021-01-18,73.15899658203125,24.399999618530277,14281.2998046875,0.0009768534379541,0.0009768534379541,-0.002922056923440719,-0.00814545537293987,-0.0018719527681667625,73.8172216796875,74.68197986602783,-0.011579208102029614,0,0.04323923167512766,0.044334200066040434,0.975279949356713,24.399999618530277,0.09025918380304732,-0.2080268642325393,0.04374864616123597
2021-01-19,73.1886978149414,22.899999618530277,14521.150390625,0.0004059819611774,0.0004059819611774,-0.00441821706073986,-0.005812577889590442,-0.002484692546983025,73.78788360595703,74.67059837341309,-0.011821450298841407,0,0.04279289599376018,0.044302064011429214,0.9659127861386869,22.899999618530277,0.0021881503818748094,-0.3279016264912408,0.05679842979026217
2021-01-20,73.19190216064453,21.549999237060547,14644.7001953125,4.37819745233714e-05,4.37819745233714e-05,0.0003676791468676388,-0.0045953919701572365,-0.0034298295130508194,73.76412170410157,74.65955787658692,-0.011993590612544347,0,0.04260018354830262,0.04426834452065137,0.9622953312179696,21.549999237060547,-0.07471024517250002,-0.4359590505635595,0.06425254827563776
2021-01-21,72.91089630126953,22.18000030517578,14590.349609375,-0.0038393025878495,-0.0038393025878495,-0.0035397436532410564,-0.00941126862437447,-0.009026172946222877,73.73993957519531,74.64748737335205,-0.012157780925935335,0,0.044420566706483165,0.04483543498869636,0.9907247692124042,22.18000030517578,-0.03690839583702743,-0.39001270391706505,0.09468122068403928
2021-01-25,72.99590301513672,23.25,14238.900390625,0.0005619960375828,0.0005619960375828,-0.0012546272142307524,-0.012705699232925749,-0.008847497572029739,73.72026168823243,74.62676689147949,-0.01214718580218388,0,0.04109204729460011,0.044806895829114485,0.9170715681743761,23.25,-0.03165348694864356,-0.30988663479796597,0.05737289360426723
2021-01-27,72.91999816894531,24.38999938964844,13967.5,-0.0006852549118996,-0.0006852549118996,-0.0032668355807471405,-0.01817690231775615,-0.010332325314222901,73.69959762573242,74.61154239654542,-0.012222569612167944,0,0.03693798336924237,0.044820508105326215,0.8241129076344704,24.38999938964844,-0.0004098454523844275,-0.22386474108773705,0.02693902707487328
2021-01-28,73.03710174560547,24.290000915527344,13817.5498046875,0.0016059185353904,0.0016059185353904,-0.0020713043661365615,-0.01087078039289835,-0.009263421917929615,73.67470764160156,74.59342788696289,-0.012316369838285657,0,0.032656555257959255,0.044923100883570134,0.7269272977236718,24.290000915527344,0.06069874760488214,-0.23466783979290295,0.004967529478880683
2021-01-29,72.93879699707031,25.34000015258789,13634.599609375,-0.0013459563178939,-0.0013459563178939,-0.0034581033707621334,-0.010180704897673754,-0.011975984163065445,73.64208358764648,74.5783268737793,-0.01255382529186222,0,0.03190870639787146,0.04491799023696517,0.7103611686180078,25.34000015258789,0.1758701183158049,-0.15530123920115876,-0.01719866956278182
2021-02-01,72.90660095214844,23.31999969482422,14281.2001953125,-0.0004414117897114,-0.0004414117897114,-5.891230719956564e-05,-0.008679025241198457,-0.014089543566221496,73.60291564941406,74.56202739715576,-0.012863273454636337,0,0.03144698408421533,0.044788969777110096,0.702098801153608,23.31999969482422,0.05139762732024922,-0.3167929452913735,0.025020498378704126
2021-02-02,73.11979675292969,23.350000381469727,14647.849609375,0.0029242317979023,0.0029242317979023,0.0016972697463208952,-0.004544382828315374,-0.009283971945164282,73.57694961547851,74.54797138214111,-0.013025461976490793,0,0.03329226996390659,0.04501122184182143,0.7396273412341161,23.350000381469727,0.004301091676117252,-0.31734719736104433,0.04762564626254684
2021-02-03,72.91629791259766,23.75,14789.9501953125,-0.0027830881562711,-0.0027830881562711,-5.0744054313933695e-05,-0.002976792804371464,-0.020468894127293247,73.54568161010742,74.5264903640747,-0.013160538610846428,0,0.031205190751922796,0.041840596098114385,0.7457935084204179,23.75,-0.02624023803461306,-0.28820490362582885,0.05780393694011843
2021-02-04,72.85800170898438,23.1200008392334,14895.650390625,-0.0007994948356149,-0.0007994948356149,-0.002452178856232723,-0.003201460494774988,-0.018932433361198098,73.5144416809082,74.5029303741455,-0.013267782733822897,0,0.031285558400308285,0.04162121650021546,0.7516552704526519,23.1200008392334,-0.048167971683608535,-0.34008293696891795,0.05396981362056197
2021-02-05,72.9457015991211,23.420000076293945,14924.25,0.0012037097927419,0.0012037097927419,9.466295490256904e-05,-0.005104993143222103,-0.021526312843198947,73.49136367797851,74.48485889434815,-0.013338217070114178,0,0.0294004954166301,0.040920170483399174,0.7184666291145616,23.420000076293945,-0.07576953688762555,-0.318969794004297,0.051040529596112494
2021-02-08,72.78479766845703,23.959999084472656,15115.7998046875,-0.0022058041411174,-0.0022058041411174,-0.0016706756603747097,-0.008040961667114765,-0.022456036876785657,73.46381164550782,74.46273288726806,-0.013415049421736214,0,0.029908676906554695,0.041066156195656914,0.7282870224580514,23.959999084472656,0.027444228045615304,-0.27886817704665545,0.06853758449677483
2021-02-09,72.92990112304688,24.270000457763672,15109.2998046875,0.0019935956303789,0.0019935956303789,-0.002597048108933686,-0.00586286101044553,-0.023115484219681903,73.43751159667968,74.44253540039062,-0.013500665960736069,0,0.031032684810962958,0.04089680118088481,0.7587861428958019,24.270000457763672,0.03940043088924505,-0.25678685019637804,0.06875052412002058
2021-02-10,72.85489654541016,23.950000762939453,15106.5,-0.0010284475432124,-0.0010284475432124,-0.0008420801514237297,-0.008048125248137583,-0.020504178062976885,73.41539352416993,74.42480987548828,-0.013562901309483899,0,0.030660263541530446,0.04031482142361513,0.7605020177902437,23.950000762939453,0.00842108475534542,-0.2851695974505856,0.0529195490424994
2021-02-11,72.80729675292969,23.049999237060547,15173.2998046875,-0.0006533506289559,-0.0006533506289559,-0.0006959421733417903,-0.007715344947665681,-0.01771054971679531,73.39594146728516,74.40673385620117,-0.013584689671629402,0,0.030600411277739794,0.03975469972712762,0.7697112989526721,23.049999237060547,-0.003027750849128985,-0.3600482437077,0.04753618838347218
2021-02-12,72.70950317382812,22.040000915527344,15163.2998046875,-0.0013431837667785,-0.0013431837667785,-0.003238003338305151,-0.010936675093437764,-0.0171708254784112,73.36915557861329,74.38892387390136,-0.013708603945080777,0,0.02959364523187313,0.03966988416026677,0.7459789681600615,22.040000915527344,-0.05892396055811533,-0.44370935325350547,0.0411887019442736
2021-02-16,72.63870239257812,21.780000686645508,15313.4501953125,0.0006047200957295,0.0006047200957295,-0.002007222394769692,-0.0071933098662413375,-0.017774739678170115,73.34142562866211,74.37118587493896,-0.013846225983386584,0,0.02553386795867612,0.039691310048390716,0.6432950848047546,21.780000686645508,-0.09098491156620714,-0.4678935822470692,0.05139775596828988
2021-02-18,72.79730224609375,21.540000915527344,15118.9501953125,-0.0018879182437674,-0.0018879182437674,-0.0018181688842469068,-0.0050922134085464865,-0.01998205056203428,73.32427169799804,74.35284740447997,-0.01383370970161335,0,0.02609188337314753,0.038764605998268704,0.6730678574794576,21.540000915527344,-0.11248452784280993,-0.4904999758992899,0.03585673764312802
2021-02-19,72.60540008544922,22.25,14981.75,-0.0026361163768926,-0.0026361163768926,-0.0034245668004679874,-0.006597570831269106,-0.02634571030461408,73.30312774658204,74.33958190917969,-0.013942157542180977,0,0.02714511344978689,0.03817085475069695,0.7111290144813114,22.25,-0.07098124045031584,-0.43709155657688514,0.03797015299413564
2021-02-22,72.5530014038086,25.46999931335449,14675.7001953125,-0.0007216912458157,-0.0007216912458157,-0.0034927179068884318,-0.008283262572405192,-0.0308822083207434,73.27688980102539,74.32434440612793,-0.014093021788109894,0,0.02665804430227269,0.037189519336918726,0.7167967744889613,25.46999931335449,0.10498916079801801,-0.1830713579751749,0.027616561238742898
2021-02-23,72.44400024414062,25.229999542236328,14707.7998046875,-0.001502365960869,-0.001502365960869,-0.003651557473206224,-0.010175035122004239,-0.026527125076980185,73.24996383666992,74.30731441497802,-0.014229427972638153,0,0.02663788258664094,0.037242183358575,0.7152418290932088,25.229999542236328,0.14473677378396155,-0.20657614713520822,0.012853624474752579
2021-02-24,72.37699890136719,24.170000076293945,14982.0,-0.0009248708319203,-0.0009248708319203,-0.003602810658656197,-0.011133789875945044,-0.028231844799785466,73.21710388183594,74.28834941864014,-0.014420101472000235,0,0.026546781270731352,0.03717724327327524,0.7140407650679375,24.170000076293945,0.10973366915979366,-0.29617433963919587,0.0230322096177471
2021-02-25,72.4000015258789,22.88999938964844,15097.349609375,0.0003178167768889,0.0003178167768889,-0.005457629719185952,-0.007007111437494773,-0.027143196624121013,73.19057586669922,74.26959293365479,-0.014528382670946693,0,0.02406801524902489,0.037195708873181015,0.647046902216073,22.88999938964844,0.06267402120433219,-0.40346142869654045,0.03474899598527981
2021-02-26,73.1509017944336,28.13999938964844,14529.150390625,0.0103715504520573,0.0103715504520573,0.007513238799626176,0.002123390120466473,-0.012803037112519178,73.17489395141601,74.25494743347168,-0.014545205664893146,0,0.04458317596015763,0.04215812207599107,1.057497731565597,28.13999938964844,0.2647190736920648,0.0171825289619635,0.0203842987897509
2021-03-01,73.59590148925781,25.6299991607666,14761.5498046875,0.0060833111268367,0.0060833111268367,0.014374320362637194,0.009269107752122085,-0.007638612128822331,73.17227798461914,74.24530193328857,-0.014452415448907074,0,0.04919380638563585,0.04392560036651993,1.119909257150947,25.6299991607666,0.006281894453299852,-0.190515998756489,0.05684981597905847
2021-03-02,73.30940246582031,23.61000061035156,14919.099609375,-0.0038928665542512,-0.0038928665542512,0.011945809435746746,0.003728251993942555,-0.012600206259554048,73.1637060546875,74.2302989578247,-0.014368700087591058,0,0.051043263545554614,0.04451569081463217,1.1466095662433478,23.61000061035156,-0.06420923350287056,-0.35873940963048084,0.07972106634374554
2021-03-03,73.27749633789062,22.09000015258789,15245.599609375,-0.0004352255898493,-0.0004352255898493,0.012441762579166848,0.004643610187784031,-0.009238729589578942,73.15205596923828,74.21828643798828,-0.014366142360897505,0,0.05082343502881374,0.043888721769872414,1.1579803420786525,22.09000015258789,-0.08605709214482493,-0.4864657640413281,0.11815528480149085
2021-03-04,72.88069915771484,24.149999618530277,15080.75,-0.0054149936884593,-0.0054149936884593,0.006639469913051199,-0.0003552736528013023,-0.012187607252960309,73.13447387695312,74.20555892944336,-0.014434027152987916,0,0.05430074826925959,0.04492505071502273,1.2086695225828534,24.149999618530277,0.055045883026613174,-0.32092320347268805,0.055986177194682574
2021-03-05,73.13179779052734,25.559999465942383,14938.099609375,0.0034453378701693,0.0034453378701693,-0.00026115882972888027,0.00016412843211544015,-0.01238372325444248,73.12477783203126,74.19379291534423,-0.01440841667890913,0,0.05469861027988763,0.04485853110901111,1.2193308518309525,25.559999465942383,-0.09168443424540851,-0.20869384665019458,0.019815195249835993
2021-03-08,73.1333999633789,24.68000030517578,14956.2001953125,2.190801949319976e-05,2.190801949319976e-05,-0.006284338074809992,0.002977414610948692,-0.01204724780319899,73.11684982299805,74.18035991668701,-0.014336814958614497,0,0.0538243964830577,0.04478414523065919,1.2018359258598625,24.68000030517578,-0.03706589491602641,-0.28322507506328626,0.01124074103053374
2021-03-09,73.33000183105469,22.5,15098.400390625,0.0026882637450771,0.0026882637450771,0.00028099213117971367,0.006478356680102326,-0.0044124221523107465,73.11137786865234,74.16900943756103,-0.01425975049321715,0,0.05450025235204331,0.04404110595928281,1.2374579090843003,22.5,-0.04701400176435788,-0.46410136177288275,0.013611355978628836
2021-03-10,72.7759017944336,20.75,15174.7998046875,-0.0075562528676555,-0.0075562528676555,-0.0068451375732615505,-0.002327756138677639,-0.012037260292587226,73.08818984985352,74.15288894653321,-0.014358160711005818,0,0.060566698284393865,0.046533925129666934,1.3015320883321115,20.75,-0.06066093903720082,-0.6067701690298276,0.016788100218603885
2021-03-12,72.63899993896484,21.709999084472656,15030.9501953125,-0.0009215379967577,-0.0009215379967577,-0.0033163680033716503,-0.002003134365452408,-0.01659649934618379,73.05556991577149,74.13718395233154,-0.014589359601998142,0,0.06019914145400464,0.04617935828477441,1.3035659247765559,21.709999084472656,-0.1010352203974948,-0.5265886440045595,-0.0056133059759555515
2021-03-15,72.68299865722656,21.229999542236328,14929.5,0.000605717566303,0.000605717566303,-0.006136853555635091,-0.003385476492059669,-0.015006035044823895,73.03243392944336,74.12247394561767,-0.014705931388286575,0,0.059763502956519984,0.04617997027761301,1.2941153595789938,21.229999542236328,-0.1694053213684764,-0.5646378884254625,-0.01189994288363505
2021-03-16,72.51529693603516,20.190000534057617,14910.4501953125,-0.0023073032798535,-0.0023073032798535,-0.00845172011219586,-0.004661314825467167,-0.020328286615400648,73.00895980834962,74.1045004272461,-0.014783725854437879,0,0.060142414991848504,0.045873933007878065,1.311008235838084,20.190000534057617,-0.1819286756725259,-0.6482136109770873,-0.012977844284745021
2021-03-17,72.5156021118164,20.15999984741211,14721.2998046875,4.208433173946702e-06,4.208433173946702e-06,-0.011105955255729882,-0.004006392959529093,-0.016422884250549052,72.98837387084961,74.08797843933105,-0.01484187572187412,0,0.060135292217374264,0.045260154129942755,1.3286292268360749,20.15999984741211,-0.10400000678168397,-0.6493247310507948,-0.0297891695160708
2021-03-18,72.29560089111328,20.07999992370605,14557.849609375,-0.0030338467074146,-0.0030338467074146,-0.006599724517011074,-0.005692547255141012,-0.022173486462635505,72.96521392822265,74.06880645751953,-0.014899558695195325,0,0.06080148756716988,0.04517536864110433,1.3458692983979421,20.07999992370605,-0.03228916030332285,-0.6535648211385191,-0.03992865689599667
2021-03-19,72.6688003540039,19.989999771118164,14744.0,0.0051621323882862,0.0051621323882862,0.00041025365250213497,0.00041435158440905617,-0.0143489329856058,72.9559098815918,74.05235046386719,-0.014806290082721718,0,0.06367336479566084,0.046182700034906626,1.3786977818480362,19.989999771118164,-0.07922613477145024,-0.6569192052380266,-0.03718627664239971
2021-03-22,72.40499877929688,20.489999771118164,14736.400390625,-0.0036301903075588,-0.0036301903075588,-0.003824826755438826,-0.005388983584455942,-0.01807752043536115,72.94216979980469,74.03680946350097,-0.014785073419944283,0,0.06456247832385156,0.04668787143086944,1.3828237082030765,20.489999771118164,-0.03485632534498928,-0.6120683274695754,-0.025302669811433476
2021-03-23,72.38050079345703,20.670000076293945,14814.75,-0.0003383466093896,-0.0003383466093896,-0.0018588649329674967,-0.0030975559907046035,-0.02003113734996609,72.92337982177735,74.0200619506836,-0.014816012037884074,0,0.06395953816751511,0.046528509012755584,1.374601613569171,20.670000076293945,0.023774122314986545,-0.5916675646907108,-0.011146895389390399
2021-03-24,72.61219787597656,22.459999084472656,14549.400390625,0.0032010980855285,0.0032010980855285,0.0013320687044866553,0.0008159065927335618,-0.015558689656278157,72.90812774658202,74.00779392242431,-0.014858788751289764,0,0.06491114352990625,0.04698839116617351,1.3813999696304675,22.459999084472656,0.11408726460659135,-0.438776754453495,-0.008606049660774717
2021-03-25,72.64559936523438,22.700000762939453,14324.900390625,0.0004599983230759,0.0004599983230759,0.004841213985457227,0.0027828270169283353,-0.01318996898666458,72.89383972167968,73.99329692840575,-0.014858875768029134,0,0.06465907466982819,0.046872450481617055,1.3794391922392473,22.700000762939453,0.13047812993964603,-0.41246679655540053,-0.026033765698963762
2021-03-26,72.61280059814453,20.649999618530277,14507.2998046875,-0.0004514900747799,-0.0004514900747799,-0.0007706162147520512,0.0032579645516759292,-0.012471131591797135,72.87717575073242,73.97890644073486,-0.014892497645731528,0,0.06457734329043634,0.04683099209340335,1.3789151476119368,20.649999618530277,0.03301650099894893,-0.5795143481337409,-0.031684701329094955
2021-03-30,72.74189758300781,20.489999771118164,14845.099609375,0.0040677988234587,0.0040677988234587,0.00465297713404933,0.004722321131536145,-0.01170733456814299,72.86454574584961,73.96502742767333,-0.01487840564785603,0,0.06594928722603507,0.04753420404222182,1.3873778088226456,20.489999771118164,0.0,-0.5895002370866865,-0.016708230684633563
2021-03-31,73.44529724121094,20.649999618530277,14690.7001953125,0.0096698007829731,0.0096698007829731,0.014711095337574198,0.004024495112919357,-0.006627490184553553,72.86318176269532,73.9541289138794,-0.014751673330565596,0,0.0646424947225301,0.050593004681535984,1.2776710428324927,20.649999618530277,-0.0009676080159577438,-0.5752280158027251,0.0111190124917242
2021-04-01,73.20349884033203,19.989999771118164,14867.349609375,-0.0032922244168307,-0.0032922244168307,0.008143273191722145,-0.0053318546411590395,-0.01435973947676139,72.86395172119141,73.94259738922119,-0.014587608579016642,0,0.062287720800480235,0.050150431583906065,1.2419928770382058,19.989999771118164,-0.10997325975236061,-0.6333530553318826,0.007167255883518742
2021-04-05,73.3759994506836,21.21999931335449,14637.7998046875,0.001210296199851,0.001210296199851,0.010054292232858364,0.0009084371529877178,-0.00628114561086468,72.86807373046875,73.93010238647462,-0.014365307523233728,0,0.060857005894987055,0.048885667983017266,1.2448589442857543,21.21999931335449,-0.06519829955253786,-0.5200174042404009,-0.0188550121691482
2021-04-06,73.27950286865234,20.84000015258789,14683.5,-0.0013150973445493,-0.0013150973445493,0.00918160799495249,2.7382632622474645e-05,-0.005557140216999157,72.87191177368165,73.91454990386963,-0.01410599308991256,0,0.06103971465981771,0.04880987877217641,1.2505350486460016,20.84000015258789,0.009200994555327524,-0.5660851299641788,-0.03686962951784112
2021-04-07,73.48999786376953,20.25,14819.0498046875,0.0028724948570473,0.0028724948570473,0.010284310770255045,0.00836022037516626,-0.0007464980413762756,72.8785317993164,73.90221588134766,-0.013851872637686613,0,0.058279635986415085,0.049012246414645556,1.1890588820290968,20.25,-0.011713019707128458,-0.6370012159521835,-0.01735326129751502
2021-04-08,74.40149688720703,20.309999465942383,14873.7998046875,0.0124030351059087,0.0124030351059087,0.013019208607131239,0.017361792476598303,0.012904730200639536,72.90278778076171,73.89433338165283,-0.013418425412540569,1,0.07087727547133374,0.05486378741784832,1.2918536425109035,20.309999465942383,-0.01646489873456436,-0.6389689567894582,-0.004304416650639187
2021-04-09,74.54450225830078,19.790000915527344,14834.849609375,0.0019220765317469,0.0019220765317469,0.01831884321395183,0.01929490896947872,0.01928650861376502,72.92983978271485,73.88378089904785,-0.012911373845857055,1,0.07087633109442319,0.05417481430910444,1.308265173275156,19.790000915527344,-0.010004945366721918,-0.7098456186119484,-0.00811373105152291
2021-04-12,74.72949981689453,23.0,14310.7998046875,0.0024817062692661,0.0024817062692661,0.0184460910426254,0.01908493046357962,0.022403229956426296,72.96621185302735,73.87467838287354,-0.012297400810841408,1,0.0708186608923552,0.05434541174778198,1.3030972720153045,23.0,0.08388316419620678,-0.32918309930146983,-0.05216450521649585
2021-04-13,74.99099731445312,20.459999084472656,14504.7998046875,0.0034992539519109,0.0034992539519109,0.02335570492158623,0.03043721156869217,0.022790474994326404,73.00611373901367,73.86763137817383,-0.011662992613767686,1,0.06399509301284304,0.05442942795917166,1.175722760453874,20.459999084472656,-0.0182342161868001,-0.6566372802809559,-0.04415214754879582
2021-04-15,75.0261001586914,20.88999938964844,14581.4501953125,-0.0020670395029931,-0.0020670395029931,0.020902195394935097,0.032862514926311315,0.02250498108528909,73.04823577880859,73.86150138854981,-0.011010683433891,1,0.06466898438696805,0.054637272965763,1.1835839765193608,20.88999938964844,0.0316049081307872,-0.6048124058667128,-0.029904962371585797
2021-04-16,74.72740173339844,20.399999618530277,14617.849609375,-0.0039812601836051,-0.0039812601836051,0.0043803533507595915,0.028127665533081325,0.01863960075886273,73.08204177856446,73.85618938446045,-0.010481824371768589,1,0.067348826733959,0.0552996646567494,1.2178664967589885,20.399999618530277,0.004431322252805403,-0.6757303149371445,-0.0208748042884892
2021-04-19,74.56320190429688,22.489999771118164,14359.4501953125,-0.0021973175206515,-0.0021973175206515,0.00025085211423503395,0.028241006446793504,0.01521121329666597,73.11452987670899,73.8509663772583,-0.009971927744145237,1,0.06727638637954507,0.055481267754169936,1.212574559454425,22.489999771118164,0.13643247754841625,-0.37327226542486447,-0.03695394792125206
2021-04-20,74.8781967163086,22.43000030517578,14296.400390625,0.0042245344079512,0.0042245344079512,0.0019898018825015296,0.03258050041216176,0.020508780208122968,73.15396179199219,73.84550735473633,-0.009364761479965455,1,0.06786267224291034,0.05600635899193077,1.2116742061108008,22.43000030517578,-0.024782595427139897,-0.3767473781656342,-0.028862900674518244
2021-04-22,75.42949676513672,23.030000686645508,14406.150390625,-0.0002611919697271,-0.0002611919697271,0.005847361235174375,0.04334836193897185,0.026063246343414725,73.20015579223633,73.84495582580567,-0.008731808779063654,1,0.06620358330599264,0.055917543036502856,1.183928974379319,23.030000686645508,0.12561103211990154,-0.2780451544843171,-0.010420441399003666
2021-04-23,75.0916976928711,22.690000534057617,14341.349609375,-0.0044783418523581,-0.0044783418523581,0.0008743295205393409,0.03334164492965508,0.02633358509170547,73.2436637878418,73.84231533050537,-0.008107161049651701,1,0.06806804408283353,0.05582492766104112,1.2192908731606396,22.690000534057617,0.08616568678796255,-0.32437623058777315,-0.027309440492742865
2021-04-26,74.86810302734375,23.5,14485.0,-0.0029776216598785,-0.0029776216598785,0.0018828607804040054,0.03401842814133382,0.023209052684811216,73.28386581420898,73.83815586090088,-0.007506824083419628,1,0.06752686589347907,0.056195842017791625,1.201613177340115,23.5,0.1519608058548123,-0.183293170596245,-0.01705982356348945
2021-04-27,74.81490325927734,23.07999992370605,14653.0498046875,-0.0007105798853614,-0.0007105798853614,0.0033756779289539907,0.03363340180205521,0.023633318573013096,73.3212498474121,73.83348037719726,-0.006937645728852249,1,0.06764411075841856,0.056162272197193795,1.2044189754634418,23.07999992370605,0.026233888776894032,-0.2442977201086291,-0.010914810935891639
2021-04-28,74.57499694824219,22.57999992370605,14864.5498046875,-0.0032066647229862,-0.0032066647229862,-0.004049239716804931,0.027031258241461575,0.019355109178174956,73.35705383300781,73.82908084869385,-0.006393510663547541,1,0.06883484244617652,0.05655077192683579,1.2172004536874994,22.57999992370605,0.006687455037424073,-0.32229481328326165,0.021660646184812338
2021-04-29,74.31179809570312,23.309999465942383,14894.900390625,-0.0035293176441124,-0.0035293176441124,-0.014817793003627622,0.022935989860744854,0.01534526934201641,73.38469177246094,73.82703483581543,-0.005991613564573117,1,0.07048776146478114,0.05702114867260715,1.2361470604955076,23.309999465942383,0.012158001343840041,-0.18533881982126424,0.03979085260327819
2021-04-30,74.10579681396484,23.030000686645508,14631.099609375,-0.0027721208074252,-0.0027721208074252,-0.013129292707412699,0.02056106090829468,0.012486280945595007,73.40970977783203,73.82416732788086,-0.005614117504476046,1,0.07140176394649951,0.05730523409160936,1.2459685246871592,23.030000686645508,0.01498458107471401,-0.22583200638511436,0.008533621442599504
2021-05-03,74.09480285644531,23.690000534057617,14634.150390625,-0.0001483548924942,-0.0001483548924942,-0.010328833503581714,0.01859870746282999,0.016237717751868663,73.43545989990234,73.82160335540772,-0.005230764951640543,1,0.07026968985727886,0.0567645850439801,1.2378924625340553,23.690000534057617,0.008085129108834854,-0.09318555254173304,-0.014210023799151927
2021-05-04,73.8375015258789,23.01000022888184,14496.5,-0.0034725961963204,-0.0034725961963204,-0.013064265150636745,0.005340087104282354,0.011529393787589326,73.45801986694336,73.81516586303711,-0.0048383823556859,1,0.06264047014429093,0.05720034991660304,1.0950872704161332,23.01000022888184,-0.003032915730312169,-0.2120599387882686,-0.013219260670397803
2021-05-06,73.79940032958984,22.040000915527344,14724.7998046875,0.0002778597006023,0.0002778597006023,-0.010400223270416453,0.008140341632543624,0.012059821485555622,73.48123382568359,73.80946334838868,-0.004446984272948984,0,0.061688069505188584,0.057184044174771284,1.078744808111977,22.040000915527344,-0.023914925155149258,-0.39037394345697485,-0.009588111427581647
2021-05-07,73.61519622802734,20.81999969482422,14823.150390625,-0.002496010817701,-0.002496010817701,-0.009374041343726547,0.003259877604863348,0.007915079714354345,73.49759170532226,73.80083934783936,-0.004108999913778999,0,0.06202674177230878,0.057316450971223454,1.0821615532667295,20.81999969482422,-0.10682109944945462,-0.6222677058988448,0.012662462146677544
2021-05-10,73.29029846191406,20.229999542236328,14942.349609375,-0.0044134605728264,-0.0044134605728264,-0.01100451499223476,0.0001473207764668416,0.004819128904167025,73.51128967285156,73.79149833679199,-0.0037973028093497563,0,0.06358567970204487,0.057929305871031976,1.0976237522999315,20.229999542236328,-0.12158059317960968,-0.7329963904253861,0.017628604173051343
2021-05-12,73.3750991821289,20.07999992370605,14696.5,-0.0016993308553889,-0.0016993308553889,-0.009713281452557343,-0.001563460130365124,0.006426005654659006,73.52773162841797,73.78112384796142,-0.0034343773356667606,0,0.0625577513623198,0.05801650807361817,1.0782564339533598,20.07999992370605,-0.1523849948910595,-0.7569258431031588,-0.008269747811275652
2021-05-14,73.44490051269531,20.270000457763672,14677.7998046875,-0.0032124975213808,-0.0032124975213808,-0.005317095040736075,-0.012857219471832937,0.0044461797516224255,73.54774963378907,73.77047336578369,-0.003019144677170016,0,0.0412792646173897,0.058018156416532345,0.7114764703064059,20.270000457763672,-0.1190786503200012,-0.7132507780340558,-0.013177533822811727
2021-05-17,73.27890014648438,19.61000061035156,14923.150390625,-0.0022602027513434,-0.0022602027513434,-0.0070529053187546875,-0.01697780618926159,0.00497285578488027,73.5657876586914,73.76124336242675,-0.0026498428554813103,0,0.039555810780770126,0.05793249360988638,0.6827796550149688,19.61000061035156,-0.11025409275114106,-0.853195208106757,0.0059522532128803984
2021-05-18,73.26969909667969,19.239999771118164,15108.099609375,-0.0001255620620164,-0.0001255620620164,-0.004693285477056386,-0.019534463950537706,0.005650681847407135,73.58318161010742,73.75171936035156,-0.0022852043546356393,0,0.03713057155740551,0.057918913631924994,0.6410674538184987,19.239999771118164,-0.0758885661318639,-0.9409055246602109,0.05571315479001693
2021-05-19,73.1281967163086,19.31999969482422,15030.150390625,-0.0019312537394807,-0.0019312537394807,-0.002211776306105584,-0.02484032303682282,0.0025017939808218426,73.58272750854492,73.74287384033204,-0.00217168552630409,0,0.03192251106945385,0.057956056367074835,0.550795935308904,19.31999969482422,-0.04498269243715036,-0.9305063398428192,0.03621908561383402
2021-05-21,73.02189636230469,19.07999992370605,15175.2998046875,-0.0027450978757739,-0.0027450978757739,-0.004813660543715459,-0.026713420958140333,0.003257530438260936,73.57124740600585,73.7330333328247,-0.0021942122750947535,0,0.032033832003223954,0.05804114471376111,0.5519064149197284,19.07999992370605,-0.049800797001967156,-0.989532693687821,0.040726375046420626
2021-05-24,72.90979766845703,19.1299991607666,15197.7001953125,-0.0015351380809321,-0.0015351380809321,-0.0072857726064423645,-0.02432312676180004,-0.00027565448849198315,73.5632553100586,73.72373233795166,-0.002176734991622964,0,0.031243892317846845,0.05792103280028147,0.5394129108965771,19.1299991607666,-0.05624081259260327,-0.9817919980983657,0.03966729727234419
2021-05-26,72.80490112304688,20.8700008392334,15301.4501953125,-0.0004352225904301,-0.0004352225904301,-0.006468424368951675,-0.023581347586263957,-0.0006862328372413407,73.55380340576171,73.71365684509277,-0.0021685729099966133,0,0.031618862313538824,0.05790220510859162,0.5460641125865284,20.8700008392334,0.06425294184930941,-0.576998667843809,0.06560139748996141
2021-05-27,72.67250061035156,19.90999984741211,15337.849609375,-0.0018185659296692,-0.0018185659296692,-0.008150688397670636,-0.029457121067081316,-0.0018514097980529831,73.54963943481445,73.70298286437988,-0.002080559342456878,0,0.022797888878477383,0.05798000309689291,0.3931958341662267,19.90999984741211,0.03482328920292943,-0.80602009375077,0.0728469537991494
2021-05-28,72.68299865722656,17.399999618530273,15435.650390625,0.00014445693745,0.00014445693745,-0.006087912447904631,-0.03641146004807472,-0.00036452616844595553,73.54066345214844,73.69259883880615,-0.002061745535532733,0,0.023247427734537328,0.05794685635469511,0.40117839031423896,17.399999618530273,-0.09937888750631341,-1.4290229311038183,0.07146253316013973
2021-06-01,72.48719787597656,17.389999389648438,15574.849609375,0.0012942680293033,0.0012942680293033,-0.007322440431773658,-0.034684258006085655,-0.0020857271896564944,73.52773941040039,73.68003482818604,-0.0020669835205804343,0,0.024300249332378145,0.058005535013345336,0.41892261495687483,17.389999389648438,-0.0885744518247017,-1.445972066086252,0.08601003626560044
2021-06-02,72.8550033569336,17.209999084472656,15576.2001953125,0.0050740750330331,0.0050740750330331,-0.0007515356409656393,-0.02688861596606662,0.0007926270487990106,73.51823944091797,73.66885986328126,-0.002044560247611016,0,0.03360441238641418,0.058875496771172146,0.5707610715532245,17.209999084472656,-0.10036592579845172,-1.508401625237399,0.0753331166939939
2021-06-03,72.96510314941406,15.75,15690.349609375,0.001511218000239,0.001511218000239,0.002200429145510885,-0.024725021744032016,0.004954219156447115,73.52202346801758,73.65952938079835,-0.0018667769660853928,0,0.03504211749590029,0.05874737116512883,0.5964781116638036,15.75,-0.24532825267588576,-1.9362728321585048,0.07079071036499651
2021-06-04,73.04419708251953,15.9399995803833,15670.25,0.0010839967284566,0.0010839967284566,0.005114678441586751,-0.020526985294884947,0.00677016345577619,73.53012741088867,73.64980037689209,-0.0016248919262646933,0,0.035266657052497465,0.05877851308301101,0.5999821230688376,15.9399995803833,-0.19939730273502876,-1.9249348112532678,0.054202798328841784
2021-06-07,72.90969848632812,15.56999969482422,15751.650390625,-0.0018413317082458,-0.0018413317082458,0.0031190214120180304,-0.018867792804169392,0.0064283893851535545,73.53466140747071,73.63975986480713,-0.0014271971762179758,0,0.034275540512260214,0.05881636250288139,0.5827452822384053,15.56999969482422,-0.10517241171414626,-2.044817061095017,0.05751968643840333
2021-06-08,72.80940246582031,15.229999542236328,15740.099609375,-0.0013756197404467,-0.0013756197404467,0.00444498613941513,-0.01749383184420783,0.005974322934312104,73.5405435180664,73.62715686798096,-0.001176377760584435,0,0.03371533730229229,0.05885022514884822,0.5728910012836349,15.229999542236328,-0.12420931128369506,-2.1397796358746533,0.07579744719182968
2021-06-09,72.97530364990234,14.75,15635.349609375,0.0022785681308112,0.0022785681308112,0.0016512289812049552,-0.015109011204361256,0.007946161766554605,73.54973754882812,73.61578338623048,-0.000897169524853636,0,0.03545333039150858,0.05903262770344955,0.6005616082007597,14.75,-0.14294010548159397,-2.2708631977467255,0.06841526101791273
2021-06-10,72.98529815673828,15.0,15737.75,0.0001369573860752,0.0001369573860752,0.0002767762458015799,-0.011541606250611514,-0.0022638632420511895,73.56353149414062,73.60629886627197,-0.0005810286998542136,0,0.034264720469863105,0.055118225941462956,0.6216473450888534,15.0,-0.04761904761904767,-2.187738001106767,0.08562411616597099
2021-06-11,73.01229858398438,14.100000381469728,15799.349609375,0.0003699433711719,0.0003699433711719,-0.00043670133712492287,-0.010665421969423217,-0.007929828882639933,73.57040145874024,73.5968613433838,-0.0003595246340750702,0,0.03429831359592381,0.05363647737274851,0.639446806149569,14.100000381469728,-0.11543282605715899,-2.433090658076098,0.07297551198933294
2021-06-14,73.23159790039062,14.720000267028809,15811.849609375,0.0030035941979555,0.0030035941979555,0.004415042453136175,-0.005210857911028377,-0.0010613176865813534,73.5869334411621,73.58789531707764,-1.3071115995244575e-05,0,0.03585757438585907,0.053526116761147206,0.6698954951350262,14.720000267028809,-0.05459212873831776,-2.2340467686650705,0.06669966860589294
2021-06-15,73.18080139160156,14.609999656677246,15869.25,-0.0006936419557327,-0.0006936419557327,0.005100974780772205,-0.0014940186165213198,-0.0013195721895735701,73.602939453125,73.57829933166504,0.00033488299789175,0,0.03280274661166089,0.053533640370190774,0.6127387124454498,14.609999656677246,-0.04070912043297692,-2.248851235477339,0.06203176975885061
2021-06-16,73.3447036743164,14.869999885559082,15767.5498046875,0.0022396896398795,0.0022396896398795,0.005061986808390095,-0.0004142482688446192,0.006366630973139387,73.61758956909179,73.57052284240723,0.0006397497919836681,0,0.033408183156778994,0.05267512377069996,0.6342187079331305,14.869999885559082,0.008135585461632733,-2.16065904790072,0.07287788280798146
2021-06-17,73.8240966796875,15.289999961853027,15691.400390625,0.0065361639130729,0.0065361639130729,0.011492705300016448,0.005163001983053084,0.009466455222981285,73.64115951538086,73.56578281402588,0.0010246163157883181,1,0.03843354087910371,0.053860870876437636,0.7135574805277848,15.289999961853027,0.01933333079020172,-2.0254758912953967,0.0690567114571079
2021-06-18,74.25389862060547,14.800000190734863,15683.349609375,0.0058219735865217,0.0058219735865217,0.017005354723806043,0.013305309880089267,0.015321298582968268,73.67398147583008,73.56190231323242,0.0015236033744805422,1,0.04140327724939527,0.05511059807329632,0.7512625054771682,14.800000190734863,0.04964537520049128,-2.1543157895296563,0.050940933975145875
2021-06-21,74.1438980102539,15.0600004196167,15746.5,-0.0014814119176906,-0.0014814119176906,0.012457738681384445,0.011931247491827612,0.01109908848869745,73.702021484375,73.55810779571533,0.001956462624886246,1,0.042050328879817384,0.05493906035398939,0.7653855603521186,15.0600004196167,0.023097836033974417,-2.063695776004178,0.04225550579696047
2021-06-22,74.13520050048828,14.739999771118164,15772.75,-0.0001173058066683,-0.0001173058066683,0.013041659707709208,0.013770389937088456,0.018677868257740426,73.71581954956055,73.55378379821778,0.0022029560272152082,1,0.04105356945418796,0.05274376349063547,0.778343985967001,14.739999771118164,0.008898023100329278,-2.1380480009551603,0.04940733060383695
2021-06-23,74.33219909667969,15.369999885559082,15686.9501953125,0.0026572882363771,0.0026572882363771,0.013463759111335571,0.01794397022879024,0.023309780684447112,73.7383935546875,73.55146980285645,0.0025414006318580373,1,0.03935442481583161,0.05293866220551838,0.7433826204453822,15.369999885559082,0.03362474807317062,-1.9413617762072002,0.03371599884088994
2021-06-24,74.24690246582031,15.100000381469728,15790.4501953125,-0.0011475058170744,-0.0011475058170744,0.0057272056841726204,0.018339164832736232,0.021516776102883828,73.75581161499024,73.54787033081055,0.0028272917114307017,1,0.03905057491517565,0.05299856415092452,0.7368093594878072,15.100000381469728,-0.01242639508550214,-2.0107471136433133,0.03900261173613795
2021-06-25,74.19029998779297,13.369999885559082,15860.349609375,-0.0007623547400297,-0.0007623547400297,-0.0008565022711797265,0.019028923099622785,0.02309861674062108,73.77402755737305,73.54382232666016,0.003130177674072643,1,0.03922936564345115,0.05279586058528869,0.7430245891245665,13.369999885559082,-0.09662164099639636,-2.496522092896683,0.036525911395882904
2021-06-28,74.21299743652344,13.399999618530272,15814.7001953125,0.0003059355297687,0.0003059355297687,0.0009319637640305967,0.021197795771904948,0.02340731201665691,73.78848754882813,73.5402783203125,0.003375146711228627,1,0.03791207847826866,0.052795110369851586,0.7180846886765692,13.399999618530272,-0.11022581373398643,-2.464795218166018,0.031089794076871957
2021-06-29,74.285400390625,13.0,15748.4501953125,0.0009756101572839,0.0009756101572839,0.0020260266259848336,0.022046445014677785,0.027523106177768986,73.78616561889649,73.53970531463624,0.0033513909690796595,1,0.037731521176797365,0.05240762842360652,0.7199486479940368,13.0,-0.11804611927657915,-2.5643318341044963,0.02026476350342077
2021-06-30,74.28759765625,13.050000190734863,15721.5,2.9578700706300864e-05,2.9578700706300864e-05,-0.0006000285336866806,0.024837486246245488,0.02227637300134533,73.78102752685547,73.53888080596924,0.0032927713643768897,1,0.03795884085180864,0.05145023458860942,0.7377634600086387,13.050000190734863,-0.15094337749501086,-2.546576527260265,0.009415846335795619
2021-07-01,74.37100219726562,12.84000015258789,15680.0,0.0011227249722296,0.0011227249722296,0.001671446583275893,0.02080843827437362,0.027152868601814095,73.7738575744629,73.53953533172607,0.003186343803776248,1,0.035208736239994654,0.0508978014692461,0.6917399864762701,12.84000015258789,-0.1496688855488536,-2.6095827700449457,0.006664000422820449
2021-07-02,74.54499816894531,12.09000015258789,15722.2001953125,0.0023395673923847,0.0023395673923847,0.00478092393764018,0.021652748387075205,0.029904426630935177,73.76493759155274,73.5433878326416,0.003012504120904813,1,0.03548104130162557,0.051054093881556,0.6949559506038503,12.09000015258789,-0.09573670485619956,-2.8353114091945772,0.00202994749833163
2021-07-06,74.31780242919922,12.279999732971191,15818.25,-0.0022017975354208,-0.0022017975354208,0.001412218833573231,0.017436092086012822,0.023489229125605915,73.7507716369629,73.54933532714844,0.0027387917092447367,1,0.037194202252901445,0.05094530684254111,0.7300667027318966,12.279999732971191,-0.08358208339127726,-2.7634047774150443,0.009444648298527536
2021-07-07,74.76290130615234,12.210000038146973,15879.650390625,0.0059891286125846,0.0059891286125846,0.006427924101054083,0.025417781972747022,0.029145632487289186,73.75148162841796,73.55479984283447,0.0026739490285303535,1,0.03981043670875467,0.05224184126622619,0.7620266383653067,12.210000038146973,-0.06076922783484828,-2.7585327138367473,0.00812613261631201
2021-07-08,74.8218994140625,13.5600004196167,15727.900390625,0.0007891361474665,0.0007891361474665,0.007192341314964379,0.027640618932244898,0.030422994261626313,73.75665557861328,73.56255935668945,0.0026385191545972297,1,0.03870983779452226,0.05222901050249929,0.7411416812307539,13.5600004196167,0.03908047673776438,-2.3398604139414156,-0.0007750407591279318
2021-07-09,74.72139739990234,12.9399995803833,15689.7998046875,-0.0013432165575479,-0.0013432165575479,0.004711449251514788,0.023927187180704967,0.027212650242395275,73.75351959228516,73.56992385864258,0.002495527030792255,1,0.03962855784795874,0.05176643463948829,0.7655113320552687,12.9399995803833,0.007788117336996692,-2.507494015750995,0.0034825057752372324
2021-07-12,74.4905014038086,12.989999771118164,15692.599609375,-0.0030900920503134,-0.0030900920503134,-0.0007310586420997689,0.020623376009752503,0.014231056335233694,73.7347396850586,73.57513687133789,0.0021692492940899033,1,0.04218290793850662,0.048491521743638945,0.8698848074247655,12.989999771118164,0.07444165485288479,-2.4742664024180137,-0.0028689228526949107
2021-07-13,74.54170227050781,12.619999885559082,15812.349609375,0.0006873475910931,0.0006873475910931,0.003012734957036578,0.020947206377350147,0.018280593842851856,73.72373977661132,73.58139389038087,0.0019345364188467773,1,0.04213592835591819,0.04803668277314629,0.8771432326347086,12.619999885559082,0.027687309444723196,-2.5676457458160584,0.0008228186806047422
2021-07-14,74.65910339355469,12.59000015258789,15853.9501953125,0.0015749723909017,0.0015749723909017,-0.0013883612163819725,0.019493026700110327,0.01748669800039293,73.71955978393555,73.58643939971924,0.0018090341821432876,1,0.04158038265999931,0.04807688452010177,0.8648546639487477,12.59000015258789,0.03112204039751898,-2.551863749124763,0.002662597164631464
2021-07-15,74.46910095214844,12.270000457763672,15924.2001953125,-0.0025449333406092,-0.0025449333406092,-0.004715176501490337,0.017604337969093775,0.0162337084304236,73.71264373779297,73.58985092163086,0.0016686107476000522,1,0.04298094540689083,0.04828566256211777,0.8901204416767992,12.270000457763672,-0.09513273760573315,-2.623177630986557,0.003462683826425339
2021-07-16,74.53700256347656,11.710000038146973,15923.400390625,0.0009118091995197,0.0009118091995197,-0.0024677648283116804,0.01625610070571004,0.014246900668685392,73.71188385009765,73.59478591918945,0.0015911172163307619,1,0.042695006526366854,0.0479818314495679,0.8897975637648898,11.710000038146973,-0.09505406353343127,-2.76369883978775,0.009884261528773974
2021-07-19,74.63179779052734,12.68000030517578,15752.400390625,0.0012717874852836,0.0012717874852836,0.0018968376377652696,0.010940887151580592,0.003095379971581158,73.71828384399414,73.60030841827393,0.0016029202629119776,1,0.03736376226497627,0.04097954085524314,0.9117440005723074,12.68000030517578,-0.023864470469940557,-2.4461729080014156,0.0038874796692107694
2021-07-20,74.99340057373047,13.210000038146973,15632.099609375,0.0048451570765861,0.0048451570765861,0.006059672498267776,0.00995909934511885,0.0060218835974548135,73.73603591918945,73.60788242340088,0.0017410295143585053,1,0.03574921423071592,0.041980774458381,0.8515412864731627,13.210000038146973,0.046751201104448636,-2.2605908252922235,-0.003267796821245672
2021-07-22,74.44020080566406,11.890000343322754,15824.0498046875,-0.0011646734885938,-0.0011646734885938,-0.002932028084193683,0.003996320713663737,-0.003871282585047653,73.74294387817383,73.61200843811035,0.001778723918035352,1,0.035542602296313515,0.04170581988855845,0.8522012081305681,11.890000343322754,-0.055599666463963526,-2.6159617146884746,0.004924891543358845
2021-07-23,74.4520034790039,11.760000228881836,15856.0498046875,0.0001585524113598,0.0001585524113598,-0.0002295915074296273,0.0042733138425050665,-0.007187447223686139,73.75523391723632,73.61526844024658,0.0019013104204510523,1,0.035492119269024,0.04104880773026967,0.8646110964084371,11.760000228881836,-0.041564809279134196,-2.6119593185996863,0.005281248018734752
2021-07-26,74.44889831542969,12.449999809265137,15824.4501953125,-4.1706917599526605e-05,-4.1706917599526605e-05,-0.0011820202720366213,0.0015699686026806603,-0.007693347275692708,73.76822387695313,73.61975944519043,0.0020166383710236158,1,0.03468870286154576,0.04087381884029609,0.8486570422997985,12.449999809265137,0.06319383165734505,-2.375085031803148,0.008765247437394708
2021-07-27,74.28949737548828,13.229999542236328,15746.4501953125,-0.0021410785592292,-0.0021410785592292,-0.004586522436452856,0.0005736927501800437,-0.005860023870125297,73.78170989990234,73.6232889175415,0.0021517781219779764,1,0.0354155690296743,0.040338141555680045,0.8779455304171571,13.229999542236328,0.043375333109104686,-2.124054721140941,-0.0027864943339653836
2021-07-28,74.5022964477539,13.6899995803833,15709.400390625,0.002864457019948,0.002864457019948,-0.006548631242474845,0.004205353799786149,-0.0008168299507999022,73.80594985961915,73.62812641143799,0.0024151565013004195,1,0.03617831101394428,0.04055775714559296,0.8919975255670611,13.6899995803833,0.03633607425058427,-1.968269225663998,-0.009517395421143493
2021-07-29,74.38999938964844,12.949999809265137,15778.4501953125,-0.001507296599699,-0.001507296599699,-0.0006743858220732424,0.0023850532822959902,-0.006519886269561126,73.82624786376954,73.63217739105225,0.002635674776892749,1,0.03686482547792703,0.03970900031778301,0.9283511755958901,12.949999809265137,0.08915049918713103,-2.1557842121168704,-0.0022921711794918753
2021-07-30,74.25199890136719,12.800000190734863,15763.0498046875,-0.0018550946284918,-0.0018550946284918,-0.0026863558842056268,-0.00044963733226410785,-0.015610575627143297,73.84238983154297,73.63592239379882,0.0028038955856353187,1,0.037655426736270294,0.03985499228007092,0.9447870842522978,12.800000190734863,0.08843536918467487,-2.1723886374935595,0.0009270505474465729
2021-08-02,74.37909698486328,12.8100004196167,15885.150390625,0.0017117126188741,0.0017117126188741,-0.0009375737203076717,0.0012316905042033532,-0.00948974027624716,73.86439376831055,73.63892589569092,0.003061802842412531,1,0.03794241665048458,0.039052682313388744,0.9715451758431705,12.8100004196167,0.028915712117814962,-2.1476590818161525,0.010409336935088831
2021-08-03,74.33200073242188,13.75,16130.75,-0.0006331920438747,-0.0006331920438747,0.0005721314376212483,-0.000524417631757923,-0.007160623459713911,73.88563980102539,73.64217388153077,0.003306066438047983,1,0.03800784637203342,0.0386238190824622,0.9840265216747923,13.75,0.03930464669356848,-1.8629167799424478,0.028746811224489743
2021-08-04,74.21440124511719,13.210000038146973,16258.7998046875,-0.0015820842456268,-0.0015820842456268,-0.0038642460214446395,-0.004434863933846733,-0.008026502581699124,73.90736389160156,73.64474937438965,0.00356596389345909,1,0.03780338046710625,0.038724623137746626,0.9761852077277111,13.210000038146973,-0.03506205675302798,-1.9955123203380434,0.03413005830666016
2021-08-05,74.18399810791016,12.869999885559082,16294.599609375,-0.00040966627362,-0.00040966627362,-0.002769206659880008,-0.001800434309350507,-0.005243028579718145,73.93060592651368,73.6457943725586,0.003867315932723603,1,0.036910639703183735,0.03819917804678216,0.9662426090784398,12.869999885559082,-0.006177600377168968,-2.0666722878340624,0.03011392596368112
2021-08-06,74.08200073242188,12.609999656677246,16238.2001953125,-0.0013749242166742,-0.0013749242166742,-0.0022894759933820286,-0.009107465893307132,-0.003092340236274471,73.95404998779297,73.6469793701172,0.004169493715860062,1,0.03068233782783874,0.03763081614941332,0.815329712124911,12.609999656677246,-0.01484379150206161,-2.114319835189359,0.022579200162944346
2021-08-09,74.49140167236328,12.609999656677246,16258.25,0.0055263213181853,0.0055263213181853,0.0015098958182142574,-0.0044171257918788065,0.005203437180042236,73.9877799987793,73.65091136932374,0.004573855546285532,1,0.03634877942723463,0.0387657524218332,0.9376276617579968,12.609999656677246,-0.015612861544733514,-2.088798834147657,0.033720305711697485
2021-08-10,74.46620178222656,12.710000038146973,16280.099609375,-0.0003382926025148,-0.0003382926025148,0.0018054276554155813,-0.0034152950367081214,0.005012482812064567,74.0236540222168,73.65663036346436,0.004982900479445496,1,0.03601511486255958,0.0387737067205943,0.9288301036570052,12.710000038146973,-0.0756363608620384,-2.0376417652372116,0.037623157212697045
2021-08-11,74.43550109863281,12.710000038146973,16282.25,-0.0004122767491691,-0.0004122767491691,0.0029792041680074544,-0.0007383532683936656,0.008098859798828961,74.05870407104493,73.66326637268067,0.005368180340573625,1,0.03413788300429211,0.038087090553933875,0.8962875929931915,12.710000038146973,-0.03785011344103961,-2.0145610796760027,0.03757506119462417
2021-08-12,74.10299682617188,12.369999885559082,16364.400390625,-0.0044670119439425,-0.0044670119439425,-0.0010918969562742076,-0.005885369276165675,0.004113807093637067,74.09102005004883,73.6647063446045,0.005787217876767503,1,0.03780520446351147,0.03921482157279385,0.9640293878157329,12.369999885559082,-0.03885003919549601,-2.08347984979064,0.034912634421053745
2021-08-13,74.26010131835938,12.989999771118164,16529.099609375,0.0021200828430194,0.0021200828430194,0.00240410064761587,-0.005344319139382492,0.00876048864061163,74.11912200927735,73.66829433441163,0.006119697475541086,1,0.03813367949923763,0.039045809454274015,0.9766144797027344,12.989999771118164,0.03013482353583563,-1.8936602534512406,0.042585564212389126
2021-08-16,74.216796875,13.460000038146973,16563.05078125,-0.0005831454925401,-0.0005831454925401,-0.0036863958953421427,-0.003388037104282482,0.012641487789375017,74.14415588378907,73.67297580718994,0.0063955618927658,1,0.03704510067308381,0.03794174620620452,0.976342104278843,13.460000038146973,0.06740685207074004,-1.7467866618034802,0.040118221204324955
2021-08-17,74.13500213623047,13.40999984741211,16614.599609375,-0.001102105483039,-0.001102105483039,-0.00444765058602925,-0.005393300151877556,0.010356414677074044,74.16597198486328,73.67857681274414,0.006615154542925827,1,0.037171788537796166,0.037834917886832034,0.9824471194006105,13.40999984741211,0.05507472912385536,-1.7428716119004481,0.04340776478602826
2021-08-18,74.364501953125,12.90999984741211,16568.849609375,0.0030957012245416,0.0030957012245416,-0.0009538344534516519,-0.003581527516630101,0.012520970605314208,74.19506805419923,73.68364532470703,0.006940790283087583,1,0.03844708511718253,0.03757658448195806,1.0231388112677104,12.90999984741211,0.015735626173475126,-1.8597396808926954,0.05183014642237693
2021-08-20,74.4292984008789,14.020000457763672,16450.5,0.0021475771547345,0.0021475771547345,0.0044033519382820074,-0.007522024185274256,0.01569890175882671,74.22746597290039,73.68769180297852,0.007325160508013795,1,0.035283187273106344,0.037355250642047755,0.9445055825113242,14.020000457763672,0.1333872746539655,-1.5450720281142059,0.05235383672543792
2021-08-23,74.30149841308594,13.6899995803833,16496.44921875,-0.0017170655983431,-0.0017170655983431,0.0005574607897327333,-0.0018632726816552037,0.014082210369729786,74.25398986816407,73.69271827697754,0.007616377904217986,1,0.03556382135894614,0.03758833657530914,0.946114632475491,13.6899995803833,0.053887592116938166,-1.6205042106889265,0.042492245813288365
2021-08-24,74.10590362548828,13.1899995803833,16624.599609375,-0.0026324474172813,-0.0026324474172813,-0.0014941799455249205,-0.004648630491363881,0.013369766425016305,74.27640197753907,73.69639278411866,0.007870252145440126,1,0.03667832720805175,0.037791939680467124,0.9705073888975234,13.1899995803833,-0.02005946931637914,-1.737968567539052,0.04847044592785621
2021-08-25,74.1447982788086,13.5,16634.650390625,0.0005248522913487,0.0005248522913487,0.0001321392364719287,-0.004084681486254738,0.015377605518932747,74.29905197143555,73.69989776611328,0.008129647712995292,1,0.03675351836583438,0.037245976402191516,0.9867517290254975,13.5,0.006711420851004624,-1.6385643325343997,0.05119926350126813
2021-08-26,74.0999984741211,13.539999961853027,16636.900390625,-0.0006042204676184,-0.0006042204676184,-0.003556851347846446,-0.002550816845743209,0.016324291710097194,74.31641998291016,73.70252277374267,0.008329392075927755,1,0.036074119597512264,0.03708980188284116,0.9725893689616014,13.539999961853027,0.0487993897666239,-1.6120855867008346,0.05654926566100427
2021-08-27,74.15599822998047,13.40999984741211,16705.19921875,0.0007557322133944,0.0007557322133944,-0.003671943398235955,-0.004648154946690575,0.018557776826729322,74.33592391967774,73.70506526947021,0.008559230602416035,1,0.034632039645635895,0.03704788112926166,0.9347661411098076,13.40999984741211,-0.04350931458163898,-1.630512733320752,0.06338872288972075
2021-08-30,73.49659729003906,13.31999969482422,16931.05078125,-0.0088920782631285,-0.0088920782631285,-0.010832905664593162,-0.012009707043144524,0.011339869589819918,74.33896179199219,73.70414176940918,0.008613084792020498,0,0.045877342479814356,0.04129733752857321,1.1108762537492716,13.31999969482422,-0.027027019495987514,-1.6379867618260187,0.07304903660816553
2021-08-31,73.41120147705078,14.520000457763672,17132.19921875,-0.0011619015864269,-0.0011619015864269,-0.009374450812290713,-0.011323566190228562,0.010018887955606015,74.33070388793945,73.70259777069091,0.008522170673043838,0,0.04568380112060916,0.041409917326618494,1.1031825438757934,14.520000457763672,0.10083403485155551,-1.3085929965832723,0.08685815441979705
2021-09-01,72.99669647216797,14.1899995803833,17076.25,-0.0056463454696678,-0.0056463454696678,-0.015484590062857628,-0.018585873837331457,0.00702880799811223,74.3055598449707,73.69846675872803,0.008237526680577423,0,0.04827797804447778,0.04306540280496744,1.121012550389029,14.1899995803833,0.05111108002839271,-1.3839264610782243,0.07498195359094328
2021-09-02,72.98509979248047,14.239999771118164,17234.150390625,-0.0001588658151389,-0.0001588658151389,-0.01504586645882311,-0.018120068431763836,0.0017856897886545653,74.28238388061523,73.69364974975586,0.007988939791400584,0,0.04833001834349689,0.04193863502459938,1.1523709806999818,14.239999771118164,0.05169865666449658,-1.3593189750158385,0.06840353924182074
2021-09-03,73.0542984008789,14.539999961853027,17323.599609375,0.0009481196654548,0.0009481196654548,-0.014856516740356596,-0.015631775299333905,0.001222437132476717,74.26076583862304,73.68989624023438,0.007746918200666197,0,0.04861160182735661,0.04188021995663184,1.1607016671838621,14.539999961853027,0.08426548302004555,-1.269879501997315,0.0654906768936605
2021-09-06,72.99449920654297,15.109999656677246,17377.80078125,-0.0008185581908923,-0.0008185581908923,-0.0068315827127978235,-0.0160344404683731,-0.0006803808921387322,74.23401184082032,73.68266872406006,0.007482670298289751,0,0.04860307166221638,0.04188164657075009,1.1604584629128878,15.109999656677246,0.13438438459939084,-1.1119247062823223,0.06647608396905857
2021-09-07,73.11000061035156,14.899999618530272,17362.099609375,0.0015823302449375,0.0015823302449375,-0.0041029278998161445,-0.013120597614271978,0.0027472630964315847,74.21127380371094,73.676898727417,0.007252952900080212,0,0.04916531277906257,0.04178783843817153,1.1765178123293583,14.899999618530272,0.026170740274558346,-1.1581515419215105,0.06921329953715794
2021-09-08,73.3904037475586,14.40999984741211,17353.5,0.0038353595249092,0.0038353595249092,0.005393494423966638,-0.014780201474087207,0.007979756213643219,74.19527587890624,73.67109825134277,0.007115105380608666,0,0.04681921712856125,0.042296068450299616,1.1069139976822577,14.40999984741211,0.015503895245560395,-1.2760806125924085,0.06736579890209593
2021-09-09,73.78900146484375,13.9399995803833,17369.25,0.0054311966814655,0.0054311966814655,0.011014599892978483,-0.009094062825484972,0.011150317631360762,74.18679595947266,73.66775924682617,0.007045642733715329,1,0.0513413497308745,0.04336338971930453,1.1839518568854404,13.9399995803833,-0.021067429463259457,-1.3863219021750115,0.06690072031241168
2021-09-13,73.52429962158203,14.029999732971191,17355.30078125,-0.0001863307705244,-0.0001863307705244,0.006433587495755955,-0.012241490466267768,0.007385069027000757,74.17157394409179,73.66210273742676,0.006916327225698016,0,0.05134493204149576,0.043373526663506065,1.1837577488700468,14.029999732971191,-0.035075669203567195,-1.3520436022314872,0.0659031019208034
2021-09-14,73.54080200195312,13.579999923706056,17380.0,0.0002244479778255,0.0002244479778255,0.007484163893834772,-0.007586667858218044,0.007238553342637566,74.15663803100585,73.65790676116943,0.006770912883168556,0,0.04913954777432609,0.0433736488756469,1.132909407871102,13.579999923706056,-0.10125743002880006,-1.4561728752771794,0.06206152288701183
2021-09-15,73.65080261230469,13.729999542236328,17519.44921875,0.0014957765941774,0.0014957765941774,0.007397100224843189,-0.008204926942431356,0.005724369315063482,74.14223403930664,73.65556076049805,0.006607420726740365,0,0.04882511780237827,0.043096294442195614,1.1329044765876224,13.729999542236328,-0.07852349706364303,-1.4063323070339433,0.059915520674416634
2021-09-16,73.43800354003906,14.40999984741211,17629.5,-0.0028892973968769,-0.0028892973968769,0.0006485833303793154,-0.010493491605042204,0.0035146123511433647,74.12009414672852,73.65285179138183,0.006343846083110671,0,0.04971942364046942,0.04351978195253416,1.1424294649552893,14.40999984741211,0.0,-1.223638602479484,0.06438724561282272
2021-09-17,73.56490325927734,15.229999542236328,17585.150390625,0.0017279843285649,0.0017279843285649,-0.0030370136621672428,-0.007690009584211177,0.003002256112980106,74.10503616333008,73.6509103012085,0.006165923275956331,0,0.05009114597655649,0.043436466402431775,1.1531783532787312,15.229999542236328,0.09253945485538928,-1.0086250760170377,0.058415538386032084
2021-09-20,73.69609832763672,17.489999771118164,17396.900390625,0.0017833921142664,0.0017833921142664,0.0023366248565290793,-0.008988208189837699,-0.0017338288960873083,74.08370010375977,73.64798278808594,0.005916215206159148,1,0.04922181033034317,0.04163836468575161,1.1820980147467561,17.489999771118164,0.24661440513186905,-0.43208544654954945,0.04997635929904698
2021-09-21,73.65899658203125,16.520000457763672,17562.0,-0.000503442467748,-0.000503442467748,0.001607197322582632,-0.01034944350407263,-0.008011727998469498,74.06044204711914,73.64342777252197,0.005662613585631693,1,0.048478137348037124,0.04003495508889885,1.2108650147197093,16.520000457763672,0.21649488590389288,-0.6732136041197384,0.06756633536974554
2021-09-22,73.7927017211914,16.489999771118164,17546.650390625,0.0018151908845411,0.0018151908845411,0.0019266471491650172,-0.006847731240436472,-0.004736684993469464,74.04186813354492,73.63806629180908,0.005483601920448056,1,0.04874693591957129,0.04006121030300814,1.2167809901370081,16.489999771118164,0.2010196883395008,-0.6754827766376166,0.06366225591634178
2021-09-23,73.8749008178711,16.600000381469727,17822.94921875,0.0011139190565248,0.0011139190565248,0.00594919873596278,-0.0031171984459512636,-0.0035111482920380244,74.02955612182618,73.6353503036499,0.005353486016576037,1,0.048076064161355805,0.04010789653809508,1.1986384146892093,16.600000381469727,0.15197783187006197,-0.6426863517654353,0.07208291553074297
2021-09-24,73.83999633789062,16.920000076293945,17853.19921875,-0.0004724809048004,-0.0004724809048004,0.0037394608899807835,-0.004110901209439022,-0.006621662815987528,74.01552200317383,73.6321517944336,0.005206559898052854,1,0.048067707741522296,0.03979485931372132,1.2078570125246397,16.920000076293945,0.11096523866404939,-0.5573475425196167,0.07325364822886526
2021-09-27,73.81289672851562,18.049999237060547,17855.099609375,-0.0003670044788598,-0.0003670044788598,0.0015848654613932478,-0.003874517564338875,-0.0058454389730868694,73.99859786987305,73.62911628723144,0.005018145012093411,1,0.04803898790347478,0.03972720955772609,1.209190860556475,18.049999237060547,0.032018266053218,-0.2657592770054659,0.07322272719962086
2021-09-28,73.82530212402344,18.540000915527344,17748.599609375,0.00016806542024,0.00016806542024,0.0022577763709688004,-0.004459465368282678,-0.004919751825098295,73.98572189331054,73.62774478912354,0.004861986540702468,1,0.047962764764490046,0.039688984769825124,1.2084349500923572,18.540000915527344,0.12227605337712699,-0.13749704989354816,0.062459619724491544
2021-09-29,74.16329956054688,18.84000015258789,17711.30078125,0.0045783413924349,0.0045783413924349,0.005022147593344517,0.009071199145135989,-0.0006696653914171069,73.97824783325196,73.62774929046631,0.004760413650604756,1,0.038406830665936253,0.04068142868355689,0.9440643518281299,18.84000015258789,0.1425106376038705,-0.057116264001097566,0.046083967857687425
2021-09-30,74.3219985961914,18.399999618530277,17618.150390625,0.0021398594262243,0.0021398594262243,0.00605209311106325,0.012406786713950568,0.0004926702336389699,73.97205184936523,73.628134765625,0.004671000899791666,1,0.038206057722093636,0.04084037080072055,0.935474421476068,18.399999618530277,0.10843368648773377,-0.1659076560893796,0.02836478642760354
2021-10-01,74.25440216064453,17.209999084472656,17532.05078125,-0.0009095077745976,-0.0009095077745976,0.005612213479231354,0.017229624753718698,-0.0004468511117976526,73.95727188110351,73.62960277557373,0.004450235953717296,1,0.031066699870946596,0.04089924626544826,0.7595724404522998,17.209999084472656,0.01713942120987455,-0.4664472282222715,0.02669208879291407
2021-10-04,74.152099609375,16.739999771118164,17691.25,-0.0013777304549326,-0.0013777304549326,0.004595441933500588,0.015989562530059898,-0.002943386285288896,73.95150985717774,73.63146377563477,0.004346594039175811,1,0.031904347876313494,0.040971406703056636,0.7786788827792572,16.739999771118164,-0.07257615076529589,-0.582545445079333,0.026522897793885614
2021-10-05,74.57279968261719,16.399999618530273,17822.30078125,0.0056734748639402,0.0056734748639402,0.010125221801842166,0.02078592656390521,0.0003729494178652537,73.95392578125,73.63408378601075,0.004343667752677582,1,0.035905232875044074,0.042221296604120453,0.8503855963045861,16.399999618530273,-0.11542616997417776,-0.6645124138830367,0.02878738732827313
2021-10-06,74.56320190429688,17.329999923706055,17646.0,-0.0001287034731317,-0.0001287034731317,0.005392186514348918,0.021490697447148044,0.003302028142334379,73.95621185302734,73.63677379608154,0.004338023523822621,1,0.035507201983619424,0.04194540212491938,0.8464898104461127,17.329999923706055,-0.08014863145711915,-0.42325622157501946,0.015433438449782289
2021-10-07,74.76000213623047,16.15999984741211,17790.349609375,0.0026393747439412,0.0026393747439412,0.00589332295029954,0.02256875273018788,-3.877818906472541e-05,73.96562194824219,73.64229881286622,0.004390454135571931,1,0.035846113770317364,0.04058883890043728,0.8831302301604155,16.15999984741211,-0.12173912051945412,-0.7183244501167124,0.024665795591263473
2021-10-08,74.83000183105469,15.649999618530272,17895.19921875,0.0009363254791869,0.0009363254791869,0.00775172452624262,0.019615617437504396,0.00010828937858620158,73.9721760559082,73.64813583374024,0.004399842826972256,1,0.03457351303961775,0.040598943036779744,0.8515655553579812,15.649999618530272,-0.09064494764266784,-0.8430971543543814,0.031215559901460743
2021-10-11,75.30580139160156,16.09000015258789,17945.94921875,0.0063584063731696,0.0063584063731696,0.015558585506062927,0.020555908016731683,0.007821106296654667,73.99049209594726,73.65534034729004,0.00455027085717008,1,0.03615350987184972,0.04231166993902962,0.854436978898875,16.09000015258789,-0.03882912947536177,-0.7261185726516156,0.033202309757185855
2021-10-12,75.40260314941406,15.850000381469728,17991.94921875,0.0012854488767619,0.0012854488767619,0.011127428101513237,0.02554670411686155,0.012244537604345185,74.0135041809082,73.66340187072754,0.00475273068158133,1,0.03583419664930121,0.041788248580948796,0.8574979897015323,15.850000381469728,-0.03353653962522685,-0.7810320243169084,0.03668322695898252
2021-10-13,75.48390197753906,16.100000381469727,18161.75,0.0010781965705335,0.0010781965705335,0.012347914919532688,0.02642206669889635,0.012639900597011478,74.03560028076171,73.6707213973999,0.0049528344020626225,1,0.03566165615210659,0.04180761982021009,0.8529737720465939,16.100000381469727,-0.07097516143400484,-0.7117461926969416,0.044979861910241725
2021-10-14,75.3062973022461,15.770000457763672,18338.55078125,-0.0023528814838668,-0.0023528814838668,0.007307318758768222,0.02247761913275914,0.00866865364401459,74.0550862121582,73.67862087249756,0.005109560075942765,1,0.03775156425590063,0.04208696669541254,0.8969681174931987,15.770000457763672,-0.02413362582493417,-0.7900851967997226,0.046753842102716714
2021-10-18,75.00589752197266,17.18000030517578,18477.05078125,0.000145273351445,0.000145273351445,0.0023506038569274246,0.021349899321252197,0.007208312749326096,74.0709161376953,73.68397537231445,0.005251355717789341,1,0.035121818174228936,0.04168625070924976,0.8425074231732904,17.18000030517578,0.09776362453286724,-0.42538748820064465,0.048075712938540516
2021-10-19,75.2354965209961,17.3799991607666,18418.75,0.0030610792832146,0.0030610792832146,-0.0009335916928879806,0.022709107029350584,0.009371103391562885,74.09194610595704,73.69151935577392,0.005433824050361968,1,0.035670639946460164,0.042022875951110865,0.848818419032984,17.3799991607666,0.08017395872872202,-0.3710093351417938,0.04740360991279369
2021-10-20,75.12010192871094,18.309999465942383,18266.599609375,-0.0015337785702385,-0.0015337785702385,-0.0037465711912271216,0.019322645749078937,0.006542843032592449,74.11270812988282,73.69842987060547,0.00562126303104038,1,0.03689851851700743,0.04215817385880953,0.8752192023634058,18.309999465942383,0.15520498582123987,-0.13211056510738547,0.04999161915180417
2021-10-21,74.80919647216797,18.040000915527344,18178.099609375,-0.0041387784169677,-0.0041387784169677,-0.008938402595719763,0.01561519900499575,-0.002456270820542339,74.11906402587891,73.70317584991454,0.005642744307399417,1,0.040841892247022324,0.042090251714235305,0.970317835266694,18.040000915527344,0.12049692472619178,-0.19935399408295706,0.03508140356309086
2021-10-22,74.86540222167969,17.549999237060547,18114.900390625,0.0007513213904473,0.0007513213904473,-0.005854690727879586,0.014536674704515251,0.005711986418812431,74.12704803466796,73.70870384216309,0.005675641690847,1,0.040720300970770944,0.042011467073377835,0.9692432700905179,17.549999237060547,0.11287246211971858,-0.322510671257487,0.032385098429020376
2021-10-25,74.99369812011719,17.610000610351562,18125.400390625,0.0017136874261038,0.0017136874261038,-0.00016264590196912732,0.015144484660688073,0.007275756404138134,74.13821197509766,73.71558933258056,0.005733151513045209,1,0.040815119685233665,0.04211512843220759,0.9691090136865714,17.610000610351562,0.025029120927677617,-0.30638143561567227,0.01696976006399753
2021-10-26,75.08989715576172,16.75,18268.400390625,0.00128276159272,0.00128276159272,-0.0019352482799623871,0.016927151677412988,0.008609917068432837,74.15794998168946,73.72338981628418,0.0058944680445132125,1,0.040514242135302,0.04216001997771581,0.9609407494580487,16.75,-0.03624851502805326,-0.5228489510770532,0.023256401655953107
2021-10-27,74.88890075683594,16.829999923706055,18210.94921875,-0.0026767435639024,-0.0026767435639024,-0.0030777537029224034,0.014577452938581592,0.008068480774853448,74.17052597045898,73.72981632232666,0.005977359908312607,1,0.04224924360141359,0.04229841558767043,0.9988138846468728,16.829999923706055,-0.08083012481727314,-0.49937152337145785,0.019929858536782197
2021-10-28,75.05000305175781,17.90999984741211,17857.25,0.0021512172470654,0.0021512172470654,0.0032189435383045417,0.016589175966756242,0.007351539886934821,74.18719009399415,73.73538982391358,0.006127319203973913,1,0.042380490552140236,0.04214445336149508,1.00557681011589,17.90999984741211,-0.007206267268165201,-0.2215639839641784,0.006121631735250155
2021-10-29,74.79720306396484,17.43000030517578,17671.650390625,-0.0033684207530094,-0.0033684207530094,-0.000910956939934704,0.008547401574284796,0.005473903450160078,74.20043411254883,73.73802585601807,0.006270960622592137,1,0.0428280494745043,0.04262329388063825,1.0047802690746415,17.43000030517578,-0.0068375462735840165,-0.34113756872476403,-0.002238705734531665
2021-11-01,74.92829895019531,17.239999771118164,17929.650390625,0.0017526843365835,0.0017526843365835,-0.0008720622073754569,0.008157750941253372,0.0091081729628113,74.21171005249023,73.74346836090088,0.006349602235926621,1,0.04267407763053004,0.042516465863407196,1.0036834689919192,17.239999771118164,-0.021010836252663312,-0.38647773007268066,0.01768063009416454
2021-11-02,74.82990264892578,17.059999465942383,17888.94921875,-0.0013132061270326,-0.0013132061270326,-0.0034624432404883887,0.007750388819186771,0.006060918757244904,74.21972213745117,73.7491728591919,0.006380400755920057,1,0.04287498629321133,0.04253505419995846,1.007968113160181,17.059999465942383,0.018507430802530367,-0.4284669289093658,0.020356913287160383
2021-11-03,74.71199798583984,16.1299991607666,17829.19921875,-0.0015756356605073,-0.0015756356605073,-0.002362202799190416,0.0075506746189835106,0.005112162321391889,74.22793212890625,73.75500835418701,0.006412090314574348,1,0.04299349753602024,0.042655243170692504,1.0079063307093918,16.1299991607666,-0.041592440054230795,-0.6610938195045645,0.007797595916060107
2021-11-04,74.43550109863281,15.75,17916.80078125,-0.003700836474209,-0.003700836474209,-0.008187900441539164,-0.0018411348986322462,0.0029792041680074544,74.23452407836913,73.75991786956787,0.006434473119133921,1,0.04116784085976276,0.04322664840700619,0.9523497663382127,15.75,-0.12060300758317521,-0.752953535415289,0.005302345704961908
2021-11-08,74.19110107421875,16.34000015258789,18068.55078125,-0.0038535159927367,-0.0038535159927367,-0.008103270776418814,-0.0049904084129289705,9.574795764266675e-05,74.23545013427734,73.76520336151123,0.006374913256342651,1,0.04340439696761326,0.04396359714118132,0.9872579254674138,16.34000015258789,-0.06253586537598732,-0.5971131773931349,0.02394598102969514
2021-11-09,73.91850280761719,16.0,18044.25,-0.0036742717476164,-0.0036742717476164,-0.013476832608322442,-0.011256009959441537,-0.002206985815559004,74.23182022094727,73.76933586120606,0.006269330668929429,1,0.043955245359172404,0.044521821568626246,0.9872520161693032,16.0,-0.07192574173901745,-0.678341439813254,0.014271804444540015
2021-11-10,74.17479705810547,16.309999465942383,18017.19921875,0.003467254351124,0.003467254351124,-0.00875459632620168,-0.008755910155240798,-0.004250216899533421,74.23219619750977,73.77360984802246,0.006216130001392317,1,0.04573782703836593,0.04368433470163077,1.0469835552538078,16.309999465942383,-0.04396248672206926,-0.5939599165768962,0.006817470904273204
2021-11-11,74.40489959716797,16.350000381469727,17873.599609375,0.0031021660751191,0.0031021660751191,-0.004110429341349975,-0.011963245563894498,-0.0008232215903514195,74.25036224365235,73.7787603378296,0.006392109377594712,1,0.04095540602265858,0.04409455920558355,0.9287875414328037,16.350000381469727,0.013639258037795754,-0.5781686196740387,-0.004031528702834408
2021-11-12,74.32209777832031,15.220000267028809,18102.75,-0.0011128543858798,-0.0011128543858798,-0.0015235112095535186,-0.014329815231347798,-0.0015235112095535186,74.26858016967773,73.78357082366944,0.006573405713412583,1,0.040552588071779416,0.04415126812886977,0.9184712312721113,15.220000267028809,-0.03365077669658356,-0.8603077790564767,0.006158353378105996
2021-11-15,74.33999633789062,15.470000267028809,18109.44921875,0.0002408241977196,0.0002408241977196,0.002006915405163179,-0.01515429925693057,0.0031982446307090573,74.29544616699219,73.78804080963135,0.006876525678055412,1,0.04024086522000936,0.04316020945015914,0.9323386840324278,15.470000267028809,-0.0532435665504748,-0.7897171849511675,-0.0028797214613128785
2021-11-16,74.43509674072266,15.199999809265137,17999.19921875,0.0012792629474958,0.0012792629474958,0.006988695840471459,-0.011568761082845769,0.0023565201131769964,74.32444610595704,73.79334930419923,0.007197082213580952,1,0.04016191418680946,0.04303960268653283,0.9331169100793262,15.199999809265137,-0.050000011920928955,-0.852154689256513,-0.018504818976588178
2021-11-17,74.45860290527344,14.979999542236328,17898.650390625,0.0003157941022453,0.0003157941022453,0.003826176254255742,-0.007296687790968592,0.0032581038316796818,74.35253219604492,73.79807483673096,0.007513168338613596,1,0.04019439811686353,0.04301304123466413,0.9344483095085633,14.979999542236328,-0.08154506237006842,-0.90129910979939,-0.031303718189265584
2021-11-18,74.25980377197266,14.859999656677246,17764.80078125,-0.0026699283298894,-0.0026699283298894,-0.0019500842818264141,-0.012968516114612805,0.001683437406703625,74.37783828735351,73.80354885101319,0.007781325495602287,1,0.03890744425373844,0.043317131214251604,0.898179195711424,14.859999656677246,-0.09113154067452944,-0.9247041989559789,-0.0355045385137428
2021-11-22,74.30259704589844,17.520000457763672,17416.55078125,0.0017283148328663,0.0017283148328663,-0.0002623813509683437,-0.010882638093173913,-0.0008324523879092993,74.40169021606445,73.8092123413086,0.008027153467186743,1,0.03960410399464982,0.043025992918678556,0.9204478702358302,17.520000457763672,0.1511169612603338,-0.23704403234316607,-0.04653569062129814
2021-11-23,74.42980194091797,18.020000457763672,17503.349609375,0.0017119845076336,0.0017119845076336,0.0012080388411530585,-0.005071495874055421,6.765347112969167e-06,74.42247817993164,73.81592334747315,0.008217127212556408,1,0.03796513686456164,0.04295212544735859,0.8838736755277564,18.020000457763672,0.16483517431927108,-0.10267154718685183,-0.03711884160058243
2021-11-24,74.4469985961914,17.100000381469727,17415.05078125,0.0002310452913349,0.0002310452913349,0.0001598957479722607,-0.005588744774914445,0.001958240226819452,74.4356381225586,73.82236335754395,0.00830743879120166,1,0.037841408637613275,0.042787517304298445,0.8843823301587458,17.100000381469727,0.1250000392135826,-0.33427290531258846,-0.03863391982752462
2021-11-25,74.625,16.65999984741211,17536.25,0.0023909815998639,0.0023909815998639,0.0022347598294081283,-0.004916388034720498,0.007004791104566976,74.45765213012696,73.82954486846924,0.008507532625004366,1,0.03835054013234545,0.04263250105133054,0.8995400139944306,16.65999984741211,0.11214955650959779,-0.4423585609200981,-0.0325041311048625
2021-11-26,74.50579833984375,20.799999237060547,17026.44921875,-0.0015973421796482,-0.0015973421796482,0.0033126207635352234,-0.0077786604861950215,0.004868852157068115,74.47695205688477,73.83611434936523,0.008679190571802442,1,0.03824097527040837,0.042786557716687865,0.8937405477455833,20.799999237060547,0.39973080199326927,0.6454250407415252,-0.06798357520740272
2021-11-29,74.98159790039062,20.82999992370605,17053.94921875,0.0063860742539338,0.0063860742539338,0.009138319271300155,0.0012377954892899279,0.011897428399778143,74.50356796264649,73.84646785736084,0.008898192755202317,1,0.043756773835468304,0.04449601290109152,0.9833642975705216,20.82999992370605,0.18892690522023425,0.6573348022741973,-0.06353320664958817
2021-11-30,75.05490112304688,21.170000076293945,16983.19921875,0.0009776161712855,0.0009776161712855,0.008398506590479915,6.52641051284153e-05,0.012121782654433977,74.53590591430664,73.85676284790038,0.009195407979156522,1,0.04324610495370506,0.04450704231970032,0.9716469810797161,21.170000076293945,0.17480574575530272,0.7464110612334252,-0.04894655007069959
2021-12-01,75.0509033203125,19.450000762939453,17166.900390625,-5.326504564728829e-05,-5.326504564728829e-05,0.00811187469620811,0.00339184148544569,0.021147999874602252,74.56562591552735,73.86741737365723,0.009452185641447786,1,0.04144693028024134,0.04038783306345721,1.0261977664747504,19.450000762939453,0.13742691982722333,0.2954691850873302,-0.02856269724913607
2021-12-02,75.01789855957031,18.09000015258789,17401.650390625,-0.0004397650032448,-0.0004397650032448,0.005264972322550188,0.0011958046643305575,0.021886265994731202,74.59206192016602,73.87732135772706,0.009674695147351864,1,0.04110116395012101,0.040295354807314804,1.0199722567129104,18.09000015258789,0.08583435283751895,-0.060155171091009964,-0.029448426962975227
2021-12-03,74.9834976196289,18.450000762939453,17196.69921875,-0.0004585697627091,-0.0004585697627091,0.006411571856544951,0.002052588140114775,0.027217685778677225,74.61855194091797,73.88754486083984,0.009893508864787792,1,0.040839937071948794,0.038382034502488144,1.0640101180458097,18.450000762939453,-0.1129807000153138,0.03789704245694614,-0.038697074463961756
2021-12-06,75.23400115966797,20.07999992370605,16912.25,0.0033407822786528,0.0033407822786528,0.0033662027263363647,0.006986872094185692,0.030813157392150403,74.6473779296875,73.89918186187744,0.010124551435609641,1,0.0417952317529268,0.03875265507156703,1.0784848984113329,20.07999992370605,-0.03600576105362563,0.47017406332168393,-0.05142963559382374
2021-12-07,75.39129638671875,18.459999084472656,17176.69921875,0.0020907465325012,0.0020907465325012,0.004481989299011779,0.012840583780304504,0.031989876530136296,74.67770584106445,73.91053936004639,0.010379662868930106,1,0.0394502270044211,0.03885994745813695,1.0151637977154044,18.459999084472656,-0.12801138318633898,0.04493000344836473,-0.04130768497881154
2021-12-08,75.40859985351562,17.270000457763672,17469.75,0.0002295154431104,0.0002295154431104,0.0047660523375248065,0.01641030745828842,0.03307236398926161,74.70907791137695,73.92300086975098,0.010633727424174788,1,0.035975063531304016,0.03875733438647322,0.9281891005063269,17.270000457763672,-0.11208227350456523,-0.26685047026649067,-0.033140498565683796
2021-12-09,75.38330078125,16.600000381469727,17516.849609375,-0.0003354931972582,-0.0003354931972582,0.004870867202305451,0.01981639126870771,0.031094243631788032,74.74048599243164,73.93562736511231,0.010885937619014685,1,0.03238474593341791,0.038759342086266614,0.8355123868964078,16.600000381469727,-0.08236593469044329,-0.440445288079878,-0.029228169118971414
2021-12-10,75.59919738769531,16.059999465942383,17511.30078125,0.0028639845192213,0.0028639845192213,0.008211136951622233,0.019203292574889286,0.03009649119433,74.77596389770508,73.94889484405518,0.011184332847624656,1,0.031866976859453486,0.038479305348403284,0.8281373178026454,16.059999465942383,-0.1295393603342212,-0.5795369722964785,-0.02807863926894505
2021-12-13,75.70999908447266,16.56999969482422,17368.25,0.0014656464698841,0.0014656464698841,0.0063268989747664595,0.01754050464916368,0.02603365788252532,74.8068978881836,73.96352085113526,0.01140260803357096,1,0.030974514098180438,0.037254656771962644,0.8314043230474149,16.56999969482422,-0.17480080887540217,-0.44169943777441273,-0.028273521865731843
2021-12-14,75.82689666748047,16.950000762939453,17324.900390625,0.0015440177575143,0.0015440177575143,0.005777859005465569,0.02024699159661103,0.03131749717779764,74.83699584960938,73.97800582885742,0.01161142438387941,1,0.030172244293519095,0.03727830260780602,0.8093564574140194,16.950000762939453,-0.08179839633921293,-0.3386176915182504,-0.042968588163400545
2021-12-15,76.04720306396484,17.219999313354492,17221.400390625,0.0029053859008694,0.0029053859008694,0.008468572705099042,0.022964848132553284,0.03408177493012854,74.87285186767578,73.99396736145019,0.011877785954257147,1,0.03072152560327543,0.03756261467586348,0.8178532835130896,17.219999313354492,-0.0028952601669852696,-0.2638080624420772,-0.04903787063858023
2021-12-16,76.2114028930664,15.899999618530272,17248.400390625,0.0021591830137848,0.0021591830137848,0.010985219580917915,0.023863825401223115,0.03476676682317548,74.9140379333496,74.01098789215088,0.012201567185059714,1,0.03092290945895847,0.037649544425454665,0.8213137401023132,15.899999618530272,-0.04216871968996172,-0.6073187502616462,-0.04171290172414355
2021-12-17,76.1675033569336,16.34000015258789,16985.19921875,-0.0005760231994995,-0.0005760231994995,0.007517354533856269,0.022951014187497343,0.03716740223481674,74.94593200683593,74.0282778930664,0.012395994340096417,1,0.03138788864617709,0.03705259808274494,0.8470942167636277,16.34000015258789,0.01743466350912959,-0.4853488390979855,-0.051034639592348774
2021-12-20,76.00599670410156,18.96999931335449,16614.19921875,-0.0021204141623912,-0.0021204141623912,0.003909623870139711,0.023514645116635258,0.03318285400608301,74.97478790283203,74.04511436462403,0.012555501415393522,1,0.030595652089906736,0.03739831520985641,0.8180805428716351,18.96999931335449,0.144840052065899,0.21287778150265763,-0.06476861613412588
2021-12-21,75.75869750976562,17.540000915527344,16770.849609375,-0.003253680039204,-0.003253680039204,-0.0008994058930554827,0.019596898651708328,0.027987902059062097,74.99476181030273,74.05992134094238,0.01262275806446933,1,0.03410413473789304,0.03809859303044646,0.8951312081113166,17.540000915527344,0.034808267022494954,-0.1639235502844379,-0.03707399817477852
2021-12-22,75.6864013671875,16.579999923706055,16955.44921875,-0.0009542949516628,-0.0009542949516628,-0.004744444006360982,0.016883014511673844,0.027524197711523257,75.01188980102539,74.07532634735108,0.012643392879332138,1,0.03457806499162974,0.03815825316194723,0.9061515131043318,16.579999923706055,-0.03716605198422418,-0.4148468002314984,-0.031302602236290666
2021-12-23,75.45850372314453,15.829999923706056,17072.599609375,-0.0030110778148552,-0.0030110778148552,-0.009879088185507867,0.013586916142041439,0.022574075255395565,75.01494384765626,74.08985385894775,0.0124860549795347,1,0.036989840902288545,0.03870366656933892,0.9556946017354706,15.829999923706056,-0.004402496635448672,-0.6093312838794193,-0.019664092638977615
2021-12-24,75.06739807128906,16.149999618530273,17003.75,-0.0051830560183173,-0.0051830560183173,-0.014443236776309432,0.00592828236233256,0.016142116472791068,75.00823974609375,74.1029708480835,0.01221636444058527,1,0.04151475248259883,0.040270207017411734,1.030879269763368,16.149999618530273,-0.011627939552223632,-0.5212385542827586,-0.030365671109843895
2021-12-27,75.31500244140625,17.1200008392334,17086.25,0.0032984274995391,0.0032984274995391,-0.009091312431378507,0.010860954712161863,0.019975706617942235,75.0048617553711,74.11766086578369,0.011970168502672962,1,0.04217696054627158,0.04066814489355994,1.037075174721719,17.1200008392334,-0.09752232688900153,-0.2631075086842181,0.0035122285616748794
2021-12-28,74.98030090332031,16.479999542236328,17233.25,-0.0044440221368422,-0.0044440221368422,-0.010274683066521462,-1.7297538417837544e-05,0.015815720917963905,74.99834182739258,74.1305623626709,0.011706095799951077,1,0.03981021081548553,0.04177975065500866,0.9528361791343999,16.479999542236328,-0.06043337046537134,-0.430962711218241,0.010513739600729322
2021-12-29,74.74500274658203,16.239999771118164,17213.599609375,-0.003138133001649,-0.003138133001649,-0.01243814745582017,-0.0041289558953223615,0.012457796935440024,74.99312393188477,74.13853286743164,0.011526948691866323,1,0.041072566443939806,0.04235039074017058,0.9698044320651364,16.239999771118164,-0.020506643796889268,-0.4918296931292058,0.013566371545040257
2021-12-30,74.57029724121094,16.56999969482422,17203.94921875,-0.0023373536551122,-0.0023373536551122,-0.01177079372249945,-0.006403734769858338,0.005487858321780781,74.97981994628907,74.1434048461914,0.011281045183085148,1,0.041730930396779484,0.04174850509534962,0.9995550917662924,16.56999969482422,0.046746669278878716,-0.4018721124613665,0.0021581547793703137
2021-12-31,74.43119812011719,16.219999313354492,17354.05078125,-0.0018653421836821,-0.0018653421836821,-0.008475049988647454,-0.00782080611052094,0.0014692759342909145,74.96604187011718,74.14901382446288,0.011018731113383362,1,0.04208070913165437,0.041747013049490814,1.0079691476997756,16.219999313354492,0.00433434653112319,-0.49171653643245034,-0.0027353502861224843
2022-01-03,74.51380157470703,16.450000762939453,17625.69921875,0.0011097961160928,0.0011097961160928,-0.010637998283576255,-0.0062639922093861156,0.0034933876849658763,74.96013397216797,74.15519535064698,0.010854783912506605,1,0.04238892781650317,0.04174356708032041,1.0154357987458091,16.450000762939453,-0.03913551655666547,-0.42825936202297776,0.024946647873694827
2022-01-04,74.4032974243164,16.1200008392334,17805.25,-0.0014830024512952,-0.0014830024512952,-0.0076954009526835065,-0.011041599842451233,0.0033876021888077368,74.95089187622071,74.16280834197998,0.010626398215756838,1,0.040422637329944236,0.041759587402866026,0.9679614163466013,16.1200008392334,-0.02184458209967144,-0.5119869852286818,0.05280196307410301
2022-01-05,74.53489685058594,17.229999542236328,17925.25,0.0017687311023197,0.0017687311023197,-0.002810969138745567,-0.011359395277406037,-0.0005082661800624999,74.94171585083008,74.16982383728028,0.010407089751800491,1,0.040174665745335375,0.04036032401142823,0.9953753185589252,17.229999542236328,0.06096057789845655,-0.2161847845770683,0.043579431165266413
2022-01-06,74.43009948730469,17.979999542236328,17745.900390625,-0.0014060174188116,-0.0014060174188116,-0.0018800750311179781,-0.012975978444258573,-0.001785095242597401,74.92851989746094,74.1763073348999,0.010140873677694229,1,0.0401790207077616,0.04046659810914795,0.9928689268730997,17.979999542236328,0.08509353490528637,-0.01649548090380339,0.015807346448861503
2022-01-07,74.41929626464844,17.600000381469727,17812.69921875,-0.0001451458849398,-0.0001451458849398,-0.00015990412312782976,-0.012788038021828596,-0.004557328275100692,74.91912780761719,74.18175380706788,0.009940099319666551,1,0.04020133047234076,0.04012409411784211,1.0018999669950868,17.600000381469727,0.08508021741893845,-0.11542158745553226,0.016889430232743585
2022-01-10,74.2699966430664,17.68000030517578,18003.30078125,-0.0020061950203223,-0.0020061950203223,-0.00327194327075353,-0.01758220709424163,-0.007483698707540065,74.90352767944336,74.18922428131104,0.009628128681111736,1,0.038398674901928866,0.04027794902581489,0.9533186895546616,17.68000030517578,0.07477200517871219,-0.09326632829222013,0.028096142379485656
2022-01-11,74.05699920654297,17.760000228881836,18055.75,-0.0028678799804863,-0.0028678799804863,-0.004654339656460671,-0.021833309971188486,-0.016583080745195655,74.88872360229492,74.19631427764892,0.009332125610106878,0,0.03805068284757428,0.03850766302912147,0.9881070869377924,17.760000228881836,0.1017369295451247,-0.06664043848247901,0.03958372317303116
2022-01-12,73.81529998779297,17.18000030517578,18212.349609375,-0.0032636917690374,-0.0032636917690374,-0.009654495990455092,-0.02652880136330571,-0.02105103929204899,74.86646362304687,74.20197578430175,0.008955123252738284,0,0.03756594537785702,0.03887346083854827,0.9663399714757274,17.18000030517578,-0.0029018710614577836,-0.21610140288388097,0.051223914639660695
2022-01-13,73.79910278320312,16.700000762939453,18257.80078125,-0.0002194288256299,-0.0002194288256299,-0.00847770872870035,-0.029561906160714413,-0.022319980157322394,74.84584762573242,74.2083948135376,0.008590036394083844,0,0.03462719265301161,0.03877844246238753,0.8929265212256928,16.700000762939453,-0.07119014526613665,-0.34009026724761965,0.060180958988050426
2022-01-14,73.97229766845703,16.559999465942383,18255.75,0.0023468426948589,0.0023468426948589,-0.00600648781468982,-0.02938018642369178,-0.01771431714979932,74.83105361938476,74.2156782913208,0.008291716012463146,0,0.03487718193239995,0.038896520144128637,0.8966428143277011,16.559999465942383,-0.059090959828746126,-0.3738857337252123,0.058402494524798065
2022-01-17,74.37899780273438,16.770000457763672,18308.099609375,0.0054980059711025,0.0054980059711025,0.0014676338305468217,-0.023481215418312718,-0.008358005702880034,74.8299235534668,74.2260952758789,0.008134986426857393,1,0.04228267176238111,0.04053173961433284,1.0431733005145667,16.770000457763672,-0.05147057871631988,-0.3142691740792246,0.07788547979847338
2022-01-18,74.25509643554688,17.780000686645508,18113.05078125,-0.0016658111946615,-0.0016658111946615,0.0026749291913843454,-0.0230363437686516,-0.013031084139593863,74.83120346069336,74.23402675628662,0.008044514496934108,1,0.04217735373753326,0.04012394599081243,1.0511504176775908,17.780000686645508,0.0011261518865943732,-0.041831072643574274,0.09021509509820169
2022-01-19,74.61969757080078,17.81999969482422,17938.400390625,0.0049101159752769,0.0049101159752769,0.010897437023771994,-0.01503457657542251,-0.006661390826985802,74.84522735595704,74.24510025024414,0.008083053342108348,1,0.046225823964676865,0.041303053686589195,1.1191594974051104,17.81999969482422,0.03725258313619628,-0.027708411959413308,0.06961786721868468
2022-01-20,74.44920349121094,17.790000915527344,17757.0,-0.0022848401312277,-0.0022848401312277,0.00880905977837676,-0.016346369408876793,-0.004812148745521716,74.85071548461914,74.25544376373291,0.008016539807913281,1,0.04654057366434314,0.04072746493288693,1.1427038495321025,17.790000915527344,0.0652694672330083,-0.032263014517128555,0.04727393364273791
2022-01-21,74.45220184326172,18.88999938964844,17617.150390625,4.027379622861815e-05,4.027379622861815e-05,0.0064876202298813634,-0.013335831354076566,-0.005519243417599795,74.85166152954102,74.26464378356934,0.007904403981017216,1,0.045893687636034255,0.04069441310848298,1.1277361287301368,18.88999938964844,0.1407004830222356,0.26356147289707665,0.03189618416113804
2022-01-24,74.41320037841797,22.82999992370605,17149.099609375,-0.0005238456872753,-0.0005238456872753,0.00045984184640812664,-0.00871480442481598,-0.007740620295447198,74.85348358154297,74.27348178863525,0.0078090023375809725,1,0.04281060488071632,0.040540340948504366,1.05597407187627,22.82999992370605,0.3613595289520044,1.3130347188894644,0.008548091413658643
2022-01-25,74.6447982788086,21.36000061035156,17277.94921875,0.0031123228031164,0.0031123228031164,0.005248149446549721,-0.008898680752471133,-0.005927546764777691,74.85957962036133,74.28364177703857,0.007753225737793468,1,0.042611691855915554,0.040958960437972,1.0403255130200837,21.36000061035156,0.20134981920416783,0.9196060359752011,0.011219502158168027
2022-01-27,74.8949966430664,21.06999969482422,17110.150390625,0.0015378158016414,0.0015378158016414,0.0036893619409863465,-0.0011376889559818748,8.139906139437159e-05,74.8687776184082,74.29440727233887,0.007731003815184545,1,0.04048301848194207,0.040740478801890904,0.9936560888914804,21.06999969482422,0.18237935216934686,0.8413605160326164,-0.007143145336776291
2022-01-28,75.20929718017578,20.700000762939453,17101.94921875,0.0041965491848174,0.0041965491848174,0.010209561060711358,0.006211712041377604,0.002122506621460296,74.88379150390625,74.3032272720337,0.007813445703334532,1,0.04159068462380076,0.04138281103770157,1.0049989012831786,20.700000762939453,0.16357502516327727,0.7424795000698267,-0.006486173325664701
2022-01-31,75.03900146484375,21.950000762939453,17339.849609375,-0.0022642907421945,-0.0022642907421945,0.007881561687287375,0.00628540103731523,0.0032327198207147134,74.89937545776367,74.31240478515625,0.007898690323700386,1,0.04153498864617624,0.04107339148455993,1.011213730623117,21.950000762939453,0.16199054908217025,1.077204234898466,0.007899371760344831
2022-02-01,74.55580139160156,19.979999542236328,17576.849609375,-0.006439319071544,-0.006439319071544,0.0019163402791226858,0.001674073165976564,-0.0049713868299792185,74.90443954467773,74.31830379486084,0.007886828949094316,1,0.0470749843417907,0.042907716845196314,1.0970960635253955,19.979999542236328,-0.12483575957047466,0.5556357144272015,0.012838433569972052
2022-02-02,74.74549865722656,18.649999618530277,17780.0,0.002544366261032,0.002544366261032,0.0013490608956010508,0.003109451908546612,-0.0011279446947193295,74.9107534790039,74.32563377380372,0.007872380973983795,1,0.04775934308935954,0.043155489229818884,1.106654965259786,18.649999618530277,-0.12687270198428513,0.20513409916578496,0.008754306954577906
2022-02-03,74.82240295410156,19.15999984741211,17560.19921875,0.0010288819829495,0.0010288819829495,-0.0009692728782779714,0.005632889190314128,0.0014777408078772147,74.91826156616212,74.33229579925538,0.007883057567456442,1,0.04752493968098301,0.04309160717599315,1.102855983785987,19.15999984741211,-0.09065020764482001,0.34769002323947423,-0.013762838558852075
2022-02-04,74.6438980102539,18.899999618530277,17516.30078125,-0.002385715197588,-0.002385715197588,-0.007517676552240227,0.001462417797216231,0.002799697839676707,74.91863952636719,74.3335078048706,0.00787170871893439,1,0.04795822084464674,0.04271018559367324,1.1228492063154232,18.899999618530277,-0.08695657381964128,0.28449935571234103,-0.022814143108185414
2022-02-07,74.64219665527344,20.440000534057617,17213.599609375,-2.279295462614961e-05,-2.279295462614961e-05,-0.005287980940900661,0.0028496155376620536,0.006080184476618289,74.92136749267578,74.33399627685547,0.007901784449105387,1,0.04769032766643269,0.04197588125523848,1.1361093592554878,20.440000534057617,-0.06879271874246728,0.7104976752122878,-0.029995704333560358
2022-02-08,74.6583023071289,19.68000030517578,17266.75,0.000215771407825,0.000215771407825,0.0013748214574069717,0.003211613848517425,0.010008312823071464,74.91490158081055,74.33364028930664,0.00781962633932154,1,0.0476877615740476,0.04127341330040389,1.1553831480768972,19.68000030517578,-0.015014977173866795,0.508302398930722,-0.030649437911988264
2022-02-09,74.69519805908203,18.559999465942383,17463.80078125,0.0004941948961194,0.0004941948961194,-0.0006729582255542432,0.005725076548193542,0.0070158736068923755,74.90770751953124,74.33216129302978,0.007742896432575863,1,0.04709855518028738,0.04072716818113408,1.1564123132378972,18.559999465942383,-0.004825745545778526,0.20535657175039396,-0.029966727021629058
2022-02-10,74.80889892578125,17.709999084472656,17605.849609375,0.0015221978072712,0.0015221978072712,-0.00018048108303336807,0.010152986581879464,0.005429740928360349,74.90286743164063,74.33107528686523,0.0076925046835214506,1,0.04594852764272942,0.04037545107456976,1.138003128553047,17.709999084472656,-0.07567853729055751,-0.02300109893849712,-0.02491729175608881
2022-02-11,75.53839874267578,18.68000030517578,17374.75,0.0097515112155075,0.0097515112155075,0.011983574763190896,0.02334338213307774,0.016365266868318518,74.91327743530273,74.33513027191162,0.007777576514311546,1,0.0542469728129683,0.044688726770261214,1.213857786417861,18.68000030517578,-0.011640175544702092,0.2499261715934369,-0.04599074953754656
2022-02-14,75.34100341796875,22.979999542236328,16842.80078125,-0.0026131785686834,-0.0026131785686834,0.009362087318017576,0.02089321653808196,0.013465255977796131,74.92042755126953,74.33901927947998,0.007821037692247623,1,0.055553414259533286,0.04505444194259699,1.2330012061653122,22.979999542236328,0.12426609304371117,1.443255414622118,-0.07750111949151872
2022-02-15,75.6854019165039,20.61000061035156,17352.44921875,0.0045711960673597,0.0045711960673597,0.013757339473776442,0.023158727010549107,0.016797253319041028,74.92945556640625,74.34305530548096,0.007887761116565972,1,0.05680133186164096,0.04584730498453221,1.2388970951227958,20.61000061035156,0.0472561123350792,0.7949905295231993,-0.049480343521904
2022-02-16,75.17479705810547,20.59000015258789,17322.19921875,-0.0067464114012598,-0.0067464114012598,0.006420747403923954,0.010699246815367047,0.00961868910894248,74.92512557983399,74.3417818069458,0.007846782236172967,1,0.0603397162214459,0.04793914021924109,1.2586470532939358,20.59000015258789,0.10937504014321564,0.8008277528962336,-0.05385050396602342
2022-02-17,75.04199981689453,22.01000022888184,17304.599609375,-0.0017665127996061,-0.0017665127996061,0.0031159513702312402,0.010597297951537632,0.010533236087234332,74.91779357910156,74.34153331756592,0.007751525100700096,1,0.06038472802499833,0.047757157018120736,1.264385642060826,22.01000022888184,0.24280075475437113,1.2032375705337328,-0.04463362807506066
2022-02-18,75.06300354003906,22.170000076293945,17276.30078125,0.0002798929025848,0.0002798929025848,-0.0062934244112874405,0.005940870623573069,0.010233915426548279,74.91138763427735,74.3425078201294,0.0076521472146775515,1,0.05813770577777765,0.04765160854900345,1.220031967777627,22.170000076293945,0.18683081981273686,1.2518918301206294,-0.036909623765618904
2022-02-21,74.68240356445312,22.899999618530277,17206.650390625,-0.0050704069599736,-0.0050704069599736,-0.008741585904582627,0.003132338054761208,0.003393823669390894,74.8930517578125,74.34184532165527,0.007414484181450298,1,0.060396131019054056,0.048660680520492335,1.2411435522375789,22.899999618530277,-0.003481284825920694,1.4607116824113484,-0.03099338905079685
2022-02-22,74.51699829101562,26.65999984741211,17092.19921875,-0.0022147824058013,-0.0022147824058013,-0.0154376352097233,0.0008703093548572127,0.0009402621481613416,74.86919174194335,74.34155532836914,0.007097462667328136,1,0.06091292928127549,0.04886498177212351,1.2465303483583006,26.65999984741211,0.2935467762199815,2.4976830173906905,-0.029797734607201476
2022-02-23,74.62300109863281,24.540000915527344,17063.25,0.0014225319061189,0.0014225319061189,-0.0073401722527585145,0.0028194019226148725,-2.6785947969010238e-05,74.8451138305664,74.34311134338378,0.006752508445118988,1,0.0610901199792312,0.04870978205398861,1.2541395847745156,24.540000915527344,0.19184073500081977,1.898865583706584,-0.005006070950107966
2022-02-24,74.63300323486328,31.979999542236328,16247.9501953125,0.0001340355665573,0.0001340355665573,-0.005450235641763501,-0.0001580156181982817,0.0017073153748290437,74.81682983398437,74.34574737548829,0.006336373970616593,1,0.060074787836941854,0.04860552403204426,1.23594083373123,31.979999542236328,0.4529758841288749,3.870751671205016,-0.059613499866045805
2022-02-25,75.4083023071289,26.739999771118164,16658.400390625,0.0103881532118683,0.0103881532118683,0.00460011924390491,0.006853670966951331,0.005690788389240975,74.80076782226563,74.3523148727417,0.006031459145441342,1,0.07008049025776059,0.0513247061460734,1.3654072300205848,26.739999771118164,0.2061344014026798,2.4267143364723522,-0.026402456418356368
2022-02-28,75.06800079345703,28.56999969482422,16793.900390625,-0.0045127857710662,-0.0045127857710662,0.00516316040459408,-0.0018787090428494801,0.00017453451026039346,74.7787777709961,74.35846736907959,0.005652488772129871,1,0.07052584963237926,0.05209739292744177,1.3537048970128829,28.56999969482422,0.2475982607312306,2.8847462558253545,-0.018012498118475606
2022-03-02,75.80120086669922,29.229999542236328,16605.94921875,0.0068593290310263,0.0068593290310263,0.01723368634185074,0.010157376657158323,0.009997182088328671,74.77468185424804,74.36847637176514,0.005462065411321548,1,0.07396361907739457,0.05388359760200132,1.3726300718379587,29.229999542236328,0.09639908887972815,3.0110075119367505,-0.042324495722743105
2022-03-03,75.63099670410156,28.15999984741211,16498.05078125,-0.0022454019283543,-0.0022454019283543,0.013507840620567313,0.014421350081834428,0.008172691534999554,74.77212783813476,74.3785553741455,0.005291477657901167,1,0.07045345765685317,0.05407629387676802,1.3028288326964612,28.15999984741211,0.1475142133998153,2.689088301275682,-0.06137611984513991
2022-03-04,75.8917007446289,27.959999084472656,16245.349609375,0.0034470528207808,0.0034470528207808,0.01686515958368462,0.01533473062583579,0.012112040033222637,74.77623382568359,74.39156238555908,0.005170901481149404,1,0.07084309415075274,0.05448655182748705,1.3001702549427976,27.959999084472656,-0.1257035808413447,2.6001806517166433,-0.08631329531074239
2022-03-07,76.41799926757812,29.32999992370605,15863.150390625,0.0069348626764893,0.0069348626764893,0.013389732026280576,0.021325114544307633,0.0157375400704447,74.79542373657226,74.40677688598633,0.005223272218624064,1,0.07417270578177271,0.05580755906689323,1.329056098597132,29.32999992370605,0.09685864527887333,2.9006293138058323,-0.09664177535713647
2022-03-08,77.08080291748047,28.59000015258789,16013.4501953125,0.0086733970563863,0.0086733970563863,0.026813050870523103,0.032647074606042104,0.022409835242723775,74.8356918334961,74.42495639801025,0.005518786377103346,1,0.07784350549519273,0.05822442518366329,1.3369332254706114,28.59000015258789,0.0007000510317574093,2.673887359070984,-0.08579725849114206
2022-03-09,76.91449737548828,27.46999931335449,16345.349609375,-0.0021575481273882,-0.0021575481273882,0.014687056353458905,0.030442575674845207,0.01996983798794738,74.86768173217773,74.44313438415527,0.005702975184140202,1,0.07868353545322328,0.05842886172284504,1.346632237920553,27.46999931335449,-0.06021211961836337,2.3807679516641027,-0.0504397696997162
2022-03-10,76.13490295410156,25.57999992370605,16594.900390625,-0.0101358579720129,-0.0101358579720129,0.006662694820372073,0.019778117119489513,0.009970406775269725,74.89077377319336,74.45746040344238,0.005819609847060203,1,0.08809449493199277,0.06200362764051821,1.420772904931141,25.57999992370605,-0.09161931596896511,1.9070774531849055,-0.03891002124748433
2022-03-11,76.310302734375,25.350000381469727,16630.44921875,0.0023038025067054,0.0023038025067054,0.005515780851382823,0.021622603825422138,0.009406255241479977,74.92207977294922,74.47337093353272,0.0060250910331018925,1,0.0882356103710135,0.06191183442848817,1.4251586312516382,25.350000381469727,-0.09334759615397736,1.8448132634019259,-0.04771879689527425
2022-03-14,76.75370025634766,25.68000030517578,16871.30078125,0.0058104542386112,0.0058104542386112,0.004392957051833735,0.02599692494466277,0.01378551293747221,74.96574783325195,74.49202995300293,0.0063593095871852245,1,0.08985441239225042,0.06290841233509468,1.4283142864795795,25.68000030517578,-0.12444594708573964,1.9159139514509003,-0.041721862018738176
2022-03-15,76.49009704589844,26.729999542236328,16663.0,-0.0034344039384266,-0.0034344039384266,-0.007663462875632132,0.012598867848187423,0.008746241868848426,75.00692581176757,74.50993144989013,0.006670176071919887,1,0.08535618760054413,0.06324724422597423,1.3495424046173095,26.729999542236328,-0.06505773348809163,2.184926946498896,-0.04096461819594521
2022-03-16,76.26589965820312,24.1200008392334,16975.349609375,-0.0029310642338548,-0.0029310642338548,-0.00843271085968067,0.012276133821888857,0.0028758006268072567,75.0419677734375,74.52723644256592,0.006906620390630724,1,0.08550796311767761,0.06326151361819539,1.3516371422378013,24.1200008392334,-0.1219511670134078,1.5408570189546196,0.007869761677200326
2022-03-17,76.02420043945312,22.61000061035156,17287.05078125,-0.0031691649850484,-0.0031691649850484,-0.0014540310731750994,0.004476405150401153,-0.002456357533215159,75.07438583374024,74.54399494171143,0.007115139085898781,1,0.08501872315169504,0.06341250910622782,1.3407036505309144,22.61000061035156,-0.11610630657594612,1.1665797985762834,-0.003768830363689246
2022-03-21,75.94640350341797,24.6200008392334,17117.599609375,-0.0004631963257576,-0.0004631963257576,-0.004768677595523574,0.01026416399522967,-0.002902810828385838,75.10261596679688,74.56031196594239,0.007273360136988094,1,0.08136110141333938,0.06340950916385688,1.283085445712114,24.6200008392334,-0.02879682569038311,1.6605933592372817,-0.011811410710109826
2022-03-22,76.30709838867188,24.06999969482422,17315.5,0.0047493346441043,0.0047493346441043,-0.005818636315698011,0.016858540215669127,0.003961551688382192,75.14015594482422,74.57941146850585,0.007518757057437542,1,0.0823122112868973,0.06400725329200015,1.2859624666118612,24.06999969482422,-0.06269472707237733,1.5239149112854973,0.000629912905878216
2022-03-23,76.10189819335938,24.75,17245.650390625,-0.0026891363928858,-0.0026891363928858,-0.005075151784761367,0.013840302203816712,0.0045301819444494296,75.17380798339843,74.595645942688,0.007750613771139392,1,0.0831408490944136,0.06390029678303456,1.3010823454288183,24.75,-0.07407405821716206,1.696495184160526,-0.0017741292544677378
2022-03-24,76.55239868164062,23.93000030517578,17222.75,0.0059197010715372,0.0059197010715372,0.003756580919145769,0.025039300128759656,0.011441914251568042,75.21945602416992,74.61358242034912,0.008120151642196927,1,0.0824817979017932,0.06494722431108627,1.269962324246547,23.93000030517578,-0.007877302132948683,1.4945155572357571,0.000935662026571471
2022-03-25,76.32350158691406,23.43000030517578,17153.0,-0.0029900708360358,-0.0029900708360358,0.003936919372132142,0.02424283502192881,0.011463225761051188,75.26478607177734,74.62997894287109,0.008506060672912596,1,0.08291465228305622,0.06494311725228766,1.2767076648522089,23.43000030517578,0.03626712395791798,1.3671741291665824,0.0035572239986123577
2022-03-28,76.27850341796875,22.61000061035156,17222.0,-0.0005895715999622,-0.0005895715999622,0.004372819504689707,0.022184879929283197,0.016133572999686763,75.31405014038086,74.6468229675293,0.008938453725509499,1,0.08309154433048375,0.06406135385416838,1.2970416997107763,22.61000061035156,-0.08164094883696293,1.1588497053780462,0.009303620353684039
2022-03-29,76.03410339355469,21.299999237060547,17325.30078125,-0.0032040484994162,-0.0032040484994162,-0.00357758322465207,0.018773198155811466,0.009547911157645972,75.35875015258789,74.66294647216797,0.009319263614640416,1,0.0842992556857909,0.06410163528446677,1.3150669283984668,21.299999237060547,-0.11508103418710491,0.8334220089905255,0.06630686166482169
2022-03-30,75.66670227050781,20.61000061035156,17498.25,-0.004832057019798,-0.004832057019798,-0.005718594846948699,0.0034266779051261853,0.009154422680599072,75.39263824462891,74.676403465271,0.009591179356823298,1,0.07876788256709769,0.06421786407312624,1.2265536568414606,20.61000061035156,-0.16727270261205818,0.6624951065615676,0.05041598170780248
2022-03-31,75.82779693603516,20.559999465942383,17464.75,0.0021290033884577,0.0021290033884577,-0.009465434892757307,0.010121438356519352,0.014486509461030694,75.42161422729492,74.69061595916747,0.00978701619661404,1,0.07725096697313258,0.06400633923741711,1.2069079560797236,20.559999465942383,-0.14082744656315394,0.6495270461265418,0.03994602765117583
2022-04-01,75.9092025756836,18.43000030517578,17670.44921875,0.0010735593402126,0.0010735593402126,-0.00542819711643705,0.0014248020842611009,0.017954941632346344,75.45469635009766,74.70510047912597,0.010034065494378686,1,0.07365294189625064,0.06382638184937946,1.1539395751819752,18.43000030517578,-0.21340161907276967,0.12071668320107287,0.0641035321725576
2022-04-04,75.99479675292969,17.90999984741211,18053.400390625,0.0011275863049773,0.0011275863049773,-0.0037193527970060813,0.004810197732173949,0.021007301673273693,75.48219833374023,74.71891647338867,0.01021537645856263,1,0.073222398143421,0.06370858844386836,1.149315196219388,17.90999984741211,-0.20787265086528317,-0.006749342600720399,0.09427474978696582
2022-04-05,75.47799682617188,18.489999771118164,17957.400390625,-0.0068004646217819,-0.0068004646217819,-0.007313909713702937,-0.005451240575687244,0.012939820960525594,75.50277420043945,74.73040245056153,0.010335442129980388,1,0.0761579126463333,0.06523206785778274,1.167474030385452,18.489999771118164,-0.13192486228136457,0.13944786717609198,0.10538713061995275
2022-04-06,75.45069885253906,19.020000457763672,17807.650390625,-0.0003616679665688,-0.0003616679665688,-0.002854669378831165,-0.012658018062630116,0.014077352274448396,75.522744140625,74.74093242645263,0.01046028847635383,1,0.07157399261053744,0.0651567044755909,1.098473207222182,19.020000457763672,-0.0771470211305717,0.2733254917406564,0.12257968638746464
2022-04-07,75.94509887695312,19.0,17639.55078125,0.0065526235267923,0.0065526235267923,0.0015469517203159366,-0.014733941494397551,0.01892002385398217,75.5533821105957,74.75153743743897,0.0107267984130468,1,0.06843102774878014,0.06632738046839207,1.031700567171093,19.0,-0.07587546237666598,0.2702009376818958,0.10154592333971202
2022-04-08,75.91320037841797,17.690000534057617,17784.349609375,-0.0004200205017421,-0.0004200205017421,5.2665587290112725e-05,-0.013018312947975064,0.019926090403335373,75.57875015258789,74.75983394622803,0.010953959675042535,1,0.06821983961489707,0.06625717202144299,1.029606424892302,17.690000534057617,-0.040151913123427696,-0.05253916009814291,0.08803727264265127
2022-04-11,75.91729736328125,18.270000457763672,17674.94921875,5.396933396117909e-05,5.396933396117909e-05,-0.0010197986304298912,-0.002858158116409437,0.020129202691001602,75.59919616699219,74.76870094299316,0.01110752512113633,1,0.05872210075625448,0.06625346675913737,0.8863115745800779,18.270000457763672,0.020100536762627685,0.09744591582663684,0.06508317631934424
2022-04-12,75.83699798583984,18.15999984741211,17530.30078125,-0.0010577217607886,-0.0010577217607886,0.0047563684088589575,-0.006202370211826569,0.0210987129877529,75.61175018310547,74.77720993041993,0.011160355587779724,1,0.05813772130846535,0.06614871641604414,0.8788808850337635,18.15999984741211,-0.01784748122179658,0.07236096703196263,0.0541086744358934
2022-04-13,76.1498031616211,17.790000915527344,17475.650390625,0.0041247040902074,0.0041247040902074,0.009265710188428589,-0.007867986725195286,0.02825936748046387,75.63396621704102,74.78629795074463,0.011334539742222427,1,0.056179026925335954,0.06627685897703546,0.8476288732380652,17.790000915527344,-0.06466874409218326,-0.01800831965786172,0.035821162648386196
2022-04-18,76.3313980102539,19.34000015258789,17173.650390625,0.0002961423410861,0.0002961423410861,0.005086557776778466,-0.0020747657771869044,0.03408640245148398,75.66947814941406,74.7967204284668,0.011668395565310075,1,0.05506818845762784,0.06586133084280368,0.8361105316643187,19.34000015258789,0.017894744873046875,0.37369936051377106,0.03064576550591136
2022-04-19,76.28019714355469,19.770000457763672,16958.650390625,-0.0006707707186541,-0.0006707707186541,0.0048344262039710095,0.0001874689135725749,0.03361957350132272,75.70017211914063,74.8071699142456,0.011937387899030316,1,0.054187674521891036,0.06588593230358121,0.8224343223663143,19.770000457763672,0.11758054612273994,0.482281249622958,-0.0009837334213592674
2022-04-20,76.44539642333984,18.670000076293945,17136.55078125,0.0021656902573843,0.0021656902573843,0.006956241573399469,0.005540288243112368,0.03343276919647953,75.73263198852538,74.81833190917969,0.012220268161759362,1,0.05347516486947151,0.06586555669704816,0.8118712674693077,18.670000076293945,0.021893793569134568,0.20801405676935988,-0.008705938445164763
2022-04-21,76.27619934082031,17.850000381469727,17392.599609375,-0.0022133063655337,-0.0022133063655337,0.005791386350267658,0.004342481305088963,0.02550722104534997,75.76527801513672,74.82828590393066,0.012521897299759388,1,0.05408710752249224,0.06525759708680319,0.8288119870328918,17.850000381469727,-0.017070455316471778,0.004168942834795334,0.01606533662870513
2022-04-22,76.28520202636719,18.350000381469727,17171.94921875,0.0001180274531855,0.0001180274531855,0.001778059287411704,-0.0002869505297287134,0.027339612878725994,75.7981381225586,74.83827392578125,0.012825846273916808,1,0.05139697120661351,0.0651355462327413,0.7890650361314137,18.350000381469727,0.03147832698837072,0.13243490316807438,-0.008290305290058031
2022-04-25,76.4635009765625,21.26000022888184,16953.94921875,0.0023372678508957,0.0023372678508957,0.0017306504237069031,0.0047515606284138645,0.024709339032261246,75.83424209594726,74.84873641967773,0.013166630773080668,1,0.05116526022955044,0.06460253678527675,0.7919885315197028,21.26000022888184,0.09927611484723964,0.8662644449187572,-0.016914477869363065
2022-04-26,76.52780151367188,19.190000534057617,17200.80078125,0.0008409311146906,0.0008409311146906,0.003245984926483647,-0.0003213115250776388,0.02791968113811083,75.87089416503906,74.85865043640136,0.013522067559816442,1,0.0467609874637803,0.06439695929311264,0.7261252992652112,19.190000534057617,-0.02933737533011993,0.34420602964671215,-0.0012744317109636416
2022-04-27,76.79409790039062,20.61000061035156,17038.400390625,0.0034797339195897,0.0034797339195897,0.00456144507538081,0.00616581136467742,0.03145502750958418,75.91059814453125,74.87103191375732,0.01388475895418928,1,0.04711056657733591,0.06469717956481803,0.7281590748645109,20.61000061035156,0.1039100442490577,0.7070046488766759,-0.006681024274179492
2022-04-28,76.47219848632812,19.3799991607666,17245.05078125,-0.0041917207554158,-0.0041917207554158,0.0025695976884223537,0.0025393139571450174,0.02766979645330947,75.9292741394043,74.8795783996582,0.014018451521501829,1,0.04946277497370899,0.06532317774129938,0.7571894003717025,19.3799991607666,0.08571421549577019,0.3968689938556763,0.001338449729996416
2022-04-29,76.58899688720703,19.420000076293945,17102.55078125,0.0015273315425838,0.0015273315425838,0.003982356378041008,0.007297955376420973,0.026046002577923666,75.95423400878906,74.88841388702393,0.01423210970088129,1,0.0482707790219014,0.06512667630368697,0.7411715227918967,19.420000076293945,0.05831060885997208,0.40884200883179456,-0.012856919646732301
2022-05-02,76.52310180664062,20.280000686645508,17069.099609375,-0.0008603726807318,-0.0008603726807318,0.0007794677109591586,0.011318050218062758,0.021738503725868608,75.9709880065918,74.89742240905761,0.01433381233964015,1,0.04483945748398394,0.06512068844089071,0.6885487547621492,20.280000686645508,-0.04609593281683022,0.6270930033849118,-0.02452533199748541
2022-05-04,76.46730041503906,21.8799991607666,16677.599609375,-0.0007422608217789,-0.0007422608217789,-0.0007905767242248896,0.008433628627551482,0.016726698453909616,75.99683807373047,74.90730640411377,0.01454506538706446,1,0.044579522432641114,0.06466079251510748,0.6894260226736774,21.8799991607666,0.14017710014832385,1.0341787426363953,-0.04507080780572292
2022-05-05,76.00160217285156,20.290000915527344,16682.650390625,-0.0060901619340534,-0.0060901619340534,-0.010319747860922934,0.0012172384115858303,0.012828005293471278,76.0160301208496,74.91460590362549,0.014702396200829693,1,0.04964065484511111,0.06569816083933575,0.7555751734258073,20.290000915527344,-0.01552642820706629,0.6340703153296582,-0.05590117239786141
2022-05-06,76.54180145263672,21.25,16411.25,0.0071077354205846,0.0071077354205846,0.0009101734707031017,0.007197923056303734,0.026637766933840235,76.04560607910156,74.9240193939209,0.014969654514713104,1,0.05539762834176485,0.0657703082880999,0.8422765151501178,21.25,0.09649127555273984,0.8817282432282639,-0.09096072513174625
2022-05-09,76.9574966430664,22.030000686645508,16301.849609375,0.0054309564517751,0.0054309564517751,0.0048113929002369105,0.01960173665315823,0.029593728392712793,76.09110794067382,74.93646137237549,0.01540834124206425,1,0.051882644973044505,0.06641101579435199,0.781223764291414,22.030000686645508,0.1343975592223401,1.081970483916121,-0.09219323205124452
2022-05-10,77.3655014038086,22.299999237060547,16240.0498046875,0.0053016896149122,0.0053016896149122,0.01100843506444038,0.025378195038482376,0.033988462670291986,76.1480780029297,74.95060386657715,0.015976844409208768,1,0.05391327393841517,0.0671211215126161,0.8032117090977492,22.299999237060547,0.09960544783143033,1.1538654886719566,-0.08802961376436147
2022-05-11,77.27140045166016,22.799999237060547,16167.099609375,-0.0012163167101739,-0.0012163167101739,0.010515606439049252,0.01746395217492469,0.03520049878752718,76.20104598999023,74.96380187988281,0.016504553919102216,1,0.050629334841259206,0.06695950676774055,0.7561074024853529,22.799999237060547,0.042047537092396725,1.282324467785968,-0.08347441440743186
2022-05-12,77.41840362548828,24.270000457763672,15808.0,0.0019024266801024,0.0019024266801024,0.018641731386326077,0.019827951391418797,0.03719353254080193,76.25675399780273,74.9759268951416,0.017083177970609764,1,0.050604076629537205,0.06701052613313575,0.75515481514328,24.270000457763672,0.19615571033269652,1.6520817220233635,-0.11112858512032231
2022-05-13,77.44380187988281,23.489999771118164,15782.150390625,0.000328064816699,0.000328064816699,0.011784415967845296,0.02010746654081874,0.03730997741275899,76.2974639892578,74.9909449005127,0.017422357999067772,1,0.05055930704090567,0.06700884151931949,0.7545056949034719,23.489999771118164,0.10541175393497237,1.4527348304733196,-0.10708935028322886
2022-05-16,77.48629760742188,24.530000686645508,15842.2998046875,0.0005487298725981,0.0005487298725981,0.006871337912771169,0.02174795502704341,0.0373665191453425,76.3458299255371,75.00611637115479,0.017861390766493956,1,0.050098413633814634,0.06700884446787632,0.7476276662279254,24.530000686645508,0.11348161244114219,1.7122224382445832,-0.09629047428370119
2022-05-17,77.8053970336914,22.739999771118164,16259.2998046875,0.0041181400598879,0.0041181400598879,0.005685940398509004,0.02174127579235452,0.040055369761330395,76.38591384887695,75.0228988647461,0.01816798610499104,1,0.050093143993158784,0.06736667273808371,0.7435783656638114,22.739999771118164,0.019730966327854205,1.2598414409447871,-0.06960259325112295
2022-05-18,77.37239837646484,22.299999237060547,16240.2998046875,-0.005565149382106,-0.005565149382106,0.0013070544110025395,0.01363790515236074,0.024279037738629494,76.42074188232422,75.03831336975098,0.018422968887391367,1,0.05491009854394906,0.0658218230911277,0.834210627337107,22.299999237060547,-0.021929825295224914,1.149589174317449,-0.05434782732313048
2022-05-19,77.81999969482422,24.559999465942383,15809.400390625,0.0057850257682527,0.0057850257682527,0.005187346296607442,0.020186137541985172,0.032903680126249,76.45930786132813,75.05490188598633,0.01871171555823481,1,0.057448446307640476,0.06644131284311437,0.8646364620582897,24.559999465942383,0.011948867025502796,1.7166521785893423,-0.06776777476557472
2022-05-20,77.42109680175781,23.100000381469727,16266.150390625,-0.0051259688335997,-0.0051259688335997,-0.0002931813466520161,0.012763363447220843,0.022933020652631475,76.47936981201173,75.07005737304688,0.018773296415127705,1,0.06096213727044804,0.06682745469226224,0.9122182691665106,23.100000381469727,-0.016602783884568484,1.3404735396276048,-0.050792041043484115
2022-05-23,77.81839752197266,23.399999618530277,16214.7001953125,0.0051316855046907,0.0051316855046907,0.004285917959757635,0.02021860284702215,0.035166047230215325,76.49412170410156,75.08788936614991,0.01872781815845781,1,0.06197658702439163,0.06595475611770328,0.9396691156688355,23.399999618530277,-0.04606608383547339,1.408699960077188,-0.06772417237889994
2022-05-24,77.52680206298828,25.63999938964844,16125.150390625,-0.0037471275208672,-0.0037471275208672,-0.0035806638269898494,0.01627576520269214,0.0331121538892456,76.50636779785157,75.10362789154053,0.01867739210064223,1,0.06405003531029449,0.0663475998186303,0.9653562469348391,25.63999938964844,0.12752856850128635,1.9547223435833587,-0.06095981386795646
2022-05-25,77.47879791259766,25.280000686645508,16025.7998046875,-0.0006191942542866,-0.0006191942542866,0.0013751614059462902,0.01327819054932311,0.03218355592805433,76.53324569702148,75.1193618774414,0.018821829475692997,1,0.06396086777186201,0.06638163466561879,0.9635180660430901,25.280000686645508,0.13363235657122674,1.8481310717945867,-0.05474532228963058
2022-05-26,77.49729919433594,22.71999931335449,16170.150390625,0.0002387915434509,0.0002387915434509,-0.00414675535535558,0.012668568304433192,0.037691551095479614,76.55698562622071,75.1357763671875,0.018915213600612546,1,0.063970503521852,0.06543236146937868,0.9776435458201048,22.71999931335449,-0.07491857461721207,1.2042776368495507,-0.05991874469870473
2022-05-27,77.63020324707031,21.479999542236328,16352.4501953125,0.0017149507675242,0.0017149507675242,0.00270089748079827,0.010887625084992747,0.04177845360727628,76.57451568603516,75.1530073928833,0.018914855738513925,1,0.06326002345173642,0.06523514891821627,0.9697081219653657,21.479999542236328,-0.0701299053022062,0.8927291416872584,-0.04025907242383675
2022-05-30,77.69200134277344,19.979999542236328,16661.400390625,0.0007960573735257,0.0007960573735257,-0.0016242454641079984,0.01595093224191002,0.04112673303080072,76.59855377197266,75.17105739593507,0.01898997334198449,1,0.06089168577900695,0.06521460205088477,0.93369813149154,19.979999542236328,-0.14615385179688967,0.5197139331913899,-0.03384451562529378
2022-05-31,77.5208969116211,20.479999542236328,16584.55078125,-0.0022023429464436,-0.0022023429464436,-7.61691596976588e-05,0.012167544455327972,0.03869459289571764,76.62365371704101,75.18620487213134,0.019118518448355326,1,0.06166543427381673,0.06544624585687503,0.9422158788571692,20.479999542236328,-0.20124804876147318,0.64195568906787,-0.030287879663418282
2022-06-01,77.5989990234375,20.850000381469727,16522.75,0.0010074975255438,0.0010074975255438,0.001551406501885122,0.014059770074603906,0.02905113428208672,76.6551496887207,75.2018688583374,0.019325062693866357,1,0.061453805037417694,0.06232407879607258,0.986020494871644,20.850000381469727,-0.17523734908425015,0.7313461119012188,-0.032008109500686444
2022-06-02,77.58409881591797,20.31999969482422,16628.0,-0.0001920154603415,-0.0001920154603415,0.0011200341493755595,0.014604914712789574,0.033517584002053846,76.6879035949707,75.21761184692383,0.01954717401875361,1,0.061323721225947585,0.06153610420299859,0.9965324501402097,20.31999969482422,-0.10563378921933264,0.6008267508878521,-0.0029740256713632895
2022-06-03,77.3604965209961,19.979999542236328,16584.30078125,-0.0028820634425671,-0.0028820634425671,-0.003474249902654991,0.01787981186309695,0.020570856879154054,76.70897155761719,75.23389934539794,0.01960648358058914,1,0.05775236998332688,0.060494365993447374,0.9546577499767899,19.979999542236328,-0.06983240372284627,0.5164932283465292,-0.0058953228097538
2022-06-06,77.69419860839844,20.200000762939453,16569.55078125,0.0043135980559765,0.0043135980559765,2.8281748275515994e-05,0.015055788260677438,0.02727984548939566,76.74081756591796,75.25106983184814,0.019797030625594125,1,0.054666627680985604,0.060791568660846715,0.8992320753209675,20.200000762939453,0.011011072359539131,0.5679014895507881,0.009645869830146925
2022-06-07,77.82099914550781,20.43000030517578,16416.349609375,0.0016320463996093,0.0016320463996093,0.00387124305629305,0.011220511842353398,0.02542173099231082,76.76618957519531,75.26909084320069,0.019889953701093033,1,0.052061400020768096,0.06053084947683563,0.860066237372955,20.43000030517578,-0.0024413690516659203,0.6214073197852215,0.007023742872351857
2022-06-08,77.67060089111328,19.84000015258789,16356.25,-0.001932617880083,-0.001932617880083,0.0009227163826450724,0.003943611580983886,0.016391447506354684,76.7931315612793,75.2867688369751,0.02000833277313374,1,0.049696213853612024,0.059212363792201746,0.8392736144497991,19.84000015258789,-0.04844125709366731,0.4726532700556171,0.007155162497036294
2022-06-09,77.72429656982422,19.13999938964844,16478.099609375,0.0006913256508238,0.0006913256508238,0.0018070423713871797,0.005861109226917405,0.008348299809910475,76.82204742431641,75.3035678100586,0.020164776496220504,1,0.04945378002137453,0.05669019665390605,0.8723361463559287,19.13999938964844,-0.058070882032362436,0.2963049432748263,0.01923659824670443
2022-06-10,77.8187026977539,19.57999992370605,16201.7998046875,0.0012146282706446,0.0012146282706446,0.005922999429475606,0.005170593211945684,0.011755980382363918,76.85773941040038,75.32051483154297,0.02040910875736146,1,0.04922685722627466,0.05654202426328012,0.8706088481765788,19.57999992370605,-0.020020001386121478,0.40167418702608665,0.024911424891668865
2022-06-13,78.17759704589844,22.3700008392334,15774.400390625,0.0046119292111366,0.0046119292111366,0.006221808656994732,0.00947519553796905,0.02682992967139297,76.9079573059082,75.33989532470703,0.02081316909776665,1,0.05149667836388253,0.053214530503421745,0.967700178438911,22.3700008392334,0.10742574229379254,1.0836871350353416,-0.0004910610916877278
2022-06-14,78.16059875488281,21.88999938964844,15732.099609375,-0.0002174317407791,-0.0002174317407791,0.004363855682963269,0.00870219856002441,0.024247001442890603,76.95461334228516,75.360168800354,0.021157656190436525,1,0.051547323502283006,0.05308694377973035,0.9709798465007498,21.88999938964844,0.07146348813821501,0.9576873133111504,-0.006956073087311054
2022-06-15,77.9854965209961,22.149999618530277,15692.150390625,-0.0022402877751211,-0.0022402877751211,0.004054244801379392,0.0023147428606618003,0.016048688995245808,76.99613922119141,75.37937229156495,0.02144840001284254,1,0.05049110797857925,0.05216197118501712,0.9679492335567327,22.149999618530277,0.11643142379921168,1.0138463904093478,-0.03488153984952003
2022-06-16,77.90019989013672,22.8700008392334,15360.599609375,-0.0010937499235695,-0.0010937499235695,0.0022631703093571875,0.006821573645730883,0.018435103349288884,77.03424728393554,75.39837329864503,0.0216964095340757,1,0.04635996981410954,0.051700997345618706,0.8966765733285185,22.8700008392334,0.19487991476124433,1.1817597928082475,-0.05416773125448027
2022-06-17,77.97769927978516,22.76000022888184,15293.5,0.0009948548239637,0.0009948548239637,0.0020431667005396115,0.0020264660187530037,0.022445150837447914,77.08424133300781,75.41748180389405,0.022100439967589924,1,0.04202197899466968,0.051307511378154765,0.8190060063321396,22.76000022888184,0.1624106393037148,1.1453907782609687,-0.032632508373368174
2022-06-20,77.9614028930664,22.40999984741211,15350.150390625,-0.0002089877858575,-0.0002089877858575,-0.0027654233565800324,0.006978796653993147,0.0254813920095891,77.13445541381836,75.43980583190918,0.022463599464785267,1,0.0375294587742725,0.050825533201432176,0.7383832107048963,22.40999984741211,0.0017880646704562242,1.0508892704520951,-0.05631326269600556
2022-06-21,77.93399810791016,21.13999938964844,15638.7998046875,-0.0003515173424193,-0.0003515173424193,-0.002899167234929889,0.0014855174305645757,0.026171016832979177,77.1742333984375,75.46241981506347,0.02268431873201493,1,0.03326111672932119,0.05081849210024229,0.654495260671104,21.13999938964844,-0.034262221147190464,0.7325757228801447,-0.035517177850225456
2022-06-22,78.13490295410156,21.299999237060547,15413.2998046875,0.0025778845057227,0.0025778845057227,0.001915823323189958,0.00784375048282282,0.023953270456173348,77.21866744995117,75.48811084747314,0.022924889536243498,1,0.03126524061839326,0.05024227609276595,0.6222771094915692,21.299999237060547,-0.03837473571596073,0.7657621429543195,-0.04414536104738365
2022-06-23,78.19309997558594,20.8799991607666,15556.650390625,0.0007448274623,0.0007448274623,0.0037599401010819378,0.0092193229920019,0.027478970063443686,77.26418350219727,75.51415084838867,0.02317489681268059,1,0.03107577155370232,0.04986672676093808,0.6231639894611017,20.8799991607666,-0.08701362507398591,0.6570801846068993,-0.029274633389921312
2022-06-24,78.14240264892578,20.549999237060547,15699.25,-0.0006483606184687,-0.0006483606184687,0.002112185543583056,0.008324205634213877,0.020770139076863314,77.31029159545898,75.53959136962891,0.023440691082980747,1,0.03129891731118919,0.04862758667612556,0.6436320578191005,20.549999237060547,-0.097100218347839,0.5707017108759802,-0.029121583859728073
2022-06-27,78.2522964477539,21.01000022888184,15832.0498046875,0.001406327360087,0.001406327360087,0.003731250899711158,0.008013545948136747,0.025271309894546956,77.35234146118164,75.56588035583496,0.023641107559845054,1,0.031153050976995774,0.04821262592353192,0.6461461958162062,21.01000022888184,-0.062472094067949846,0.6783607301706381,-0.03182400095455884
2022-06-28,78.44110107421875,21.450000762939453,15850.2001953125,0.0024127678679808,0.0024127678679808,0.006506826014577527,0.009641915750635999,0.02835133831087422,77.39453552246094,75.59253585815429,0.023838328002225184,1,0.031917824901365514,0.048344147847507665,0.6602074111354894,21.450000762939453,0.014664209188331778,0.7803995318128812,-0.048687395794710264
2022-06-29,79.07319641113281,21.899999618530277,15799.099609375,0.0080582160150453,0.0080582160150453,0.012008634061815293,0.02002427166550258,0.039970130269672444,77.4503955078125,75.62094982147217,0.02419231298547997,1,0.039924576748917424,0.05013156655125672,0.7963800677968002,21.899999618530277,0.028169033002863664,0.8844118817952258,-0.04736041284657577
2022-06-30,78.89830017089844,21.84000015258789,15780.25,-0.0022118271193315,-0.0022118271193315,0.009018701081459746,0.016743787469069016,0.042708322200136095,77.49945358276368,75.64649631500244,0.02449495162400206,1,0.04139418221946613,0.049244946438014324,0.8405601925341981,21.84000015258789,0.045977060843236384,0.8628428087077914,-0.04493803997518575
2022-07-01,78.96299743652344,21.25,15752.0498046875,0.00082000835867,0.00082000835867,0.01050127408142787,0.01777295401570811,0.04134632189212861,77.55318954467774,75.67368980407714,0.02483689833899616,1,0.0412385200965087,0.049153086541641265,0.8389642245019275,21.25,0.03406329873127434,0.7113032358733813,-0.052679227526611694
2022-07-04,78.95069885253906,20.96999931335449,15835.349609375,-0.0001557512301159,-0.0001557512301159,0.00892500842133681,0.020555741018432716,0.04006755668158957,77.60649948120117,75.70073928833008,0.025174921814335338,1,0.03916532887601533,0.04916792674251482,0.7965463448310395,20.96999931335449,-0.001903898862045783,0.6362217101462405,-0.04516025015186376
2022-07-05,78.93949890136719,20.790000915527344,15810.849609375,-0.0001418600637442,-0.0001418600637442,0.0063537841810361595,0.016028227528871675,0.03874873378517174,77.65601943969726,75.7271827697754,0.025470862633116598,1,0.03737621298709241,0.04917760342143012,0.7600096462032777,20.790000915527344,-0.030769222561168097,0.5857679691333096,-0.04578887996972991
2022-07-06,79.36840057373047,20.270000457763672,15989.7998046875,0.0054332961107237,0.0054332961107237,0.003733302509522529,0.019884111553609918,0.05154354793647098,77.71283142089844,75.75683475494385,0.025819408536296384,1,0.04066815531689837,0.047787189968117226,0.8510084885832856,20.270000457763672,-0.07442918671959298,0.4511613993626828,-0.025983231037179366
2022-07-07,79.04389953613281,19.200000762939453,16132.900390625,-0.0040885419795779,-0.0040885419795779,0.001845405603403405,0.01768106116424617,0.0476231597352903,77.75782745361329,75.78422973632813,0.026042327330525028,1,0.04319494752060832,0.04871790619572816,0.8866157082236751,19.200000762939453,-0.1208790920880839,0.1794433576552927,-0.01365530664883452
2022-07-08,79.22160339355469,18.399999618530277,16220.599609375,0.0022481666322731,0.0022481666322731,0.0032750271067045755,0.019264334189057042,0.043143067361202325,77.81281555175781,75.81185726165772,0.026393737897674185,1,0.043463961354064676,0.04736147686352716,0.9176876766665755,18.399999618530277,-0.13411766501033995,-0.026689681010088416,-0.015626802004127915
2022-07-11,79.3313980102539,18.3700008392334,16216.0,0.0013859176284753,0.0013859176284753,0.00482198591333427,0.019438711518685592,0.04502771079070089,77.86766357421875,75.84021926879883,0.026733101841835305,1,0.04348300497340926,0.04733464182980678,0.9186102330618119,18.3700008392334,-0.12398657888678677,-0.04048117068500669,0.0008764578925601896
2022-07-12,79.47779846191406,18.549999237060547,16058.2998046875,0.0018454288633769,0.0018454288633769,0.006819140836192394,0.016631381177554916,0.046899734609821664,77.92675750732423,75.86864475250245,0.027127316713455585,1,0.04153650082162844,0.047375404445611224,0.8767339207708961,18.549999237060547,-0.10774418373372052,-0.0014386289609837402,0.017997477370437887
2022-07-13,79.47640228271484,18.520000457763672,15966.650390625,-1.7566908321997587e-05,-1.7566908321997587e-05,0.0013607645889757158,0.0168346142275404,0.047989825461637325,77.98693954467774,75.89665225982667,0.02754123169616407,1,0.04148121469926359,0.04726419699724164,0.8776270349975352,18.520000457763672,-0.08633448251007447,-0.014077409928468749,0.014909057727439556
2022-07-14,79.80750274658203,18.34000015258789,15938.650390625,0.00416602229539,0.00416602229539,0.009660495179645734,0.023363398412105996,0.04803294864988428,78.06305755615234,75.92648979187011,0.028139951815749686,1,0.04150417147387992,0.047276381824016514,0.8778864199454495,18.34000015258789,-0.0447916966759484,-0.06557084969797734,0.015708490797237573
2022-07-15,79.87830352783203,17.600000381469727,16049.2001953125,0.0008871444264435,0.0008871444264435,0.008289407259469472,0.02539279283602669,0.04646718925679383,78.12978759765625,75.9568168258667,0.028607975723510704,1,0.04074303831454428,0.047269825346904985,0.8619066414758907,17.600000381469727,-0.04347822030685733,-0.26023694764902344,0.04482901732021105
2022-07-18,79.72049713134766,17.15999984741211,16278.5,-0.0019755852279635,-0.0019755852279635,0.00490473042014794,0.022349952199914425,0.045100827169055835,78.18504760742188,75.98629280090331,0.028936203168638208,1,0.04220282292828289,0.047497949121106046,0.8885001396700409,17.15999984741211,-0.06586831445522046,-0.379346884328713,0.06440644718344402
2022-07-19,80.0302963256836,17.200000762939453,16340.5498046875,0.0038860670151807,0.0038860670151807,0.006951599999769575,0.026537406406794917,0.04689490891631021,78.23834350585938,76.015627784729,0.02924024685325155,1,0.043031637969958375,0.047836456615382626,0.8995385836654433,17.200000762939453,-0.07277620105902582,-0.3754745110438886,0.06452050233119411
2022-07-20,79.85590362548828,16.81999969482422,16520.849609375,-0.0021790835246394,-0.0021790835246394,0.00477501914874634,0.024660681656765382,0.04693081610782679,78.29003356933593,76.04329730987548,0.02954548709671312,1,0.04433539578353802,0.047827940554729456,0.9269575129477546,16.81999969482422,-0.09179269551404379,-0.4808587301200602,0.056401374511048985
2022-07-21,80.00340270996094,16.860000610351562,16605.25,0.0018470654989317,0.0018470654989317,0.0024546559738996,0.023913765618381655,0.0487407856940405,78.34173355102538,76.07204231262207,0.029836076032714987,1,0.044113555799897855,0.04786265241694042,0.9216504293409232,16.860000610351562,-0.08069790239491847,-0.47869882201641123,0.07733257708709473
2022-07-22,79.7759017944336,16.649999618530273,16719.44921875,-0.0028436404930438,-0.0028436404930438,-0.0012819718105649969,0.02024221855050956,0.04332002557516179,78.38837554931641,76.10016132354737,0.030068454336653394,1,0.04620963563036756,0.04828841130740266,0.9569310202645549,16.649999618530273,-0.05397731490617852,-0.5401194466114226,0.07474609243810892
2022-07-25,79.87680053710938,17.68000030517578,16631.0,0.0012647772122436,0.0012647772122436,0.0019606426375413655,0.02219534886808905,0.04376186114322378,78.43618560791016,76.12668132781982,0.03033764561658825,1,0.045845065114851875,0.048301673038010744,0.949120664166455,17.68000030517578,0.030303057248691756,-0.27525552625703625,0.05934996894756117
2022-07-26,79.72250366210938,18.170000076293945,16483.849609375,-0.0019316857205405,-0.0019316857205405,-0.0038459518170675944,0.01878803921539962,0.038133213902938,78.47452774047852,76.15247783660888,0.03049211227048687,1,0.046962685523341346,0.048241284375493965,0.9734755750330383,18.170000076293945,0.05639530641443535,-0.1535556155487351,0.04116964086953012
2022-07-27,79.84120178222656,18.1299991607666,16641.80078125,0.0014888910240484,0.0014888910240484,-0.00018410465093066097,0.017849070051720428,0.04405526926888026,78.52390380859374,76.17788383483887,0.030796602053704714,1,0.04669373865803161,0.04727678842095477,0.9876464237767878,18.1299991607666,0.07788344171881834,-0.17206815585945515,0.04994262382702308
2022-07-28,79.84739685058594,17.010000228881836,16929.599609375,7.759237362514604e-05,7.759237362514604e-05,-0.0019499903015447462,0.009790933901644205,0.0425439697059562,78.56445175170899,76.20297080993652,0.03098935535810554,1,0.03865636673631325,0.04726117409444846,0.8179134260532025,17.010000228881836,0.008896774205226166,-0.4788807638498283,0.0715547105816825
2022-07-29,79.57150268554688,16.549999237060547,17158.25,-0.0034552681229587,-0.0034552681229587,-0.0025621660713207595,0.00853253508871843,0.03983634754650933,78.60745986938477,76.22429931640625,0.03126510278679051,1,0.039960048612894976,0.04788260074919841,0.8345247221944545,16.549999237060547,-0.006006029054705375,-0.6083382695598991,0.08732434530504896
2022-08-01,79.1948013305664,17.489999771118164,17340.05078125,-0.0047341239296325,-0.0047341239296325,-0.008538138758150682,0.002935601504100882,0.03566885323168689,78.63498794555665,76.24326030731201,0.03136969259452371,1,0.04369525935702678,0.048998316812979115,0.8917524202184922,17.489999771118164,-0.010746636356221972,-0.3600828818450457,0.10081233847355797
2022-08-02,78.95570373535156,18.530000686645508,17345.44921875,-0.0030191072039795,-0.0030191072039795,-0.009618362338540742,6.339250804909824e-05,0.038868937996615394,78.6635659790039,76.26061931610107,0.031509666253070945,1,0.04504700753236338,0.04767087778904851,0.9449388113407161,18.530000686645508,0.019812911878918982,-0.08492147293637298,0.09536256834399004
2022-08-03,78.60449981689453,18.450000762939453,17388.150390625,-0.0044481133324353,-0.0044481133324353,-0.015489520920604849,-0.004243744755603629,0.026948651914525223,78.68608001708985,76.27711032867431,0.031581816327800105,1,0.04762243840541971,0.046864377136908726,1.0161539566042403,18.450000762939453,0.017650392552986727,-0.1134050521459155,0.09976065930794409
2022-08-04,79.11830139160156,19.26000022888184,17382.0,0.0065365414944933,0.0065365414944933,-0.009131111191372887,-0.0031511178292747966,0.02807789809688188,78.71850006103516,76.29767234802246,0.03172872302015173,1,0.04938692413894921,0.04739341868982924,1.0420409302234475,19.26000022888184,0.13227513049527517,0.10177047376047915,0.08706801913207007
2022-08-05,79.15489959716797,18.920000076293945,17397.5,0.0004625757242342,0.0004625757242342,-0.005235581512457399,0.001404283716853083,0.023129148792297327,78.74899398803711,76.31726936340333,0.03186335995663758,1,0.047280225910551574,0.04635424961110451,1.019954078711842,18.920000076293945,0.14320247422889532,0.002597815423163158,0.0783863768296662
2022-08-08,79.41059875488281,19.299999237060547,17525.099609375,0.0032303642480269,0.0032303642480269,0.0027248938148811686,0.002385654332054399,0.027684218102930647,78.7833659362793,76.33872184753417,0.03202364448317119,1,0.04796752014974357,0.04658935937835673,1.0295589214112522,19.299999237060547,0.1034876780805507,0.10138819926997297,0.08042242774095976
2022-08-10,79.57839965820312,19.59000015258789,17534.75,-0.000295200688546,-0.000295200688546,0.007886649011941582,0.0031135421049468537,0.027900291552946932,78.82451599121094,76.36256786346435,0.03224024802503411,1,0.04776060053252209,0.04651582007188906,1.0267382950664048,19.59000015258789,0.05720450224841711,0.17547535864363337,0.0813240009866798
2022-08-11,79.0978012084961,18.36000061035156,17659.0,-0.0060393077992425,-0.0060393077992425,0.00627573984632801,-0.0047811748786683594,0.02135741387256118,78.85449203491211,76.38372985839844,0.03234670761815406,1,0.051652005624481016,0.04826768113874225,1.0700935763298323,18.36000061035156,-0.00487805684911824,-0.175363035903586,0.09968055241098739
2022-08-12,79.61399841308594,17.610000610351562,17698.150390625,0.0065260626301,0.0065260626301,0.006265263697091905,0.001731282826336722,0.02745905884475075,78.89509002685547,76.40683135986328,0.032565918815202766,1,0.05687308724287081,0.04984656085249704,1.1409402239592599,17.610000610351562,-0.08566976110706259,-0.3940402780397238,0.10844478695523208
2022-08-16,79.55290222167969,17.68000030517578,17825.25,-0.0009381094034282,-0.0009381094034282,0.005028148940080968,-0.003190182829185817,0.022459948211967617,78.93893814086914,76.42914638519287,0.03283814976850907,1,0.05484493121077596,0.049335409952364837,1.111652251627747,17.68000030517578,-0.0655390996891082,-0.3821449465441009,0.11836633360655702
2022-08-17,79.14600372314453,17.68000030517578,17944.25,-0.0051148165204747,-0.0051148165204747,-0.0033319863580806297,-0.009167693508066899,0.022922972324704194,78.96797424316406,76.45043190002441,0.03293038744937227,1,0.05714332935795273,0.04912496988401044,1.1632000242004745,17.68000030517578,-0.0839377718095442,-0.39015906283730983,0.11807752296846474
2022-08-18,79.35970306396484,17.350000381469727,17956.5,0.0027000648266188,0.0027000648266188,-0.002748190403144668,-0.004525737801012064,0.01978544558183848,78.9987483215332,76.47198040008544,0.03304174820932104,1,0.0579682075916339,0.048107904342412355,1.2049371812554392,17.350000381469727,-0.11434404051407088,-0.4936134845140518,0.10308075068341682
2022-08-19,79.7667007446289,18.290000915527344,17758.44921875,0.0051285181893387,0.0051285181893387,0.00845661353303151,-0.0032936974265593832,0.03029670257549033,79.04067031860352,76.49682788848877,0.033254221126959305,1,0.059252963135617336,0.0477995720511756,1.2395869043613272,18.290000915527344,-0.0038126194170575722,-0.23024113802432736,0.08677183026337065
2022-08-22,79.91790008544922,19.040000915527344,17490.69921875,0.0018955195515026,0.0018955195515026,0.0038171889167839534,0.0007763541221910142,0.02697951423227063,79.08454238891602,76.52177589416505,0.033490682420850515,1,0.05928271550187576,0.046938238689199226,1.262967128512819,19.040000915527344,0.0812038759575735,-0.019369295497327358,0.05870458434683923
2022-08-23,79.88379669189453,19.049999237060547,17577.5,-0.0004267303510004,-0.0004267303510004,0.004159426758470586,-0.001495011637192678,0.03040231979375685,79.12584426879883,76.54704536437988,0.03368907176159874,1,0.05887370116567208,0.046214040779850286,1.2739078051693715,19.049999237060547,0.07748862603151085,-0.023105391965899197,0.05855075954893785
2022-08-24,79.85449981689453,18.43000030517578,17604.94921875,-0.0003667436478137,-0.0003667436478137,0.008951760801825692,0.0009852351486225874,0.03066260665242715,79.15938232421875,76.57275787353515,0.033779956769424135,1,0.05808558866082213,0.046193304847561074,1.257418827981105,18.43000030517578,0.042420813747409136,-0.21259989529236242,0.05296227097044315
2022-08-25,79.79679870605469,19.56999969482422,17522.44921875,-0.0007225780760277,-0.0007225780760277,0.005507778194905111,-0.001001565292008899,0.029671995484028546,79.19210632324219,76.59956436157226,0.03384538780706858,1,0.05791814083057435,0.046250538159184895,1.2522424796173537,19.56999969482422,0.12795384810051713,0.11770526923174525,0.05360166067885275
2022-08-26,79.88289642333984,18.21999931335449,17558.900390625,0.0010789620471156,0.0010789620471156,0.001456694054364105,0.0020118881603401473,0.029018256838771572,79.23005432128906,76.62802333831787,0.03395665018635596,1,0.057698991869022206,0.046196039586487506,1.248975960050457,18.21999931335449,-0.003827315400155462,-0.28913748220078517,0.06521842935515365
2022-08-29,79.95909881591797,19.81999969482422,17312.900390625,0.0009539262594371,0.0009539262594371,0.0005155131757053066,0.0014766440266389402,0.029180577587932133,79.2712322998047,76.65822631835937,0.0340864393417295,1,0.05755220888430064,0.04620237773500835,1.2456277377463958,19.81999969482422,0.04096632047222104,0.1807300730206872,0.040326141274994454
2022-08-30,79.96790313720703,18.700000762939453,17759.30078125,0.0001101103116398,0.0001101103116398,0.0010528598889321117,0.0015092074553988422,0.03156576256303745,79.31103637695313,76.68719184875488,0.03421489905867303,1,0.05755320034075547,0.045899417179500454,1.2538709640848156,18.700000762939453,-0.018372624049254216,-0.16212136842410757,0.04900890694517912
2022-09-01,79.54879760742188,19.8700008392334,17542.80078125,-0.0016753927904682,-0.0016753927904682,-0.0038282402391052184,-0.00028534182915618267,0.025126594524698342,79.34278427124023,76.71291133880615,0.03428201180918711,1,0.056545644864408454,0.046081813825105795,1.227044101061436,19.8700008392334,0.07813350570879884,0.18414974991138622,0.022412004793612494
2022-09-02,79.716796875,19.549999237060547,17539.44921875,0.0021119020353672,0.0021119020353672,-0.0010025694307536082,0.0065912854841914115,0.027488855211713403,79.37844024658203,76.73988483428955,0.03438310362323471,1,0.05418649050225115,0.04618891068967253,1.173123950516028,19.549999237060547,-0.001021995813774157,0.08021448219470573,0.011499299512756522
2022-09-05,79.72450256347656,19.65999984741211,17665.80078125,9.666329780722016e-05,9.666329780722016e-05,-0.0019828256980551906,0.009737090441267027,0.03055831010390242,79.41023223876954,76.76680736541748,0.034434477140218966,1,0.05279084237849059,0.045696928317067224,1.155213033120679,19.65999984741211,0.07903406083018671,0.1068176880750947,0.01846891126657635
2022-09-06,79.78299713134766,19.520000457763672,17655.599609375,0.0007337087845047,0.0007337087845047,-0.0022023970652262914,0.01499274618117763,0.026884871204829297,79.44203018188476,76.79354686737061,0.03448835771433134,1,0.04960909789483259,0.045038096541093815,1.1014674295158005,19.520000457763672,-0.01513618777395287,0.0579583041078461,0.015381119483196981
2022-09-07,79.89510345458984,19.3700008392334,17624.400390625,0.0014051405346131,0.0014051405346131,-0.0009103612794783,0.009818234837265294,0.026652244662188407,79.47708419799805,76.82072937011719,0.03457862024562042,1,0.04505803076137292,0.045015988953066584,1.00091169598991,19.3700008392334,0.03582887962345871,0.005354095596615546,0.013945483294500072
2022-09-08,79.6498031616211,18.309999465942383,17798.75,-0.0030702794334345,-0.0030702794334345,0.0012697307468767516,0.006252342773116704,0.025482000239478886,79.50503433227539,76.84767936706542,0.03457950828309353,1,0.04674221000317504,0.045315945663347935,1.031451023871184,18.309999465942383,-0.0785103828587056,-0.33001063897160915,0.02306365857163395
2022-09-09,79.706298828125,17.719999313354492,17833.349609375,0.0007093007673761,0.0007093007673761,-0.00013169177998284542,0.0037236852243731633,0.025500420663443712,79.53033828735352,76.87469787597657,0.0345450516847734,1,0.04558537181538461,0.04531639834705692,1.0059132580002816,17.719999313354492,-0.09360613785789618,-0.5199016877571713,0.01758905837174818
2022-09-12,79.65579986572266,17.940000534057617,17936.349609375,-0.0006335630075012,-0.0006335630075012,-0.0008617513505236873,0.0009726283495516963,0.02360739904780984,79.54199035644531,76.90082786560059,0.03434504626479029,1,0.045649384973569594,0.045335370518045884,1.0069042680732265,17.940000534057617,-0.08748724957802578,-0.4560183991383032,0.022903070153552196
2022-09-13,79.35530090332031,17.469999313354492,18070.05078125,-0.0037724680802766,-0.0037724680802766,-0.0053607440608332,0.0032554595815561527,0.0150644673400544,79.55113037109375,76.92536937713624,0.034133875667003766,1,0.04228946626287044,0.045263199072650626,0.9342806705801723,17.469999313354492,-0.10502054796796045,-0.6087307850325248,0.023277126748400212
2022-09-14,79.60240173339844,18.280000686645508,18003.75,0.0031138541126467,0.0031138541126467,-0.0036635752196975124,-0.00014566131482718347,0.01844667263920563,79.56391845703125,76.95025638580323,0.03396560575606111,1,0.03734313661936946,0.04561022394833883,0.8187269138330041,18.280000686645508,-0.05627259191337386,-0.3601696153461072,0.017267319049163454
2022-09-15,79.45369720458984,18.38999938964844,17877.400390625,-0.0018680909818101,-0.0018680909818101,-0.002462102218047213,-0.0012470320292451431,0.01882658634094181,79.57397842407227,76.97499588012695,0.03376398419030391,1,0.03782294309999166,0.045531638511350864,0.830677604825443,18.38999938964844,0.004369193120669523,-0.3328852160506963,0.002925647080686211
2022-09-16,79.8490982055664,19.81999969482422,17530.849609375,0.0049764959326992,0.0049764959326992,0.001791569543949434,0.008883512108600167,0.025017885938396045,79.59217041015626,76.99933338165283,0.03367349968670297,1,0.036372806948716765,0.0463783928523392,0.7842450000266069,19.81999969482422,0.11851018413342063,0.11559788430354032,-0.023038042304638018
2022-09-19,79.68949890136719,19.940000534057617,17622.25,-0.0019987615112238,-0.0019987615112238,0.0004230581539741429,0.004155709064794788,0.02195242533945585,79.59859237670898,77.02250637054443,0.03344588650194469,1,0.036586514518145215,0.04661145690789336,0.784908518991833,19.940000534057617,0.1114827168596324,0.14697514535950407,-0.018614429315289782
2022-09-20,79.7074966430664,18.799999237060547,17816.25,0.0002258483482433,0.0002258483482433,0.00443821314690962,-0.0007422157493016668,0.022396900071115722,79.61186431884765,77.0457893371582,0.03330584323641772,1,0.03223601990233725,0.04659780854064917,0.6917777709749179,18.799999237060547,0.07613050806987554,-0.228639832019387,0.003254832701775179
2022-09-21,79.76270294189453,19.32999992370605,17718.349609375,0.0006926111238361,0.0006926111238361,0.0020137735169469817,-0.0019419572259624651,0.02346478915982586,79.62268630981445,77.06951335906983,0.033128183109828235,1,0.03167361792008256,0.04657872306441646,0.6799872527425761,19.32999992370605,0.05743978105141001,-0.063264941505086,0.013015511145544112
2022-09-22,80.05069732666016,18.81999969482422,17629.80078125,0.0036106397369133,0.0036106397369133,0.007513811730284425,0.002089292718639113,0.02451905998634163,79.63707229614258,77.09484935760499,0.03297526306518184,1,0.0338717613335177,0.04682120866684359,0.7234122929682182,18.81999969482422,0.02338229034514394,-0.23529408997128232,0.0029754391267244884
2022-09-23,81.06220245361328,20.59000015258789,17327.349609375,0.01263580656675,0.01263580656675,0.0151924602194482,0.015123789385544928,0.03669252758776875,79.66876037597656,77.1239903640747,0.032995829182189906,1,0.054468427891306265,0.052826891597927444,1.031054358668427,20.59000015258789,0.03884967051562316,0.34090046091004683,-0.01576827095186084
2022-09-26,81.25479888916016,21.88999938964844,17016.30078125,0.0023759092365778,0.0023759092365778,0.019642487521854823,0.01827141197075166,0.03982979963154687,79.70432830810547,77.15330787658691,0.03306430406845462,1,0.054369250184501484,0.05288416795119645,1.0280623526557497,21.88999938964844,0.09779332012856345,0.7608080074395631,-0.02888571290355879
2022-09-27,81.61579895019531,21.56999969482422,17007.400390625,0.0044428152671647,0.0044428152671647,0.023941315277713038,0.021693035736610522,0.04298279609834954,79.74049423217774,77.18434387207031,0.033117472169539086,1,0.055634665143549505,0.0534087560199244,1.0416573541881582,21.56999969482422,0.1473404558603999,0.6499602301365552,-0.03140857273126596
2022-09-28,81.72460174560547,22.100000381469727,16858.599609375,0.0013331094813706,0.0013331094813706,0.024596694085707416,0.022080075386442743,0.04185944136964581,79.7774201965332,77.21605037689208,0.03317146897748646,1,0.05562913649818792,0.053310741378945065,1.0434687567748084,22.100000381469727,0.14330059331074207,0.8174180557839376,-0.026240593488079278
2022-09-29,81.42870330810547,21.299999237060547,16818.099609375,-0.0036206776317011,-0.0036206776317011,0.01721416586569058,0.018267331186514024,0.029788942446761002,79.81158432006836,77.24519790649414,0.0332238958942257,1,0.058014515511418153,0.05183088411292705,1.119282397395026,21.299999237060547,0.13177468557124183,0.5492246083607235,-0.05299764801938067
2022-09-30,81.48059844970703,19.96999931335449,17094.349609375,0.0006373077243437,0.0006373077243437,0.005161419051415095,0.02428447569778136,0.03272945390731086,79.84059036254882,77.27405090332032,0.03321347113586137,1,0.05719839679050439,0.05154027598828724,1.1097590366894046,19.96999931335449,-0.030111745247144994,0.1090968065548916,-0.025563259679395767
2022-10-03,81.52130126953125,21.3700008392334,16887.349609375,0.0004995400205527,0.0004995400205527,0.00327983557912237,0.02263643880926125,0.03239876798071628,79.87389831542968,77.30252292633057,0.033263796468190776,1,0.05712919533974103,0.05153699250380099,1.108487012479729,21.3700008392334,-0.023755073774051616,0.5661361088432966,-0.03717902433777076
2022-10-04,81.49500274658203,19.56999969482422,17274.30078125,-0.0003225969475422,-0.0003225969475422,-0.001480059071491735,0.02220772944548388,0.03222648983506926,79.90373031616211,77.32976192474365,0.03328561122331419,1,0.05723779858571698,0.05154705986027489,1.1103773593199158,19.56999969482422,-0.09272137358814636,-0.027248253015125606,-0.022161463544609128
2022-10-06,81.6488037109375,19.31999969482422,17331.80078125,0.0022500792762885,0.0022500792762885,-0.0009274812363591067,0.023386017656345404,0.034321282086620775,79.94118835449218,77.356948928833,0.0334066875884238,1,0.057372210935911806,0.051643246394231374,1.1109119590584293,19.31999969482422,-0.1257918841022494,-0.11077802121089096,-0.01833972423984198
2022-10-07,82.3489990234375,18.809999465942383,17314.650390625,0.0085756959156304,0.0085756959156304,0.011301858901643813,0.030713966973487716,0.03755396893677054,79.99063232421875,77.38785640716553,0.033632872622276544,1,0.06292232856250529,0.05320660814496968,1.1825814156326449,18.809999465942383,-0.11690140189234066,-0.28112028341650486,-0.01757506599570713
2022-10-10,82.8322982788086,19.6200008392334,17241.0,0.0058689147543073,0.0058689147543073,0.016589223138019582,0.03995609519247334,0.04792778145951693,80.05282821655274,77.42198791503907,0.03398053153066405,1,0.06241940402776711,0.05335749909426732,1.1698118404247482,19.6200008392334,-0.017526213628211607,-0.017902231977199142,-0.03133647025774278
2022-10-11,82.42070007324219,20.489999771118164,16983.55078125,-0.0049690545127818,-0.0049690545127818,0.011032684583104135,0.03405504063073361,0.04038161994519496,80.10441818237305,77.45529792785645,0.03420192453438187,1,0.06672587860056764,0.05448565284087772,1.2246279615566262,20.489999771118164,-0.04117927157492818,0.2646510315849429,-0.047652227244973644
2022-10-12,82.2739028930664,20.18000030517578,17123.599609375,-0.0017810717458761,-0.0017810717458761,0.009557643048451192,0.03286770118129678,0.037091302518482916,80.15294830322266,77.48823543548583,0.03438861206170296,1,0.06733020853209597,0.05468102401639271,1.2313042493070767,20.18000030517578,0.031170190079915727,0.1584851709870113,-0.045313010601398584
2022-10-13,82.19999694824219,20.290000915527344,17014.349609375,-0.0008982914657673,-0.0008982914657673,0.00675078154550901,0.035847586897661765,0.034251055502406924,80.20551818847656,77.52194290161133,0.034616976644550324,1,0.06515947955838809,0.05470353314712398,1.1911166371376622,20.290000915527344,0.050207103313929524,0.19001700188837864,-0.058422700890825685
2022-10-14,82.19210052490234,18.26000022888184,17185.69921875,-9.606354784674752e-05,-9.606354784674752e-05,-0.0019052872578390057,0.032532922815284415,0.034169868843926476,80.26546417236328,77.5575664138794,0.03491468187685798,1,0.06523298667407496,0.05470713962722649,1.1923817391445457,18.26000022888184,-0.029239726351740658,-0.4895019501617546,-0.04543779941678816
2022-10-17,82.41280364990234,18.420000076293945,17311.80078125,0.002685210909449,0.002685210909449,-0.005064384758397655,0.03724315606979145,0.032644811749004354,80.3346061706543,77.59305541992188,0.03533242422141458,1,0.06412347731861752,0.05438975927191609,1.1789406542027587,18.420000076293945,-0.06116211578033448,-0.440377268316553,-0.03163768764006669
2022-10-18,82.1947021484375,17.450000762939453,17486.94921875,-0.0026464516653427,-0.0026464516653427,-0.0027420044309725,0.02937545940509545,0.02899909635409781,80.40641021728516,77.62912742614746,0.035776297933786116,1,0.0647514037658464,0.0547553265088055,1.1825373960291796,17.450000762939453,-0.1483650093770994,-0.7683575993551441,-0.0025041792955387
2022-10-19,82.2863998413086,17.489999771118164,17512.25,0.0011156156111558,0.0011156156111558,0.00015189443800212032,0.03258774337576931,0.032186235689591225,80.4697721862793,77.6668344116211,0.03608924962491855,1,0.0635768678801059,0.05454015924837128,1.1656677041019154,17.489999771118164,-0.13330032177292306,-0.7581998052145937,-0.006242108697811055
2022-10-20,82.99700164794922,17.229999542236328,17563.94921875,0.0086357138969628,0.0086357138969628,0.009695921280981068,0.04126970665774832,0.037069778052459146,80.54661422729492,77.70896793365479,0.03651632969907426,1,0.06789291307675663,0.05651926676099895,1.201213599430589,17.229999542236328,-0.15081326935521655,-0.8491965494765714,-0.014161273065319557
2022-10-21,82.82569885253906,17.280000686645508,17576.30078125,-0.0020639636614437,-0.0020639636614437,0.007708749668038362,0.03840135549162449,0.037189426106536416,80.61491622924805,77.7509404373169,0.036835255957323065,1,0.06919699982047715,0.05649667594104658,1.2247760402159178,17.280000686645508,-0.05366919660199487,-0.8326112110882423,-0.008017046240573089
2022-10-24,82.54129791259766,17.420000076293945,17730.75,-0.0034337282254357,-0.0034337282254357,0.0015591541241719575,0.031112790632843446,0.031722340758898016,80.67417419433593,77.79107791900634,0.037062043006157896,1,0.07117751504033215,0.05701066007621481,1.2484729429941177,17.420000076293945,-0.05428881627894089,-0.7856160437704307,0.005726055558005205
2022-10-25,82.7614974975586,16.8799991607666,17656.349609375,0.0026677504537679,0.0026677504537679,0.00689576498613631,0.020962853124028014,0.03742478161911955,80.74744812011718,77.83286891937256,0.037446637149709305,1,0.058804946137547554,0.05675251295668505,1.036146364762093,16.8799991607666,-0.03266484683389981,-0.9639783878340711,0.01898732393683522
2022-10-27,82.04959869384766,16.600000381469727,17736.94921875,-0.0047995284219254,-0.0047995284219254,-0.0028777677467675122,0.009781573710762492,0.027201867652784095,80.79616012573243,77.87044242858887,0.0375716074790069,1,0.0618811238453588,0.057755831255895,1.0714078750475573,16.600000381469727,-0.050886186466287064,-1.0544413700460291,0.04235047597971886
2022-10-28,82.44249725341797,15.920000076293944,17786.80078125,0.0047885494362542,0.0047885494362542,-0.006681017187624483,0.010129145506829307,0.034118266064959935,80.85395202636718,77.91050441741943,0.037779855629963555,1,0.06215765638216563,0.05816116008568311,1.0686958030890952,15.920000076293944,-0.07603015094290344,-1.2774902440384117,0.045827132467265885
2022-10-31,82.23919677734375,15.800000190734863,18012.19921875,-0.0024659669811953,-0.0024659669811953,-0.0070811605977452174,0.006296696719797046,0.03003455536225408,80.91581588745117,77.9496039199829,0.038052944701465696,1,0.06304688205354216,0.05845857290106183,1.0784697685055615,15.800000190734863,-0.0856481734433282,-1.3120327285964826,0.06842796175866761
2022-11-01,82.72899627685547,16.1299991607666,18145.400390625,0.0059557913830046,0.0059557913830046,0.0022739933706465987,0.015968484280414197,0.036088833699384315,80.98320175170899,77.99189891815186,0.03835401977705821,1,0.06387115414335905,0.059435827035858486,1.0746057171730468,16.1299991607666,-0.0740528650905602,-1.1999809637039567,0.07892097276615706
2022-11-02,82.68450164794922,16.65999984741211,18082.849609375,-0.0005378359572664,-0.0005378359572664,-0.0009303341763680084,0.01477533573817924,0.0391220331065556,81.0415577697754,78.03503643035889,0.03852783924948411,1,0.06407583979516673,0.058900340674002634,1.0878502774631744,16.65999984741211,-0.013033135325375311,-1.022786200012314,0.05782612515762997
2022-11-03,82.88839721679688,15.9399995803833,18052.69921875,0.0024659466379297,0.0024659466379297,0.010223066734049935,0.016769800358628295,0.04663937309234556,81.10096771240234,78.0804019165039,0.03868532591736029,1,0.06428038087103247,0.05795379654340812,1.109146864537545,15.9399995803833,-0.03975908348912882,-1.2571594991457309,0.0690072531410173
2022-11-04,82.68180084228516,15.65999984741211,18117.150390625,-0.0024924643430052,-0.0024924643430052,0.0029026727335974556,0.01456283275912762,0.04719224743310435,81.15692779541016,78.12481540679931,0.03881113027688454,1,0.06527460432670062,0.05782168334833324,1.1288753919197385,15.65999984741211,-0.016331672590190083,-1.344625065418168,0.04879211147520679
2022-11-07,81.9749984741211,15.59000015258789,18202.80078125,-0.0085484636396863,-0.0085484636396863,-0.0032125593825770293,0.0039950954375085335,0.04287920748911289,81.19933776855468,78.16482891082764,0.038821921572794515,1,0.07274417141313122,0.05988517518746748,1.2147072539766166,15.59000015258789,-0.013291141494423342,-1.36243227440008,0.050254443320296494
2022-11-09,81.40519714355469,15.920000076293944,18157.0,-0.0051426108313985,-0.0051426108313985,-0.016001634165494272,-0.011461000025200008,0.028904763016005308,81.23150573730469,78.19995990753173,0.038766590588507066,1,0.06868418336694283,0.05985856994491557,1.1474219315332188,15.920000076293944,-0.01301916276495807,-1.2497155332702388,0.048649530332480095
2022-11-10,81.34380340576172,15.56999969482422,18028.19921875,-0.00075417467124,-0.00075417467124,-0.016214625660995963,-0.0179699815648805,0.02765342157887174,81.26072387695312,78.23540344238282,0.03866945527798449,1,0.06495482808337798,0.05991694213055195,1.0840630664826811,15.56999969482422,-0.06542618022635849,-1.363360233999147,0.04565855917580186
2022-11-11,80.48290252685547,14.40999984741211,18349.69921875,-0.0105834844556244,-0.0105834844556244,-0.02902088556073501,-0.02351105419712185,0.013503282795821026,81.27119995117188,78.26471946716309,0.038414249798342404,1,0.07223199295352736,0.06365925353307963,1.1346482136768998,14.40999984741211,-0.0959849293129279,-1.7398990651169783,0.08043950614898754
2022-11-14,80.49700164794922,14.90999984741211,18329.150390625,0.0001751815683963,0.0001751815683963,-0.026424184912268944,-0.021597386080330683,0.01154335842001819,81.28178192138672,78.29495845794678,0.038148349807787474,1,0.0722334480678461,0.06364736298706455,1.1348830461284025,14.90999984741211,-0.047892720773170416,-1.5694654295595214,0.07040288308247833
2022-11-15,80.99199676513672,14.640000343322754,18403.400390625,0.0061492367051427,0.0061492367051427,-0.011991481882060673,-0.014695866520117895,0.023947512164689266,81.31064590454102,78.32765743255615,0.03808346336098922,1,0.07608702136146812,0.06334982206390635,1.2010423682381561,14.640000343322754,-0.06093648492411596,-1.6521590923653586,0.08163995763226972
2022-11-16,81.07140350341797,15.100000381469728,18409.650390625,0.0009804269736861,0.0009804269736861,-0.004100397171793446,-0.013635094058033315,0.01830588991109483,81.33773803710938,78.36094844818115,0.03798817711984093,1,0.07623690052171661,0.062177554940840894,1.2260963702718948,15.100000381469728,-0.05150751827226785,-1.4968153622116833,0.07121916637174941
2022-11-17,81.49530029296875,14.880000114440918,18343.900390625,0.0052286844834616,0.0052286844834616,0.001862426895031355,-0.011133019583112858,0.024416432550460998,81.37315399169921,78.39520095825195,0.03798642004927211,1,0.07801130272001541,0.06283970120732087,1.2414136255839103,14.880000114440918,-0.044315966211140756,-1.562864802550114,0.05961826978120288
2022-11-18,81.52490234375,14.390000343322754,18307.650390625,0.0003632362930725,0.0003632362930725,0.012946846897660569,-0.008148941320790914,0.030057090803054853,81.40799209594726,78.42835048675538,0.037991894394044046,1,0.0775429342040169,0.06178120745410186,1.2551013859714177,14.390000343322754,-0.0013878906524033008,-1.7186406073033826,0.04693220993602587
2022-11-21,81.5198974609375,14.800000190734863,18159.94921875,-6.139084707390552e-05,-6.139084707390552e-05,0.012707253587678657,-0.009315055487289725,0.02722029334247278,81.44048797607422,78.45990348815918,0.03798863311582901,1,0.07741574759981612,0.06165183553246942,1.2556721346424558,14.800000190734863,-0.007377575976054707,-1.5822753213030523,0.036985494082713455
2022-11-22,81.72769927978516,13.84000015258789,18244.19921875,0.0025490932314682,0.0025490932314682,0.009083644607279506,-0.01529335208454996,0.02458417506114907,81.4820458984375,78.49334697723388,0.038075824720156914,1,0.07132898269290884,0.061092676269943684,1.167534629570174,13.84000015258789,-0.05464482049003094,-1.887089162034474,0.03872990017950029
2022-11-23,81.71499633789062,14.039999961853027,18267.25,-0.0001554300684648,-0.0001554300684648,0.007938592483421436,-0.013410119444037583,0.022486780189668654,81.52221984863282,78.52914295196533,0.038114218290887125,1,0.07109262545237514,0.06104609987068421,1.1645536905597533,14.039999961853027,-0.07019870151245178,-1.8173664477961806,0.039311412984414096
2022-11-24,81.63289642333984,13.479999542236328,18484.099609375,-0.0010047104966057,-0.0010047104966057,0.001688393439578162,-0.011005418042005055,0.021895550836065647,81.56176177978516,78.5635799407959,0.03816249006535388,1,0.07026437190680998,0.06109317234154533,1.150099415603814,13.479999542236328,-0.09408605923637736,-1.9904917224490402,0.0424883103859115
2022-11-25,81.65540313720703,13.329999923706056,18512.75,0.0002757064229408,0.0002757064229408,0.0016007476207302584,-0.013364842273234534,0.022552308566730073,81.6077638244629,78.59774494171143,0.03829650437151488,1,0.06949779702988702,0.06106948875306692,1.137993136273973,13.329999923706056,-0.07366229286495873,-2.0187714821064993,0.048503819281550564
2022-11-28,81.6697006225586,13.56999969482422,18562.75,0.0001750953984946,0.0001750953984946,0.0018376269633175735,-0.004630102734646924,0.02347089039753425,81.64910980224609,78.63287395477295,0.03835845869258159,1,0.06760686636643184,0.06102200612199037,1.1078914439462348,13.56999969482422,-0.08310814054452853,-1.9229350393472346,0.04655821985310937
2022-11-29,81.65029907226562,13.619999885559082,18618.05078125,-0.0002375611780754,-0.0002375611780754,-0.0009470498766220858,-0.00960909976704405,0.02212491945158601,81.69304183959962,78.66791446685791,0.03845439901697367,1,0.06520277288810739,0.06103048319025798,1.0683465234630778,13.619999885559082,-0.01589597287595923,-1.8914100915459675,0.04673409289411201
2022-11-30,81.63089752197266,13.8100004196167,18758.349609375,-0.0002376176267988,-0.0002376176267988,-0.0010291723635429406,-0.007396707156783311,0.02090817343881657,81.72867782592773,78.70277744293213,0.03844718676147996,1,0.06475346624790106,0.06104153773025275,1.060792500699216,13.8100004196167,-0.01638173382202579,-1.8187997262767746,0.04142472451938506
2022-12-01,81.3052978515625,13.359999656677246,18812.5,-0.0039886817405445,-0.0039886817405445,-0.004013070540563102,-0.01720918286653106,0.016724143836318817,81.76099380493164,78.73582794189453,0.038421719084095196,1,0.06182483705596677,0.06169166255124915,1.0021424671792667,13.359999656677246,-0.008902068963955956,-1.936915206306722,0.036764116250620926
2022-12-02,81.16220092773438,13.449999809265137,18696.099609375,-0.0017599950754669,-0.0017599950754669,-0.006040043775718318,-0.01841095598176834,0.020281932208136455,81.790087890625,78.7675944519043,0.038372295862941996,1,0.06192124198504034,0.06170358956791709,1.0035111232185538,13.449999809265137,0.009002242028949503,-1.8866866623041547,0.033913349568646556
2022-12-05,81.42250061035156,13.729999542236328,18701.05078125,0.0032071540648455,0.0032071540648455,-0.0030268264769266473,-0.01768518460564772,0.021397043060149556,81.82328384399415,78.79701496124268,0.038405882307089634,1,0.062463279328998395,0.06186421010730826,1.0096672947631269,13.729999542236328,0.01179070383274472,-1.7802296926250636,0.03591438347494358
2022-12-06,81.89900207519531,14.039999961853027,18642.75,0.0058522086803014,0.0058522086803014,0.0030459533615372347,-0.00946760664517965,0.027275171895709382,81.86024993896484,78.82980495452881,0.038442883198608335,1,0.06612093369584111,0.06279863770764238,1.052887183898428,14.039999961853027,0.03083701026600294,-1.6686677003534525,0.029011163347574698
2022-12-07,82.37220001220703,14.079999923706056,18560.5,0.0057778229895555,0.0057778229895555,0.009081150798750492,0.004845398541987622,0.03245306611628962,81.88644989013672,78.86323894500732,0.03833485646255963,1,0.062273175372292426,0.06366929792440906,0.9780569182544845,14.079999923706056,0.019551013460204603,-1.6431829166124945,0.019650779187698086
2022-12-08,82.25350189208984,13.399999618530272,18609.349609375,-0.001440997327977,-0.001440997327977,0.011662266366190055,0.010420768922642765,0.0295186855705174,81.90642395019532,78.89863246917724,0.03812222578373725,1,0.0594341989304029,0.06377926459069157,0.9318587702923554,13.399999618530272,0.002994009197675007,-1.8324154281690836,0.02491323508151133
2022-12-09,82.2791976928711,13.479999542236328,18496.599609375,0.0003123976510441,0.0003123976510441,0.013762524332370907,0.01149926912617305,0.03301194010378872,81.91969192504882,78.93481845855713,0.037814408454728055,1,0.05926510896124937,0.06335294293743182,0.935460465653723,13.479999542236328,0.0022304634495626807,-1.7888099910418205,0.025981540637616485
2022-12-12,82.41300201416016,13.31999969482422,18497.150390625,0.0016262229705803,0.0016262229705803,0.012164959272727982,0.023981484597435543,0.0339584603203289,81.93345993041993,78.97156845092773,0.037505795282927634,1,0.04330459727543321,0.06338479237873462,0.6831909115639851,13.31999969482422,-0.029861606779436722,-1.818994598345068,0.008035617920338023
2022-12-13,82.64469909667969,12.880000114440918,18608.0,0.002811414180492,0.002811414180492,0.009105080679734145,0.026680465169663714,0.03752268178833784,81.9577798461914,79.01137992858887,0.03729082975472031,1,0.04353246931064404,0.06347929077569213,0.6857635461133315,12.880000114440918,-0.08262107197748236,-1.9324006782282512,0.015213449801668277
2022-12-14,82.40249633789062,12.890000343322754,18660.30078125,-0.0029306508637139,-0.0029306508637139,0.00036779794249874875,0.017415295696982414,0.03839939361181122,81.97621780395508,79.05080741882324,0.03700671100843489,1,0.042015185906948714,0.06326081013396027,0.6641477032980767,12.890000343322754,-0.08451701611018747,-1.9135238859429806,0.013959398001027523
2022-12-15,82.50800323486328,13.729999542236328,18414.900390625,0.0012803847172302,0.0012803847172302,0.0030941095141130415,0.017720178378122453,0.03650143008493867,81.99595184326172,79.0902324295044,0.036739295416122086,1,0.042041933016279696,0.06308266441672158,0.6664472237781995,13.729999542236328,0.024626860679138662,-1.6566886670497054,0.00028517651821746703
2022-12-16,82.85790252685547,14.06999969482422,18269.0,0.0042407921446865,0.0042407921446865,0.0070334282566115736,0.016720009975891514,0.04284514682180163,82.02320983886719,79.13135692596435,0.03654496807894336,1,0.04086541730325125,0.06326559634912611,0.6459240683305024,14.06999969482422,0.04376855879996655,-1.5483216507788045,-0.00408312240199904
2022-12-19,82.72599792480469,13.550000190734863,18420.44921875,-0.0015919374981526,-0.0015919374981526,0.0037978947859556023,0.014732867461653143,0.036029207391070184,82.04475372314454,79.16794540405273,0.036338044449800044,1,0.04167772679834291,0.06285280440538454,0.6630899623758092,13.550000190734863,0.017267304893408886,-1.6888449506958692,0.00616129463466053
2022-12-20,82.58190155029297,13.779999732971191,18385.30078125,-0.0017418511486884,-0.0017418511486884,-0.000759849658515388,0.013027544469917496,0.03629590709945041,82.04941177368164,79.20551490783691,0.035905288528884194,1,0.04246365476392589,0.06281063331006483,0.67604761293672,13.779999732971191,0.06987574615944325,-1.6105360837710936,0.012409261710232489
2022-12-21,82.63690185546875,15.5600004196167,18199.099609375,0.0006660091877672,0.0006660091877672,0.002844640975644186,0.011124778792206635,0.03675194098141543,82.04550384521484,79.23969341278077,0.0354091530594125,1,0.04188279860196559,0.06280417354250033,0.6668686071478404,15.5600004196167,0.20713731615042597,-1.0924045922604673,-0.002471997199452347
2022-12-22,82.87860107421875,15.1899995803833,18127.349609375,0.0029248339824348,0.0029248339824348,0.004491659291530059,0.014239794266362571,0.03906460058900074,82.05466186523438,79.27593143463135,0.03505137537102665,1,0.04260045644664448,0.06296501583409768,0.6765626803971176,15.1899995803833,0.10633649576285187,-1.1969185095102075,-0.007658535938633304
2022-12-23,82.8749008178711,16.15999984741211,17806.80078125,-4.464670372927859e-05,-4.464670372927859e-05,0.0002051499072175389,0.01521450847572936,0.035280186001207525,82.06668182373046,79.31084743499756,0.03474725687418179,1,0.04225131976785412,0.06270483918364883,0.6738019986322354,16.15999984741211,0.1485430133560497,-0.9107949744954318,-0.0366422407603495
2022-12-27,82.90290069580078,15.289999961853027,18132.30078125,0.0036172247654839,0.0036172247654839,0.002138418096290451,0.015277587405913007,0.022707232057268767,82.08073989868164,79.34327194213867,0.03450157637233908,1,0.04337655697164982,0.05812739124914963,0.7462198082470479,15.289999961853027,0.12841326543359988,-1.157668912368786,-0.020550659342885358
2022-12-28,82.7761001586914,15.399999618530272,18122.5,-0.0015295066402398,-0.0015295066402398,0.002351587996313853,0.013547246135333646,0.01872260211494048,82.09241989135742,79.37174842834473,0.034277580082147985,1,0.04412199598489238,0.05814275465708818,0.7588432540194334,15.399999618530272,0.1175616775726731,-1.1230708196187853,-0.023716852298285573
2022-12-29,82.85199737548828,14.8100004196167,18191.0,0.0009168977114333,0.0009168977114333,0.0026028991308959526,0.014717622799630847,0.015146557911505987,82.10120376586914,79.40143592834472,0.034001498914463024,1,0.04396067207771731,0.057583168146652305,0.7634159438712496,14.8100004196167,-0.04820051283896276,-1.2904547480801014,-0.022937459257554416
2022-12-30,82.83509826660156,14.869999885559082,18105.30078125,-0.0002039674289339,-0.0002039674289339,-0.000524897947761338,0.014751776363904012,0.013588276935908139,82.11401168823242,79.43493690490723,0.0337266558986804,1,0.04395028157281394,0.057563172926170296,0.7635006174618885,14.869999885559082,-0.02106647160395403,-1.26966818250439,-0.034813767827347686
2023-01-02,82.74980163574219,14.6899995803833,18197.44921875,-0.0010297160580995,-0.0010297160580995,-0.0015094942002262801,0.01776641648637578,0.016223988273987633,82.12327972412109,79.46713439941406,0.03342445080952383,1,0.04093110717860376,0.05706451939310064,0.7172651298702176,14.6899995803833,-0.09096536391763743,-1.3151414055019939,-0.03269372923588043
2023-01-03,82.70600128173828,14.390000343322754,18232.55078125,-0.0005293106827821,-0.0005293106827821,-0.002375060611992219,0.01902117409776105,0.015039197739663335,82.11745971679687,79.49689590454102,0.0329643539214739,1,0.04009978889209036,0.057093260839138515,0.7023436034152433,14.390000343322754,-0.05886197650593061,-1.395196835068868,-0.024793878820187576
2023-01-04,82.78569793701172,15.199999809265137,18042.94921875,0.0009636139341564,0.0009636139341564,0.00011594866515718394,0.016742268002597482,0.015510015760175744,82.11665969848633,79.52837390899658,0.032545438341936794,1,0.03932955978685815,0.057104399367018534,0.6887187590456306,15.199999809265137,-0.01298700092333005,-1.1607617959409235,-0.03519061951106106
2023-01-05,82.66649627685547,14.979999542236328,17992.150390625,-0.0014398822879641,-0.0014398822879641,-0.0022389454027537115,0.009371227758739664,0.014375035165239858,82.11916366577148,79.56037689208985,0.03216157179788359,1,0.0358336704223496,0.05720534297818259,0.6263933080989966,14.979999542236328,0.011478671019782949,-1.2196594642133418,-0.03489826390285766
2023-01-06,82.64520263671875,15.029999732971191,17859.44921875,-0.000257584887418,-0.000257584887418,-0.002292453728631294,0.0033142568059523203,0.01220347243921438,82.11683776855469,79.59348190307617,0.031703046595590534,1,0.030562366147880014,0.05709194796256323,0.5353089521304847,15.029999732971191,0.010759909121955902,-1.202359903318429,-0.03777111506963715
2023-01-09,82.27339935302734,14.649999618530272,18101.19921875,-0.0044987884575191,-0.0044987884575191,-0.005757141084300477,0.00024190411933600053,-0.00091803994349271,82.12131378173828,79.62511688232422,0.031349365591552214,1,0.0343742254643651,0.05538955817292264,0.6205791491945779,14.649999618530272,-0.002722938257019747,-1.3058125726124339,-0.0273061875504238
2023-01-10,82.18009948730469,15.510000228881836,17914.150390625,-0.0011340222533204,-0.0011340222533204,-0.006358689651094429,-0.0012044138536245752,-0.007873725648763763,82.11606582641602,79.65448188781738,0.030903269725179427,1,0.034662495648834224,0.05419999392634594,0.6395177124599837,15.510000228881836,0.07783181784834237,-1.0598459383102636,-0.031489529483829326
2023-01-11,81.63739776611328,15.4399995803833,17895.69921875,-0.0066038094937478,-0.0066038094937478,-0.013870755450683392,-0.009411187908354712,-0.009503708491105156,82.10402984619141,79.68215938568115,0.03039413689566084,1,0.041205696099523445,0.05490585672440728,0.7504653982715901,15.4399995803833,0.015789458824326585,-1.0759244409737052,-0.03251588267238381
2023-01-12,81.63179779052734,15.279999732971191,17858.19921875,-6.859571396411468e-05,-6.859571396411468e-05,-0.012516539746197153,-0.012256095275601786,-0.007804480885921117,82.08208587646484,79.70755638122559,0.029790519281288175,1,0.03965184965073598,0.05478728410901194,0.723728627307271,15.279999732971191,0.02002671561431013,-1.1157725571299526,-0.04029453897517199
2023-01-13,81.1156005859375,14.460000038146973,17956.599609375,-0.0063234820077642,-0.0063234820077642,-0.018508056148218044,-0.015617193764084769,-0.01319217034749387,82.05070785522462,79.73151687622071,0.029087506043617983,1,0.0438674515810453,0.05621397979436836,0.7803516383268354,14.460000038146973,-0.037924132065938476,-1.3400959797854128,-0.03771113767802092
2023-01-16,81.27799987792969,15.020000457763672,17894.849609375,0.0020020722378815,0.0020020722378815,-0.012098679317071759,-0.014907685420920025,-0.011121514611926786,82.01849990844727,79.7565143585205,0.028361138499091387,1,0.04432399804490496,0.05636538602882413,0.7863551518495253,15.020000457763672,0.02525603063944115,-1.1762687900444622,-0.028240759939964555
2023-01-17,81.65260314941406,14.59000015258789,18053.30078125,0.0046089135073081,0.0046089135073081,-0.006418784367279939,-0.014546583254997913,-0.009224300919523198,81.99791595458984,79.7846068572998,0.027741054126501963,1,0.04484123766955897,0.05687103801820938,0.788458427587941,14.59000015258789,-0.05931657399854673,-1.2898837348721148,-0.011806843218019614
2023-01-18,81.52549743652344,14.369999885559082,18165.349609375,-0.0015566645518703,-0.0015566645518703,-0.0013706993688166191,-0.014511767985832758,-0.008141701282711966,81.98892593383789,79.81390083312988,0.02725120659439284,1,0.044830956761472016,0.056706380793572216,0.7905665212199963,14.369999885559082,-0.06930050025284107,-1.344466885289787,-0.013848718147184802
2023-01-19,81.43599700927734,13.960000038146973,18107.849609375,-0.0010978212959176,-0.0010978212959176,-0.0023985847004428518,-0.013875976691064218,-0.010334670536945034,81.98954193115235,79.8419418334961,0.026898144613452635,1,0.04466795712314831,0.05670505548340555,0.7877105318358801,13.960000038146973,-0.08638741609241807,-1.4513935009857415,-0.015090923731743033
2023-01-20,81.23979949951172,13.789999961853027,18027.650390625,-0.0024092234020696,-0.0024092234020696,0.0015311347345894344,-0.01690651905610585,-0.02117187505027074,81.98746185302734,79.86859481811524,0.02652941421765842,1,0.04492119610843329,0.054097531205849037,0.8303588860389705,13.789999961853027,-0.04633472161316843,-1.4906523693464786,-0.009420752808104838
2023-01-23,80.97599792480469,13.619999885559082,18118.55078125,-0.0032471962798064,-0.0032471962798064,-0.0037156666450770537,-0.022956506562052836,-0.02233245180372745,81.99732376098633,79.8935008239746,0.026332842037388948,1,0.0438030482913692,0.05431524024009543,0.806444777800258,13.619999885559082,-0.09320908984932452,-1.5285843616078865,-0.0004853896633874033
2023-01-24,81.48799896240234,13.65999984741211,18118.30078125,0.0063228740703276,0.0063228740703276,-0.002015908625846441,-0.016734884045492282,-0.012760872155301528,82.0171437072754,79.92355083465576,0.02619494317702209,1,0.050496332156781724,0.055455567122157615,0.9105564007514263,13.65999984741211,-0.06374230948934045,-1.5065259321723916,0.017493316392240388
2023-01-25,81.60189819335938,14.65999984741211,17891.94921875,0.0013977423965163,0.0013977423965163,0.0009371394132910993,-0.0156930878355539,-0.014011337871616236,82.02934173583985,79.95430683135986,0.02595275960376564,1,0.048690119381725835,0.0552598330823978,0.8810963690888524,14.65999984741211,0.020180930004352948,-1.2239900226869462,-0.013255436549372668
2023-01-27,81.44509887695312,17.31999969482422,17604.349609375,-0.0007067487106749,-0.0007067487106749,0.00011176713013960615,-0.016079535991507132,-0.007367492669282938,82.03681564331055,79.98180683135986,0.025693453215974937,1,0.048607168838644105,0.05443815665903256,0.8928714517582298,17.31999969482422,0.24068765383207302,-0.4919863469751902,-0.028591551420885652
2023-01-30,81.50800323486328,17.709999084472656,17648.94921875,0.0007723528951102,0.0007723528951102,0.003301383521425061,-0.01622162631196411,-0.011335100824058864,82.03706970214844,80.00978084564208,0.025338012866420456,1,0.04854878177833407,0.05358472640738649,0.9060021209611128,17.709999084472656,0.28426389655282347,-0.3833801827474851,-0.029797745107470686
2023-01-31,81.57990264892578,16.8799991607666,17662.150390625,0.0008821147765738,0.0008821147765738,0.007457823794674079,-0.015152944149785186,-0.008016787058401809,82.03816970825196,80.0380938720703,0.02498904883190356,1,0.048838072175860135,0.05339562478884012,0.9146284501874972,16.8799991607666,0.23935384013211403,-0.6058159131680813,-0.024476278852209377
2023-02-01,81.76840209960938,16.780000686645508,17616.30078125,0.0023106113707291,0.0023106113707291,0.0034410359902985466,-0.01185984155530495,-0.0116113360547907,82.04313980102539,80.06775089263915,0.0246714674305637,1,0.049882891466086814,0.05222171839650849,0.9551952291595354,16.780000686645508,0.22840416354942228,-0.6283311613374696,-0.031935708709174726
2023-02-02,81.71029663085938,15.729999542236328,17610.400390625,-0.0007106103000424,-0.0007106103000424,0.0013283813232278785,-0.012039085863757792,-0.011782196151314706,82.04279174804688,80.09555335998535,0.02431144185133194,1,0.04988794103317197,0.05222901897112786,0.9551583938874201,15.729999542236328,0.07298770163446511,-0.9104938704298968,-0.0341230581551325
2023-02-03,82.0458984375,14.399999618530272,17854.05078125,0.0041072156200432,0.0041072156200432,0.007376742969574579,-0.008936320136777809,-0.010164254679618123,82.04940979003906,80.12412586212159,0.02402876670667875,1,0.05219625172115976,0.05265594698992283,0.9912510068452841,14.399999618530272,-0.16859123139399002,-1.2656941652023272,-0.010469376996511182
2023-02-06,82.22599792480469,14.6899995803833,17764.599609375,0.0021951065285961,0.0021951065285961,0.008808885771284691,-0.005328620080564672,-0.005512735727054463,82.06127182006836,80.15385486602783,0.023796945976318318,1,0.05276819352419963,0.05260914915259534,1.0030040662144082,14.6899995803833,-0.1705251078605169,-1.1765531015733388,-0.012647225390499561
2023-02-07,82.75499725341797,14.130000114440918,17721.5,0.0064334801883103,0.0064334801883103,0.01440421680262527,0.0013285056264165096,0.009515081351823662,82.08326370239257,80.18540287017822,0.02366840801794101,1,0.05753725536114054,0.051208229602148,1.1235719773204147,14.130000114440918,-0.1629146435455624,-1.3190671942335597,-0.007724158626637334
2023-02-08,82.74189758300781,13.600000381469728,17871.69921875,-0.0001582946147655,-0.0001582946147655,0.011905521673427621,0.0056944071068485425,0.01642033293151912,82.10470764160156,80.21773136138916,0.023523181822624473,1,0.05505087841085392,0.050029322227847714,1.1003502667870422,13.600000381469728,-0.1895113334355586,-1.4520509879894377,-0.012678717980313392
2023-02-09,82.65950012207031,13.039999961853027,17893.44921875,-0.0009958372160226,-0.0009958372160226,0.011616693738111472,0.005833536802175354,0.016174516819008167,82.12489166259766,80.24960285186768,0.02336820051547872,1,0.0550065085371477,0.05005303000884543,1.0989426531175828,13.039999961853027,-0.1710107856748777,-1.5895038903753074,-0.001155576537184455
2023-02-10,82.533203125,12.75,17856.5,-0.0015279187133214,-0.0015279187133214,0.005939415580551,0.01097297786797613,0.025474983304191623,82.14293777465821,80.27995136260986,0.023206122829267484,1,0.04946317646836295,0.04505418029691501,1.0978355017647052,12.75,-0.11458330987780108,-1.6521973813796424,-0.002190426776335741
2023-02-13,82.51300048828125,13.68000030517578,17770.900390625,-0.000244781929621,-0.000244781929621,0.0034904114357969807,0.010794846145801396,0.025044396673915115,82.16709182739258,80.3098773574829,0.02312560460829327,1,0.04949614743625762,0.04507335049178334,1.0981000701336856,13.68000030517578,-0.06875420721973691,-1.3900691909258323,-0.004888445192914093
2023-02-14,82.59739685058594,13.449999809265137,17929.849609375,0.0010228250312709,0.0010228250312709,-0.0019044215825350097,0.018267709958931455,0.019821712632972943,82.19579574584961,80.33889385223388,0.023113361468868332,1,0.042668237107836356,0.04358867911605967,0.9788610050152026,13.449999809265137,-0.04812457888664967,-1.4391926910604855,-0.001489702982854002
2023-02-15,82.86759948730469,12.859999656677246,18015.849609375,0.0032713214583206,0.0032713214583206,0.0015192049973324906,0.01955756307687695,0.02215572823789813,82.22469772338867,80.37087085723877,0.02306590492770466,1,0.04329432270109138,0.04395480156807826,0.9849512727924575,12.859999656677246,-0.054411816473236896,-1.582587293985337,0.006761722095535827
2023-02-16,82.73770141601562,12.890000343322754,18035.849609375,-0.0015675375187977,-0.0015675375187977,0.0009460654108701672,0.013289206035672407,0.015245064667294361,82.24147171020508,80.40161437988282,0.022883338158227406,1,0.042047783304092916,0.04302648490551936,0.9772307955350471,12.890000343322754,-0.011503038264499943,-1.562140233180868,-0.000966647157018774
2023-02-17,82.69529724121094,13.09000015258789,17944.19921875,-0.0005125133292194,-0.0005125133292194,0.0019639867359253493,0.01434888276024715,0.014356287021675351,82.24793365478516,80.43247535705567,0.02257121006994134,1,0.041496743497461165,0.043058138838329686,0.963715128007211,13.09000015258789,0.026666678634344354,-1.4966950058557333,-0.012174298616904444
2023-02-20,82.75800323486328,13.380000114440918,17844.599609375,0.000758277625745,0.000758277625745,0.0029692623602608492,0.016233683802450827,0.015187773936038873,82.25802368164062,80.46392887115479,0.022296883033870785,1,0.04095565399202934,0.04306129246556984,0.9510792771837484,13.380000114440918,-0.021929838014795755,-1.4082398297455274,-0.01453789410000994
2023-02-21,82.69750213623047,14.010000228881836,17826.69921875,-0.0007310603961905,-0.0007310603961905,0.0012119665929135603,0.01794320820212647,0.01186626890260678,82.26638977050781,80.49740837097168,0.02197563170461092,1,0.03967680106509178,0.042868636368273864,0.9255222210015063,14.010000228881836,0.041635719521047054,-1.2327568415414119,-0.011146830980231393
2023-02-22,82.86119842529297,15.59000015258789,17554.30078125,0.0019794586877948,0.0019794586877948,-7.724444838896893e-05,0.023280978917220585,0.014026826638562362,82.27535369873047,80.52900535583495,0.021685954460493928,1,0.036806985104240124,0.04299656417257732,0.8560248891427812,15.59000015258789,0.21228620286106747,-0.8130354847095616,-0.031142115438057782
2023-02-23,82.83529663085938,15.079999923706056,17511.25,-0.0003125925635379,-0.0003125925635379,0.0011795736789088629,0.01653369435514862,0.014729358631157874,82.27916564941407,80.55839435577393,0.021360546066008013,1,0.03192664282610379,0.042933698454149224,0.743609341060095,15.079999923706056,0.1698991095463982,-0.9390624823289484,-0.03350484069003956
2023-02-24,82.6178970336914,14.1899995803833,17465.80078125,-0.0026244802156835,-0.0026244802156835,-0.0009359686717584914,0.01245067655074128,0.011787265257475754,82.28347366333008,80.58465633392333,0.02108115125995269,1,0.034015087555577216,0.04333225662101117,0.7849649485860285,14.1899995803833,0.08403356875270473,-1.1624357889883061,-0.023817887715297914
2023-02-27,82.91799926757812,13.880000114440918,17392.69921875,0.0036324119187436,0.0036324119187436,0.0019332998194843132,0.01808457980817546,0.015284721696098957,82.29167358398438,80.61288932800294,0.020825258466430796,1,0.035137726339046486,0.043852974677193485,0.8012438233408309,13.880000114440918,0.037369207453171516,-1.2334087336360602,-0.012022619143639779
2023-02-28,82.6520004272461,14.020000457763672,17303.94921875,-0.0032079746578742,-0.0032079746578742,-0.0005502186620995886,0.014035397101882285,0.012268189662035356,82.28755554199219,80.63905731201172,0.020442925363103326,1,0.0378574036983617,0.044404273929602896,0.852542960513615,14.020000457763672,0.0007137921997475427,-1.1909739796059755,-0.01954790598147771
2023-03-01,82.6353988647461,13.0,17450.900390625,-0.0002008609884114,-0.0002008609884114,-0.0027250337291518933,0.012938189205282224,0.01230540608111097,82.28574356079102,80.66501529693603,0.020092084008028976,1,0.0379654612697411,0.04440263128286763,0.8550080291381353,13.0,-0.1661321441461281,-1.4481213650810663,-0.01196060475807803
2023-03-02,82.4198989868164,12.970000267028809,17321.900390625,-0.0026078397501585,-0.0026078397501585,-0.005014742035561404,0.007967587362333273,0.013708837735135093,82.28250350952149,80.68968330383301,0.019740072590083146,1,0.03900660255712635,0.04394798523291473,0.8875427350689572,12.970000267028809,-0.1399204023443188,-1.467305216844857,-0.01671181675884792
2023-03-03,82.35569763183594,12.18000030517578,17594.349609375,-0.0007789545458037,-0.0007789545458037,-0.0031736392630346,0.007898649589932027,0.014705080572719353,82.27687942504883,80.71243480682374,0.01938294417668618,1,0.039031408948945204,0.04380544647461961,0.8909969214590152,12.18000030517578,-0.14164900173684336,-1.6714955354745917,-0.0009114376103875887
2023-03-06,81.7125015258789,12.270000457763672,17711.44921875,-0.0078099770198339,-0.0078099770198339,-0.014538432576129301,-0.004063541480687993,0.0035616802892746158,82.25355743408203,80.73413532257081,0.01882007041309608,1,0.045908926237850374,0.046310591479552674,0.9913053032979857,12.270000457763672,-0.11599421061979553,-1.646021037902967,-0.007987070511178196
2023-03-08,82.07460021972656,12.449999809265137,17754.400390625,0.0026901374056047,0.0026901374056047,-0.006985919330867119,-0.0018412388891476672,0.0021440816137177077,82.23755142211914,80.75540832519532,0.018353484028653,1,0.04626361970825184,0.045140084549673276,1.0248672616038572,12.449999809265137,-0.1119829241966348,-1.5993141927226842,-0.0005741316423826248
2023-03-09,81.9645004272461,12.729999542236328,17589.599609375,-0.0013414599911021,-0.0013414599911021,-0.008118777747997519,-0.009552254877746691,-0.004949480345316948,82.21878341674805,80.77812534332276,0.017834754982270606,1,0.03965639956961914,0.04371170043837692,0.9072054385092024,12.729999542236328,-0.02076926598182094,-1.5210986129116764,-0.007442958588437798
2023-03-10,82.01840209960938,13.40999984741211,17412.900390625,0.000657622166698,0.000657622166698,-0.004871358642058676,-0.00874400399957731,-0.002858234446831198,82.2036294555664,80.79912536621094,0.01738266451511361,1,0.03985468750670861,0.043638063951322414,0.9132800728990172,13.40999984741211,0.03392440796642293,-1.330508964551135,-0.025671807840390137
2023-03-13,81.95800018310547,16.219999313354492,17154.30078125,-0.0007364434682664,-0.0007364434682664,-0.0048290216726515345,-0.008486622081295914,-0.003903751115373999,82.18574951171875,80.82128135681153,0.016882535540154953,1,0.0398239546464912,0.0436581545323296,0.9121558828401398,16.219999313354492,0.3316912074675362,-0.5329141241014118,-0.041308326218372104
2023-03-14,82.41739654541016,16.219999313354492,17043.30078125,0.0056052656394536,0.0056052656394536,0.008626526007259772,-0.0014031514009513746,5.3323275970962314e-05,82.17739547729492,80.84597434997559,0.01646861378101172,1,0.04482328496695305,0.0449715543362376,0.9966808785605431,16.219999313354492,0.32192328510399637,-0.5282760966964408,-0.04554079571864589
2023-03-15,82.30490112304688,16.299999237060547,16972.150390625,-0.0013649475363044,-0.0013649475363044,0.00280599482304833,-0.0025220191242946166,-0.0041115519488468255,82.16849746704102,80.87001235961914,0.016056447495613968,1,0.045022014166361125,0.04470356656347444,1.0071010106414062,16.299999237060547,0.30923690656848746,-0.49929632240460997,-0.04494707541219345
2023-03-16,82.7156982421875,16.219999313354492,16985.599609375,0.0049911622945331,0.0049911622945331,0.00916491665325525,0.0014322653753309211,0.0038008788351822087,82.16869140625,80.89543983459473,0.01573947275963472,1,0.048354325231436686,0.04540759790392292,1.0648715763861822,16.219999313354492,0.27415552997773807,-0.5171106132755048,-0.05266357613542272
2023-03-17,82.622802734375,14.770000457763672,17100.05078125,-0.0011230698620291,-0.0011230698620291,0.007369085708736289,-0.0029540707640166586,0.001391374109308341,82.16543350219726,80.92009384155273,0.015389745630831841,1,0.0469733385120827,0.04540979955051905,1.034408972689973,14.770000457763672,0.10141689976335222,-0.9482524754609221,-0.050832952537994136
2023-03-20,82.53299713134766,16.010000228881836,16988.400390625,-0.001086934841899,-0.001086934841899,0.007015751323331099,-0.0024741355049094915,-0.003921236063180622,82.16276351928711,80.94515434265136,0.015042397367993843,1,0.046828811267537726,0.04466482619156741,1.0484259502263202,16.010000228881836,-0.012946923141960665,-0.566670445301097,-0.05807595657736786
2023-03-21,82.52909851074219,15.079999923706056,17107.5,-4.7237114135900704e-05,-4.7237114135900704e-05,0.0013553202359466443,-0.002009772453976044,-0.002380139484584709,82.16044143676758,80.96980484008789,0.014704698856952358,1,0.04681697491686542,0.044549820309953685,1.0508667313226874,15.079999923706056,-0.07028356583898465,-0.8488923356399423,-0.046627838252917275
2023-03-22,82.677001953125,14.8100004196167,17151.900390625,0.001792136895371,0.001792136895371,0.004521004521004457,-0.0009787727902086374,0.0011515889201716423,82.16851348876953,80.99526935577393,0.014485341456697887,1,0.04721176977890475,0.04454573406395635,1.0598256139523532,14.8100004196167,-0.09141097467391945,-0.9268323145699044,-0.038818423159580284
2023-03-23,82.52580261230469,14.489999771118164,17076.900390625,-0.0018287956414534,-0.0018287956414534,-0.00229576288320521,-0.0020762359139087083,-0.0013444265294260127,82.17542755126954,81.02109588623047,0.01424729760086163,1,0.04754130880132026,0.044688336958722534,1.0638177255847845,14.489999771118164,-0.10665842265553971,-1.019298096907952,-0.04206044085471339
2023-03-24,82.26529693603516,15.239999771118164,16945.05078125,-0.0031566572880648,-0.0031566572880648,-0.00432696285417955,-0.007191562523622852,-0.0074000300467713664,82.18798553466797,81.04395137786865,0.01411621888307546,1,0.04793310231881573,0.04474025044387931,1.0713402473840128,15.239999771118164,0.0318212118339809,-0.779028873455029,-0.03470659456004932
2023-03-27,82.33879852294922,15.449999809265137,16985.69921875,0.0008934701466063,0.0008934701466063,-0.002352981415292388,-0.005993798876856915,-0.006468813713575772,82.2021255493164,81.06654037475586,0.014008062627453244,1,0.04814933963559813,0.044781755805690666,1.0751758968232066,15.449999809265137,-0.03497816437294399,-0.706937604568692,-0.03001217967021197
2023-03-28,82.21489715576172,15.100000381469728,16951.69921875,-0.0015047750199193,-0.0015047750199193,-0.0038071584525980473,-0.004877876251986213,-0.00829890793041832,82.22411148071289,81.0892618560791,0.013995066654423072,1,0.04764067012038786,0.044242845707863694,1.0767750713840056,15.100000381469728,0.0013262903093407274,-0.8132999727447152,-0.029434754749516068
2023-03-29,82.16429901123047,13.630000114440918,17080.69921875,-0.0006154376674021,-0.0006154376674021,-0.006201276410400247,-0.00908970625202199,-0.007391036135889983,82.2418374633789,81.11146186828613,0.013936077208525077,1,0.045431537175068676,0.044163583253515167,1.0286871023842994,13.630000114440918,-0.07967591301434418,-1.2782492358391455,-0.01793856123629456
2023-03-31,82.10050201416016,12.9399995803833,17359.75,-0.0018831541045766,-0.0018831541045766,-0.005153546947523013,-0.006672535573671867,-0.009070334875842745,82.25079544067383,81.13287086486817,0.013778935268636383,1,0.04466684422331874,0.04425078850054901,1.0093794112471766,12.9399995803833,-0.10697033921452248,-1.4913330967404521,0.003224742545449466
2023-04-03,82.18479919433594,12.59000015258789,17398.05078125,0.0010267559650396,0.0010267559650396,-0.0009785139627199735,-0.005452864953767289,-0.007850525753861803,82.26398147583008,81.15290687561036,0.013691125099471346,1,0.044954741562196254,0.04431497841492232,1.0144138337936108,12.59000015258789,-0.1738844920163567,-1.5921085832584339,-0.0030284746455484512
2023-04-05,82.11479949951172,12.40999984741211,17557.05078125,-0.0003177486343589,-0.0003177486343589,-0.0027204553315781643,-0.003701769731038973,-0.007673760222721704,82.27755752563476,81.17267787933349,0.01361147217471026,1,0.04422644402067859,0.04428020498333883,0.9987633362127148,12.40999984741211,-0.19676375400535506,-1.6350518342299383,0.013575322875789553
2023-04-06,81.94999694824219,11.800000190734863,17599.150390625,-0.0020069774544174,-0.0020069774544174,-0.003222046328388184,-0.004926200557578864,-0.009140864287716655,82.29176147460937,81.19250038146973,0.01353894864642613,1,0.04460301069972291,0.04443194404522217,1.0038274901237165,11.800000190734863,-0.2185430534680335,-1.812328739095747,0.0002728592620122594
2023-04-10,81.88480377197266,12.270000457763672,17624.05078125,0.0006538444899919,0.0006538444899919,-0.0034016627978485925,0.0021086399617711304,-0.010882244004568498,82.30993759155274,81.2124234008789,0.01351411698745042,1,0.03544121939926487,0.04440443679899979,0.798127931038912,12.270000457763672,-0.09977987125886623,-1.6451263897091584,-0.004934572909340296
2023-04-11,81.98390197753906,11.979999542236328,17722.30078125,0.0012102148506378,0.0012102148506378,-0.0014202110067607077,-0.0011050707763996526,-0.00825720612411529,82.31985565185546,81.23245441436768,0.013386290557477531,1,0.0344142250527425,0.04441129743871279,0.774880540693324,11.979999542236328,-0.07418856795036588,-1.7198753840064933,-0.00180798048195141
2023-04-12,82.07009887695312,12.270000457763672,17812.400390625,0.0010513881058951,0.0010513881058951,-0.001395639078117017,0.0012883437238877526,-0.006958707116898166,82.32921966552735,81.2529978942871,0.01324531770065196,1,0.03424447057695679,0.04447218435303118,0.7700026673404323,12.270000457763672,-0.025416973069570803,-1.612090062607113,0.01266662040057187
2023-04-13,81.96060180664062,11.90999984741211,17828.0,-0.0013341895746545,-0.0013341895746545,-0.00187783071761638,-0.0007047234704542493,-0.0038019280696611757,82.33952972412109,81.27313091278076,0.013121173004701392,1,0.034533528591661505,0.04364296281125569,0.7912555681757518,11.90999984741211,-0.04029008913358423,-1.708202103432143,0.02383862539054582
2023-04-17,81.84480285644531,12.270000457763672,17706.849609375,0.0020090503942022,0.0020090503942022,-0.0012836375315952164,-0.001381162624847554,-0.004080022206728651,82.34626571655274,81.29168041229248,0.01297285649542057,1,0.03509056477641572,0.04377846985991748,0.8015301438938407,12.270000457763672,0.039830530460316815,-1.579363676387228,0.03221051298861144
2023-04-18,82.00370025634766,12.079999923706056,17660.150390625,0.0019414476467252,0.0019414476467252,0.001451996938358624,-0.005019526294240073,0.004486944712321916,82.35474166870117,81.31073341369628,0.012839734819425797,1,0.029798238090773057,0.041832894927895936,0.712298917949971,12.079999923706056,-0.015484965523159033,-1.6226240165064205,0.03619308356357953
2023-04-19,82.10790252685547,12.149999618530272,17618.75,0.0012707020559081,0.0012707020559081,0.0015124987506740517,-0.0023935220564433868,0.005832344125874078,82.36153167724609,81.33056091308593,0.012676302149961849,1,0.02971283510322862,0.04189218723514126,0.7092521974146814,12.149999618530272,0.014190324105989749,-1.5859377203580471,0.03809768323359686
2023-04-20,82.34010314941406,11.9399995803833,17624.44921875,0.0028279935963855,0.0028279935963855,0.003289922592462746,-0.0045407957709999724,0.01509577140070939,82.37412780761719,81.35099994659424,0.012576709096318472,1,0.02592199924687878,0.040099240844682874,0.646430013906411,11.9399995803833,-0.02689493602843085,-1.6348479218135394,0.037611248590976754
2023-04-21,82.14089965820312,11.630000114440918,17624.05078125,-0.0024192766779689,-0.0024192766779689,0.0021998112213457155,-0.005832567526438792,0.010616646344268066,82.37602783203126,81.36949893951416,0.012369854867427588,1,0.026989658879037884,0.0403113222047962,0.6695138707694384,11.630000114440918,-0.02350963363211389,-1.7127308699864974,0.03064318385384901
2023-04-24,82.05480194091797,11.670000076293944,17743.400390625,-0.0010481711016486,-0.0010481711016486,0.002565820640328065,-0.005793987944829659,0.004925731403418121,82.37260391235351,81.38440696716309,0.012142337605152598,1,0.026971630451341398,0.03939134556032571,0.6846921671632082,11.670000076293944,-0.04889978476651857,-1.683474606455023,0.04444208887475032
2023-04-25,81.85230255126953,11.520000457763672,17769.25,-0.0024678554436612,-0.0024678554436612,-0.0018462301652834023,-0.008200694926827068,0.004008624602389599,82.35455001831055,81.39917697906495,0.0117368881934925,1,0.02821964315799081,0.03959259944288639,0.7127324505744301,11.520000457763672,-0.04635757197675383,-1.7111852291379395,0.03868186467923418
2023-04-26,81.9916000366211,11.649999618530272,17813.599609375,0.0017018151109959,0.0017018151109959,-0.0014164591550287486,-0.008290115755437144,0.006822572913062652,82.33954406738282,81.41431999206543,0.011364389893664395,1,0.028141494228309326,0.03963661821708819,0.7099693547221572,11.649999618530272,-0.041152264666530325,-1.6548664963456465,0.03857876991354714
2023-04-27,81.76689910888672,11.43000030517578,17915.05078125,-0.0027405359528782,-0.0027405359528782,-0.00696141999588229,-0.009195954227591008,0.006488194365597444,82.32169204711914,81.42840099334717,0.010970263972701177,1,0.028975243230650143,0.03972970789367803,0.7292908877483327,11.43000030517578,-0.04271350863742229,-1.7035120532948085,0.049080943933193844
2023-04-28,81.76509857177734,10.949999809265137,18065.0,-2.2020366786557052e-05,-2.2020366786557052e-05,-0.004575078773053742,-0.006080308257402134,0.00974487091477938,82.30632995605468,81.44252899169922,0.01060626401279241,1,0.0269552382230322,0.039122609361303226,0.6889762642833602,10.949999809265137,-0.05846950115945637,-1.827568285010053,0.06609299867010399
2023-05-02,81.77469635009766,11.899999618530272,18147.650390625,0.0003657675883437,0.0003657675883437,-0.0034136404475388904,-0.0068509886344083615,0.0035182774315956067,82.29156387329101,81.45456047058106,0.010275709522884924,1,0.026775399477269736,0.03710582771765223,0.7215760851616079,11.899999618530272,0.019708615315568112,-1.5291945977132095,0.06840761495366388
2023-05-03,81.77870178222656,11.84000015258789,18089.849609375,4.898131460806532e-05,4.898131460806532e-05,-0.0008991899647156076,-0.005305551531722408,0.002166660246655683,82.27518997192382,81.46823448181152,0.009905154999921617,1,0.02629189043813128,0.03701534159512126,0.7102779287512448,11.84000015258789,0.027777750183035854,-1.5335340947293001,0.06714078488167785
2023-05-04,81.77999877929688,11.729999542236328,18255.80078125,1.585983932295143e-05,1.585983932295143e-05,-0.002580767508253423,-0.004677216705531229,0.004111971216950838,82.25343795776367,81.48102645874023,0.009479648607698454,1,0.026207276325175572,0.03697944984861268,0.7086792192215243,11.729999542236328,0.00686694646571584,-1.5512236952198681,0.06879704088519145
2023-05-05,81.71610260009766,12.300000190734863,18069.0,-0.0007813179280138,-0.0007813179280138,-0.000621235601969139,-0.004682059239981329,0.0025531157306692975,82.23300598144532,81.49294998168945,0.009081227270851588,1,0.02548048661895843,0.03699730149511476,0.6886934153537525,12.300000190734863,0.07611547351972736,-1.3707805494840737,0.04085600311064397
2023-05-08,81.72979736328125,12.640000343322754,18264.400390625,0.0001675895294543,0.0001675895294543,-0.000431739325368774,-0.005536325884045512,0.0018373975634726758,82.21369598388672,81.5042099761963,0.008704900125989123,1,0.025236861920615288,0.03696252847355115,0.6827503477833089,12.640000343322754,0.15433795100413206,-1.2596947180639342,0.04979578576174015
2023-05-09,81.78710174560547,12.68000030517578,18265.94921875,0.0007011443093332,0.0007011443093332,0.00015170212867188226,-0.0039907270784750315,0.00022869036835659884,82.19427795410157,81.51576347351075,0.008323721102254211,1,0.02531883931302282,0.036706389687062524,0.6897477464039459,12.68000030517578,0.06554627828986792,-1.2375623085187122,0.04037685180343997
2023-05-10,82.1050033569336,13.079999923706056,18315.099609375,0.0038869406610952,0.0038869406610952,0.003990055694158112,0.0018914754663055255,0.004830562883125777,82.18242797851562,81.5272509765625,0.008036294540845867,1,0.027417359551707886,0.03746264820188676,0.7318390190928358,13.079999923706056,0.10472970904879064,-1.1109000568076535,0.04068089668302299
2023-05-11,81.9198989868164,13.220000267028809,18297.0,-0.0022544834364416,-0.0022544834364416,0.0017106897726555381,0.0004285925254394751,-0.0015357190680235222,82.1636019897461,81.53745895385742,0.00767920712666581,1,0.028807277748941467,0.036869182662515064,0.7813163827427702,13.220000267028809,0.12702478967943853,-1.0618617655684883,0.038183572386544684
2023-05-12,82.10030364990234,12.850000381469728,18314.80078125,0.0022022080754149,0.0022022080754149,0.004701656559477518,0.0014198113233885312,-0.001528643957806275,82.14890213012696,81.54935798645019,0.007351917396779317,1,0.029444923577502783,0.036870885980890424,0.7985738400461314,12.850000381469728,0.04471546196797305,-1.1615266581709263,0.03343245368157044
2023-05-15,82.20030212402344,13.170000076293944,18398.849609375,0.0012180037061435,0.0012180037061435,0.0057568325864167935,0.0015864882442206962,-0.006702859619412527,82.14055023193359,81.5602080154419,0.007115506821436801,1,0.02950808087649971,0.03459020206034764,0.8530516177211783,13.170000076293944,0.0419303574822425,-1.059083934066483,0.032923649024791724
2023-05-16,82.2667007446289,13.289999961853027,18286.5,0.0008077661381984,0.0008077661381984,0.005863993084327612,0.003734708277404186,-0.005743122314812554,82.1275242614746,81.5722620010376,0.006806998443048551,1,0.028985692245438486,0.03463295820999912,0.8369153785336054,13.289999961853027,0.04810722728675776,-1.0162828859672166,0.02571797172986323
2023-05-17,82.2959976196289,13.109999656677246,18181.75,0.000356120699321,0.000356120699321,0.002326219534575902,0.005512808968151317,-0.004397588926918106,82.12040420532226,81.58372497558594,0.0065782633717315075,1,0.028355114995823376,0.034587532983455974,0.8197836840719986,13.109999656677246,0.00229355757998273,-1.0621406806408025,0.02682015158549489
2023-05-18,82.45030212402344,12.800000190734863,18129.94921875,0.0018749940320028,0.0018749940320028,0.006474655654695072,0.005446118483430462,-0.0010044563622595426,82.11670227050782,81.59709697723389,0.006367938474807433,1,0.028306803913352347,0.034655268338072455,0.8167874174224131,12.800000190734863,-0.03177005051516091,-1.1469178596019183,0.026602198607232452
2023-05-19,82.72509765625,12.300000190734863,18203.400390625,0.0033328626475279,0.0033328626475279,0.007610130274450011,0.007516878526919735,0.002570469704333167,82.12280624389649,81.6113384628296,0.0062671166862413585,1,0.030069979417775877,0.035272729644676995,0.8524751910467059,12.300000190734863,-0.04280156999279083,-1.2908351565088796,0.033183420539198316
2023-05-22,82.90480041503906,12.56999969482422,18314.400390625,0.0021722882641466,0.0021722882641466,0.008570507319458187,0.006858107338052477,0.0037217100801518743,82.13378829956055,81.62724994659423,0.0062055055547960425,1,0.0294745852516889,0.035470940001995716,0.8309267903032821,12.56999969482422,-0.04555811526149689,-1.2036722719810002,0.03914738913605231
2023-05-23,82.82499694824219,12.609999656677246,18348.0,-0.0009625916279559,-0.0009625916279559,0.006786417816199153,0.008328339388607331,-0.0005141036946415545,82.15603820800781,81.64216892242432,0.006294165041986766,1,0.028159595367962507,0.034942091915813794,0.8058701684386046,12.609999656677246,-0.05116631355362089,-1.1878273766950562,0.041077345255961184
2023-05-24,82.8906021118164,13.109999656677246,18285.400390625,0.0007920937638574,0.0007920937638574,0.007225193319069456,0.010185877622375328,0.0018480172059891498,82.17235824584961,81.65738494873047,0.006306512233308359,1,0.027677716325141363,0.034819661169370346,0.7948647554540922,13.109999656677246,0.0,-1.0292175462238036,0.030546568756143033
2023-05-25,82.71369934082031,12.520000457763672,18321.150390625,-0.002134171624878,-0.002134171624878,0.003194617969994429,0.010523794233048278,0.0002225289735122704,82.1873422241211,81.67309593200683,0.006296397684524946,1,0.027248297272710758,0.03508118641632542,0.7766989477038644,12.520000457763672,-0.02187497881241174,-1.2020998258596696,0.03105929572857602
2023-05-26,82.74210357666016,11.899999618530272,18499.349609375,0.0003434042494316,0.0003434042494316,0.0002055714757911442,0.009153419858910494,-0.00019212230336207448,82.20181625366212,81.6908324432373,0.006255093688509961,1,0.026904999387920642,0.03505697147124114,0.7674431308722877,11.899999618530272,-0.03252037121966045,-1.3891601449108417,0.03849586916947989
2023-05-29,82.57479858398438,12.300000190734863,18598.650390625,-0.0020220055503032,-0.0020220055503032,-0.003980491230937466,0.009880519915788977,-0.0014837637059939013,82.21415222167968,81.70892791748047,0.006183220329478045,1,0.02592979852763771,0.03526741385205679,0.735213061647952,12.300000190734863,-0.021479674673383742,-1.2589358213744506,0.038157838217821816
2023-05-30,82.57969665527344,12.010000228881836,18633.849609375,5.9316781549023645e-05,5.9316781549023645e-05,-0.0029616698099251826,0.009962662526249,-0.0033972688709460463,82.21739822387696,81.72880390167236,0.005978238991389384,1,0.02591142563303678,0.03504293476057594,0.7393982955985543,12.010000228881836,-0.04758124061309543,-1.3434243558643444,0.03148904563382238
2023-05-31,82.68389892578125,11.970000267028809,18534.400390625,0.0012618388626783,0.0012618388626783,-0.0024936866275422354,0.011118385225070915,-0.001827695574663113,82.22497817993164,81.74663188934326,0.005851571857246496,1,0.026044936370031364,0.035128502600050945,0.7413978121624071,11.970000267028809,-0.08695647746015067,-1.3575069228808727,0.021311298800410716
2023-06-01,82.66680145263672,11.600000381469728,18487.75,-0.0002067811673936,-0.0002067811673936,-0.0005669905778286077,0.010859791743516922,0.0005919349281593433,82.22400024414063,81.76419139862061,0.0056235968050895035,1,0.02611916359483535,0.03471972332704128,0.7522643854165664,11.600000381469728,-0.07348243152207312,-1.4760269573766571,0.021995782121858598
2023-06-02,82.27670288085938,11.130000114440918,18534.099609375,-0.0047189266419221,-0.0047189266419221,-0.005624714331435743,0.006073662374378008,-0.0077341034803465325,82.21707824707032,81.7785219192505,0.005362732384095459,1,0.0317942797280815,0.03523727770645325,0.9022654283202654,11.130000114440918,-0.06470584275400626,-1.6183454428843047,0.015244405406243944
2023-06-05,82.40979766845703,11.140000343322754,18593.849609375,0.0016176485315702,0.0016176485315702,-0.0019981994307806117,0.008489086560505399,-0.002930391975234259,82.2146142578125,81.79267890930176,0.005158595538588662,1,0.03186146858772339,0.03481322502263072,0.9151853464212426,11.140000343322754,-0.09430892922147227,-1.6031681302708494,0.02904696493303449
2023-06-06,82.51119995117188,11.380000114440918,18599.0,0.0012304639203555,0.0012304639203555,-0.0008294618032747003,0.009560804175463344,-0.0015029746970484092,82.2142562866211,81.80974590301514,0.004944525608055361,1,0.031974413545832914,0.034897189699740955,0.9162198332044214,11.380000114440918,-0.05245629495708781,-1.5123916391674217,0.018319769727932034
2023-06-07,82.51719665527344,11.4399995803833,18726.400390625,7.267745597094866e-05,7.267745597094866e-05,-0.0020161394500450847,0.00892677322078117,0.0011805118624641509,82.21106018066406,81.82426189422607,0.004727183325381024,1,0.03198760471523698,0.034485159741551266,0.9275490502555476,11.4399995803833,-0.04427741644295424,-1.480960336043737,0.025208171026904314
2023-06-08,82.61810302734375,11.260000228881836,18634.55078125,0.0012228526435751,0.0012228526435751,-0.0005890928938488971,0.006249310631893712,0.0031862445835972864,82.21290618896484,81.8395878982544,0.004561585661630785,1,0.029596836124551433,0.034518271884976165,0.8574003595201228,11.260000228881836,-0.029310357017834354,-1.5270181363953386,0.017441956565253047
2023-06-09,82.48829650878906,11.119999885559082,18563.400390625,-0.0015711631446164,-0.0015711631446164,0.0025717319790523607,0.006938454868750776,0.009494201847002115,82.21736618041992,81.85629936218261,0.004410983895567044,1,0.028941608228846553,0.030759944712338314,0.9408556368958975,11.119999885559082,-0.0008984931517530548,-1.5589008653666911,0.01455978524484891
2023-06-12,82.4448013305664,11.25,18601.5,-0.0005272890829794,-0.0005272890829794,0.00042475122011831346,0.004196058544839065,0.004510544186005827,82.21948623657227,81.87172485351563,0.004247637187061226,1,0.0282542695162925,0.030370386416623263,0.9302923853626914,11.25,0.00987429562721509,-1.5040686418624627,0.015653963271252902
2023-06-13,82.33719635009766,11.109999656677246,18716.150390625,-0.001305176053943,-0.001305176053943,-0.0021088482675950537,0.0016653737582092987,0.004547040742136632,82.22193222045898,81.88457733154297,0.004119883131961322,1,0.028461040870770272,0.030363252251204124,0.9373206570447201,11.109999656677246,-0.023725874784574774,-1.5361009834711377,0.01724568589811848
2023-06-14,82.29039764404297,11.15999984741211,18755.900390625,-0.0005683786688059,-0.0005683786688059,-0.002748506013576235,0.00028804971148188585,0.00331627460997419,82.22445419311524,81.89643981933594,0.004005233615806736,1,0.02841733344436189,0.03037828310161151,0.9354181713015622,11.15999984741211,-0.024475502031601426,-1.5077697097985812,0.025669230887539918
2023-06-15,82.04499816894531,11.079999923706056,18688.099609375,-0.0029821155581135,-0.0029821155581135,-0.006936795174403376,-0.003049959389807899,0.0010614947368832173,82.22334411621094,81.9072458267212,0.0038592225425142512,1,0.03020918326246461,0.030963937539960493,0.9755932245456469,11.079999923706056,-0.015985817186227047,-1.52028335725969,0.02784933295062353
2023-06-16,81.9126968383789,10.84000015258789,18826.0,-0.0016125459628139,-0.0016125459628139,-0.00697795559820813,-0.0065203555571676786,-0.006123703589122398,82.21790206909179,81.91753681182861,0.0036666783322982788,0,0.029683886197210893,0.029044812077062034,1.0219678526617184,10.84000015258789,-0.025179832360862853,-1.5824341204874535,0.03839231830446299
2023-06-19,81.91480255126953,11.229999542236328,18755.44921875,2.5706794818169957e-05,2.5706794818169957e-05,-0.006428528794336197,-0.009795033525950125,-0.004739676087990641,82.21390213012695,81.92812683105468,0.0034881219689248955,0,0.02662330116169784,0.028916683223914712,0.9206581646098317,11.229999542236328,-0.001777818467881942,-1.44514064791387,0.030326687117716356
2023-06-20,81.98139953613281,11.130000114440918,18816.69921875,0.0008130030567015,0.0008130030567015,-0.004321216044957277,-0.011138086989939122,-0.008877380251384626,82.21453018188477,81.93861934661865,0.003367286847963058,1,0.025309214629306683,0.027137154653217893,0.9326063231902784,11.130000114440918,0.0018002212764831604,-1.4697795415352994,0.02742644134733041
2023-06-21,81.9917984008789,11.289999961853027,18856.849609375,0.0001268441964266,0.0001268441964266,-0.003628603721854473,-0.01005974739587312,-0.007637169311778491,82.2166700744629,81.94878284454346,0.00326895922820003,1,0.025357003034024776,0.027054643869172272,0.9372167654423127,11.289999961853027,0.011648755933546306,-1.4104337104690594,0.027733246641323372
2023-06-22,81.94149780273438,11.550000190734863,18771.25,-0.0006134832888845,-0.0006134832888845,-0.0012615073255022313,-0.01145008342202325,-0.007166822351936886,82.2158219909668,81.95865081787109,0.003137816088105261,0,0.024932359602948578,0.026997264454205732,0.923480086849237,11.550000190734863,0.04241879695533424,-1.3200048710420622,0.026570356623095703
2023-06-23,81.91929626464844,11.239999771118164,18665.5,-0.0002709437669712,-0.0002709437669712,8.056658520905202e-05,-0.009604250353965615,-0.007388936230951049,82.2128059387207,81.97050331115723,0.0029559734023312245,0,0.024264414732501526,0.0270011949500261,0.8986089752114049,11.239999771118164,0.036900333293332865,-1.4157125732080549,0.018795195827397748
2023-06-26,81.98480224609375,11.399999618530272,18691.19921875,0.0007996404318915,0.0007996404318915,0.0008545426790280697,-0.00915255109346802,-0.008372336812886627,82.21328994750976,81.9818433380127,0.002823144736363359,1,0.02450463970632768,0.026799056999209727,0.9143502831747807,11.399999618530272,0.015138030563097482,-1.3587848396498161,0.010370613747294977
2023-06-27,82.00650024414062,10.779999732971191,18817.400390625,0.0002646587837309,0.0002646587837309,0.00030617564654700224,-0.006882224959540828,-0.0062926060907723125,82.21652389526368,81.99325332641601,0.0027230358570944357,1,0.023913733491481137,0.02656345565662989,0.9002154533331387,10.779999732971191,-0.031446574831172636,-1.5562366251518096,0.011761606106121869
2023-06-28,81.99839782714844,10.890000343322754,18972.099609375,-9.88021311489895e-05,-9.88021311489895e-05,8.048885862055322e-05,-0.0070392463483077705,-0.003244370576991229,82.21641784667969,82.00433032989503,0.002586296552041345,0,0.023887747426158196,0.025791781081855255,0.9261408201910721,10.890000343322754,-0.03542955003381787,-1.510108553150183,0.01815244874734967
2023-06-30,82.07540130615234,10.800000190734863,19189.05078125,0.0005962027003609,0.0005962027003609,0.001634135413784099,-0.007359324215892471,-0.003198944137173254,82.21576782226562,82.01523181915283,0.002445106825461174,1,0.023433986001972443,0.025757779305938287,0.9097475359234163,10.800000190734863,-0.06493506386273762,-1.5305957945539514,0.035320829205574666
2023-07-03,82.09629821777344,11.539999961853027,19322.55078125,0.0002546062679991,0.0002546062679991,0.0021606869345309754,-0.006901237556531603,-0.001442548030724744,82.21089172363281,82.0274642944336,0.0022361709066223145,1,0.023528036332067143,0.025574955804987136,0.9199279397988065,11.539999961853027,0.026690408971869584,-1.2763585137881865,0.0451542660004598
2023-07-04,81.95010375976562,11.699999809265137,19389.0,-0.0017807679661756,-0.0017807679661756,-0.00042323071322381,-0.003969521257635722,-0.0026069138791723345,82.20707580566406,82.0386833190918,0.002052598600556399,0,0.01825671371176415,0.02580246691749852,0.7075294870311953,11.699999809265137,0.026315807085399046,-1.214933867842112,0.04612581180866049
2023-07-05,82.0071029663086,11.880000114440918,19398.5,0.0006955355018227,0.0006955355018227,7.3496877219803025e-06,-0.0048864906059897795,-0.0011376184744333884,82.20612182617188,82.05043983459473,0.0018973937481747694,0,0.017353854396864175,0.02554082558955831,0.6794288973595748,11.880000114440918,0.10204085424096232,-1.1478374345400908,0.043275083295247097
2023-07-06,82.39409637451172,11.84000015258789,19497.30078125,0.0047190230383107,0.0047190230383107,0.004825686328620904,-0.0014192446204812637,0.0025466653472119294,82.21695770263672,82.06563381195069,0.0018439373908056833,1,0.02402616843647058,0.027122993078774957,0.8857902435932825,11.84000015258789,0.08723597606198719,-1.15536623262112,0.04829833761223723
2023-07-07,82.76840209960938,11.529999732971191,19331.80078125,0.0045428706857382,0.0045428706857382,0.008443465184800658,0.0030442799139842602,0.007959619996411815,82.23249374389648,82.08146381378174,0.0018400004470848774,1,0.028888901663072293,0.028506517271329218,1.0133783797485107,11.529999732971191,0.06759254901334,-1.2552348414971977,0.03232871123102132
2023-07-10,82.61530303955078,11.460000038146973,19355.900390625,-0.0018497283525462,-0.0018497283525462,0.006321902851217587,-3.389072963877471e-05,0.008118439488518758,82.24946182250977,82.09727184295654,0.001853776333083923,1,0.029380949296181118,0.028458656444603613,1.0323718894277867,11.460000038146973,-0.006932402423787232,-1.2740269916962503,0.03871032995873547
2023-07-11,82.52529907226562,11.010000228881836,19439.400390625,-0.001089434571729,-0.001089434571729,0.007018847885613022,0.00044857955664800997,0.007821906761559472,82.26466583251953,82.11065284729004,0.0018756760528493288,1,0.029105834080528654,0.028560484591642586,1.019058865345023,11.010000228881836,-0.0589743240710906,-1.42131204171026,0.04718963021680023
2023-07-12,82.39990234375,10.9399995803833,19384.30078125,-0.0015194943844532,-0.0015194943844532,0.004789821408552664,-0.0005445945176868472,0.005074171345551548,82.27716995239258,82.12420486450195,0.0018626066230171823,1,0.029534951368900886,0.028681068376405626,1.0297357561980034,10.9399995803833,-0.07912462331671066,-1.4375226320892946,0.04208266974437547
2023-07-13,82.00180053710938,10.9399995803833,19413.75,-0.0048313383307161,-0.0048313383307161,-0.004761212934713321,-0.0040734422333519316,-0.0008321951694751917,82.28163192749024,82.13567638397217,0.0017770054371470945,0,0.03367325003967504,0.030285234724977312,1.1118334895524147,10.9399995803833,-0.07601356086197986,-1.4293418758445955,0.03727260119284104
2023-07-14,82.03079986572266,10.68000030517578,19564.5,0.00035364258374,0.00035364258374,-0.008911640374536067,-0.003154654561802417,0.0008564854031654079,82.28664794921875,82.14701686859131,0.0016997705571073496,0,0.03370056345745042,0.03016151737533271,1.1172994295566048,10.68000030517578,-0.0737206806141334,-1.5096088043061335,0.04311174577250232
2023-07-17,82.07679748535156,11.31999969482422,19711.44921875,0.0005607359638599,0.0005607359638599,-0.006518230090391541,0.0003875838517390928,0.0028345676305576717,82.29386184692383,82.15714736938476,0.001664060668080225,0,0.03216836197110838,0.02992084304982392,1.0750795637001271,11.31999969482422,-0.012216434804252385,-1.277002021384985,0.054759426092829244
2023-07-18,82.06159973144531,11.710000038146973,19749.25,-0.0001851650450782,-0.0001851650450782,-0.005618875012064595,0.00181782432777422,0.0007060592987468972,82.3004978942871,82.16214435577393,0.001683908563949954,0,0.0316401966253334,0.029674323112444164,1.0662123713175435,11.710000038146973,0.06357854629547344,-1.1320393320111517,0.0490412195899288
2023-07-19,82.07540130615234,11.600000381469728,19833.150390625,0.0001681855429604,0.0001681855429604,-0.003938124055583581,0.001960558408015345,-0.0003958354762806371,82.30626388549804,82.16624736785889,0.0017040636772944762,0,0.03164141599800779,0.02956588400639215,1.0701640386307578,11.600000381469728,0.060329143181128364,-1.1612089755141988,0.05746069631846584
2023-07-20,82.06169891357422,11.789999961853027,19979.150390625,-0.0001669488343652,-0.0001669488343652,0.0007304519665727316,0.0009794828814311263,-0.003381149952346507,82.30539779663086,82.16847686767578,0.001666343763139011,0,0.03153685227703707,0.029000380149189403,1.0874259126567303,11.789999961853027,0.07769656435763284,-1.0864640052748198,0.06177763476798681
2023-07-21,82.0823974609375,11.489999771118164,19745.0,0.0002522315238084,0.0002522315238084,0.0006290027075110949,0.0011049771053395219,-0.0007122176346869846,82.30864776611328,82.17026584625245,0.001684087527716649,0,0.031544584680222976,0.02860411306209433,1.1027603565749875,11.489999771118164,0.07584264445665223,-1.1819625467341448,0.04709961679831398
2023-07-24,81.99030303955078,11.649999618530272,19672.349609375,-0.0011219752862426,-0.0011219752862426,-0.0010538233514315598,0.0005956107482181228,-0.0007860466400689825,82.30644775390626,82.17307384490967,0.0016230853095298148,0,0.03172559954439642,0.028615366590157856,1.108652261790214,11.649999618530272,0.029151937509056314,-1.1172817838003017,0.0480042410268362
2023-07-25,81.81420135498047,10.239999771118164,19680.599609375,-0.00214783551276,-0.00214783551276,-0.003014788613364572,-0.001282907867377836,-0.000465487165314582,82.29872573852539,82.17474185943604,0.00150878331083093,0,0.03259234057579156,0.02851071820803389,1.1431208858751924,10.239999771118164,-0.1255337542476581,-1.5946817068061794,0.054383735199967864
2023-07-26,81.95010375976562,10.460000038146973,19778.30078125,0.0016611102050057,0.0016611102050057,-0.001526615092862449,-0.00042323071322381,-0.0005061040013480955,82.29239379882813,82.17688587188721,0.001405601170151316,0,0.03301762098404799,0.028500914874249113,1.158435183380564,10.460000038146973,-0.09827588843392066,-1.5039408540012968,0.058161145776536305
2023-07-27,81.97550201416016,10.510000228881836,19659.900390625,0.0003099233952037,0.0003099233952037,-0.0010503913586391578,-0.00037799723056319845,0.0025511901215142796,82.28598388671875,82.1792883682251,0.00129832614290315,0,0.03302315891214558,0.027960017051355632,1.1810428373006738,10.510000228881836,-0.10856655955154171,-1.4729974678960478,0.044772390580568144
2023-07-28,82.3749008178711,10.140000343322754,19646.05078125,0.0048721727088898,0.0048721727088898,0.003563533302896049,0.004591589600522639,0.007457977263470639,82.2844758605957,82.18291885375976,0.0012357434884573415,1,0.037131122482922274,0.02958189846650691,1.2551549850654862,10.140000343322754,-0.11749342512511063,-1.585508695882661,0.03552327816906309
2023-07-31,82.25279998779297,10.40999984741211,19753.80078125,-0.0014822576885171,-0.0014822576885171,0.0032015608981901256,0.002161411078319464,0.005846596307107488,82.27502990722657,82.18243785858154,0.0011266646628853572,1,0.0375505202579886,0.02974945001378575,1.2621832691804142,10.40999984741211,-0.10643775207905082,-1.4786597448457515,0.029430846081861972
2023-08-01,82.2332992553711,10.279999732971191,19733.55078125,-0.0002370829008224,-0.0002370829008224,0.005122556884375351,0.00166878459287223,0.005558873682723675,82.2615998840332,82.17944286346436,0.0009997271544581743,1,0.03756454336525287,0.029756507901673425,1.2623551504842383,10.279999732971191,0.003906246362021193,-1.5090770346147668,0.02127048362573447
2023-08-02,82.30729675292969,11.279999732971191,19526.55078125,0.0008998483367279,0.0008998483367279,0.004358664318609762,0.004358664318609762,0.006447762062895768,82.25124588012696,82.1788758468628,0.0008806403411871777,1,0.037033579693867606,0.029800734941018384,1.2426652262749807,11.279999732971191,0.07839385199175242,-1.1572798934612123,0.007094268979833895
2023-08-03,82.7332992553711,11.1899995803833,19381.650390625,0.0051757562117509,0.0051757562117509,0.009244191527854717,0.008855285247191924,0.01244793404124267,82.24809982299804,82.18117282867432,0.0008143835384686327,1,0.04083141474981437,0.03142346587905094,1.2993511140959295,11.1899995803833,0.06470022233042427,-1.1787252650747226,-0.0008686037258035517
2023-08-04,82.7843017578125,10.56999969482422,19517.0,0.0006164688571645,0.0006164688571645,0.004969971871002121,0.0047358415283438315,0.01290232483807685,82.24951187133789,82.18409435272217,0.0007959875828886798,1,0.037749706301807635,0.03143482016297978,1.2008500527771617,10.56999969482422,0.04240624624678868,-1.379353972922258,0.0010103562011487544
2023-08-07,82.69529724121094,11.100000381469728,19597.30078125,-0.0010751376131907,-0.0010751376131907,0.005379722677934851,-0.0008832459796730419,0.011104385364214986,82.24857574462891,82.18661033630372,0.0007539598977452933,1,0.034537939738743396,0.031520348301402774,1.0956999493960853,11.100000381469728,0.066282473023201,-1.188349332319245,0.013733847301877322
2023-08-08,82.74829864501953,11.329999923706056,19570.849609375,0.0006409240377236,0.0006409240377236,0.006262662380225548,0.0016098180430941245,0.007835031505806667,82.25204574584961,82.1882878112793,0.0007757545055169235,1,0.03396633476163595,0.030621032423626213,1.109212291716779,11.329999923706056,0.10214009902813359,-1.1010656607835987,0.011105100481613839
2023-08-09,82.84500122070312,11.140000343322754,19632.55078125,0.0011686352138602,0.0011686352138602,0.006532889415473253,0.0038739895769119848,0.011292765803283089,82.2573518371582,82.19153930664062,0.0008007214741658775,1,0.033888394060211845,0.03030572412741233,1.118180702003352,11.140000343322754,-0.01241129370235905,-1.15646006565554,0.009936026150176414
2023-08-10,82.86630249023438,11.399999618530272,19543.099609375,0.0002571219653253,0.0002571219653253,0.0016076142987206943,0.005660202660661806,0.009330036629321858,82.26099990844726,82.19443881988525,0.0008098003893897143,1,0.03331560843725758,0.03002516813900808,1.1095524504832193,11.399999618530272,0.01876676014493439,-1.0597979808963807,0.008192135992782568
2023-08-11,82.79989624023438,11.520000457763672,19428.30078125,-0.0008013661525181,-0.0008013661525181,0.00018837487410960918,0.009732660720831676,0.0072943055039660365,82.26366180419922,82.19345329284668,0.0008541861734703282,1,0.028047423735334604,0.030003125586147872,0.9347855732307484,11.520000457763672,0.08987708518143434,-1.0110746998857472,0.0007495090464233467
2023-08-14,82.89730072021484,12.0,19434.55078125,0.0011763840826304,0.0011763840826304,0.0024427444575800816,0.010563115999241424,0.007665312573351457,82.27607376098632,82.19381130218505,0.0010008351906061197,1,0.028151686732311287,0.03004691112881849,0.9368933038846563,12.0,0.08108104392795568,-0.8405173316129045,-0.006642092501725094
2023-08-16,83.19419860839844,12.130000114440918,19465.0,-0.0004709627365629,-0.0004709627365629,0.00538862998611922,0.013614092621563323,0.010914273047894829,82.29176177978516,82.19707580566406,0.0011519384746114802,1,0.028350712369855577,0.030065745486146843,0.942925877458805,12.130000114440918,0.07060901995780244,-0.7894137875442124,-0.012502846240020293
2023-08-17,83.23699951171875,12.239999771118164,19365.25,0.000514469807225,0.000514469807225,0.004731707227226822,0.014323383703462422,0.009541473680859891,82.30627777099609,82.19945331573486,0.0012995762252931975,1,0.028255758582218505,0.029862534105813965,0.946162583507407,12.239999771118164,0.09874321309646494,-0.7452879192480246,-0.01944377634593719
2023-08-18,83.09829711914062,12.140000343322754,19310.150390625,-0.0016663550271126,-0.0016663550271126,0.0027996256854057044,0.012462879214842237,0.004511320910630889,82.31789978027344,82.20469680786132,0.0013770864294615492,1,0.02921429662934515,0.02931998581714004,0.9963613369461635,12.140000343322754,0.06491234645215593,-0.7737375096261134,-0.02636999113601335
2023-08-21,83.16729736328125,11.960000038146973,19393.599609375,0.0008303448630444,0.0008303448630444,0.004437217191443077,0.013472770663344624,0.003166245463809947,82.32888366699218,82.20832080841065,0.0014665529887480933,1,0.02917518789136162,0.02903800494783899,1.0046896559908731,11.960000038146973,0.03819440650167438,-0.8295576778671329,-0.02930809217617003
2023-08-22,83.1135025024414,11.75,19396.44921875,-0.0006468270888358,-0.0006468270888358,0.0026080678182305306,0.012561829008401082,0.0034833149994499824,82.34138778686524,82.21269233703613,0.001565396366068672,1,0.02941578253158002,0.02900309489495726,1.014194121144402,11.75,-0.02083333333333337,-0.8955423137838232,-0.017652609837933708
2023-08-23,83.07330322265625,11.729999542236328,19444.0,-0.000483667257122,-0.000483667257122,-0.0014531708672530508,0.013208881330552646,0.0022041233407061878,82.35395782470704,82.21441387176513,0.001697317372590712,1,0.02907988638900703,0.028971402827312268,1.0037098601153454,11.729999542236328,-0.03297613919462239,-0.8953167430058135,-0.011607642905358762
2023-08-24,82.5447006225586,11.699999809265137,19386.69921875,-0.0063630863296825,-0.0063630863296825,-0.008317201403477914,0.008928758766568956,-0.0020431768813212736,82.35810791015625,82.21371486663818,0.0017563133322984203,1,0.036511666513072576,0.03135452665372326,1.164441181814341,11.699999809265137,-0.04411764476721858,-0.8985750229414433,-0.01493350794479853
2023-08-25,82.64140319824219,12.079999923706056,19265.80078125,0.0011715176741118,0.0011715176741118,-0.005498234461331686,0.008435613949960175,-0.0012170391380570411,82.36512802124024,82.2124798965454,0.001856751248556554,1,0.03630923530616793,0.03144575785918605,1.1546257159086266,12.079999923706056,-0.004942373799000643,-0.7592570551473297,-0.02591223612525173
2023-08-28,82.66429901123047,12.399999618530272,19306.05078125,0.0002770501480156,0.0002770501480156,-0.006048030511964897,0.008402473667698196,0.0010838709725107254,82.37751403808593,82.21239238739014,0.0020084764097088037,1,0.036308272252034236,0.031206023441700488,1.1634647668292897,12.399999618530272,0.03678926245651337,-0.6410785377668196,-0.01799854538142709
2023-08-29,82.69149780273438,12.229999542236328,19342.650390625,0.000329027062822,0.000329027062822,-0.005077450558585661,0.0038433671144961767,0.0013538575701923516,82.39309005737304,82.2159748840332,0.0021542671432124294,1,0.03212501742922194,0.031214544503964478,1.02913525744015,12.229999542236328,0.040851024871176866,-0.6946169535498068,-0.01544332721131736
2023-08-30,82.49469757080078,11.800000190734863,19347.44921875,-0.0023799330906192,-0.0023799330906192,-0.006965001142480998,0.002940903933285055,-0.0022882490719299264,82.40468795776367,82.22142238616944,0.0022289272828861506,1,0.03278772810290443,0.03144315528458181,1.0427288571170943,11.800000190734863,0.005967659951433335,-0.8399862829424435,-0.020570803917679625
2023-08-31,82.70040130615234,12.0600004196167,19253.80078125,0.002493538874726,0.002493538874726,0.00188625898960737,0.005680205646750203,0.0004064491782094226,82.41906799316406,82.2282053756714,0.00232113320022842,1,0.03393659454662294,0.03186824062123128,1.0648698834704706,12.0600004196167,0.03076928343763563,-0.7414262748192244,-0.02431138751044437
2023-09-01,82.68240356445312,11.369999885559082,19435.30078125,-0.0002176258085204,-0.0002176258085204,0.0004961237905483085,0.004557394378404078,0.004930930255934385,82.43288009643555,82.23920288085938,0.0023550473349889245,1,0.03381668860014974,0.030433546025354804,1.1111284055946586,11.369999885559082,-0.0587748379661539,-0.9807847820225551,-0.004673124353719471
2023-09-04,82.6969985961914,10.960000038146973,19528.80078125,0.0001765192000846,0.0001765192000846,0.0003955708250364953,-0.00043876721352109627,0.0034850337685552457,82.4479901123047,82.25020286560058,0.0024047022355349057,1,0.028190570683020433,0.030260157776142584,0.931576078204299,10.960000038146973,-0.1161290019905643,-1.119201104367843,0.007592252860787241
2023-09-05,82.7345962524414,10.81999969482422,19574.900390625,0.0004546435407357,0.0004546435407357,0.0005211956591939515,-0.0006004218712445386,0.002707466397310121,82.46429611206055,82.2589158630371,0.0024967536572619853,1,0.02813616612155179,0.030170263594735208,0.9325484838646753,10.81999969482422,-0.11529026166703193,-1.1633231402951338,0.0029666644784034357
2023-09-06,83.08609771728516,10.68000030517578,19611.05078125,0.004248542698767,0.004248542698767,0.007168947385700841,0.004725788395612218,0.006894333364091176,82.48632202148437,82.26898933410645,0.002641732797947771,1,0.03189023225248139,0.03135778804976647,1.0169472175350498,10.68000030517578,-0.09491524300469811,-1.2056230457005657,0.0007016272370099497
2023-09-07,83.25740051269531,10.869999885559082,19727.05078125,0.0020617504024926,0.0020617504024926,0.006735145147373389,0.006152414925892025,0.007737983104501689,82.51134002685546,82.27779983520507,0.0028384350592522978,1,0.03260293537765152,0.031530672022167715,1.033974200756962,10.869999885559082,-0.09867334101597314,-1.1313300358334326,0.00798131787800238
2023-09-08,83.24150085449219,10.779999732971191,19819.94921875,-0.0001909699090436,-0.0001909699090436,0.006761986419555832,0.004786041739956781,0.009131044979488356,82.53620208740234,82.28638282775879,0.0030359732808584727,1,0.03238160849074488,0.031361795149035344,1.0324847749337442,10.779999732971191,-0.05189095501550911,-1.1578737547090723,0.00954529238650803
2023-09-11,83.03130340576172,11.350000381469728,19996.349609375,-0.0025251520764612,-0.0025251520764612,0.004042526515414702,0.0019911702413268895,0.007113875777851719,82.55532012939453,82.29393985748291,0.003176178857936307,1,0.033555993431179355,0.03177002681156329,1.0561822137572972,11.350000381469728,0.03558397280705616,-0.9438772853559866,0.023192329213866048
2023-09-12,82.94329833984375,11.6899995803833,19993.19921875,-0.0010599022574402,-0.0010599022574402,0.002522549173571198,0.0017319115858951406,0.007361217245835716,82.57226013183593,82.3000178527832,0.0033079249088343587,1,0.03363634219642735,0.03173142847464628,1.0599989919870858,11.6899995803833,0.08040664603486514,-0.8130576458472116,0.029076059911795182
2023-09-13,82.84300231933594,11.829999923706056,20070.0,-0.0012092118653983,-0.0012092118653983,-0.0029258251937211988,-0.0006550080691066773,0.006715299611059544,82.59011810302735,82.30565788269043,0.0034561441783549363,1,0.03350336224720827,0.031807874912304454,1.053270898124358,11.829999923706056,0.10767786382674172,-0.755431570931351,0.0326968822640894
2023-09-14,82.93679809570312,11.31999969482422,20103.099609375,0.0011322112156875,0.0011322112156875,-0.003850737772473467,-0.003093971899494008,0.010869644057050598,82.60871200561523,82.31217739105224,0.0036025606898260065,1,0.03381195358912169,0.03127977077719214,1.0809181726997314,11.31999969482422,0.04139832695517942,-0.9393089714800118,0.032781896191882876
2023-09-15,83.0282974243164,10.899999618530272,20192.349609375,0.0011032416335592,0.0011032416335592,-0.0025612636483869355,-0.002507323529519545,0.013619385382203752,82.62139602661132,82.3190418624878,0.0036729553367325085,1,0.03401761827069713,0.031145361829353638,1.0921859335313282,10.899999618530272,0.011131715077139948,-1.0888591555222986,0.042710505125159726
2023-09-18,83.08580017089844,10.84000015258789,20133.30078125,0.0006925680565044,0.0006925680565044,0.000656339993488908,-0.00015038753711482666,0.014295311508515152,82.62774398803711,82.32612236022949,0.00366374146091597,1,0.03364360506649186,0.031163360859416626,1.0795538281134396,10.84000015258789,-0.044933939360431774,-1.1035128220739048,0.04262786016543063
2023-09-20,83.19499969482422,11.130000114440918,19901.400390625,-0.0007194576878053,-0.0007194576878053,0.0030346195535795317,0.0003330916408401663,0.01480335985428649,82.63933792114258,82.33384586334229,0.0037104067543176633,1,0.03358704544371492,0.031183064591337805,1.077057974445211,11.130000114440918,-0.047904147651305684,-0.9866538102576702,0.026183936529478702
2023-09-21,83.08699798583984,10.81999969482422,19742.349609375,-0.0012981754838697,-0.0012981754838697,0.0029452779314222965,-0.00031889543580221336,0.013357428502863478,82.65057189941406,82.34112636566162,0.003758092066633134,1,0.03380094574007939,0.03131421612059758,1.0793776932565005,10.81999969482422,-0.0853761821974236,-1.0963770924900396,0.01783318104896381
2023-09-22,82.89129638671875,10.65999984741211,19674.25,-0.0023553817548498,-0.0023553817548498,-0.000548631126702892,-0.002190918488574778,0.011591179188241263,82.66039978027344,82.3490563583374,0.0037807770447451094,1,0.03467241347602853,0.031669701654654714,1.0947788228409094,10.65999984741211,-0.05830387501811318,-1.149604416609534,0.011841699238839709
2023-09-25,82.97480010986328,10.899999618530272,19674.55078125,0.0010073883119761,0.0010073883119761,-0.0006443262852871001,0.005210503933757549,0.012884679109119057,82.67985977172852,82.35811935424805,0.003906602287706118,1,0.026630137033991863,0.03171480674950463,0.8396487355443922,10.899999618530272,0.0,-1.0540790098043296,0.014847889228177813
2023-09-26,83.0282974243164,11.1899995803833,19664.69921875,0.0006447417093176,0.0006447417093176,-0.0006920887379522345,0.004681602817732111,0.012727909925188241,82.6998097229004,82.36614833831787,0.004050952864907753,1,0.026437858956677857,0.0317024929141607,0.8339099741552171,11.1899995803833,0.03228776963733271,-0.9388453748165901,0.02070500167780298
2023-09-27,83.29869842529297,11.59000015258789,19716.44921875,0.0032567330580641,0.0032567330580641,0.0012464538836365335,0.007674406263050937,0.015757265305864188,82.72424774169922,82.37314682006836,0.0042623225551621235,1,0.028579278347306274,0.03232404525987111,0.8841218354854122,11.59000015258789,0.04132974244538712,-0.7780933745077533,0.021257503264136224
2023-09-28,83.22270202636719,12.81999969482422,19523.55078125,-0.0009123359711789,-0.0009123359711789,0.0016332764911120012,0.0064239279460147625,0.01493083074378565,82.74746978759765,82.37739933013916,0.004492378497837679,1,0.028868379479168645,0.032390203204724854,0.8912413440374348,12.81999969482422,0.18484288876243737,-0.2908225905792045,0.00935240967353046
2023-09-29,83.19300079345703,11.449999809265137,19638.30078125,-0.0003568885915377,-0.0003568885915377,0.0036397597804564974,0.008464825536901088,0.013616741063938065,82.76982177734375,82.382096824646,0.004706422483067518,1,0.027394787818419496,0.0323911773572313,0.8457223333986168,11.449999809265137,0.07410881549353987,-0.8254055559868189,0.015033070210523247
2023-10-03,83.3593978881836,11.789999961853027,19528.75,0.0039092070895703,0.0039092070895703,0.004635115454464378,0.007968481066877642,0.015385586169300636,82.79577575683594,82.38749782562256,0.004955581149915789,1,0.0291986741868837,0.03326566787141321,0.877715625134033,11.789999961853027,0.0816514105018622,-0.686764516463504,0.014280256759369614
2023-10-04,83.22979736328125,11.65999984741211,19436.099609375,-0.0015547200218046,-0.0015547200218046,0.0024268827040385688,0.006620438874898271,0.015615521455189407,82.81872375488281,82.39158180236817,0.00518429120027375,1,0.02989870539303017,0.0332145940593142,0.9001406188803683,11.65999984741211,0.042001812748299505,-0.7391539364993335,4.110191727879631e-05
2023-10-05,83.44979858398438,10.9399995803833,19545.75,0.0026432987664606,0.0026432987664606,0.0018139558186125448,0.009103111365248884,0.0175923251217458,82.84791366577149,82.39560729980468,0.005489447566313199,1,0.030962377425394278,0.03356364127911594,0.9224700829637408,10.9399995803833,-0.05608287865806916,-1.039941577697993,0.0008679088357679277
2023-10-06,83.22489929199219,10.300000190734863,19653.5,-0.0026950249827847,-0.0026950249827847,2.6402238469724892e-05,0.005926215413619262,0.01008328210438969,82.87612762451172,82.3997193145752,0.005781673941360976,1,0.03279541182546576,0.03278417106128268,1.0003123596385677,10.300000190734863,-0.19656782871116207,-1.3209228808876015,0.004015326147592813
2023-10-09,83.12460327148438,11.399999618530272,19512.349609375,-0.0012051203589436,-0.0012051203589436,-0.0008221547644671201,0.0004634416016291443,0.004303588843558082,82.89961761474609,82.4028023147583,0.006029106851124677,1,0.029776933856304613,0.031609069348868625,0.9420078623576438,11.399999618530272,-0.004366828957883984,-0.8486642311726704,-0.005032936428341128
2023-10-10,83.27030181884766,11.270000457763672,19689.849609375,0.0017527728449713,0.0017527728449713,-0.0010688185326800381,0.00015495686957422983,0.007928298453172777,82.92551361083984,82.40486431121826,0.006318186480536392,1,0.029527865894557297,0.031571571249582236,0.9352379209516553,11.270000457763672,-0.04410513195689847,-0.9049799640056249,-0.0018857949060666623
2023-10-11,83.25029754638672,10.989999771118164,19811.349609375,-0.0002402329765113,-0.0002402329765113,0.00024630821838944605,0.00010567675743744509,0.008785166273511225,82.94302154541016,82.40748580932618,0.006498629715789406,1,0.02953243299369874,0.03149137856214999,0.9377644478462206,10.989999771118164,-0.057461413813195694,-1.0373301824167622,-0.00043388654935927473
2023-10-12,83.21800231933594,10.619999885559082,19794.0,-0.0003879292687547,-0.0003879292687547,-0.0027776731469897342,0.0022485364665643104,0.009928409528606519,82.96232559204101,82.41066631317139,0.006694027648960432,1,0.028123842149493032,0.031339533184350024,0.8973632319547372,10.619999885559082,-0.029250430264916583,-1.2079795142985594,-0.010119327443651627
2023-10-13,83.26239776611328,10.619999885559082,19751.05078125,0.0005334836879042,0.0005334836879042,0.00045056797232678747,0.003847199625002684,0.015372799386684566,82.98290756225586,82.4137937927246,0.006905564509778639,1,0.02783436272049025,0.029707928189914582,0.9369022854866672,10.619999885559082,0.031067930961017565,-1.2081234033885269,-0.012111540271799504
2023-10-16,83.28230285644531,11.06999969482422,19731.75,0.0002390645821652,0.0002390645821652,0.0018971469186552792,0.0053028080201149574,0.015256501128493971,83.00240768432617,82.41581230163574,0.007117510175638886,1,0.027373122388025913,0.029706052448534297,0.9214351519878393,11.06999969482422,-0.02894736269724507,-0.9933695857753925,-0.016853512705530593
2023-10-17,83.19950103759766,10.699999809265137,19811.5,-0.0009942306589478,-0.0009942306589478,-0.0008502524874237638,0.0031675076434876104,0.013678695887793024,83.0117317199707,82.41743530273438,0.007210809400381768,1,0.02749763446059065,0.02978683264109886,0.9231163204083408,10.699999809265137,-0.050576807927800393,-1.1727991950035863,-0.014505206412995797
2023-10-18,83.26429748535156,10.970000267028809,19671.099609375,0.0007788081292052,0.0007788081292052,0.00016816683396281285,0.0028424051601236844,0.014656035927183897,83.02133163452149,82.41924228668213,0.007305203628845236,1,0.027378014450121606,0.029804987324710114,0.9185407667212002,10.970000267028809,-0.0018197911288327928,-1.0482577113211633,-0.02581423212670564
2023-10-19,83.26860046386719,10.899999618530272,19624.69921875,5.1678554261247456e-05,5.1678554261247456e-05,0.0006080192160475839,0.0022001388034147418,0.014537841286502484,83.0327976989746,82.421704788208,0.007414223138636489,1,0.027302114009412928,0.02980586996294782,0.9159671593612985,10.899999618530272,0.02636532353940324,-1.0898838387958616,-0.02526170785535853
2023-10-20,83.12229919433594,10.81999969482422,19542.650390625,-0.0017569800466952,-0.0017569800466952,-0.001682615148447697,-0.0008738566110338963,0.012924425094814618,83.04027770996093,82.42305629730225,0.007488455783929426,1,0.027923917245893756,0.030046423942351602,0.9293281613581262,10.81999969482422,0.018832373956716886,-1.1402091675755566,-0.01802636965029847
2023-10-23,83.15979766845703,10.90999984741211,19281.75,0.0004511241205373,0.0004511241205373,-0.0014709630231940496,0.0008761862190471703,0.013125837461463785,83.04657363891602,82.42467979431153,0.007544995578465219,1,0.02751388158153216,0.030052094364556695,0.9155091069084995,10.90999984741211,-0.014453464482652056,-1.0919681801952008,-0.02333053656168038
2023-10-25,82.98780059814453,11.3100004196167,19122.150390625,-0.0005010645209012,-0.0005010645209012,-0.0025444916954184826,0.0011642261085598182,0.01216604307600333,83.04900360107422,82.42586978912354,0.007559930074682697,1,0.026114361782603818,0.029971457752717427,0.8712786251316404,11.3100004196167,0.05700940385282638,-0.8785608163834981,-0.028062040960900703
2023-10-26,83.1709976196289,11.729999542236328,18857.25,0.0022075174924984,0.0022075174924984,-0.0011205266667754232,0.0023645433252728054,0.016583872263954413,83.05642562866211,82.428194770813,0.007621553032865602,1,0.02688854323177921,0.029878546853103375,0.8998979590946001,11.729999542236328,0.06927978639086785,-0.647538538331683,-0.04154101358333906
2023-10-27,83.28250122070312,10.90999984741211,19047.25,0.0013406548468273,0.0013406548468273,0.00016693875913009748,0.003061652524170233,0.016258642757102315,83.06412963867187,82.43067878723144,0.0076846492199278416,1,0.02711485239677284,0.02982261010144368,0.9091740505104137,10.90999984741211,0.0009174522231025772,-1.0903309072698235,-0.031398864121006786
2023-10-30,83.41339874267578,11.489999771118164,19140.900390625,0.0015717289953356,0.0015717289953356,0.003502063238882025,0.0013769761058832763,0.017540566305617178,83.06851364135743,82.43441329956055,0.007692179957569545,1,0.02538232321388544,0.029945219436911228,0.8475969151084092,11.489999771118164,0.06192237478661289,-0.766996105596278,-0.02919130223395716
2023-10-31,83.29650115966797,11.829999923706056,19079.599609375,-0.0014014245285512,-0.0014014245285512,0.0016438651252610459,0.0008867668497161141,0.011187878014378594,83.0697036743164,82.4376697921753,0.007666809163025201,1,0.02571455716917898,0.028596020373704144,0.8992040720726386,11.829999923706056,0.08432631431357662,-0.5727731369532866,-0.022739263817797006
2023-11-01,83.2771987915039,12.050000190734863,18989.150390625,-0.0002317308397751,-0.0002317308397751,0.003487237778004859,0.0010120803101683062,0.012454272728259275,83.07328170776367,82.44268878936768,0.007648864049146775,1,0.025683498933024296,0.028417049480575877,0.9037741647462229,12.050000190734863,0.0654288013848936,-0.4429691593503599,-0.03305532377041431
2023-11-02,85.19400024414062,11.079999923706056,19133.25,0.0230171220988797,0.0230171220988797,0.024323414199786786,0.02200834461901846,0.036003675099733456,83.11381576538086,82.45775829315185,0.00795628556741268,1,0.08258279575438818,0.053815670663833776,1.5345207114398103,11.079999923706056,-0.05541343937736842,-0.9903237860782022,-0.020252192280611925
2023-11-03,83.24729919433594,10.880000114440918,19230.599609375,-0.0228502129753975,-0.0228502129753975,-0.000422682146323905,0.00021028323520111414,0.011420645295008969,83.11649169921876,82.46580780029296,0.00789034772449626,1,0.11704613627206055,0.07127531946123747,1.6421461876368952,10.880000114440918,-0.002749746415285914,-1.0999072672712498,-0.010573109015189264
2023-11-06,83.15850067138672,11.109999656677246,19411.75,-0.0010666835297794,-0.0010666835297794,-0.003055840849686575,-0.0034906964131793394,0.005139422939041349,83.11819564819336,82.47344131469727,0.00781772075007603,1,0.11673980823309874,0.07057585242517309,1.6540806825703722,11.109999656677246,-0.033072247346436434,-0.9605076683806345,-0.006855710320657904
2023-11-07,83.2228012084961,11.1899995803833,19406.69921875,0.0007732286728385,0.0007732286728385,-0.0008847904791414729,-2.5209805165737897e-05,0.005296891335345721,83.13175765991211,82.48397731781006,0.00785340817897473,1,0.11637334012513131,0.0705816651026763,1.6487524232167134,11.1899995803833,-0.054099775777704195,-0.9075944686257134,-0.012557599473376202
2023-11-08,83.23269653320312,11.039999961853027,19443.5,0.00011890160585,0.00011890160585,-0.0005343870704896947,0.0013003762720613654,0.00649854719579368,83.14358352661132,82.49375080108642,0.007877357002372465,1,0.11627671381188004,0.07054453838406184,1.6482504276719803,11.039999961853027,-0.08381744505352096,-0.9891430162115983,-0.003528514543523764
2023-11-09,83.21769714355469,10.979999542236328,19395.30078125,-0.0001802103052428,-0.0001802103052428,-0.02319767935444328,-0.0006317339332744254,0.005672606038086947,83.15465148925782,82.50157627105713,0.007915912007002479,1,0.11613626129689415,0.07053669806550061,1.646442462426987,10.979999542236328,-0.009025305248944404,-1.019958345049178,-0.014959424981324188
2023-11-10,83.31939697265625,11.109999656677246,19425.349609375,0.0012220937684219,0.0012220937684219,0.0008660674762792642,0.0008300201717721389,0.005726305087368155,83.16720947265625,82.5105457687378,0.007958542726877127,1,0.11619748325482067,0.07054019984121208,1.6472286198190655,11.109999656677246,0.021139663586129176,-0.9369197223335732,-0.019483781146204193
2023-11-13,83.29889678955078,11.1899995803833,19443.55078125,-0.0002460433446511,-0.0002460433446511,0.0016882954482171364,0.0009720789728215884,0.005220388581563595,83.18329345703125,82.51986026763916,0.008039679020787949,1,0.11619040378293331,0.07054163336131793,1.6470947885912968,11.1899995803833,0.007200713427382821,-0.8829209725509469,-0.017704820589572567
2023-11-15,82.98159790039062,11.140000343322754,19675.44921875,-0.0025962697787668,-0.0025962697787668,-0.0028982839390515602,-0.0033724691247954963,0.002194467244609477,83.18891738891601,82.52856925964356,0.008001448894563001,1,0.1165642917656874,0.07072089758501987,1.648206506698397,11.140000343322754,-0.004468207232840138,-0.9063467810682622,-0.0038277235645493013
2023-11-16,83.18620300292969,11.649999618530272,19765.19921875,0.0024656683857144,0.0024656683857144,-0.0005585969481943787,-0.0011539048539672692,0.003485062604027478,83.19899337768555,82.53962028503418,0.007988564647794183,1,0.11687721215297764,0.07085328362142802,1.6495433469830634,11.649999618530272,0.05525359228125004,-0.5938942860289218,0.0016951977776933358
2023-11-17,83.12030029296875,11.829999923706056,19731.80078125,-0.000792231254486,-0.000792231254486,-0.0011703862751443195,-0.0009519377356976833,-0.0008882628436333029,83.20745941162109,82.54778179168702,0.007991463920845154,1,0.1168553997528412,0.07086566749876548,1.6489472960595595,11.829999923706056,0.07741351702247945,-0.4787997981216101,-0.0040228765489740415
2023-11-20,83.29149627685547,12.149999618530272,19694.0,0.0020596170043096,0.0020596170043096,-0.0003348643510938665,0.00032665610982540727,0.0006547180395306551,83.21859741210938,82.5562297821045,0.008023230127552017,1,0.11703143113827276,0.07097520098775108,1.6488827171585274,12.149999618530272,0.09360936039525192,-0.27915800647886185,0.0011641642348294567
2023-11-21,83.32219696044922,12.229999542236328,19783.400390625,0.0003685932534061,0.0003685932534061,0.0002797176408866342,0.0006436579488962035,0.0026943974674664695,83.22331939697266,82.56561527252197,0.007965835684501599,1,0.11703240260233037,0.07089038016140287,1.650869292372011,12.229999542236328,0.0929401251878692,-0.22472524181626524,0.008086807859117195
2023-11-22,83.345703125,11.869999885559082,19811.849609375,0.0002821116750191,0.0002821116750191,0.004387782759334602,0.0026876534074418146,0.002145143191794041,83.22508544921875,82.57480377197265,0.007875061732412147,1,0.11681811860221036,0.07087573440808947,1.6481870895688078,11.869999885559082,0.06552957986880892,-0.4396980665033092,0.013774959556107191
2023-11-23,83.54830169677734,11.31999969482422,19802.0,0.0024308220361821,0.0024308220361821,0.004352869595874109,0.004671776978934172,0.005231390583295026,83.23122146606445,82.58464576721191,0.007829248316631343,1,0.11705437042684667,0.07101354489370894,1.6483154345641147,11.31999969482422,-0.02832617463619136,-0.7710550173806215,0.02698147211741664
2023-11-24,83.34400177001953,11.329999923706056,19794.69921875,-0.0024452911981296,-0.0024452911981296,0.0026912977487125733,0.004292211256445411,0.0032585504230853157,83.23747543334962,82.59252376556397,0.007808838359466108,1,0.11743202973729483,0.07119113886188741,1.6495083813272235,11.329999923706056,-0.04226542715338932,-0.7584161965365342,0.035171192276300056
2023-11-28,83.364501953125,12.18000030517578,19889.69921875,0.0006001722679387,0.0006001722679387,0.0008765081614918735,0.0023265842545385773,0.009931604626140844,83.24589950561523,82.6007947921753,0.007809909275849236,1,0.11723281960185702,0.06997196770784579,1.6754015649490905,12.18000030517578,0.0024691923940272087,-0.22809246779546175,0.05475078384971299
2023-11-29,83.41809844970703,12.710000038146973,20096.599609375,0.0006429174927737,0.0006429174927737,0.0011509716828919103,0.0016281599017369253,0.009398379279713875,83.25740142822265,82.60765579223633,0.007865440917733668,1,0.11717304038369816,0.06995055739368074,1.675059780645903,12.710000038146973,0.03924779344863927,0.10591161716557719,0.055091921898174245
2023-11-30,83.3302993774414,12.6899995803833,20133.150390625,-0.0010525182651887,-0.0010525182651887,-0.00018481753684995716,-0.0009962352150489906,0.00805668679438587,83.26527145385742,82.61317729949951,0.007893343116363472,1,0.11713243832366806,0.069995584674407,1.6734021933858072,12.6899995803833,0.06908169357455707,0.09643219202843385,0.05183925414950652
2023-12-01,83.35269927978516,12.380000114440918,20267.900390625,0.0002688086147668,0.0002688086147668,-0.0023411896234837304,0.0006746756386497577,0.007996003151716113,83.2717594909668,82.61616580963135,0.007935416451619215,1,0.117013915485234,0.06999518374333069,1.6717185027445616,12.380000114440918,0.09363961556477385,-0.09273751517997764,0.062281222120935675
2023-12-04,83.21859741210938,12.989999771118164,20686.80078125,-0.0016088485296157,-0.0016088485296157,-0.0015046596665252432,-0.000703690568906512,0.008775107523575132,83.27441543579101,82.61854930877685,0.00793848515256479,1,0.11716511601107511,0.06989731198037705,1.6762223963858747,12.989999771118164,0.14651366801325794,0.2892889057729332,0.089401071438306
2023-12-05,83.41709899902344,13.460000038146973,20855.099609375,0.0023853032024927,0.0023853032024927,0.0006309285687091659,-0.020857117168170514,0.00866619365265131,83.278857421875,82.62233730316161,0.007946036630559705,1,0.08308775928772212,0.06988318545301513,1.188935075212175,13.460000038146973,0.10509028743022841,0.5823163625847605,0.08999253181634059
2023-12-06,83.31590270996094,13.739999771118164,20937.69921875,-0.0012131360389754,-0.0012131360389754,-0.001225102725252225,0.0008240929890692694,0.0076618375639501135,83.28343551635743,82.62625080108643,0.007953703682539004,1,0.02369376600647748,0.0699353796742266,0.3387902850683199,13.739999771118164,0.08103853106843562,0.7564614935147983,0.08876996266631143
2023-12-07,83.28959655761719,12.670000076293944,20901.150390625,-0.0003157398706382,-0.0003157398706382,-0.0004884516211787204,0.0015764580310138054,0.007165894427673569,83.29140151977539,82.6301337814331,0.008002743164998716,1,0.023362316179945605,0.06994236586404778,0.33401761398437757,12.670000076293944,-0.0015760051024961141,0.09114298505851873,0.07672674491609466
2023-12-08,83.35489654541016,12.470000267028809,20969.400390625,0.0007840113350505,0.0007840113350505,2.63610614170684e-05,0.001587249347485109,0.007497471687371027,83.29900344848633,82.63392127990723,0.008048536947995677,1,0.023365965117025465,0.0699509024040749,0.33402901585224554,12.470000267028809,0.0072698022419974695,-0.030502706298235996,0.08052380027434958
2023-12-11,83.43009948730469,12.760000228881836,20997.099609375,0.0009022018502964,0.0009022018502964,0.002541524151722152,0.002371699612337075,0.004140304809958195,83.30703948974609,82.63673377990723,0.008111473907283617,1,0.02350936353379239,0.06947758690503993,0.33836847554087257,12.760000228881836,-0.01770589270892109,0.1524431962727379,0.07990328949906145
2023-12-12,83.34349822998047,12.710000038146973,20906.400390625,-0.0010380097573465,-0.0010380097573465,-0.0008823223287089954,0.0015117107387478956,0.0010341148865442573,83.30793548583985,82.63976276397705,0.008085365924526355,1,0.023864071151339296,0.06940253147872778,0.3438451998462592,12.710000038146973,-0.05572065363108658,0.12307276157508995,0.07791060455405896
2023-12-13,83.39600372314453,12.06999969482422,20926.349609375,0.000629989072683,0.000629989072683,0.0009614132545912035,0.0009194347687540017,0.0018560798047408955,83.31140151977539,82.64326629638671,0.008084569419031906,1,0.023615073080887696,0.06940923317529195,0.34022466141626484,12.06999969482422,-0.12154294789759224,-0.2738299640363355,0.07727016657016006
2023-12-14,83.2853012084961,12.31999969482422,21182.69921875,-0.001327431887695,-0.001327431887695,-5.1571256178717384e-05,-0.00016321441914213253,0.0030590607676375114,83.31324752807618,82.64590278625488,0.00807474683345455,1,0.024117821621209783,0.0692672410648387,0.3481800786399966,12.31999969482422,-0.027624339334029413,-0.11305628438644155,0.08944603056644951
2023-12-15,83.29660034179688,13.130000114440918,21456.650390625,0.0001356677965598,0.0001356677965598,-0.0006993734744967783,0.003796051767819275,0.0042595605555200144,83.31199157714843,82.64889827728271,0.008023014386000282,1,0.02208621610139155,0.06922673275128773,0.31903711451507444,13.130000114440918,0.05292701148990164,0.39861074524526074,0.09052912348133724
2023-12-18,83.04170227050781,13.899999618530272,21418.650390625,-0.0030601257463463,-0.0030601257463463,-0.0046553608252136724,-0.0017370757073356113,0.0023985121930509834,83.30822967529296,82.64980079650879,0.007966490813514415,1,0.02320499763279468,0.06947023133115988,0.3340231227827188,13.899999618530272,0.08934164335421291,0.8808856796582983,0.08365466765983687
2023-12-19,83.11119842529297,13.869999885559082,21453.099609375,0.0008368825889282,0.0008368825889282,-0.0027872576700163076,-0.00010950234351536636,0.0021028100143025696,83.30145767211914,82.65118030548096,0.007867732369153613,1,0.023247814214766804,0.06945482286119403,0.33471368212319735,13.869999885559082,0.09126670683954052,0.8604400187938512,0.08723475607764364
2023-12-20,83.09159851074219,14.449999809265137,21150.150390625,-0.0002358276011191,-0.0002358276011191,-0.003650117497391081,-0.002399978089585919,0.0007624037634095249,83.29879165649415,82.6535488128662,0.007806595758989454,1,0.022029148609956365,0.06942709383841726,0.3172944465568315,14.449999809265137,0.19718311305852754,1.2188563496518385,0.07393878290976952
2023-12-21,83.26719665527344,13.760000228881836,21255.05078125,0.0021133080561515,0.0021133080561515,-0.0002173799333130555,-0.0006600918744603668,0.002183242912770833,83.30164352416992,82.6552947998047,0.0078198102847582,1,0.023286618152964008,0.06953699515114818,0.33487617959574595,13.760000228881836,0.11688316312723424,0.7835544617955725,0.07438814165245278
2023-12-22,83.13159942626953,13.710000038146973,21349.400390625,-0.0016284591585961,-0.0016284591585961,-0.001980884151937534,-0.002568863069153826,-0.0007620682587565764,83.29886947631836,82.6576927947998,0.007757011596129404,1,0.023913061195535858,0.06960383468653487,0.34355460081513367,13.710000038146973,0.044173641938368924,0.7494741414555339,0.07760763439888163
2023-12-26,83.17230224609375,14.68000030517578,21441.349609375,8.779330831520937e-05,8.779330831520937e-05,0.0015727034973405107,-0.004500384125678769,0.0010266860317718063,83.2973095703125,82.66037731170654,0.0077054119436708035,1,0.022091022243253072,0.0695476757222292,0.31763397381543995,14.68000030517578,0.0561151588526434,1.3500896404323308,0.08278707248636508
2023-12-27,83.18280029296875,15.5600004196167,21654.75,0.0001262204675294,0.0001262204675294,0.0008615188931506701,-0.0019341701097530528,0.003516701016353041,83.29660552978515,82.6641918182373,0.007650394900592605,1,0.020564770617608395,0.06936852216939156,0.2964525338287878,15.5600004196167,0.12184574967568551,1.8851498250909369,0.09396711517031364
2023-12-28,83.26719665527344,15.140000343322754,21778.69921875,0.0010145890978356,0.0010145890978356,0.0021133080561515083,-0.0011672270039624344,0.0035239198530518934,83.29670150756836,82.6687493133545,0.0075960045292764455,1,0.02078981885794801,0.06936889013148827,0.29969513889299254,15.140000343322754,0.04775090264120263,1.6135810492431564,0.09497378412938695
2023-12-29,82.302001953125,14.5,21731.400390625,-0.0115915359339446,-0.0115915359339446,-0.011591535933944686,-0.013379548531125107,-0.008747565513473887,83.27709548950196,82.67169681549072,0.007322925467011965,0,0.044803913301722856,0.07321636086198677,0.6119301866968043,14.5,0.053779052239034675,1.2144608055101394,0.08134713399411964
2024-01-02,83.20259857177734,14.579999923706056,21665.80078125,-0.000552533276635,-0.000552533276635,0.0008540572537736324,-0.0015324654611601485,-0.0011536777324535619,83.27715744018555,82.67733680725098,0.0072549583247094596,1,0.044781703865689165,0.07291171480770887,0.614182368381029,14.579999923706056,0.06345732189193143,1.270975887208463,0.07612571112262079
2024-01-03,83.25700378417969,14.100000381469728,21517.349609375,0.0006538883801257,0.0006538883801257,0.0010183863593833387,-0.0011480791435950488,0.000412168278333791,83.27701156616212,82.68379932403565,0.007174467634242232,1,0.04489909538714408,0.07290945470682854,0.6158114850288952,14.100000381469728,-0.03950953076626018,0.980101844258545,0.06164670215805579
2024-01-04,83.31809997558594,13.329999923706056,21658.599609375,0.0007338264485787,0.0007338264485787,0.0016265343573511615,0.0011956770069532219,0.0015037224398177784,83.27800155639649,82.69029781341553,0.007107287777667448,1,0.044978627098872855,0.07292591389335451,0.6167630672627646,13.329999923706056,-0.1433162233787122,0.513931112742695,0.04697675771141063
2024-01-05,83.2406005859375,12.630000114440918,21710.80078125,-0.000930162709797,-0.000930162709797,-0.0003194063257112578,-0.002115854125879002,-0.0014251218849427039,83.28036758422851,82.69671081542968,0.007057799071374049,1,0.04374566410411888,0.07249266098986797,0.6034412320579722,12.630000114440918,-0.16578600871623028,0.08209427342318205,0.04103078805197047
2024-01-08,83.19110107421875,13.460000038146973,21513.0,-0.0005946558694953,-0.0005946558694953,0.010802885713522947,-0.0014979329477669001,-0.00046493311636452983,83.28099365234375,82.70057933807374,0.007018261769331957,1,0.043699692809260074,0.07244248068034889,0.6032246435270208,13.460000038146973,-0.07172413530020882,0.6142773230842122,0.027476790799191964
2024-01-09,83.05069732666016,13.260000228881836,21544.849609375,-0.0016877255589312,-0.0016877255589312,-0.0018256790980649695,-0.0028682961718006217,-0.004782531103685761,83.28225158691406,82.7043083190918,0.006988067243032026,1,0.04383312754171159,0.07228500809621467,0.6063846752108443,13.260000228881836,-0.09053495896649444,0.49314079808548295,0.030797310517354237
2024-01-10,83.131103515625,12.970000267028809,21618.69921875,0.0009681579029805,0.0009681579029805,-0.0015121883184873175,-0.0026848216368817734,-0.001127015798939035,83.28145370483398,82.70638534545898,0.006953131332882778,1,0.0439160636212596,0.07214303508753526,0.6087275762711979,12.970000267028809,-0.08014184991980355,0.3145616795833169,0.030964110371762832
2024-01-11,83.02559661865234,12.770000457763672,21647.19921875,-0.0012691627142038,-0.0012691627142038,-0.003510682036907964,-0.004848404486367586,-0.0011910631622346068,83.27631561279297,82.70839931488037,0.006866488804244453,1,0.0435682892119164,0.07214697094543451,0.603874074918435,12.770000457763672,-0.042010462801765125,0.1921968154391875,0.030961400453838772
2024-01-12,83.07610321044922,13.100000381469728,21894.55078125,0.0006083255508402,0.0006083255508402,-0.0019761675712377524,-0.0032083488839572682,-0.00233214728608655,83.26956970214843,82.71111484527587,0.006751871957199951,1,0.04382329881491435,0.07206075466205031,0.6081353281006477,13.100000381469728,0.037213005761687956,0.40862744842367843,0.047265448482853856
2024-01-15,82.87210083007812,13.789999961853027,22097.44921875,-0.0024556084419885,-0.0024556084419885,-0.0038345476862486905,-0.0062821102891889025,-0.004542887262329209,83.26108169555664,82.71282985687256,0.006628377237639871,1,0.04393541282673888,0.07220622963372142,0.6084627958946184,13.789999961853027,0.02451708192948021,0.8608686592552632,0.055962919058293314
2024-01-16,82.8593978881836,13.56999969482422,22032.30078125,-0.000153283695807,-0.000153283695807,-0.0023034055659295616,-0.00511378735662249,-0.0043092170102360106,83.25272567749023,82.71374183654785,0.006516255086216116,1,0.0439661882784278,0.07220527401193494,0.6088970644179846,13.56999969482422,0.023378541522734553,0.7251838432724705,0.04010827674633499
2024-01-17,83.08899688720703,15.079999923706056,21571.94921875,0.0027709469882133,0.0027709469882133,-0.0005065087149968006,-0.0024923400683577457,-0.002082583297605023,83.21062561035156,82.71655780792236,0.005973021793006517,1,0.04559334582238048,0.07243550157599528,0.6294250112914018,15.079999923706056,0.16268308506061513,1.7063848722511559,0.005373570712387421
2024-01-18,83.17759704589844,14.06999969482422,21462.25,0.0010663284190526,0.0010663284190526,0.0018307658533820437,0.0016364642303206,-0.001257239617009076,83.20923156738282,82.72111930847169,0.005900696980307263,1,0.045115526947248,0.07247295298521511,0.622506777799904,14.06999969482422,0.10180103292558607,1.0533506577834528,0.002035590878969762
2024-01-19,83.16059875488281,13.880000114440918,21622.400390625,-0.0002043614100349,-0.0002043614100349,0.0010170860351930155,0.0005943883679435658,-0.00046757831753418966,83.20927352905274,82.72522830963135,0.005851240659133117,1,0.04487558978887936,0.0724526695938012,0.6193694541693539,13.880000114440918,0.059541962615094146,0.9396636265142736,0.007891669937337031
2024-01-23,83.09510040283203,14.850000381469728,21238.80078125,-0.0003561161713363,-0.0003561161713363,0.0026908883752223556,4.214495993104528e-05,-0.0020320484004479056,83.20671951293946,82.7296293258667,0.0057668599625115835,1,0.04486754009188963,0.07243002801365755,0.6194519299578274,14.850000381469728,0.07686732578310052,1.581125540352464,0.00419147802676112
2024-01-24,83.22139739990234,14.380000114440918,21453.94921875,0.001519909073556,0.001519909073556,0.004368840722295042,-0.0005500275884235961,-0.0005668771145652673,83.20649353027343,82.73491481781006,0.005699875481854688,1,0.04447119897622029,0.07250639521538865,0.6133332861305424,14.380000114440918,0.05969052600094327,1.279390583866944,0.00935770229612709
2024-01-25,83.09760284423828,13.869999885559082,21352.599609375,-0.0014875327683959,-0.0014875327683959,0.00010357517064418786,-0.0004089489708591909,-0.0002971086018677127,83.2040916442871,82.73990032196045,0.005610247541033786,1,0.04443141465873154,0.07248381840377133,0.6129754566153374,13.869999885559082,-0.0802387297260414,0.9462575191349969,0.00014985051998950283
2024-01-29,83.12129974365234,15.68000030517578,21737.599609375,-0.0002983081678445,-0.0002983081678445,-0.0006768325155513955,-0.0006132149894143568,-0.00046293913506345596,83.20012969970703,82.74458282470704,0.005505458598601631,1,0.044380730966685704,0.07247507687868775,0.6123500729898953,15.68000030517578,0.11442790655808,2.1332312948791476,0.013816760856810495
2024-01-30,83.1530990600586,16.100000381469727,21522.099609375,0.0003825651969389,0.0003825651969389,-9.018327112242375e-05,-0.0003570597864648306,0.001991840496104791,83.19721374511718,82.74977432250977,0.005407137678268059,1,0.04444075955070292,0.0724786089043385,0.6131484457836632,16.100000381469727,0.15994238103205016,2.387840839642907,-0.006125694853323149
2024-01-31,83.10970306396484,16.049999237060547,21725.69921875,-0.0005218806825516,-0.0005218806825516,0.00017573432202411254,-0.0018914242058684083,-0.0007369703071783418,83.19977584838867,82.75557285308838,0.005367650539847668,1,0.04406988215619133,0.07232722712635893,0.6093040560665246,16.049999237060547,0.08080800166767754,2.332471363980009,-0.002433570502427873
2024-02-01,83.05359649658203,14.460000038146973,21697.44921875,-0.0006750904565214,-0.0006750904565214,-0.0020163192227352633,0.009132153843415702,-0.0027485332544766594,83.19712371826172,82.76141681671143,0.005264613854004452,1,0.018945586801916662,0.07226879587293414,0.26215082764626985,14.460000038146973,0.005563276986744636,1.2982383304046408,-0.0015623094354124678
2024-02-02,82.92759704589844,14.699999809265137,21853.80078125,-0.0015170860263562,-0.0015170860263562,-0.002045856830052095,-0.003305203570555193,-0.0058240247262434375,83.19326965332031,82.76613529205322,0.005160738262815823,1,0.01951042048825648,0.07222523660955996,0.2701292688656307,14.699999809265137,0.059841379275728634,1.447371339240576,0.008677269854834968
2024-02-05,82.99929809570312,15.619999885559082,21771.69921875,0.0008646223013673,0.0008646223013673,-0.0014677543340332333,-0.0030953034190924766,-0.003568013780016366,83.18742568969726,82.77078128814698,0.005033713528688866,1,0.019635008796911088,0.07222032371399309,0.2718727349095479,15.619999885559082,-0.00382655729903858,2.021892205895109,0.011820675593995134
2024-02-06,83.10369873046875,15.789999961853027,21929.400390625,0.0012578496103092,0.0012578496103092,-0.0005940888571592806,-0.0025732853387200327,-0.0020834041436664785,83.18305572509766,82.77649677276611,0.004911526437844094,1,0.020013852812618076,0.07228008256885109,0.27688922331170057,15.789999961853027,-0.019254683992026123,2.108951177216674,0.012503152841552234
2024-02-07,83.07060241699219,15.510000228881836,21930.5,-0.0003982531942881,-0.0003982531942881,-0.0004704703004722033,-0.00204225062948471,-0.02492426486681465,83.1775537109375,82.78262577056884,0.004770662161202699,1,0.019829590092589448,0.054776989769554786,0.3619992295447576,15.510000228881836,-0.033644799616676435,1.9218156866320433,0.01011935123736829
2024-02-08,83.01260375976562,15.829999923706056,21717.94921875,-0.000698185104466,-0.000698185104466,-0.0004935696772395692,-0.002145629906904145,-0.002819255841831292,83.16683975219726,82.78767028808593,0.004580023363284447,1,0.019865090112731625,0.030813205975035462,0.6446731137198729,15.829999923706056,0.0947441135508218,2.1495444114126063,0.009526761434946351
2024-02-09,82.98529815673828,15.449999809265137,21782.5,-0.0003289332196634,-0.0003289332196634,0.0006958010709983142,-0.0007874608164293306,-0.0020827998731347552,83.15966567993163,82.79205726623535,0.004440141069500969,1,0.019044979247705283,0.030764961864004257,0.6190275906825341,15.449999809265137,0.051020408825263264,1.9416976747863601,0.011030496612127072
2024-02-12,83.0145034790039,16.059999465942383,21616.05078125,0.0003519336908384,0.0003519336908384,0.000183198938420448,-0.0014026042202023303,-0.002502892554293479,83.15266571044921,82.7954292678833,0.004314687969188213,1,0.018749654991400164,0.030722491351214104,0.6102709739939511,16.059999465942383,0.02816898742682361,2.3534712816312706,-0.00012250679253189567
2024-02-13,82.99019622802734,15.8100004196167,21743.25,-0.0002928072801484,-0.0002928072801484,-0.0013657936310336183,-0.0004263792380511111,-0.0029135221526680466,83.14410766601563,82.79967575073242,0.004159822030222804,1,0.018263843399480402,0.030715976651868978,0.5945846691383,15.8100004196167,0.001266653439644827,2.206571086149006,0.004437099704187375
2024-02-14,83.07460021972656,15.4399995803833,21840.05078125,0.0010170356925931,0.0010170356925931,4.812536105491816e-05,-1.809173353795046e-05,-0.0017195491913369887,83.13899368286133,82.80477474212647,0.004036227883907673,1,0.01849635203207977,0.03081384305333785,0.6002416432906756,15.4399995803833,-0.0045132590242122905,1.9669604125516722,-0.002489203845491672
2024-02-15,83.04309844970703,15.229999542236328,21910.75,-0.0003791985749701,-0.0003791985749701,0.0003673501198644402,0.0020633918763508508,-0.003316136853941609,83.13280166625977,82.81072872161866,0.0038892659153357823,1,0.016301874271465358,0.030681554262284753,0.5313076001466982,15.229999542236328,-0.03790274064191268,1.8202459672477844,-0.008448903622395587
2024-02-16,83.00959777832031,15.220000267028809,22040.69921875,-0.0004034130711898,-0.0004034130711898,0.0002928183921944161,0.00181270796028965,-0.0034730233218017714,83.12862167358398,82.81581871032715,0.0037770919629611654,1,0.016372061953676426,0.03068379011990701,0.5335562632072531,15.220000267028809,-0.014886701946649872,1.8081920771108906,0.00038118749300797283
2024-02-20,83.02100372314453,16.06999969482422,22196.94921875,6.028817194780878e-05,6.028817194780878e-05,7.830251182872061e-05,-0.0008183173056571791,0.00047487423417913455,83.1206997680664,82.82208923339844,0.003605445569314858,1,0.013128944849658923,0.030304793478291587,0.43321567736094246,16.06999969482422,0.0006226792786041546,2.3397683508846394,0.02897281064692847
2024-02-21,82.8291015625,15.93000030517578,22055.05078125,-0.0023114892863073,-0.0023114892863073,-0.0019411288664110682,-0.004189775802324935,-0.004292796491950801,83.11096374511719,82.82740924835205,0.003423437957776887,1,0.01463898862992789,0.030117405916450863,0.4860479226734899,15.93000030517578,0.007590125387358482,2.2229416057669575,0.02762062604107207
2024-02-22,82.93840026855469,15.199999809265137,22217.44921875,0.0013195688953866,0.0013195688953866,-0.001639489697351948,-0.002671920232116931,-0.0021883946974797786,83.10393981933593,82.83322776794434,0.0032681577029689546,1,0.015569211468553638,0.030259369737381296,0.5145083025644809,15.199999809265137,-0.015544027049267939,1.7372668573609782,0.027520017082978354
2024-02-23,82.87229919433594,14.970000267028809,22212.69921875,-0.0007969899829839,-0.0007969899829839,-0.0020567543668247312,-0.0026812797314882397,-0.005032891726739375,83.09428787231445,82.83869575500488,0.003085419380158827,1,0.01572125624011337,0.02992257723496403,0.5253802416959681,14.970000267028809,-0.017071522194500477,1.5765875297387837,0.04585468113434055
2024-02-26,82.88179779052734,15.600000381469728,22122.05078125,0.0001146172639561,0.0001146172639561,-0.0015395808582793213,-0.00408067660463729,-0.005285496374164533,83.08332183837891,82.84420475006104,0.0028863465952662093,1,0.014539818324371498,0.029905052695923653,0.4861831306260404,15.600000381469728,0.02496715556990603,1.9600574046481636,0.031141192499705594
2024-02-27,82.85199737548828,15.729999542236328,22198.349609375,-0.0003595531930229,-0.0003595531930229,-0.002035705906662466,-0.0029556264000825117,-0.005923589711292809,83.07349182128907,82.84988422393799,0.002698948821059144,1,0.013813327038358827,0.029884585012074145,0.46220701494643895,15.729999542236328,-0.021157446113542644,2.0213389093457796,0.039608760313599944
2024-02-28,82.94819641113281,16.329999923706055,21951.150390625,0.0011610949487259,0.0011610949487259,0.0014378382281854396,-0.002082538808384715,-0.007182734699054727,83.06453567504883,82.85597621917725,0.0025171323227171083,1,0.014550680464658457,0.02952242121091597,0.49285211089555225,16.329999923706055,0.02510983119066945,2.3629209296875726,0.009824027725577444
2024-02-29,82.91190338134766,15.56999969482422,21982.80078125,-0.0004375385042161,-0.0004375385042161,-0.00031947670947640727,-0.0029006216417349906,-0.005184516935774375,83.05706771850586,82.86160022735595,0.0023589635079890314,1,0.014483359299045382,0.02920035873931029,0.4959823763114204,15.56999969482422,0.02434209803960341,1.8712528401609458,0.021405958537350056
2024-03-01,82.910400390625,15.239999771118164,22338.75,-1.8127562646186316e-05,-1.8127562646186316e-05,0.0004597579246561345,-0.002398067445704255,-0.005447181376496912,83.04934371948242,82.86562721252442,0.0022170411681894375,1,0.014421694906227528,0.029151895781494377,0.49469167709171813,15.239999771118164,0.01803603869560555,1.6537257888591597,0.02821776988981406
2024-03-04,82.84609985351562,14.920000076293944,22405.599609375,-0.0007755424748454,-0.0007755424748454,-0.00043070900925601396,-0.0024983462705909787,-0.006857008332984971,83.04543167114258,82.8702582168579,0.0021138277839833908,0,0.014474722480784394,0.029108063113840333,0.49725827396698913,14.920000076293944,-0.04358976208638521,1.448297854768987,0.03263749501084434
2024-03-05,82.9104995727539,14.380000114440918,22356.30078125,0.000777341593052,0.000777341593052,0.000706104851045275,-0.00020617350259244382,-0.005037781069116676,83.04141769409179,82.87430919647217,0.0020164089358918336,1,0.013858189145711308,0.029145580896981806,0.47546534513577726,14.380000114440918,-0.08582323376237566,1.1163043995256157,0.022993711941912354
2024-03-06,82.88480377197266,14.300000190734863,22474.05078125,-0.0003099221559834,-0.0003099221559834,-0.0007642437316653927,-0.001379461349160449,-0.005613441578441791,83.0372817993164,82.87773170471192,0.0019251262229635913,1,0.013513843448107368,0.02912507163984244,0.4639775530051698,14.300000190734863,-0.12431106812341541,1.075523259047477,0.03225984134004234
2024-03-07,82.81909942626953,13.609999656677246,22493.55078125,-0.0007927188424537,-0.0007927188424537,-0.0011193079798359484,-0.0034246286091580425,-0.004800585425172144,83.02831985473632,82.88049369812012,0.0017836061299856265,0,0.01282633491148143,0.02901917618191811,0.44197991187500996,13.609999656677246,-0.12588311345943815,0.6583776348541671,0.025725755404884643
2024-03-11,82.7520980834961,14.0,22332.650390625,-2.3970846287912906e-06,-2.3970846287912906e-06,-0.0019093178465316996,-0.0038341401678693154,-0.007971997630067729,83.02072982788086,82.88277420043946,0.0016644668180119115,0,0.01280958468308601,0.028521074454838743,0.4491112560332327,14.0,-0.08136481559980924,0.899480679785087,0.018337493017715145
2024-03-12,82.7782974243164,13.640000343322754,22335.69921875,0.0003166003210441,0.0003166003210441,-0.0008184142563030239,-0.0028225392872543997,-0.006452613104559912,83.01284973144531,82.88441417694092,0.001549574256870745,0,0.012742430796673358,0.028486984027300013,0.4472914188825119,13.640000343322754,-0.08579086638243072,0.6785124103120371,0.02844421422012866
2024-03-13,82.83509826660156,14.43000030517578,21997.69921875,0.0006861803643289,0.0006861803643289,-0.0009094301269548799,-0.0018099578295547314,-0.0054568434690546175,83.00589569091797,82.88496417999268,0.0014590283306712415,0,0.01299487216762502,0.02855225512796959,0.4551100079267593,14.43000030517578,0.0034770646965884833,1.1633596632504792,0.009879454550671518
2024-03-14,82.83110046386719,13.619999885559082,22146.650390625,-4.826218376063896e-05,-4.826218376063896e-05,-0.000647927070602905,-0.002209288828464828,-0.006283926958719377,82.99717376708985,82.88459568023681,0.0013582510227516664,0,0.01291212934669574,0.028476516510955324,0.4534148664869857,13.619999885559082,-0.0475524682591516,0.6624918508572378,0.02454655638740677
2024-03-15,82.9655990600586,13.6899995803833,22023.349609375,0.0016237692779426,0.0016237692779426,0.0017689112149725794,-0.0002963864298038965,-0.005567540133603388,83.01044570922852,82.88529869079589,0.0015098819743593062,1,0.014144017188115178,0.028634110677967235,0.4939396724245258,13.6899995803833,0.0058780254022126055,0.7032154359907935,0.012882140865555947
2024-03-18,82.88890075683594,13.899999618530272,22055.69921875,-0.0009244591022253,-0.0009244591022253,0.0016531625965763297,-0.0022353338132168332,-0.005454504344059363,83.0041717529297,82.885290184021,0.0014342903142976482,1,0.014019812223575042,0.028622560698539908,0.48979972726769083,13.899999618530272,-0.007142884390694881,0.8271036457806461,0.009873989747548384
2024-03-19,82.86360168457031,14.109999656677246,21817.44921875,-0.000305216645831,-0.000305216645831,0.0010305147956430893,-0.002161489256634952,-0.00638402339207611,82.9963037109375,82.88603969573974,0.0013303086454909963,0,0.014001679855202558,0.028564905569044237,0.49015354410383666,14.109999656677246,0.03445742679798203,0.9499294702832516,-0.004258219424255194
2024-03-20,83.04239654541016,13.470000267028809,21839.099609375,0.0021577008144111,0.0021577008144111,0.002502541593436769,0.0003951201784815339,-0.0029165370066663865,82.99078964233398,82.8875411605835,0.0012456453684692725,1,0.015909289148871252,0.02889339335866521,0.5506012516473261,13.470000267028809,-0.0665280677646719,0.554742047028922,-0.00914669754231301
2024-03-21,83.05460357666016,12.510000228881836,22011.94921875,0.0001469975790417,0.0001469975790417,0.0026982994496187462,0.00040471509628670077,-0.0029052418003101543,82.98706970214843,82.88994018554688,0.001171788957551767,1,0.015912553073841887,0.028893974549520505,0.55070313512721,12.510000228881836,-0.08149777283435578,-0.032921213352163144,-0.008334478678886592
2024-03-22,83.22660064697266,12.220000267028809,22096.75,0.0020708914726652,0.0020708914726652,0.003145901311760735,0.004799026875508483,0.0022265725702796946,82.98777969360351,82.89317470550537,0.0011412880304590978,1,0.014898870943297084,0.02866782225257227,0.5196889782230347,12.220000267028809,-0.10737760105273386,-0.20780957447469373,0.0018906879500568685
2024-03-26,83.41739654541016,12.81999969482422,22004.69921875,-0.0021078272996263,-0.0021078272996263,0.006375953640941789,0.005775325727340741,0.0036841981095052656,82.99511367797851,82.89684219360352,0.0011854671634594638,1,0.016492965658368348,0.02886350735995868,0.5713925913472426,12.81999969482422,-0.07769783837017441,0.1699678822223411,-0.009575806741147108
2024-03-27,83.34549713134766,12.699999809265137,22123.650390625,-0.0008619234960582,-0.0008619234960582,0.005815526201862875,0.005709965110320736,0.00305564732362984,82.99940155029297,82.90023567199707,0.0011962074352631635,1,0.01653911276187084,0.02889482186800297,0.57237038757444,12.699999809265137,-0.09992911989511344,0.10540498220900901,-0.0040089152267380745
2024-03-28,83.36499786376953,12.829999923706056,22326.900390625,0.0002339746368198,0.0002339746368198,0.003884778520125698,0.005829990252665729,0.0011745466693322548,83.00618957519531,82.90567714691161,0.0012123708742597383,1,0.0165455581508779,0.02852579230260783,0.5800006525572577,12.829999923706056,-0.04751301637976302,0.1975596456700515,0.00925997374296883
2024-04-01,83.36479949951172,12.079999923706056,22462.0,-0.0003381368094578,-0.0003381368094578,0.003734843217513495,0.0061893755161919195,0.0028051917063018905,83.01196350097656,82.9104521560669,0.0012243491896364311,1,0.016538126031125353,0.02838475366408844,0.5826206422712732,12.079999923706056,-0.03437252576407135,-0.2695461876604389,0.011877026682814984
2024-04-02,83.40969848632812,11.649999618530272,22453.30078125,0.0005385844755336,0.0005385844755336,0.0021999918046891054,0.00556373851587888,0.0028542703979981265,83.02271545410156,82.91494464874268,0.0012997754001458084,1,0.01617492105690624,0.028418134707515922,0.5691560008204087,11.649999618530272,-0.0466448965665307,-0.5386686741505013,0.02287581205035427
2024-04-03,83.35030364990234,11.369999885559082,22434.650390625,-0.0007120854948962,-0.0007120854948962,-0.0008043033981681713,0.005287543171434539,0.0020136777836721187,83.03253356933594,82.91911018371582,0.0013678799177756495,1,0.016312471739722424,0.028428397481059693,0.573788865929718,11.369999885559082,-0.11310451199546767,-0.7132320807072379,0.02055468790675663
2024-04-04,83.37329864501953,11.220000267028809,22514.650390625,0.0002758837593894,0.0002758837593894,0.0003335694744019957,0.0055831144490152695,0.0012742351611205738,83.03821960449218,82.9228861618042,0.0013908517663379083,1,0.016325487019130096,0.028336884918640826,0.5761011122037233,11.220000267028809,-0.11653539877666863,-0.8040913313299103,0.007874227099770481
2024-04-05,83.47779846191406,11.34000015258789,22513.69921875,0.0012533966940597,0.0012533966940597,0.001353093037066433,0.007624964959308533,0.014286365834196069,83.0442236328125,82.92783367156983,0.0014035090040291909,1,0.016500055138409936,0.016618160560860122,0.9928332467807854,11.34000015258789,-0.1161340436460242,-0.7196592484890144,0.004824669335328435
2024-04-08,83.29679870605469,11.609999656677246,22666.30078125,-0.0021682382524972,-0.0021682382524972,-0.0008157015174903304,0.004659230559355132,0.0011321777912509656,83.04694763183593,82.93209365844727,0.0013849158790284477,1,0.01821181059555139,0.017134054262139577,1.0628393885971485,11.609999656677246,-0.03890730711897372,-0.537403655645423,0.013866336968412663
2024-04-09,83.26959991455078,11.359999656677246,22642.75,-0.0003265286532786,-0.0003265286532786,-0.001679643666381403,0.0046425415162560935,0.00015129214118414502,83.05043762207032,82.93675567626953,0.0013707064482306741,1,0.018215862724237794,0.017083063498372384,1.0662488304362272,11.359999656677246,-0.02489270140333366,-0.6952106949161752,0.007506400176453543
2024-04-10,83.22429656982422,11.109999656677246,22753.80078125,-0.0005440562314824,-0.0005440562314824,-0.0015117770969065303,0.004892556745505594,-0.0011258466742425366,83.05049560546875,82.94142517089844,0.001315029665159173,1,0.018093604762594213,0.017031893102909028,1.0622743096710932,11.109999656677246,-0.022867214731642993,-0.8542837687600086,0.011569982993389294
2024-04-12,83.34929656982422,11.529999732971191,22519.400390625,-0.0007600793519184,-0.0007600793519184,-0.00028788683649794145,0.007216717160760666,0.0013058048971488212,83.05552947998046,82.94794666290284,0.0012969919257295182,1,0.018308209887219776,0.017000888784669703,1.0768338811701885,11.529999732971191,0.02762918525531144,-0.5694946146744052,0.008362196010483158
2024-04-15,83.61109924316406,12.470000267028809,22272.5,0.0031410303879473,0.0031410303879473,0.0015968411207061273,0.01006062995689283,0.005048594904046411,83.0653254699707,82.95643867492676,0.001312577984098784,1,0.021277957863046475,0.018145004466418296,1.172597411315769,12.470000267028809,0.09964727506489868,0.06105433179657058,-0.0028295160196707414
2024-04-16,83.50599670410156,12.619999885559082,22147.900390625,-0.0012570405127294,-0.0012570405127294,0.002511477047096422,0.008099204944994831,0.005482186087500285,83.07238342285156,82.96439464569092,0.0013016279769391126,1,0.02171479614773344,0.018004136529293117,1.2060334067672835,12.619999885559082,0.08699399300162391,0.16219386900437113,0.006828040077344832
2024-04-18,83.5958023071289,13.039999961853027,21995.849609375,-0.0008569760890175,-0.0008569760890175,0.003917424761411992,0.009232061858158058,0.005589950955198875,83.08210540771485,82.9724666595459,0.0013213871128938681,1,0.021941293815540133,0.017969266059513978,1.2209776829611143,13.039999961853027,0.14788735527718977,0.44162098007942147,-0.006809191394191005
2024-04-19,83.54499816894531,13.460000038146973,22147.0,-0.0006077355175914,-0.0006077355175914,0.0038534612167255844,0.006983606644813012,0.006255920721397024,83.09193344116211,82.98023265838623,0.0013461131548730965,1,0.021227663633564608,0.01783407022160871,1.1902203562868778,13.460000038146973,0.21152119298737748,0.718770466354228,0.005614513360509221
2024-04-22,83.38529968261719,12.699999809265137,22336.400390625,-0.0019115266003738,-0.0019115266003738,0.0004319546087927506,0.005988726129177335,0.003721846117224592,83.10108749389649,82.98745166778565,0.0013693133579488759,1,0.021976999286258538,0.018174623591104923,1.209146920109745,12.699999809265137,0.10147442353777447,0.20906386713726313,0.012726922374620031
2024-04-23,83.38619995117188,10.199999809265137,22368.0,1.0796490006237391e-05,1.0796490006237391e-05,-0.0026898258009755427,0.006306728840859366,0.006203524659618154,83.10882553100586,82.99478618621826,0.0013740543235056801,1,0.021974320204571688,0.017517942550921577,1.2543177272657782,10.199999809265137,-0.18203692134359017,-1.448681853153973,0.025234424782199394
2024-04-24,83.2833023071289,10.279999732971191,22402.400390625,-0.0012339888866889,-0.0012339888866889,-0.0026668072445354962,0.0029009972223887903,0.005115948579753837,83.11241760253907,83.00127868652343,0.0013390024560389069,1,0.020635364022854635,0.017680490622913755,1.167060202272364,10.279999732971191,-0.18541998207666588,-1.3858432407815586,0.02579322368254533
2024-04-25,83.3405990600586,10.729999542236328,22570.349609375,0.0006879740757443,0.0006879740757443,-0.0030528237067778408,0.003443463349198428,0.003028104589986924,83.11781753540039,83.00794918060302,0.0013235883536686366,1,0.02086237225786455,0.016798005609237845,1.2418813793592782,10.729999542236328,-0.1771472719612217,-1.0811585245043809,0.025368057370827923
2024-04-26,83.30180358886719,10.93000030517578,22419.94921875,-0.0004655050675055,-0.0004655050675055,-0.0029109412341637997,0.000903592617143234,0.0014932691900224615,83.12360153198242,83.01446620941162,0.0013146542711663933,1,0.019063388926408034,0.016650365429868027,1.1448543968780778,10.93000030517578,-0.18796431841017258,-0.9448835108033165,0.014626550001697103
2024-04-29,83.40229797363281,12.239999771118164,22643.400390625,0.0012063890628539,0.0012063890628539,0.00020385237062559014,-0.0001810002757532958,0.002906415085615288,83.13194152832031,83.02110069274903,0.0013350923397352776,1,0.018735938319516806,0.016855093543121404,1.1115231575801574,12.239999771118164,-0.03622047598862044,-0.08038745121535339,0.029025671540684694
2024-04-30,83.45110321044922,12.869999885559082,22604.849609375,0.0005851785622481,0.0005851785622481,0.0007783453295071574,0.0012670879979890248,0.00428428157486227,83.14067352294921,83.02787471771241,0.001358565489244512,1,0.018785293303059235,0.016898843658743758,1.1115660998047145,12.869999885559082,0.26176471825701997,0.33320294255710065,0.021750443993361568
2024-05-02,83.40640258789062,13.449999809265137,22648.19921875,-0.0011017605325583,-0.0011017605325583,0.0014780907739195825,0.0004966679683571229,0.0022230483237295484,83.14899765014648,83.03515621185302,0.001371002879828609,1,0.019005644690098182,0.016708047661949218,1.1374463149913028,13.449999809265137,0.30836577418642896,0.7117642978669628,0.014390659809630835
2024-05-03,83.40630340576172,14.619999885559082,22475.849609375,-1.1891428695065542e-06,-1.1891428695065542e-06,0.0007883834102966336,0.0004978588864745781,0.0037149153640698707,83.1556317138672,83.04215221405029,0.0013665288867321657,1,0.019014716435006414,0.016473709365101587,1.1541761383229818,14.619999885559082,0.3625349962048561,1.4697637816807843,0.0006165795287595977
2024-05-06,83.37999725341797,16.600000381469727,22442.69921875,-0.0003153976530499,-0.0003153976530499,0.0009386791303667152,-0.00035608848190504805,0.003112289034981952,83.1623696899414,83.04708171844483,0.0013882242351084262,1,0.018824654510239302,0.016474627285236427,1.1425758900911653,16.600000381469727,0.5187557107028609,2.7167494770312097,-0.000472160534581767
2024-05-07,83.4728012084961,17.010000228881836,22302.5,0.0011130242040673,0.0011130242040673,0.0008453392361631451,0.0014696714136552824,0.003844741230950355,83.17163375854493,83.05060371398926,0.0014573048134902677,1,0.019307045569920987,0.016623760752058427,1.1613427620322565,17.010000228881836,0.38970592703923845,2.918575686314377,-0.005890459103397583
2024-05-08,83.46990203857422,17.079999923706055,22302.5,-3.4731911232155355e-05,-3.4731911232155355e-05,0.00022526758067642483,0.0011586850361529066,0.004334018307491139,83.18061172485352,83.05487670898438,0.0015138787853445912,1,0.019249391861420148,0.016599387107792945,1.1595748783703752,17.079999923706055,0.3271173329900996,2.9009175512711742,-0.009422770815634696
2024-05-09,83.46430206298828,18.200000762939453,21957.5,-6.708975869351708e-05,-6.708975869351708e-05,0.0006941850181902964,-0.0001616765076997151,0.004945066604348014,83.19331573486328,83.05957172393799,0.0016102179212986734,1,0.018549153669544148,0.016553774715658727,1.1204715248706458,18.200000762939453,0.35315992721444056,3.4983077390111315,-0.02470492358211762
2024-05-10,83.45939636230469,18.46999931335449,22055.19921875,-5.877603433246392e-05,-5.877603433246392e-05,0.000636558082243166,0.001952027674242185,0.00641281473659383,83.20373565673827,83.06486919403076,0.0016717833189279219,1,0.017164830083757503,0.016286942512258974,1.0538366077138686,18.46999931335449,0.2633378562197013,3.5555691324351324,-0.026960798252775087
2024-05-13,83.5248031616211,20.600000381469727,22104.05078125,0.0007836960506215,0.0007836960506215,0.0017366984045708023,0.003064782913958952,0.006331439879311063,83.21678573608398,83.07248420715332,0.0017370556605820209,1,0.017436018641770728,0.016269525357934852,1.0716321850829165,20.600000381469727,0.24096384988431252,4.60091865525844,-0.023791245266144845
2024-05-14,83.50550079345703,20.200000762939453,22217.849609375,-0.0002310974397234,-0.0002310974397234,0.00039173939879244557,0.003378871738457745,0.004834948012259366,83.22925979614257,83.07985771179199,0.0017982948992145698,1,0.0173647105490662,0.016058499121034634,1.081273482952031,20.200000762939453,0.1875367719655412,4.198699563410395,-0.023554358106037565
2024-05-15,83.52420043945312,20.270000457763672,22200.55078125,0.0002239331040281,0.0002239331040281,0.0006505147310920112,0.0020984444599647656,0.005460391633901995,83.24270385742187,83.0870947265625,0.0018728435670001264,1,0.0172025624671994,0.016053770471168374,1.0714922706676038,20.270000457763672,0.18676818198518141,4.077430079042464,-0.014158885398553478
2024-05-16,83.40509796142578,20.0,22403.849609375,-0.0014259637015463,-0.0014259637015463,-0.0007093344112291122,-0.0024638030548931322,0.004728127824974893,83.25184188842773,83.0938122177124,0.0019018223679674318,1,0.01351221600660993,0.016237731739847116,0.8320979878898562,20.0,0.09890105283544126,3.803063762484795,0.005897389577954826
2024-05-17,83.47010040283203,19.799999237060547,22466.099609375,0.0007793581327164,0.0007793581327164,0.0001282544685667908,-0.00042986495205521447,0.0058420257185565205,83.26300582885742,83.1007857131958,0.001952088831283394,1,0.013414559078835823,0.016315270740383827,0.8221584020197654,19.799999237060547,0.07200866124258165,3.5884903154703696,0.014367015073116773
2024-05-21,83.31500244140625,21.809999465942383,22529.05078125,0.0001753012130953,0.0001753012130953,-0.0025118373497855506,-0.003359018730282659,0.003619836893662187,83.27109786987305,83.10705223083497,0.001973907564215338,1,0.013193313485846642,0.016301572097863863,0.809278033346368,21.809999465942383,0.058737818546891196,4.400130809922888,0.024240990066041412
2024-05-22,83.31680297851562,21.46999931335449,22597.80078125,2.161119914312337e-05,2.161119914312337e-05,-0.0022597052068238366,-0.0027314045775455043,0.003935485940904204,83.28051193237305,83.11322425842285,0.0020127684305695226,1,0.013061574612545224,0.016294583252746152,0.8015407862338447,21.46999931335449,0.06287121299248044,4.076412843778875,0.020354936616697517
2024-05-23,83.26709747314453,21.3799991607666,22967.650390625,-0.0005965844054759,-0.0005965844054759,-0.0030781853038506224,-0.0014175425395430707,0.0023171613574886063,83.28764389038086,83.11960823059081,0.0020216127501935244,1,0.011401756193388431,0.016186756889602884,0.7043444172744885,21.3799991607666,0.05476066492034959,3.8953587796948574,0.02826104425782705
2024-05-24,83.2863998413086,21.709999084472656,22957.099609375,0.0002318126697076,0.0002318126697076,-0.0014231518578406988,-0.0011968420424689485,0.002929820733373889,83.29567581176758,83.12696922302246,0.002029504868540366,1,0.011429423439853965,0.016185382631348774,0.7061135091245262,21.709999084472656,0.08549995422363277,3.904912620905928,0.026336713580785043
2024-05-27,83.05220031738281,23.190000534057617,22932.44921875,-0.0028119779984729,-0.0028119779984729,-0.0050065841952077195,-0.002774889843991102,0.0005132242560224043,83.30033782958985,83.13247970581055,0.0020191641627111956,0,0.014495008884291045,0.017085003774512133,0.8483557112350533,23.190000534057617,0.17121219331422255,4.359916195370636,0.02366035866169125
2024-05-28,83.14569854736328,24.200000762939453,22888.150390625,0.0011257766756711,0.0011257766756711,-0.0020320937296021135,-0.002338602252605071,0.0015019671965732506,83.30820983886719,83.13833068847656,0.0020433312646988,1,0.014855282278547014,0.017257185033819174,0.8607673547036709,24.200000762939453,0.10958282235307704,4.5643202118417925,0.014080454523309527
2024-05-29,83.20649719238281,24.18000030517578,22704.69921875,0.0007312301908786,0.0007312301908786,-0.0013239320543930733,-0.0011441096396274109,0.004556316835068408,83.31677383422851,83.14248867034912,0.002096222601303266,1,0.015002256637175231,0.01672358667180077,0.8970180807200724,24.18000030517578,0.12622268646909807,4.362839830208653,0.01270074241568131
2024-05-30,83.3656005859375,24.18000030517578,22488.650390625,0.0019121510810247,0.0019121510810247,0.0011829776199985265,-0.00044000451530623597,0.005150814532225656,83.32738388061523,83.14805267333985,0.0021567697800441987,1,0.015881403411554643,0.016958714894688927,0.9364192446730359,24.18000030517578,0.13096357597372243,4.190444148440728,-0.006834220891314136
2024-05-31,83.3208999633789,24.600000381469727,22530.69921875,-0.0005361998503509,-0.0005361998503509,0.0004142347626510112,-0.0015602339820716127,0.005413157030807136,83.33717987060547,83.15349067687988,0.0022090376751515706,1,0.0158798586325502,0.016918341679939993,0.9385624413140002,24.600000381469727,0.1331184439829869,4.176267771818232,-0.0032802868369559146
2024-06-03,83.45079803466797,20.940000534057617,23263.900390625,0.0015590094603652,0.0015590094603652,0.004799363722597594,0.0005322786428842985,0.00686520151962311,83.34688385009765,83.15920818328857,0.0022568236387656704,1,0.016233184941852597,0.017208965371399258,0.9432433239424208,20.940000534057617,-0.09702457732571301,2.79921987207872,0.02718543606616075
2024-06-04,83.09339904785156,26.75,21884.5,-0.004282750977024,-0.004282750977024,-0.0006290102846622236,-0.0037515672692975954,0.0029136493990511436,83.35097381591797,83.16100868225098,0.0022843053093888344,0,0.02229059808572694,0.019217046468897672,1.1598784570430642,26.75,0.1053718659780245,4.63007548249495,-0.026310445195733112
2024-06-05,83.62940216064453,18.88999938964844,22620.349609375,0.0064506100235988,0.0064506100235988,0.005082595500732534,0.0029911839223086822,0.008212423886051923,83.36628982543945,83.16523418426513,0.002417544339848199,1,0.0317218084303749,0.02310109653040524,1.3731138378988696,18.88999938964844,-0.21877588290993544,1.9385097430379088,0.007915731922146785
2024-06-06,83.38079833984375,16.799999237060547,22821.400390625,-0.0029726844193294,-0.0029726844193294,0.00018230245808137369,-0.001102189783023344,0.0056553394551737135,83.37305786132812,83.1686616897583,0.002457610443850511,1,0.033418743261950844,0.02385174689055851,1.4010438049455338,16.799999237060547,-0.30521095843557655,1.2256304471824362,0.023266467464409857
2024-06-07,83.47309875488281,16.8799991607666,23290.150390625,0.0011069744698637,0.0011069744698637,0.0018266580362285012,3.8297832278821886e-05,0.006786824832671234,83.38142776489258,83.17228569030762,0.0025145644711954684,1,0.033617213101604884,0.023957056183844642,1.4031694743363023,16.8799991607666,-0.31382118296706685,1.2429476925970175,0.044284290578410435
2024-06-10,83.52760314941406,16.399999618530273,23259.19921875,0.0006529576036382,0.0006529576036382,0.0009203640534891644,0.0007584210837587868,0.00822613613801293,83.38744781494141,83.17569869995117,0.0025458050644588948,1,0.03366438641394478,0.02393875130629933,1.4062128709368245,16.399999618530273,-0.21680997133420854,1.074099272651161,0.05928266964590678
2024-06-11,83.52980041503906,14.770000457763672,23264.849609375,2.6305862279585316e-05,2.6305862279585316e-05,0.00525193784570277,0.0008435725131386018,0.007469510441698857,83.38969589233399,83.1790161895752,0.002532846773261044,1,0.033659500379324025,0.0238899595292513,1.4088802225842978,14.770000457763672,-0.44785045017705905,0.5257418301015634,0.05484649576851841
2024-06-12,83.5968017578125,14.390000343322754,23322.94921875,0.0008021250193406,0.0008021250193406,-0.00038981987183661637,0.0008620025844550128,0.008590211395066438,83.39472198486328,83.18300071716308,0.0025452468157536323,1,0.03366400668041679,0.023932236699089778,1.4065797745482995,14.390000343322754,-0.23822123831256703,0.3956064613240645,0.05514366798930559
2024-06-13,83.5343017578125,13.489999771118164,23398.900390625,-0.000747636257438,-0.000747636257438,0.0018409924230169405,0.00034489900763201575,0.00863571732242363,83.39810806274414,83.18618572235107,0.0025475665046166274,1,0.0337831135844909,0.023926096793533243,1.411918624144214,13.489999771118164,-0.19702378668211917,0.09287831599303785,0.053157744876968005
2024-06-14,83.52210235595703,12.81999969482422,23465.599609375,-0.0001460406276075,-0.0001460406276075,0.0005870586069665062,-2.5119468190726302e-05,0.0093049516603676,83.40125411987304,83.18782524108887,0.0025656263782065647,1,0.033792459353640975,0.023928660544259808,1.4121579071771257,12.81999969482422,-0.24052130733388,-0.1327710879759036,0.056982767706530435
2024-06-18,83.51010131835938,12.970000267028809,23557.900390625,-0.000499118734923,-0.000499118734923,-0.00020953350024155437,0.0012589561010065697,0.00884052845749883,83.40326217651368,83.18919075012207,0.0025733081961889503,1,0.03341627251113326,0.023944519563283827,1.3955125267931598,12.970000267028809,-0.20914630678563717,-0.08512728616861671,0.05151127156143209
2024-06-19,83.37409973144531,13.710000038146973,23516.0,-0.0016285645061738,-0.0016285645061738,-0.0018640135953889025,-0.00115012047336005,0.006506921294509693,83.40373809814453,83.19056976318359,0.0025624098448628896,1,0.03387551272766963,0.02412832362017927,1.4039147247102963,13.710000038146973,-0.07176712164958143,0.15933593378227273,0.046732650922053365
2024-06-20,83.41950225830078,13.350000381469728,23567.0,0.0005445639233492,0.0005445639233492,-0.002120888548169275,0.001254273706203346,0.00710363367308231,83.40466217041016,83.19183078765869,0.002558320699717731,1,0.033919955614971395,0.02415461600896806,1.4042264789429593,13.350000381469728,-0.07227240702156101,0.03611554865764647,0.04607159124581672
2024-06-21,83.60160064697266,13.18000030517578,23501.099609375,0.0021829234620462,0.0021829234620462,0.0008056437624304191,0.0034182500801245297,0.007665846978982982,83.40713821411133,83.19427127838135,0.002558673000664813,1,0.03471812887254876,0.024333614260046786,1.4266973168976795,13.18000030517578,-0.022979945974950122,-0.02322436483445512,0.039972864477789916
2024-06-24,83.5625,14.0600004196167,23537.849609375,-0.0004677021333331,-0.0004677021333331,0.0004836760917583671,0.0035476501021396434,0.008126531260682857,83.41245223999023,83.19671726226807,0.002593070794393082,1,0.03468616433420321,0.024280302125745824,1.4285133537968278,14.0600004196167,0.0967239277933134,0.268560900342524,0.024826188532665272
2024-06-25,83.46040344238281,14.3100004196167,23721.30078125,-0.0012217987448578,-0.0012217987448578,-0.0005951121504104151,0.0020892198654973715,0.007202218412908135,83.41626831054687,83.20129577636719,0.00258376425719975,1,0.035009071159155226,0.024396907724306006,1.4349210413759383,14.3100004196167,0.1033153527370636,0.34854392653828753,0.03328822825523314
2024-06-26,83.41459655761719,14.050000190734863,23868.80078125,-0.0005488457145699,-0.0005488457145699,0.000485724299300605,0.004363475487097146,0.004482048058469745,83.42007431030274,83.20516174316407,0.0025829234946030954,1,0.033494657460023274,0.02401749250990862,1.3945362077243333,14.050000190734863,0.02479942754499409,0.25762752074193246,0.040830857339669624
2024-06-27,83.58039855957031,14.149999618530272,24044.5,0.0019876857144371,0.0019876857144371,0.0019287612238603202,0.005228171989671848,0.00633071449705791,83.42469635009766,83.20974224090577,0.002583280555894074,1,0.03392752248376531,0.024359174692409155,1.392745450808997,14.149999618530272,0.059925034771607155,0.28746638589883006,0.05052175862356445
2024-06-28,83.45089721679688,13.800000190734863,24010.599609375,-0.0015494224124946,-0.0015494224124946,-0.0018026380955570298,0.002937270918267121,0.0026950105865266583,83.42149230957031,83.21353923797608,0.0024990292865627595,1,0.034422262629818776,0.02416984366271015,1.4241233409210337,13.800000190734863,0.04704096139630676,0.16626749758938353,0.05751674479556912
2024-07-01,83.36750030517578,13.829999923706056,24141.94921875,-0.0009993530854969,-0.0009993530854969,-0.002333578995652563,2.2787807260282733e-05,-0.000598151492383403,83.41872238159179,83.21790325164795,0.0024131721912838966,1,0.033992495323963055,0.023891957446455225,1.4226993623598574,13.829999923706056,-0.016358498509697283,0.17288432874621842,0.07351703189864267
2024-07-02,83.44129943847656,13.640000343322754,24123.849609375,0.0008852266534395,0.0008852266534395,-0.00022889901220568554,0.0014450092971940443,0.0011494599039696407,83.41563232421875,83.22160774230957,0.002331420735224965,1,0.03407371423339424,0.023909900932077312,1.425028455857268,13.640000343322754,-0.04682040926955411,0.10518207920098199,0.07071020633479419
2024-07-03,83.4791030883789,13.210000038146973,24286.5,0.0004530568214631,0.0004530568214631,0.0007733242552718789,0.00033918254082099253,0.0013687426082087395,83.41431442260742,83.2255912399292,0.0022676099967153807,1,0.033671227623187396,0.023923924243296823,1.4073702922014997,13.210000038146973,-0.05978648691704791,-0.04278054913262637,0.043956498790163945
2024-07-04,83.49120330810547,12.859999656677246,24302.150390625,0.0001449490864049,0.0001449490864049,-0.0010671790635369272,0.004787435161062836,0.001516273167483373,83.41643249511719,83.22956226348877,0.002245238669366323,1,0.029849513336391072,0.023918258001984008,1.2479280642365733,12.859999656677246,-0.0911660775003621,-0.1636335738317552,0.1104731837887547
2024-07-05,83.49340057373047,12.699999809265137,24323.849609375,2.631733090363575e-05,2.631733090363575e-05,0.0005093217490901303,-0.0016262412907462886,0.0010035054546571054,83.41857650756836,83.23335628509521,0.002225312431697768,1,0.019398510395709757,0.023891235422735423,0.811916928344448,12.699999809265137,-0.07971017146856652,-0.21988286554976277,0.0753082967070493
2024-07-08,83.47209930419922,13.600000381469728,24320.55078125,-0.000255125188157,-0.000255125188157,0.0012546735675238452,0.001094987888978327,0.001461250277005055,83.42235244750977,83.23528629302979,0.0022474381096186935,1,0.016363525166048956,0.02385580821671997,0.685905885540071,13.600000381469728,-0.016630480369134726,0.08235832285326966,0.0656905520679989
2024-07-09,83.45760345458984,14.279999732971191,24433.19921875,-0.0001736610164378,-0.0001736610164378,0.0001953950408610794,-0.0001856322638562613,0.0010111727728232545,83.4246925354004,83.23628730773926,0.0022634986945606617,1,0.0159019733855512,0.023849734700714546,0.6667288695754429,14.279999732971191,0.04692077518617799,0.3090926873205284,0.049078636631952
2024-07-10,83.49299621582031,14.43000030517578,24324.44921875,0.0004240807280038,0.0004240807280038,0.00016642641005248926,-0.00041431733090491196,0.00018205743546517716,83.42851638793945,83.2375447845459,0.0022942964486503126,1,0.01579839953316926,0.023725452413578534,0.6658559508933545,14.43000030517578,0.09235429701027775,0.3561432310221774,0.04579908319205028
2024-07-11,83.49590301513672,14.0,24315.94921875,3.481488805223698e-05,3.481488805223698e-05,5.628984665495551e-05,-0.0004058120543077859,0.002390299653467487,83.43038848876954,83.23986778259277,0.0022888155790248277,1,0.0157988511584756,0.023329911515975018,0.6771639053904042,14.0,0.08864699640414342,0.2060939064973018,0.04517972937815329
2024-07-12,83.51850128173828,13.729999542236328,24502.150390625,0.0002706512030592,0.0002706512030592,0.0003006310419186864,-0.0009366443982039563,0.002989102474887817,83.43173645019532,83.24274379730224,0.002270379906665232,1,0.015548987080124033,0.023327545416624355,0.666521928497245,13.729999542236328,0.08110234239686887,0.1105998072973796,0.05055969383696146
2024-07-15,83.52030181884766,14.1899995803833,24586.69921875,2.1558541900779105e-05,2.1558541900779105e-05,0.000577468579923579,-0.00016759509171970777,0.0035567167428696145,83.43401443481446,83.2461302947998,0.002256971457403445,1,0.01534806874855947,0.023301387202400485,0.6586479151362825,14.1899995803833,0.04338229282092221,0.2630528529941457,0.05076301912892034
2024-07-16,83.58760070800781,14.220000267028809,24613.0,0.0008057788070034,0.0008057788070034,0.0015576442173863558,0.0007842038239367355,0.0028591019719519384,83.43764038085938,83.24938430786133,0.0022613509344628913,1,0.01560508528447343,0.023301906823918257,0.6696626048582174,14.220000267028809,-0.004201643351844697,0.2698398612850779,0.048897126420182735
2024-07-18,83.57209777832031,14.510000228881836,24800.849609375,0.0005087505087504,0.0005087505087504,0.0009474035677858872,0.0007423827654644555,-0.0004664627686609135,83.44148239135743,83.25210330963135,0.0022747663325901613,1,0.015572468233466523,0.022454335508784957,0.6934863310046859,14.510000228881836,0.005544000139581451,0.36516202653002156,0.052761459983277526
2024-07-19,83.67430114746094,14.829999923706056,24530.900390625,0.0012229365046181,0.0012229365046181,0.0021366094129418034,0.0036006555630896386,0.0020154773309963847,83.44551239013671,83.25504581451416,0.002287748132970835,1,0.014768271002718747,0.022441615779191813,0.6580458868084124,14.829999923706056,0.05928570883614692,0.4704798876247056,0.04315786658551635
2024-07-22,83.73030090332031,15.4399995803833,24509.25,0.0006692587221097,0.0006692587221097,0.0025359605157131426,0.003725731233173324,0.001608915668962263,83.45072036743164,83.25772232055664,0.0023180798308646278,1,0.014810691003518537,0.02240373334780033,0.6610518756730765,15.4399995803833,0.12454479935608576,0.6736933181040251,0.03998175414774896
2024-07-23,83.67130279541016,12.75,24479.05078125,-0.0007046207558513,-0.0007046207558513,0.0018079553506644697,0.0008337417931965074,0.0015118155393267774,83.45486038208008,83.26064384460449,0.0023326331446351656,1,0.013262405263943195,0.022416219988134617,0.5916168584223626,12.75,-0.10147988886299908,-0.24641490369771735,0.04161299633336646
2024-07-24,83.70680236816406,11.760000228881836,24413.5,0.0004242741724806,0.0004242741724806,0.0014260686889751018,0.0017268794993454684,0.0038556278717061243,83.45980850219726,83.26472137451172,0.0023429746051519817,1,0.013163715796860142,0.02206799693453931,0.596480022898464,11.760000228881836,-0.172995780024762,-0.5851789116172647,0.03720180072338608
2024-07-25,83.74299621582031,12.619999885559082,24406.099609375,0.0004323883678778,0.0004323883678778,0.0020449221934493167,0.0033859502444484324,0.004278840681759766,83.46417236328125,83.26856235504151,0.0023491459766735723,1,0.012262603151632866,0.022077896951251858,0.5553992655841253,12.619999885559082,-0.1302550181605614,-0.29385699389851605,0.028868519245212942
2024-07-26,83.73760223388672,12.25,24834.849609375,-6.44111409591197e-05,-6.44111409591197e-05,0.0007565176590387246,0.003872292016019241,0.005454874076468164,83.46881439208984,83.27210887908936,0.002362201650087936,1,0.01200479853394824,0.021914534620256058,0.5477757555068934,12.25,-0.17397167477943642,-0.42271337913612156,0.04047328715751286
2024-07-29,83.72779846191406,12.949999809265137,24836.099609375,-0.0001170772951591,-0.0001170772951591,-2.9886927184641365e-05,0.0017635702256038055,0.004645987744537727,83.47288635253906,83.27425437927246,0.002385274713621932,1,0.010167538614470496,0.02188826060278832,0.46449895220194526,12.949999809265137,-0.16126941961071928,-0.1859434810301256,0.0329222736748529
2024-07-30,83.75050354003906,12.880000114440918,24857.30078125,0.0002711772976489,0.0002711772976489,0.00094656999452436,0.0035902109292347273,0.005386437410003886,83.47979446411132,83.27689338684083,0.0024364630934055054,1,0.008166547239548504,0.021860033387418105,0.3735663861274132,12.880000114440918,0.010196087407130738,-0.21332807430637676,0.03526364129383941
2024-07-31,83.73899841308594,13.25,24951.150390625,-0.0001373738242376,-0.0001373738242376,0.0003846287758104694,0.004456150256997526,0.004037064297192083,83.4851724243164,83.27962337493896,0.0024681793822725062,1,0.007033678807759105,0.0217522620798672,0.32333903678146847,13.25,0.1267006583434256,-0.08891249460327243,0.03351846880891163
2024-08-01,83.7177963256836,12.93000030517578,25010.900390625,-0.0002531925124987,-0.0002531925124987,-0.00030091937565468463,0.0033136694786362053,0.003195800953785133,83.49322830200195,83.28141536712647,0.0025433397588376927,1,0.006830438449550348,0.021739869843919055,0.3141750306490533,12.93000030517578,0.024564217308070457,-0.20080154016607235,0.03677069769599606
2024-08-02,83.743896484375,14.31999969482422,24717.69921875,0.0003117635656566,0.0003117635656566,7.516635681414918e-05,0.003171972220589847,0.004046378767250447,83.50177017211914,83.28398586273194,0.0026149602127130134,1,0.006779401236337091,0.0216109251162331,0.31368798475268467,14.31999969482422,0.16897956692442606,0.2741935163720715,0.017754687532168134
2024-08-05,83.73529815673828,20.3700008392334,24055.599609375,-0.0001026740813083,-0.0001026740813083,8.957233991568891e-05,0.002923599600451743,0.003944483061142812,83.51113418579102,83.2854133605957,0.0027102083796839427,1,0.006851243919727886,0.021613860855534715,0.3169691429206472,20.3700008392334,0.5729730609462702,2.3228980998432776,-0.01014522489932046
2024-08-06,84.00260162353516,18.739999771118164,23992.55078125,0.0031922435661067,0.0031922435661067,0.003010108272072376,0.006098698176211226,0.007467071127681857,83.52545822143554,83.28930187225342,0.002835374338283403,1,0.012473175960106865,0.022461028097490662,0.5553005234420618,18.739999771118164,0.4549689134014119,1.7482105025414185,-0.013620328749167632
2024-08-07,83.93489837646484,16.170000076293945,24297.5,-0.0008059660744048,-0.0008059660744048,0.002339411350641196,0.005544356451118393,0.00553590105134405,83.5431121826172,83.29335334777832,0.0029985445993037096,1,0.012932336529616428,0.022456860485504306,0.5758490011977658,16.170000076293945,0.22037736424859955,0.8696755651706118,-0.0009477902641814584
2024-08-08,83.94239807128906,16.600000381469727,24117.0,8.935133024867703e-05,8.935133024867703e-05,0.002682843498790888,0.005808872968213086,0.00566067553902827,83.55904617309571,83.29671382904053,0.0031493720699906635,1,0.012843594628293396,0.022454615154682358,0.5719546999635545,16.600000381469727,0.28383603941794755,1.0074832142246897,-0.012941376031811225
2024-08-09,83.98899841308594,15.34000015258789,24367.5,0.0005551466585134,0.0005551466585134,0.002926803492558694,0.005940644362354863,0.006286476219518056,83.57469619750977,83.30040733337403,0.003292767381532835,1,0.01286636766273989,0.022467093688026508,0.572650614751376,15.34000015258789,0.07122908376404058,0.5744369966687677,0.0017698563639754195
2024-08-12,83.94979858398438,15.869999885559082,24347.0,-0.0004667257598283,-0.0004667257598283,0.00256164881439358,0.005436141804052053,0.005875937797954034,83.5863801574707,83.30406631469727,0.0033889563290576685,1,0.013119033068305428,0.022496422543222292,0.5831349365955588,15.869999885559082,-0.22091314522712946,0.7481668848536724,0.0012769717920801948
2024-08-13,83.88999938964844,16.170000076293945,24139.0,-0.0007123208791991,-0.0007123208791991,-0.001340461267989701,0.0044480935626103335,0.004372308753852305,83.5977621459961,83.30720432281494,0.003487787467399084,1,0.013572852731264193,0.02251914494108866,0.6026982848809347,16.170000076293945,-0.1371397932877816,0.8433207799698618,-0.014821164054398595
2024-08-14,83.88200378417969,15.4399995803833,24143.75,-9.531059157141808e-05,-9.531059157141808e-05,-0.0006301859334828519,0.004330707114978516,0.004508720828510393,83.60638626098633,83.31020282745361,0.003555188001956422,1,0.013603074136717621,0.022512472649536458,0.6042192756521594,15.4399995803833,-0.04514536131517177,0.5888881104912962,-0.018015806628170927
2024-08-16,83.94830322265625,14.399999618530272,24541.150390625,-0.0002762051448296,-0.0002762051448296,7.034766104929702e-05,0.004315263407409731,0.005077603628310889,83.62348434448242,83.31394683837891,0.0037153143963277735,1,0.01355152453511462,0.022524410901320943,0.6016105364062383,14.399999618530272,-0.13253016339657886,0.22895599779059672,-0.0029191731757607364
2024-08-19,83.88980102539062,14.31999969482422,24572.650390625,-0.0006968836178911,-0.0006968836178911,-0.0011810759691099904,0.003801546874089956,0.00581143210441426,83.62869232177735,83.3170743560791,0.003740145319631072,1,0.013832277293018,0.022370039834629082,0.6183117725089573,14.31999969482422,-0.06649285838446317,0.19771372871387485,-0.009201266180160927
2024-08-20,83.87860107421875,13.81999969482422,24698.849609375,-0.0001335079000662,-0.0001335079000662,-0.0008480962547444681,0.002441609000089162,0.004893976039507253,83.63864837646484,83.32012435913086,0.0038228941661329063,1,0.013268813299447114,0.022334108721004352,0.5940787423599543,13.81999969482422,-0.12917455611327766,0.022838590924800596,0.006846435152220831
2024-08-21,83.77940368652344,13.329999923706056,24770.19921875,-0.0011826304495414,-0.0011826304495414,-0.0013183419231094229,0.0005864398273192073,0.005574041067138991,83.64477447509766,83.3234098815918,0.003856834399390774,1,0.013749468134538416,0.02247995818313972,0.6116050758392606,13.329999923706056,-0.17563389852740174,-0.14943520983155853,0.010646968746493624
2024-08-22,83.88860321044922,13.0,24811.5,0.0013034172973391,0.0013034172973391,7.86751147066056e-05,0.002597072207306317,0.0068629641499931004,83.65199447631836,83.32705390930175,0.003899580649644685,1,0.014244913225545058,0.022612751322030993,0.6299226087123032,13.0,-0.15803106520050358,-0.2659584526921174,0.013580968548202232
2024-08-23,83.94059753417969,13.550000190734863,24823.150390625,0.0006198019962262,0.0006198019962262,-9.179087820421206e-05,0.0027930246933496328,0.008088429661576413,83.66021041870117,83.33181789398193,0.003940781960823481,1,0.01432154242417871,0.022591739262537457,0.6339002215603942,13.550000190734863,-0.05902773960504892,-0.07961349307150084,0.016779666603518484
2024-08-26,83.81379699707031,13.800000190734863,25010.599609375,-0.0015105984569354,-0.0015105984569354,-0.0009059984335557658,0.0008454531656298947,0.0063323322507229385,83.66455032348632,83.33503189086915,0.00395414059538246,1,0.015273303536784332,0.022823431171756458,0.6691646955777769,13.800000190734863,-0.03631281530524788,0.0030034164061793624,0.024768398460842
2024-08-27,83.88369750976562,13.630000114440918,25017.75,0.0008339976853424,0.0008339976853424,6.075966315144399e-05,0.0017446794747102423,0.010011741882879122,83.67153823852539,83.33803787231446,0.004001778476257156,1,0.015547659931958946,0.02209257661384412,0.703718560543818,13.630000114440918,-0.013748160968083067,-0.05888503973258411,0.0073646667284812395
2024-08-28,83.92160034179688,13.949999809265137,25052.349609375,0.0004518498010515,0.0004518498010515,0.00169727461662883,0.0023146658988169033,0.00933183325162168,83.67952819824218,83.34057888031006,0.004067038200189499,1,0.01560341939291015,0.02201225774343355,0.7088191840921216,13.949999809265137,0.046511619587969566,0.04857728294520921,0.008707083777292013
2024-08-29,83.94149780273438,13.789999961853027,25151.94921875,0.0002370958234407,0.0002370958234407,0.0006305337109078213,0.0022805147983857577,0.00883345213598119,83.68815612792969,83.3438038635254,0.004131708038766391,1,0.015598047161643369,0.021980186523232435,0.709608971524691,13.789999961853027,0.06076922783484817,-0.009329563473542989,0.011853597463898913
2024-08-30,83.89510345458984,13.390000343322754,25235.900390625,-0.0005526985979397,-0.0005526985979397,-0.0005419794584059501,0.0018641856776675514,0.006351575049309499,83.69857620239257,83.34689338684082,0.00421950718570252,1,0.015729445751730683,0.021718695902159274,0.7242019327796818,13.390000343322754,-0.011808106653866557,-0.14986416870096084,0.011412299454817587
2024-09-02,83.86380004882812,14.0600004196167,25278.69921875,-0.0003731255397838,-0.0003731255397838,0.0005965969034855689,0.0017439986424934162,0.006515773181612783,83.70746215820313,83.34024238586426,0.004406271950094132,1,0.01576290868542816,0.021702031722710464,0.7262998500312541,14.0600004196167,0.01884059603538235,0.08015682801328196,0.01070728458162118
2024-09-03,83.92729949951172,13.84000015258789,25279.849609375,0.0007571735438487,0.0007571735438487,0.0005197909849052884,0.0021900463536579373,0.005709968940570187,83.7139761352539,83.34364238739013,0.004443455280517039,1,0.015936832680409643,0.021540444716925122,0.7398219056258593,13.84000015258789,0.015407192691398341,0.001433900086686647,0.02274282835348096
2024-09-04,83.95030212402344,14.380000114440918,25198.69921875,0.0002740779775936,0.0002740779775936,0.0003420070888742188,0.002567662288402106,0.010312528864999226,83.72173217773438,83.34760139465332,0.004488800839145268,1,0.01594363871121763,0.019632924577926716,0.8120454292231588,14.380000114440918,0.03082439505771095,0.18585396217334202,0.04751906532936756
2024-09-05,83.98249816894531,14.210000038146973,25145.099609375,0.0003835131513203,0.0003835131513203,0.0004884397739397528,-0.00023931942822363883,0.004222151530182128,83.73217407226562,83.35139987945557,0.004568299912907747,1,0.011313862642691429,0.01490128961821068,0.7592029770288337,14.210000038146973,0.03045685840868617,0.12347813228082749,0.04803777800173337
2024-09-06,83.98359680175781,15.220000267028809,24852.150390625,1.30816876904305e-05,1.30816876904305e-05,0.0010548094408855402,0.0005801928188982064,0.007229463784421686,83.74355407714843,83.35515438079834,0.0046595762341909985,1,0.010986203571836124,0.013572142945664483,0.8094074906464699,15.220000267028809,0.13666914688457266,0.47050448663925326,0.022827467460644124
2024-09-09,83.98259735107422,14.239999771118164,24936.400390625,-1.1900546316834236e-05,-1.1900546316834236e-05,0.0014165504326888456,0.00047889124815103656,0.006103746042632752,83.75159805297852,83.35897888183594,0.004709980573288197,1,0.010978761531018101,0.013419406331684251,0.8180647634415011,14.239999771118164,0.012802229454440761,0.12581294995322045,0.0339760497004189
2024-09-10,83.98090362548828,13.359999656677246,25041.099609375,-2.0167578038354783e-05,-2.0167578038354783e-05,0.0006386971378349315,-9.637914191862329e-05,0.005426954192177202,83.76219818115234,83.3622864151001,0.004797274442076782,1,0.01077284793905047,0.013371134142560283,0.8056191946776161,13.359999656677246,-0.0346821163741744,-0.18292258907110803,0.027643361418898227
2024-09-11,83.98200225830078,13.630000114440918,24918.44921875,1.308193607196806e-05,1.308193607196806e-05,0.0003776059582312197,0.0003836063321127625,0.005413658850073055,83.77448822021485,83.36570194244385,0.004903530687634827,1,0.010669599975707293,0.013371354867551487,0.7978848962195485,13.630000114440918,-0.05215577149035089,-0.09046285666878767,0.023471032108678624
2024-09-12,83.99259948730469,13.18000030517578,25388.900390625,0.0001261845242901,0.0001261845242901,0.00012027885070842181,0.0012230313315380048,0.004734603730880194,83.7855142211914,83.37075695037842,0.004974853125776946,1,0.01038789428840634,0.013289943469689106,0.7815768919713364,13.18000030517578,-0.07248414709402828,-0.2490130540726547,0.05177929452856378
2024-09-13,83.93479919433594,12.550000190734863,25356.5,-0.0006881593535807,-0.0006881593535807,-0.0005810373606296437,0.0006294009176519566,0.004794406945359819,83.79462814331055,83.37449993133545,0.0050390492575200785,1,0.010661327609394243,0.013275708676400615,0.8030098324251689,12.550000190734863,-0.1754270715801487,-0.47040513698293407,0.050230390887910925
2024-09-16,83.88480377197266,12.460000038146973,25383.75,-0.0005956459399816,-0.0005956459399816,-0.0011644505193468824,-0.0007564113656374216,0.00434258005707111,83.8025001525879,83.37832244873047,0.005087385922381005,1,0.010814157974112655,0.013335040268592729,0.8108972195877905,12.460000038146973,-0.12499998325712203,-0.5025766493000887,0.03433415288049746
2024-09-17,83.88400268554688,12.59000015258789,25418.55078125,-9.549839658173909e-06,-9.549839658173909e-06,-0.001153844930908754,-6.91185313694831e-05,0.004477319046256589,83.81031219482422,83.38128498077393,0.005145365823388426,1,0.01054347385263412,0.013287833295475516,0.7934085422099384,12.59000015258789,-0.057634694900947414,-0.45934185985185877,0.034424466924729114
2024-09-18,83.77059936523438,13.369999885559082,25377.55078125,-0.0013519064026737,-0.0013519064026737,-0.0025172404489262057,-0.0012875954963628145,0.004755669147447739,83.81628219604492,83.38352699279785,0.005189936416151397,1,0.01153184067376118,0.013155345889256789,0.8765230688543887,13.369999885559082,-0.019075585231020376,-0.1900577180369104,0.027479060061865512
2024-09-19,83.69170379638672,12.470000267028809,25415.80078125,-0.0009418049941802,-0.0009418049941802,-0.003582407173425395,-0.0010467953491870574,0.0032630443807144527,83.82096420288086,83.38525699615478,0.005225230723294061,1,0.01126379015171101,0.013272645549156697,0.8485830143646274,12.470000267028809,-0.05386950088826281,-0.5089619449908708,0.026063640296090318
2024-09-20,83.61470031738281,12.789999961853027,25790.94921875,-0.0009200849727142,-0.0009200849727142,-0.0038136610800961757,-0.0032650787184913543,0.00015669162203568732,83.82339828491212,83.38558898925781,0.005250419178674859,1,0.010506478204717354,0.012679855489548099,0.8285307102014589,12.789999961853027,0.01912348744786052,-0.4003686752989058,0.039475614886242294
2024-09-23,83.48709869384766,13.789999961853027,25939.05078125,-0.0015260668644485,-0.0015260668644485,-0.004741086111449855,-0.005402616298357588,-0.0009023342546279345,83.82322219848633,83.38630447387695,0.005239682072087248,1,0.011122825232418707,0.013009858225326073,0.854887897461503,13.789999961853027,0.10674156658380318,-0.05237729556893958,0.04495401965765167
2024-09-24,83.55960083007812,13.390000343322754,25940.400390625,0.000868423233826,0.000868423233826,-0.003867267239080374,-0.003032867810547568,0.0011885562926112758,83.82404418945312,83.38727996826172,0.005237779927077968,1,0.010794493394938511,0.012896146624963089,0.8369675641312176,13.390000343322754,0.06354250842248188,-0.19771445335196025,0.03717626909278393
2024-09-25,83.56759643554688,12.739999771118164,26004.150390625,9.56874540964936e-05,9.56874540964936e-05,-0.0024233195324581125,-0.0037683254744695915,0.0018342098894406078,83.8249900817871,83.38802745819092,0.005240112242914874,1,0.010240049267104598,0.012846288042473855,0.7970592107260631,12.739999771118164,-0.04712042781102643,-0.4302474244378364,0.03942802172957194
2024-09-26,83.62409973144531,12.0,26216.05078125,0.0006761388182561,0.0006761388182561,-0.0008077749869435102,-0.0035449825687295933,0.0005228638846923594,83.82572006225585,83.38949645996094,0.005231157649505214,1,0.010441796078774629,0.012286837777951773,0.8497667586001567,12.0,-0.03769047770363798,-0.693116399053339,0.04645077966816835
2024-09-27,83.61710357666016,11.960000038146973,26178.94921875,-8.366194443498731e-05,-8.366194443498731e-05,2.874206650527178e-05,-0.0038645274931423668,0.0019916665417207824,83.82662017822265,83.39081848144531,0.005226015342136403,1,0.01034331301163071,0.011877142746078196,0.8707853772043411,11.960000038146973,-0.06489444301654268,-0.7075720782032561,0.04083182544096431
2024-09-30,83.71640014648438,12.789999961853027,25810.849609375,0.0011875150606381,0.0011875150606381,0.0027465495414755736,-0.0021300803115666955,0.0041850821966762375,83.82746215820312,83.39330749511718,0.005206109172625872,1,0.01127664343624136,0.011915080958163569,0.9463382697577145,12.789999961853027,-0.07251631637173883,-0.41599126077918974,0.022782988118133174
2024-10-01,83.82730102539062,11.989999771118164,25796.900390625,0.0013247210667468,0.0013247210667468,0.0032037036157805954,-0.0004352178581968902,0.004626025595378946,83.82940216064453,83.39535850524902,0.005204650032989422,1,0.012252527017542517,0.012070114671481544,1.0150286324832591,11.989999771118164,-0.10455567858911474,-0.7024912925981902,0.02049951887914525
2024-10-03,83.91960144042969,13.170000076293944,25250.099609375,0.0005663457798414,0.0005663457798414,0.004212218849136029,-9.172294507198142e-05,0.005276749938058378,83.83436813354493,83.39837699890137,0.005227813182135499,1,0.012117010421721657,0.012086932994752365,1.002405492070639,13.170000076293944,0.03375198688390868,-0.2869686606376885,-0.001176826621190341
2024-10-04,84.0093994140625,14.130000114440918,25014.599609375,0.0010700476657596,0.0010700476657596,0.004607519648696545,0.0007039556564281124,0.006206595251055935,83.84042007446288,83.4019760131836,0.00525699848178629,1,0.012669439661226979,0.012250920219399004,1.0340778779449524,14.130000114440918,0.17750000953674316,0.05094910619589187,-0.007305917173614063
2024-10-07,84.02780151367188,15.079999923706056,24795.75,0.0002190481033994,0.0002190481033994,0.004911649883150959,0.0005394379271193017,0.006400517121943006,83.84611618041993,83.4053405380249,0.005284741235413781,1,0.012620796436342865,0.012253287958883745,1.0299085902574552,15.079999923706056,0.26086955481669727,0.3849734530112735,-0.013893347602598083
2024-10-08,83.96410369873047,14.59000015258789,25013.150390625,-0.0007580564264916,-0.0007580564264916,0.002958841419514746,-0.00023210607511081616,0.005894237698973237,83.8506462097168,83.40801055908203,0.005306872177717636,1,0.012890951083783615,0.012351286786888354,1.0436084674998836,14.59000015258789,0.14073496451160872,0.20461577336744244,0.006478312639727646
2024-10-09,83.91459655761719,14.119999885559082,24981.94921875,-0.0005896226950854,-0.0005896226950854,0.0010413735281793457,-0.000809701004754193,0.005475751568591258,83.85438217163086,83.41086605072022,0.005317246324249236,1,0.013031817907171861,0.012413757934531859,1.0497037458075311,14.119999885559082,0.1776480529692519,0.031449737850115296,0.0018265999667748112
2024-10-10,83.94219970703125,13.5,24998.44921875,0.0003289433608264,0.0003289433608264,0.0002692847226830608,-0.00046086570620429423,0.005380133802478371,83.8582160949707,83.41359703063965,0.005330294821930925,1,0.013102432223685982,0.012404263768736764,1.0561994059897537,13.5,0.02505694167003525,-0.19528833702842732,-0.0017032155652235703
2024-10-11,83.94599914550781,13.220000267028809,24964.25,4.526255554204717e-05,4.526255554204717e-05,-0.0007546806547468199,-0.00042870033846342803,0.00539063731413858,83.86235610961914,83.4169005203247,0.005340111973902717,1,0.013104767672719024,0.012404157204234389,1.0563967434645511,13.220000267028809,-0.06440197027897299,-0.2989682157635526,0.0018380269513535996
2024-10-14,84.16829681396484,13.0,25127.94921875,0.0026481031939558,0.0026481031939558,0.001672009713000966,0.0020918191332643943,0.0077802585325923435,83.87136611938476,83.42125900268555,0.005395592467439592,1,0.01609251444222518,0.013428549282636645,1.1982914767684378,13.0,-0.13793103012131025,-0.37868192237508924,-0.010278159662690967
2024-10-15,84.04850006103516,13.0,25057.349609375,-0.0014233001909789,-0.0014233001909789,0.0010051481357737924,0.0013546332128104854,0.0063241898159460685,83.87745819091796,83.42629299163818,0.005407949737440854,1,0.016720763355039723,0.01377328131639895,1.2139118528915802,13.0,-0.10897876188889999,-0.3814638113565224,-0.011797779292291866
2024-10-16,84.05619812011719,13.050000190734863,24971.30078125,9.15906777210207e-05,9.15906777210207e-05,0.0016874485287285967,0.002043210932583639,0.005606063676194095,83.88387619018555,83.43101799011231,0.0054279356884618934,1,0.016560522787969274,0.013695439170416079,1.2091115494996345,13.050000190734863,-0.07577901582835966,-0.365587059063944,-0.016248553454473846
2024-10-17,84.03929901123047,13.390000343322754,24749.849609375,-0.0002010453632766,-0.0002010453632766,0.0011567400489636004,0.0018513223107121668,0.005590397337511321,83.88461013793945,83.43575649261474,0.005379631757332248,1,0.016585711379868476,0.013677570654896302,1.212532493220083,13.390000343322754,-0.008148122716833073,-0.24535354330791811,-0.026307604144303443
2024-10-18,84.05380249023438,13.039999961853027,24854.05078125,0.0001725797237073,0.0001725797237073,0.0012841987208909167,0.0033806983254978107,0.004535458767735978,83.88698822021485,83.43968952178955,0.005360742603296664,1,0.01576743453156842,0.013475488668789773,1.1699957547609754,13.039999961853027,-0.01361575654614089,-0.37609024913457473,-0.02062846822817843
2024-10-21,84.0687026977539,13.760000228881836,24781.099609375,0.0001772698804585,0.0001772698804585,-0.001183273512484928,0.004504614964995657,0.004041569070966755,83.88951431274414,83.44437503814697,0.005334562987543201,1,0.015272593947317975,0.013418921725664699,1.1380538768799349,13.760000228881836,0.05846155606783343,-0.1199688804467512,-0.02497270014577857
2024-10-22,84.07350158691406,14.399999618530272,24472.099609375,5.7082945331243806e-05,5.7082945331243806e-05,0.00029746546173647914,0.005487088607502466,0.004806890511641182,83.8912043762207,83.44888103485107,0.005300530527004854,1,0.01474444369886072,0.013333566331027615,1.105731025129218,14.399999618530272,0.10769227834848238,0.1092663187786823,-0.051136140751895875
2024-10-23,84.08399963378906,14.619999885559082,24435.5,0.0001248674871017,0.0001248674871017,0.0003307491213455638,0.007149618914537692,0.0045061721981205505,83.8938883972168,83.45338703155518,0.005278412073257854,1,0.013297188412260826,0.013312933736851653,0.9987422706976168,14.619999885559082,0.12030648826648105,0.18516692457910414,-0.057964757227617514
2024-10-24,84.06759643554688,13.970000267028809,24399.400390625,-0.0001950810893109,-0.0001950810893109,0.0003367165677170547,0.006079440308741857,0.00387614767078559,83.89744033813477,83.45738903045654,0.005272766291761766,1,0.013248925684962075,0.01329811190180364,0.9962263482545208,13.970000267028809,0.04331590058511736,-0.05727151199662554,-0.05940540534435723
2024-10-25,84.08180236816406,14.630000114440918,24180.80078125,0.0001689822621262,0.0001689822621262,0.00033311851576178775,0.00615317365282575,0.004110460833544716,83.90143630981446,83.46628803253174,0.0052134614769632215,1,0.013239654842775365,0.013299116752735462,0.9954540316386575,14.630000114440918,0.12193252739564775,0.1797260518789739,-0.07011763822256434
2024-10-28,84.10199737548828,14.289999961853027,24339.150390625,0.0002401828547369,0.0002401828547369,0.00039604129320358616,0.005714831556665079,0.0044692314911927156,83.9045101928711,83.47078502655029,0.0051961313911550455,1,0.0131557857211262,0.01330115470546442,0.9889965958463788,14.289999961853027,0.03851742181360862,0.04932429480210323,-0.07159355946805612
2024-10-29,84.10279846191406,14.520000457763672,24466.849609375,9.525177175007116e-06,9.525177175007116e-06,0.0003484674058653603,0.005808559068404273,0.00420648123872569,83.90877014160156,83.47501399993897,0.005196239220312204,1,0.013130274482930582,0.013293420369735699,0.9876530241830784,14.520000457763672,0.00833339183419013,0.12958236423552044,-0.06539985982893282
2024-10-30,84.08930206298828,15.510000228881836,24340.849609375,-0.0001604750278541,-0.0001604750278541,6.306109631215584e-05,0.0044543472467928336,0.004183279673041884,83.91298416137695,83.47887001037597,0.005200287820702698,1,0.01274309461246002,0.013294764514225368,0.9584326346052507,15.510000228881836,0.06087553695549963,0.4906405412154805,-0.0569527939702561
2024-10-31,84.08910369873047,15.550000190734863,24205.349609375,-2.3589713904481613e-06,-2.3589713904481613e-06,0.00025583297364861757,0.003123119438863231,0.004435226312006435,83.91917816162109,83.48311252593994,0.0052233993497265985,1,0.012060515971152833,0.013281647218918688,0.9079903856796593,15.550000190734863,0.11309949130316621,0.49993135157169966,-0.06169542685943752
2024-11-01,84.09149932861328,15.899999618530272,24304.349609375,2.84891832287304e-05,2.84891832287304e-05,0.00011532769488886707,0.0020483639725770164,0.0041507842222643365,83.92323608398438,83.48761451721191,0.005217798703335275,1,0.011955035246384438,0.013270616567738192,0.9007972152726131,15.899999618530272,0.08680789433731917,0.6242858617182918,-0.03745529778618606
2024-11-04,84.13359832763672,16.690000534057617,23995.349609375,0.0005006332311774,0.0005006332311774,0.0003757455605644111,0.001478393066019601,0.004756657940751419,83.92709609985351,83.4930290222168,0.005198842139518156,1,0.011526553551214689,0.013298950935009107,0.8666613589433363,16.690000534057617,0.16794965560611352,0.9118757431855283,-0.04074620485302527
2024-11-05,84.15249633789062,16.1200008392334,24213.30078125,0.0002246190657424,0.0002246190657424,0.0005909182201477847,0.0014839710425895714,0.001784405619092988,83.93387008666993,83.49813598632812,0.0052184889542103985,1,0.0115274736792825,0.011674434195417005,0.9873271936907851,16.1200008392334,0.11019286026359776,0.6925754298045164,-0.023489881078410657
2024-11-06,84.11630249023438,14.869999885559082,24484.05078125,-0.0004300983242484,-0.0004300983242484,0.000321092298112724,0.001812664993721791,0.0021612477917813955,83.9385221862793,83.50358951568603,0.005208550591846883,1,0.011283734280798883,0.011592466877144365,0.97328386757579,14.869999885559082,-0.04126372236481224,0.21952508658805017,-0.021152857641367206
2024-11-07,84.2511978149414,14.9399995803833,24199.349609375,0.0016036763470754,0.0016036763470754,0.0019276470919666888,0.004011236079686009,0.0036787100529351857,83.94511413574219,83.5094649887085,0.005216763717652784,1,0.012152375882611715,0.012022711935674292,1.0107008507543895,14.9399995803833,-0.0392283345896689,0.24144440887930113,-0.03132660316143887
2024-11-08,84.306396484375,14.470000267028809,24148.19921875,0.0006551677704906,0.0006551677704906,0.0025555158069181516,0.0043386613481042335,0.003779043413852712,83.952412109375,83.51663646697997,0.0052178303728422915,1,0.012251201065184254,0.012042011141024758,1.017287198502233,14.470000267028809,-0.08993706828992021,0.059528288166494636,-0.03401210981368685
2024-11-11,84.38289642333984,14.270000457763672,24141.30078125,0.0009074037339387,0.0009074037339387,0.002963121757045162,0.005204503874862931,0.005159009868525022,83.96216796875,83.52425395965577,0.00524295624724469,1,0.012470332544368743,0.012122760209560615,1.0285862083064647,14.270000457763672,-0.14499700412565553,-0.020157883538958667,-0.032965108855663616
2024-11-12,84.39649963378906,14.59000015258789,23883.44921875,0.000161208147928,0.000161208147928,0.002899537227258442,0.002711268119498733,0.006037671329428118,83.97282196044922,83.53079147338867,0.005291826873224048,1,0.008903969999905064,0.012023050434248202,0.7405133610005339,14.59000015258789,-0.09491318901930457,0.09690844326128341,-0.049526524793809146
2024-11-13,84.39530181884766,15.4399995803833,23559.05078125,-1.419270878066925e-05,-1.419270878066925e-05,0.0033168282527120674,0.0041262099568779576,0.006119286754148634,83.98218200683594,83.53687999725342,0.005330603795558941,1,0.00692697811722219,0.012019599568406581,0.5762589526256394,15.4399995803833,0.03833219228049689,0.4143657454360458,-0.059794784822909786
2024-11-14,84.4229965209961,14.779999732971191,23532.69921875,0.0003281545483169,0.0003281545483169,0.0020391247900362064,0.0043637281852166865,0.005654590743553456,83.99163589477538,83.54319198608398,0.00536780912999002,1,0.0069304404992044,0.01200926725913046,0.5770429874435752,14.779999732971191,-0.010709494772824124,0.15890528129715997,-0.057610197206073965
2024-11-18,84.47750091552734,15.170000076293944,23453.80078125,4.380359731404049e-05,4.380359731404049e-05,0.0020295545568012052,0.005214249874196497,0.007005617881473469,84.00153594970703,83.55010398864746,0.0054031286558411384,1,0.006799255894808123,0.01190510108438728,0.5710732545118511,15.170000076293944,0.0483759361677516,0.3018309724227532,-0.05236592741291124
2024-11-19,84.39849853515625,15.65999984741211,23518.5,-0.0009351884172105,-0.0009351884172105,0.00018489661386045242,0.004100897695400896,0.006198213302073041,84.009833984375,83.55598949432373,0.005431621273327414,1,0.00789017010311875,0.01207388667299429,0.6534363689528667,15.65999984741211,0.09740710196629321,0.4832913491016521,-0.05373573881395399
2024-11-21,84.38310241699219,15.989999771118164,23349.900390625,-0.000171756660226,-0.000171756660226,-0.00015874137973737046,0.003739795062243534,0.0072058131701151495,84.01784408569335,83.5624169921875,0.0054501426586122115,1,0.007976259012635323,0.011810497404918182,0.6752961744980864,15.989999771118164,0.09595610718907022,0.6037053967787634,-0.05775366070553867
2024-11-22,84.48829650878906,16.100000381469727,23907.25,0.0012466250799483,0.0012466250799483,0.001101894156869232,0.004933717688042183,0.007148686178924724,84.02799194335938,83.56925197601318,0.005489339158831763,1,0.00882174319268598,0.011787429935799999,0.7483391122252372,16.100000381469727,0.04274616703519629,0.6398341290404753,-0.023081370964942116
2024-11-25,84.43599700927734,15.300000190734863,24221.900390625,-0.0006190147236105,-0.0006190147236105,0.00015399226297319046,0.00418625870583389,0.005901786378110341,84.0370718383789,83.57566646575928,0.0055208099693546675,1,0.009273170265044216,0.01182379282185421,0.7842141849543305,15.300000190734863,0.035182710903820746,0.3266062485414851,-0.00874136438276274
2024-11-26,84.37750244140625,15.3100004196167,24194.5,-0.0006927681314009,-0.0006927681314009,-0.0011837290762316544,0.0036863907022366416,0.006725687947959802,84.04476989746094,83.58200546264648,0.005536651486799604,1,0.009672376366080515,0.011486108628254612,0.8420201008885355,15.3100004196167,0.009228763521335281,0.3250493524379904,-0.008397763360763921
2024-11-27,84.33910369873047,14.630000114440918,24274.900390625,-0.0004550827123905,-0.0004550827123905,-0.0007037428088965125,0.003060131007180056,0.005429019016619074,84.05285598754882,83.58843299865723,0.0055560676547083965,1,0.0098937785618072,0.011435414270750534,0.8651119422204968,14.630000114440918,-0.06577265281017253,0.05668774643526985,0.0038915009567410674
2024-11-28,84.42030334472656,15.210000038146973,23914.150390625,0.000962775775827,0.000962775775827,0.00044085754930578425,0.0037847611135457537,0.00594248680790832,84.06356597900391,83.59589653015136,0.005594406762344795,1,0.010314339604490304,0.011550139837103417,0.8929282953842888,15.210000038146973,-0.04878047180338685,0.2765784969080331,-0.017461579109339098
2024-11-29,84.47160339355469,14.43000030517578,24131.099609375,0.0006076743010343,0.0006076743010343,-0.00019757902483730216,0.004385168369963832,0.006315179079435573,84.07531799316406,83.60325805664063,0.005646429905920902,1,0.010417870654162307,0.011594782637081386,0.898418932142423,14.43000030517578,-0.10372671035561165,-0.03173001023652755,-0.013722649436294865
2024-12-02,84.55699920654297,14.699999809265137,24276.05078125,0.0010109410684489,0.0010109410684489,0.0014330641142583644,0.005561910160752026,0.00788956357043391,84.09104598999023,83.610524559021,0.005747140488635782,1,0.01072076653539001,0.011668208018621446,0.9187227203664606,14.699999809265137,-0.03921571071829566,0.0694403181376766,-0.002662143235133474
2024-12-03,84.73709869384766,14.369999885559082,24457.150390625,0.0021299181498242,0.0021299181498242,0.00426175511287652,0.007706051873721753,0.010413296851693676,84.11195388793945,83.61885704040527,0.0058969575163638766,1,0.012516957100380382,0.012305919547962918,1.0170666226913159,14.369999885559082,-0.061397812429397125,-0.06330427842367839,0.010402691360114735
2024-12-04,84.68309783935547,14.449999809265137,24467.44921875,-0.0006372752351043,-0.0006372752351043,0.004078702826316283,0.007035176152946576,0.009005393290989261,84.1333218383789,83.62720951080323,0.006052005448182518,1,0.01292988254956806,0.012340811465222989,1.0476486847981878,14.449999809265137,-0.012303506751042859,-0.03544465351489496,0.006710716887979862
2024-12-05,84.70700073242188,14.529999732971191,24708.400390625,0.0002822628561811,0.0002822628561811,0.003396071517589805,0.006815379541383448,0.00901364961475104,84.15771987915039,83.63581802368164,0.00624017158917467,1,0.012910590892468966,0.012341224871353924,1.0460505319777644,14.529999732971191,-0.044707449274840716,-0.008185662484036007,0.02971620721756052
2024-12-06,84.68379974365234,14.140000343322754,24677.80078125,-0.0002738969455762,-0.0002738969455762,0.002512043593028812,0.006313578668283526,0.008350568154048554,84.18020385742187,83.64416450500488,0.006408568434979278,1,0.013059786788936307,0.012355258203429769,1.0569370252647567,14.140000343322754,-0.020097017028406272,-0.16664741301123528,0.01918367116472175
2024-12-09,84.66600036621094,14.109999656677246,24619.0,-0.0002101863342846,-0.0002101863342846,0.0012890850040896407,0.006534974311791508,0.008125438662313078,84.20217193603516,83.6525435256958,0.006570372963859983,1,0.01293243709179911,0.012370762474693677,1.0453188960143946,14.109999656677246,-0.04013606532266922,-0.183438039180855,0.005511719443636487
2024-12-10,84.84729766845703,13.779999732971191,24610.05078125,0.0021413235709957,0.0021413235709957,0.001300480855587427,0.007075268589355366,0.010296184503178596,84.22663589477538,83.66140701293945,0.006756148408411544,1,0.013733841079211167,0.0130165985011093,1.0550210991713127,13.779999732971191,-0.0410577701660807,-0.31720002228644345,0.016971578926893605
2024-12-11,84.8740005493164,13.270000457763672,24641.80078125,0.0003147169278592,0.0003147169278592,0.002254318923512688,0.006732633449071823,0.010634523865221457,84.25177383422852,83.6705615234375,0.006946437315688447,1,0.013675918696844808,0.013016550448568838,1.050575432826408,13.270000457763672,-0.08166085585308214,-0.5207481566421204,0.0204405122729292
2024-12-12,84.85710144042969,13.1899995803833,24548.69921875,-0.0001991081930549,-0.0001991081930549,0.0017719988514521834,0.005619681679458033,0.010420080000443255,84.27458786010742,83.67979904174804,0.00710791403863964,1,0.013585181239926178,0.013032556556246576,1.042323419651348,13.1899995803833,-0.09222299912003362,-0.5535848294376369,0.01687557937293982
2024-12-13,84.83920288085938,13.050000190734863,24768.30078125,-0.0002109258891299,-0.0002109258891299,0.0018350987754145454,0.00524551668601525,0.010079499845491169,84.2948258972168,83.68889003753662,0.0072403381071060036,1,0.01367294162022364,0.013052172692603328,1.0474803285159562,13.050000190734863,-0.07708628897612546,-0.6107358124979724,0.037048734225763935
2024-12-16,84.802001953125,14.020000457763672,24668.25,-0.0004384874736107,-0.0004384874736107,0.0016063305970024366,0.00481899022235055,0.010331861958485344,84.3124739074707,83.69875453948974,0.007332479095509159,1,0.013842989220683177,0.012997089527759995,1.0650018367021348,14.020000457763672,-0.006378398377280159,-0.22689181003342113,0.047081659997642245
2024-12-17,84.91729736328125,14.489999771118164,24336.0,0.00135958358884,0.00135958358884,0.0008250079466023408,0.005855049721697814,0.012308470007455163,84.33063186645508,83.70864902496338,0.007430329466985075,1,0.014411632977763763,0.013131412687892323,1.0974093885315408,14.489999771118164,0.051523951517079336,-0.04155257974054203,0.034135513898463365
2024-12-18,84.91539764404297,14.369999885559082,24198.849609375,-2.237140485239486e-05,-2.237140485239486e-05,0.000487747654860593,0.0051835899946128805,0.012295490504458328,84.3483837890625,83.71886451721191,0.0075194435027383655,1,0.01442539569945795,0.01313217674320496,1.0983934794695867,14.369999885559082,0.08289369931045099,-0.09032623703384471,0.031766656290549866
2024-12-19,85.16549682617188,14.510000228881836,23951.69921875,0.002945274815497,0.002945274815497,0.0036342908313771183,0.009087819147589826,0.016651396450630962,84.37241165161133,83.73028301239013,0.00766901312307966,1,0.016527905996019922,0.013889855162831434,1.1898407839025347,14.510000228881836,0.10007586736103424,-0.03754565323875463,0.018419508844101484
2024-12-20,85.27940368652344,15.06999969482422,23587.5,0.0013374766143154,0.0013374766143154,0.005188648534124596,0.01062180986309369,0.018970815721465417,84.39970779418945,83.74242004394532,0.007848922325139673,1,0.016659706897015694,0.013846480242420457,1.2030858037247993,15.06999969482422,0.15478923176748305,0.18178016984685608,0.010175615544398386
2024-12-23,84.94499969482422,13.520000457763672,23753.44921875,-0.0039212749766455,-0.0039212749766455,0.001686254314824609,0.005405520112334639,0.01590987436888347,84.41976379394531,83.75240406036377,0.007968245700750831,1,0.022389530527184915,0.016032862072429887,1.396390365967009,13.520000457763672,-0.035663336924010025,-0.43833944640219297,-0.006433227629693894
2024-12-24,85.0988998413086,13.18000030517578,23727.650390625,0.0018117622819151,0.0018117622819151,0.002138580520885336,0.00785095048926121,0.019305990658167627,84.44282180786132,83.76333904266357,0.00811193504179264,1,0.022770418334638037,0.0159336697849624,1.4289858931451815,13.18000030517578,-0.09040714193477828,-0.5751624564531336,-0.020405087628520557
2024-12-26,85.41339874267578,14.039999961853027,23750.19921875,0.0027223685636517,0.0027223685636517,0.005864673692283606,0.012276925380540593,0.022185337102883285,84.46772384643555,83.77585403442383,0.008258582618894339,1,0.023805252845022638,0.016625427822235195,1.4317719416065373,14.039999961853027,-0.022964504268206953,-0.23510692757710625,-0.01836370998574055
2024-12-27,85.26090240478516,13.239999771118164,23813.400390625,-0.0017853912867938,-0.0017853912867938,0.00112023744554679,0.010929671595129475,0.020262709967304948,84.49197189331055,83.78792804718017,0.008402688341140774,1,0.024922959182273007,0.017144149356621344,1.453644915181093,13.239999771118164,-0.0875258744128593,-0.5574716595788294,-0.01901140653818012
2024-12-30,85.38600158691406,13.970000267028809,23644.900390625,0.0014672514435161,0.0014672514435161,0.0012499841202275874,0.011439170483007022,0.021069307306470497,84.51856796264649,83.80030555725098,0.008571119169783925,1,0.025108520321184918,0.017289758663818867,1.4521352596126864,13.970000267028809,-0.07299266423828832,-0.2663734879410912,-0.011259024284866692
2024-12-31,85.7865982055664,14.449999809265137,23644.80078125,0.004691595943213,0.004691595943213,0.009907569765916113,0.015567300242723459,0.02594558452885498,84.5535139465332,83.81481452941894,0.008813470760052455,1,0.02901715175639791,0.01937317733838944,1.4977230387429747,14.449999809265137,0.06878693195364693,-0.0747616873294616,-0.020152369183212504
2025-01-03,85.80400085449219,13.539999961853027,24004.75,0.0002133562810657,0.0002133562810657,0.008285665437490541,0.0147474680943116,0.02493657998140142,84.58851791381836,83.82973903656006,0.009051428359181601,1,0.02903795132700912,0.019304785002770976,1.5041062211581284,13.539999961853027,0.02731408561014037,-0.43915591539392634,-0.011175655533705808
2025-01-06,85.75900268554688,15.649999618530272,23616.05078125,-0.0005244297293505,-0.0005244297293505,0.004046249744870778,0.012059700030459197,0.02304382506089686,84.62232391357422,83.84477355957031,0.00927368899686365,1,0.028791922398299155,0.019282907817903247,1.4930543471883138,15.649999618530272,0.11467234053074415,0.40497187695661213,-0.03439074446291235
2025-01-07,85.68070220947266,14.65999984741211,23707.900390625,-0.0009130292286784,-0.0009130292286784,0.0049237082044295555,0.011780442562572047,0.020985571175443196,84.65446792602539,83.85928558349609,0.009482341007276629,1,0.028947827401306466,0.019435384364226635,1.4893627775022797,14.65999984741211,0.10725076290345137,0.0066514292785654116,-0.03104323713249757
2025-01-08,85.80650329589844,14.470000267028809,23688.94921875,0.0014682546148865,0.0014682546148865,0.004924714838138389,0.012980067219588332,0.021391700147485038,84.68891799926757,83.87414260864257,0.009714261932032509,1,0.029119382283390425,0.019515179979546583,1.492063626893594,14.470000267028809,0.0357909799887457,-0.07076672881914843,-0.0412592946430399
2025-01-09,85.90750122070312,14.65999984741211,23526.5,0.0011770427756088,0.0011770427756088,0.0014093461876993896,0.01445024291251773,0.022369973665506526,84.7257160949707,83.88952461242675,0.009967769949909666,1,0.029023067247817946,0.019590514061627724,1.4814101225929763,14.65999984741211,0.014532874804076057,0.0054753736276321185,-0.04665329749013736
2025-01-10,85.91999816894531,14.920000076293944,23431.5,0.0001454698142142,0.0001454698142142,0.0013518870134019423,0.014811114228974853,0.02329441254125375,84.76248001098632,83.90429660797119,0.010228122250101723,1,0.02891786626331391,0.01947001695943957,1.485174930695877,14.920000076293944,0.10192024507598707,0.1108091934477275,-0.048235102969251376
2025-01-13,86.18800354003906,16.0,23085.94921875,0.0031192432123516,0.0031192432123516,0.005002400226891801,0.015801397433078845,0.02709191339388628,84.80420013427734,83.9207921218872,0.01052668820269309,1,0.029737474021376765,0.020150074848720636,1.4757264436077837,16.0,0.022364242172588478,0.5424655013547095,-0.061930045413038703
2025-01-14,86.65059661865234,15.470000267028809,23176.05078125,0.0053672559940245,0.0053672559940245,0.011319869984357522,0.020932158939575896,0.032265021896897395,84.8551560974121,83.93972709655762,0.0109057895768645,1,0.033782324441893295,0.022463980720039408,1.5037771393125876,15.470000267028809,0.0552524166471724,0.32832292262418905,-0.0594822599619137
2025-01-15,86.535400390625,15.260000228881836,23213.19921875,-0.0013294337549032,-0.0013294337549032,0.00849466027316148,0.019777943409644783,0.030846035206857803,84.90407806396485,83.9571921157837,0.011278199333718986,1,0.03448361723668025,0.022738816955999185,1.5164421641302102,15.260000228881836,0.0545957116291913,0.24302007020602687,-0.05440206782850476
2025-01-16,86.43099975585938,15.470000267028809,23311.80078125,-0.001206450011144,-0.001206450011144,0.006093746503129438,0.01876251568788767,0.02688307863583983,84.95091598510743,83.97407409667969,0.011632660424491181,1,0.03505168462228429,0.022536247274150812,1.5552779891840192,15.470000267028809,0.0552524166471724,0.32498699030705125,-0.0588050029294942
2025-01-17,86.6061019897461,15.75,23203.19921875,0.00202591933891,0.00202591933891,0.007985379834991146,0.021274262341334005,0.030430072242260575,85.00120803833008,83.99097160339356,0.01202791699692285,1,0.03495667251297767,0.022459225310539226,1.5563812040912437,15.75,0.0556300214116503,0.4334521338073261,-0.0593901383863874
2025-01-20,86.56900024414062,16.420000076293945,23344.75,-0.0004283964380461,-0.0004283964380461,0.00442053056635161,0.019450723611625254,0.029894310951735115,85.04991607666015,84.0067296218872,0.01241789151260031,1,0.03524634399878166,0.02251717130264556,1.565240068790165,16.420000076293945,0.026250004768371582,0.6962832569129991,-0.04073183760683763
2025-01-21,86.21109771728516,17.059999465942383,23024.650390625,-0.0041343035710948,-0.0041343035710948,-0.0050720816534179924,0.015258717608243932,0.025842656133584052,85.09108810424804,84.02105762481689,0.012735265535566143,1,0.039218875621233835,0.02428024959731908,1.6151918155630687,17.059999465942383,0.10277951981050304,0.9459847921481702,-0.04852293549917752
2025-01-22,86.45189666748047,16.770000457763672,23155.349609375,0.0027931317031244,0.0027931317031244,-0.0009649660458909137,0.01510470659185148,0.028530466275153987,85.13779998779297,84.03649211883545,0.013105114708978682,1,0.03911147325414668,0.024749687653387697,1.580217640894247,16.770000457763672,0.0989515207230427,0.8236818954656662,-0.033248146701491565
2025-01-23,86.47270202636719,16.700000762939453,23205.349609375,0.0002406582121239,0.0002406582121239,0.0004824920529162835,0.013992808207596852,0.02859565155009247,85.18223007202148,84.05203163146973,0.01344641430569049,1,0.03906060189752276,0.024747452178104902,1.5783048417096524,16.700000762939453,0.07950875725142303,0.7895233584751704,-0.016201394409114944
2025-01-24,86.44020080566406,16.75,23092.19921875,-0.0003758552692526,-0.0003758552692526,-0.0019155830856083522,0.017601990890712127,0.02815035860381454,85.22490615844727,84.06718414306641,0.013771390432331332,1,0.03564989303806915,0.024788669937581113,1.4380947034725924,16.75,0.06349206349206349,0.8031587981136461,-0.027838062334039293
2025-01-27,86.2030029296875,18.1299991607666,22829.150390625,-0.0027440690068482,-0.0027440690068482,-0.00422781034112607,0.012974352082551377,0.025201028794150204,85.26130828857421,84.08144763946534,0.014032354130818714,1,0.03744911501037644,0.025577764764734858,1.464070503592382,18.1299991607666,0.10414123486768023,1.3436128598410868,-0.03786721336534038
2025-01-28,86.46839904785156,18.200000762939453,22957.25,0.0030787340248521,0.0030787340248521,0.0029845499869423087,0.012351695643843641,0.028558002299320373,85.30274627685547,84.0969231414795,0.014338492900000332,1,0.03772639246829335,0.026115270945294086,1.4445551031125026,18.200000762939453,0.06682305584316728,1.3599146815034655,-0.033387055470422866
2025-01-29,86.58460235595703,18.63999938964844,23163.099609375,0.0013438818040467,0.0013438818040467,0.0015350234476287916,0.015525286665246218,0.029766250452554655,85.34653228759765,84.1124571609497,0.014671728401496331,1,0.03679176783509342,0.026174331663359737,1.4055893659064722,18.63999938964844,0.11150857965654093,1.5205075550857905,-0.02730818659169798
2025-01-30,86.6406021118164,17.389999389648438,23249.5,0.0006467634467979,0.0006467634467979,0.001941654204329346,0.014693281118513202,0.03018483288802365,85.39088439941406,84.12917617797852,0.014997272988461763,1,0.03669621965777798,0.02617419534469207,1.4019463531995917,17.389999389648438,0.04131728114888622,1.0197873775472615,-0.016722438415590624
2025-01-31,86.64700317382812,16.25,23508.400390625,7.388062704660747e-05,7.388062704660747e-05,0.0023924327597177886,0.0100295965367454,0.030251130264900894,85.43427444458008,84.1460631942749,0.01530922780464472,1,0.03373065146884668,0.02617012097771243,1.2888500839368713,16.25,-0.02985074626865669,0.5656035670901002,-0.005768726574899463
2025-02-04,86.94339752197266,14.020000457763672,23739.25,0.0044988869796451,0.0044988869796451,0.008588965199844312,0.01327906223641806,0.03394124328498371,85.4851724243164,84.16465869903564,0.015689646292071258,1,0.0364632384868526,0.027360481644935077,1.3326485370942025,14.020000457763672,-0.22669602279392187,-0.31546696841224925,-0.011060310980118504
2025-02-05,87.13009643554688,14.079999923706056,23696.30078125,0.0021473616041636,0.0021473616041636,0.007652476453613222,0.01598775297128152,0.036163933292849615,85.5401123046875,84.18356269836426,0.01611418622402394,1,0.036523934689393626,0.02752972515995627,1.3266608299340432,14.079999923706056,-0.22637366299582407,-0.29051003183187935,0.0033981126117714755
2025-02-06,87.33409881591797,14.18000030517578,23603.349609375,0.0023413537769008,0.0023413537769008,0.008656232627594518,0.019297187859210974,0.0385603718948242,85.59702835083007,84.20217769622803,0.01656549382409289,1,0.036329633787396745,0.0277367688678285,1.3097532811852606,14.18000030517578,-0.2392703449845327,-0.25068443511268185,-0.004409955311409308
2025-02-07,87.58830261230469,13.6899995803833,23559.94921875,0.0029107049804513,0.0029107049804513,0.010938295411026866,0.020765317871791478,0.04106212444657964,85.66007446289062,84.22258922576904,0.017067692294144843,1,0.03692059792177901,0.028119739285738934,1.312931269218189,13.6899995803833,-0.21276595394635822,-0.4438654626923702,-0.005445577125805845
2025-02-10,87.51309967041016,14.449999809265137,23381.599609375,-0.0008585957217073,-0.0008585957217073,0.00999568900085901,0.0186898516065801,0.03993468380338916,85.7227864074707,84.24217571258545,0.017575646430794345,1,0.037489523084928755,0.02826673873313778,1.326229998050054,14.449999809265137,-0.11076924250676079,-0.14185571633164762,-0.006159028781374198
2025-02-11,87.49009704589844,14.869999885559082,23071.80078125,-0.0002628477861983,-0.0002628477861983,0.00628799356256593,0.018273963110029712,0.04010868827782521,85.78580627441406,84.26190120697021,0.01808533922941913,1,0.03762445125091296,0.028243556977655977,1.3320956416727419,14.869999885559082,0.06062763195736687,0.025967786531858376,-0.015351096547382759
2025-02-12,86.81120300292969,14.899999618530272,23045.25,-0.0077596672754013,-0.0077596672754013,-0.003659968778447098,0.007230698441704986,0.03038538625422693,85.83362426757813,84.27903072357178,0.018445792869940414,1,0.047243476734190645,0.032762666055477195,1.4419472062190921,14.899999618530272,0.05823861500479177,0.03964497452551565,-0.0017629432675414503
2025-02-13,86.8740005493164,14.960000038146973,23031.400390625,0.0007233806722457,0.0007233806722457,-0.0052682545860048835,0.0025782157236291514,0.030455625812654485,85.88167221069335,84.2964697265625,0.018805087440468826,1,0.04369511866296296,0.0327645190084553,1.3335701672141138,14.960000038146973,0.05500703217097169,0.06258366025550706,-0.006241373562316577
2025-02-14,86.75409698486328,15.020000457763672,22929.25,-0.0013802007930445,-0.0013802007930445,-0.009524167069818512,0.0025272500416138044,0.028100487919108463,85.92561416625976,84.31382369995117,0.019116562333176823,1,0.04371752551447348,0.03295949092472834,1.3263614796973415,15.020000457763672,0.09715127232627219,0.08580264224967914,-0.012232231157549567
2025-02-17,86.43460083007812,15.720000267028809,22959.5,-0.0036827788645059,-0.0036827788645059,-0.012323856021485335,4.1664150928655275e-05,0.024149119988776002,85.95956420898438,84.32929370880127,0.019332196778649724,1,0.04550839070695173,0.03397019165533763,1.3396171429211947,15.720000267028809,0.08788930619565583,0.3623778858262835,-0.015112551130471275
2025-02-18,86.85479736328125,15.670000076293944,22945.30078125,0.004861438928019,0.004861438928019,-0.007261389620860759,0.002871568721157791,0.029142564709500496,86.0029981994629,84.34705867767335,0.019632451300022336,1,0.048043540562480856,0.0351239854601343,1.3677881978629909,15.670000076293944,0.053799609743896415,0.3428228936599875,-0.011114779262490604
2025-02-19,86.88719940185547,15.420000076293944,22932.900390625,0.0003730598603401,0.0003730598603401,0.0008754215619293237,0.0036756709309044844,0.029188763517136396,86.04660217285156,84.36448318481445,0.019938710278733618,1,0.04799331630659295,0.03512346238134575,1.3663786732315002,15.420000076293944,0.03489936047494768,0.24413173007854796,-0.0176420655340066
2025-02-20,86.872802734375,14.68000030517578,22913.150390625,-0.0001656937682371,-0.0001656937682371,-1.3787956509747623e-05,0.0076754041487767655,0.028354316745742958,86.09038223266602,84.38159168243408,0.02025075038478641,1,0.04534163495757646,0.03513584622238213,1.290429843094281,14.68000030517578,-0.018716559642861785,-0.046660553139158206,-0.004842635962255426
2025-02-21,86.45120239257812,14.529999732971191,22795.900390625,-0.0048530763199383,-0.0048530763199383,-0.0034914154237349893,-8.030765421107589e-06,0.024321568428931517,86.12608627319337,84.39681568145753,0.0204897611097401,1,0.04795853553851392,0.03660586384130576,1.310096809888406,14.529999732971191,-0.032623216368758756,-0.1045548624805368,-0.015523376878942452
2025-02-24,86.52940368652344,14.4399995803833,22553.349609375,0.0009045715013911,0.0009045715013911,0.001096816038193893,0.0006557174556538481,0.02543520216790518,86.15972839355469,84.41243118286133,0.020699524776252698,1,0.04804596579205777,0.036602488091227736,1.3126062104330516,14.4399995803833,-0.08142497868337739,-0.13767568261177165,-0.028096969490888024
2025-02-25,86.69010162353516,13.720000267028809,22547.55078125,0.0018571483237523,0.0018571483237523,-0.0018962192618702245,0.002891025420370452,0.026060474713406556,86.19605041503907,84.42898170471192,0.020929646131554902,1,0.04839649050472889,0.03667995366651095,1.3193901921070827,13.720000267028809,-0.12444159539061872,-0.41931342560493223,-0.023585819277783027
2025-02-27,87.16220092773438,13.3100004196167,22545.05078125,0.0009301810501873,0.0009301810501873,0.0031650407398564617,0.01112719934860329,0.03228722363706438,86.24215240478516,84.4474287033081,0.021252555927812944,1,0.047246901978680894,0.03663364340424643,1.2896782277183123,13.3100004196167,-0.13683525591683154,-0.5779091755883566,-0.012444598441634036
2025-02-28,87.3270034790039,13.90999984741211,22124.69921875,0.0018907571116311,0.0018907571116311,0.005228342246740736,0.009929690391020207,0.03495601258932579,86.29190841674804,84.46671421051025,0.021608443317553405,1,0.04656237340162458,0.036674041810343845,1.2695929194139897,13.90999984741211,-0.05245234616869787,-0.33847243423284407,-0.036265266146859876
2025-03-03,87.46399688720703,13.760000228881836,22119.30078125,0.0015687405126187,0.0015687405126187,0.011715215828112635,0.010156477102415185,0.037051534240143846,86.34514831542968,84.48671268463134,0.02199677998758731,1,0.04663165823924029,0.03668800882073159,1.2709980383250494,13.760000228881836,-0.05299377276257533,-0.39540078617994723,-0.04506300304051425
2025-03-04,87.32959747314453,13.829999923706056,22082.650390625,-0.0015366255698995,-0.0015366255698995,0.00924765169444619,0.00795233810170104,0.03446201936207216,86.39339431762696,84.50606369018554,0.022333671041177672,1,0.047051649146066375,0.03690272376527913,1.2749837779334052,13.829999923706056,-0.0422437447647801,-0.364310650261958,-0.050188159288371836
2025-03-05,87.21700286865234,13.670000076293944,22337.30078125,-0.0012893063491654,-0.0012893063491654,0.006077986243519851,0.006578412108272369,0.03250085667614,86.43942642211914,84.5245246887207,0.022654983751171143,1,0.04734040954711014,0.03706880861124936,1.2770610726256628,13.670000076293944,-0.0036443286998341096,-0.4240695592048135,-0.049816218454490246
2025-03-06,86.88929748535156,13.729999542236328,22544.69921875,-0.0037573566222437,-0.0037573566222437,-0.0031309838379262045,-0.0006222443355451412,0.027582557336402358,86.47390243530273,84.54144367218018,0.022858123533067376,1,0.046421598315140394,0.037986110444825485,1.2220355213004581,13.729999542236328,0.03155515472415926,-0.3979333074017862,-0.05031965126320337
2025-03-07,87.12879943847656,13.470000267028809,22552.5,0.00275640337828,0.00275640337828,-0.0022696764188754326,-1.4885752723459156e-05,0.02822495437647743,86.5108903503418,84.55946666717529,0.023077530642988675,1,0.04686208471529822,0.03812482198945825,1.229142934367567,13.470000267028809,-0.03163188966282848,-0.49814234210037944,-0.04826917044178669
2025-03-10,87.07379913330078,13.989999771118164,22460.30078125,-0.0006312528754011,-0.0006312528754011,-0.004461238541493162,-0.002980504592665967,0.028231150665750215,86.55346633911132,84.57781017303466,0.023359036631886543,1,0.04594458494671219,0.0381241739043441,1.2050983704884064,13.989999771118164,0.016715082733324893,-0.29013239054971757,-0.04842739895150272
2025-03-11,87.3551025390625,14.06999969482422,22497.900390625,0.0032306320450203,0.0032306320450203,0.0002920552327727588,-0.0026624568154313133,0.03126190024134634,86.5985903930664,84.59723518371582,0.023657454111878806,1,0.04624328106067042,0.03854863469480205,1.199577672441751,14.06999969482422,0.01735356272177402,-0.2559580333895437,-0.04507857034257856
2025-03-12,87.20010375976562,13.6899995803833,22470.5,-0.0017743528974459,-0.0017743528974459,-0.00019375933970311454,-0.0035765606728973554,0.029714113251063656,86.6343244934082,84.61666069030761,0.02384475807294173,1,0.0464815747516001,0.03877486894474841,1.1987242585802917,13.6899995803833,0.0014630215053210716,-0.40222838201289224,-0.03896652173488113
2025-03-13,87.3405990600586,13.279999732971191,22397.19921875,0.0016111827192319,0.0016111827192319,0.0051939834682530606,-0.001708741799216651,0.03158999695602782,86.67591842651368,84.63677967071533,0.024092820683061733,1,0.04699203271459766,0.03882979322535186,1.2101744211580383,13.279999732971191,-0.032774932575987625,-0.5605655096243405,-0.029239224492967897
2025-03-17,86.93900299072266,13.420000076293944,22508.75,0.0001945044932205,0.0001945044932205,-0.0021783434292346193,0.0014721600827103387,0.024652586231314277,86.70697845458984,84.65513919830322,0.024237621905980555,1,0.03834751784868168,0.03867536576950479,0.9914974451637232,13.420000076293944,-0.0037119665733974516,-0.5021554206519568,-0.02328028552521666
2025-03-18,86.91639709472656,13.210000038146973,22834.30078125,-0.0002600201890802,-0.0002600201890802,-0.0018076854362728545,0.0004880234033437514,0.02406386563837537,86.72957443237304,84.67328918457031,0.024284934099116695,1,0.03829323174241798,0.038697361114779276,0.989531097424005,13.210000038146973,-0.0557540919036662,-0.5820755304324636,-0.008557864742572474
2025-03-19,86.57610321044922,13.300000190734863,22907.599609375,-0.0039151862669418,-0.0039151862669418,-0.0089176167844911,-0.002051704537309851,0.02025760650363817,86.7450164794922,84.69090869903565,0.024254170984942203,1,0.04042566464169183,0.03962864272467682,1.0200865277172773,13.300000190734863,-0.05472633410024941,-0.5445331788832052,-0.0009442258523502112
2025-03-20,86.33709716796875,12.600000381469728,23190.650390625,-0.0027606468022647,-0.0027606468022647,-0.009896852808506273,-0.0011280628495184963,0.017655685535057142,86.75657836914063,84.70686569213868,0.024197715973242273,1,0.03950602075513254,0.04009495082784991,0.9852870411964987,12.600000381469728,-0.07962010462552949,-0.8170980226703496,0.010067744969402659
2025-03-21,86.33609771728516,12.579999923706056,23350.400390625,-1.157614416491537e-05,-1.157614416491537e-05,-0.011500966945311442,-0.005972032193300336,0.018090324860586815,86.76968627929688,84.72251369476318,0.024163265409112178,1,0.03527355318842546,0.040072613295824185,0.8802189342906369,12.579999923706056,-0.05271083007081667,-0.8225446352763036,0.01765501412411341
2025-03-24,85.98699951171875,13.699999809265137,23658.349609375,-0.0040434790869232,-0.0040434790869232,-0.010950246106520178,-0.01036055824487181,0.012596987676859905,86.77329620361328,84.73562068939209,0.02404744896707034,1,0.0375085712105096,0.04093654261897584,0.9162389535595425,13.699999809265137,0.020864361503678763,-0.3809774455003481,0.0316335573081965
2025-03-25,85.53209686279297,13.640000343322754,23668.650390625,-0.0052903654216215,-0.0052903654216215,-0.01592680182572348,-0.01543297590710202,0.007262513464697529,86.76578811645508,84.74667667388916,0.023825258072780908,1,0.04100740288519341,0.042387483102634384,0.9674185034152557,13.640000343322754,0.03255112066116994,-0.4046008318518378,0.0329723319194517
2025-03-26,85.59040069580078,13.470000267028809,23486.849609375,0.0006816602789634,0.0006816602789634,-0.011385387862195562,-0.009957081832921322,0.004989155062362416,86.75919616699218,84.75737468719483,0.02361825725708555,1,0.03838146901714182,0.042015453833397276,0.9134866347676835,13.470000267028809,0.012781960440299223,-0.469835141355418,0.030310240302425573
2025-03-27,86.09539794921875,13.300000190734863,23591.94921875,0.0059001622765244,0.0059001622765244,-0.0027994828026216556,-0.005015702394956856,0.009568479930919915,86.75734405517578,84.77238468170167,0.023415164984766257,1,0.044094206898077186,0.0435301626419501,1.0129342802249093,13.300000190734863,0.05555553873590302,-0.5361131927737959,0.04605079189404626
2025-03-28,85.69490051269531,12.720000267028809,23519.349609375,-0.0046517868093212,-0.0046517868093212,-0.007426756843811666,-0.011479985513936253,0.008828074878629799,86.73823013305665,84.78271217346192,0.023065055474915885,1,0.04595393786899767,0.043832116948361484,1.0483839860882964,12.720000267028809,0.01112880319330789,-0.7621455578912081,0.04309997292180956
2025-04-01,85.46810150146484,13.779999732971191,23165.69921875,-0.0008265441712804,-0.0008265441712804,-0.006034610036406596,-0.019436170819895904,0.004338500977624005,86.71688415527343,84.79314868927003,0.02268739274033882,1,0.04565191670801052,0.043743056162871406,1.0436141664146463,13.779999732971191,0.005839410570790848,-0.3452263024769025,0.027529254359283772
2025-04-02,85.61009979248047,13.720000267028809,23332.349609375,0.0016614185704497,0.0016614185704497,0.000911972610850853,-0.019660627504941575,0.0023029296656054132,86.70046615600586,84.803833694458,0.022364937750117386,1,0.04549996925678153,0.04353630483945745,1.0450800623640195,13.720000267028809,0.005865096898272304,-0.3681381158008356,0.05458381054968431
2025-04-03,85.65119934082031,13.600000381469728,23250.099609375,0.0004800782669271,0.0004800782669271,0.0007103442036171526,-0.02072621433850652,0.004577677751780973,86.68136810302734,84.81445167541504,0.02201177264880494,1,0.04499178996521229,0.04337488309215477,1.0372535786677684,13.600000381469728,0.0096510847708835,-0.41554174034134983,0.05112272034763188
2025-04-04,85.28289794921875,13.760000228881836,22904.44921875,-0.0043000144123613,-0.0043000144123613,-0.009437205929162862,-0.023436493275434844,-0.0012075004775854437,86.6556460571289,84.82321716308594,0.021602916693431062,1,0.046644483174712904,0.044176889972763006,1.055833205331233,13.760000228881836,0.03458646853760361,-0.3550177848184541,0.03721468273001727
2025-04-07,85.529296875,22.790000915527344,22161.599609375,0.0028891950403464,0.0028891950403464,-0.0019324794906644405,-0.01935065340635478,-0.002999318494362524,86.6420100402832,84.83287963867187,0.02132581623206642,1,0.04831858041655231,0.04354736834748534,1.1095382502279771,22.790000915527344,0.7916667010299308,3.125037341125211,-0.007865819312532385
2025-04-08,86.0270004272461,20.440000534057617,22535.849609375,0.0058191002432006,0.0058191002432006,0.006539269223988509,-0.009924088271640596,0.0025989414308555947,86.63351211547851,84.84534313201904,0.021075629108801897,1,0.05172746563427858,0.045071894247671454,1.1476402058860666,20.440000534057617,0.4833092111860602,2.186263020466098,-0.0003925361473725575
2025-04-09,86.435302734375,21.43000030517578,22399.150390625,0.0047462111325642,0.0047462111325642,0.009639083985357288,-0.007959442900292157,0.00788605309821433,86.63276412963867,84.85990913391113,0.0208915495411377,1,0.053564876318568405,0.04600015211227528,1.1644246689263846,21.43000030517578,0.5619533446129183,2.522702788019222,-0.006799672292428727
2025-04-11,86.2603988647461,20.11000061035156,22828.55078125,0.0005927630341715,0.0005927630341715,0.007112562679965295,-0.009341504294643865,0.006765778528007305,86.62916809082031,84.87366062164307,0.02068377228364282,1,0.05356809724842308,0.04595333539069693,1.1656810351622993,20.11000061035156,0.4786764739912681,1.9978751630386433,0.016395595214264258
2025-04-15,86.0447998046875,16.1299991607666,23328.55078125,-0.0017194086225709,-0.0017194086225709,0.008933817609275252,-0.014999727506347704,0.002777138091355491,86.62600402832031,84.88701412200928,0.020485935620394802,1,0.052539725541193606,0.0460389077568269,1.1411779063219973,16.1299991607666,0.1722382916033829,0.4957623849536726,0.03692124048034007
2025-04-16,85.72669982910156,15.869999885559082,23437.19921875,-0.0036969111010541,-0.0036969111010541,0.002308015631065752,-0.016896813961635337,-0.0021046054073563525,86.61117004394531,84.89855010986328,0.020172546313992568,1,0.05365873339445058,0.046626454003859806,1.150796983039407,15.869999885559082,-0.30364198121876806,0.3925087601403337,0.043020814790503126
2025-04-17,85.62049865722656,15.470000267028809,23851.650390625,-0.0012388342498511,-0.0012388342498511,-0.004725281225669509,-0.019694167676239882,-0.003485795136189851,86.5918879699707,84.90864459991455,0.019824169588238183,1,0.053267419784080984,0.046700156205075644,1.140601734787279,15.470000267028809,-0.24315069164248193,0.2360832180639175,0.06493897552410899
2025-04-23,85.2323989868164,15.960000038146973,24328.94921875,0.0008631110683468,0.0008631110683468,-0.013916810718593187,-0.019629900794794763,-0.011087442729529329,86.5637239074707,84.91699409484863,0.019392229201880884,1,0.05342173763170737,0.04631457945050764,1.1534291110142172,15.960000038146973,-0.25524965884894046,0.4160537538595362,0.08086629505192433
2025-04-24,85.4999008178711,16.25,24246.69921875,0.0031384993762297,0.0031384993762297,-0.008816305707876948,-0.016297227269000625,-0.013279721613983164,86.54078186035156,84.92719158172608,0.01899968959968157,1,0.05483837243929837,0.045475153349614744,1.2058709543374988,16.25,-0.1919443308402803,0.5205020622938243,0.06185424511267579
2025-04-25,85.2573013305664,17.15999984741211,24039.349609375,-0.0028374241956311,-0.0028374241956311,-0.009152191369015128,-0.01523286254495737,-0.01476966714534389,86.50705993652343,84.93640510559082,0.018492127480319143,1,0.054057380296839104,0.04575113859727195,1.1815268521690998,17.15999984741211,0.06385621452174672,0.8605805608177879,0.04940500180284402
2025-04-28,85.38490295410156,16.940000534057617,24328.5,0.0014966650544145,0.0014966650544145,-0.003987052758141596,-0.01102879579116145,-0.012103259301786462,86.47215606689453,84.94542762756348,0.017973050250860823,1,0.0535448196453417,0.04579079381121999,1.1693103761360413,16.940000534057617,0.06742285168333129,0.7700003095066639,0.049065015004278845
2025-04-29,85.1603012084961,17.3700008392334,24335.94921875,-0.002630462035264,-0.002630462035264,-0.0053748513025230205,-0.013618828507159453,-0.016693982849166678,86.4286801147461,84.95397464752197,0.017358875477489377,1,0.05430490251121034,0.04590088139534941,1.1830648518191738,17.3700008392334,0.12281839298051334,0.927548838495122,0.042206934854988276
2025-04-30,85.1707992553711,18.21999931335449,24334.19921875,0.0001232739519003,0.0001232739519003,-0.000722726711644528,-0.009492135566800619,-0.016151289547370884,86.38033004760742,84.96299114227295,0.01668183860148109,1,0.05241776834802304,0.045896758880559066,1.1420550725457241,18.21999931335449,0.14160396427354338,1.2441719354808614,0.028567064927774277
2025-05-02,84.69670104980469,18.26000022888184,24346.69921875,0.0019579097686366,0.0019579097686366,-0.009394160231569804,-0.00976704469584544,-0.017566145282672085,86.32400207519531,84.96926815032958,0.015943810678337167,0,0.049003180069418624,0.04531429939857795,1.0813826835480735,18.26000022888184,0.12369232177734402,1.2491276575286951,0.028647549265993222
2025-05-05,84.52629852294922,18.34000015258789,24461.150390625,-0.0020119145697925,-0.0020119145697925,-0.008574078656124584,-0.012432494347508816,-0.022273636770950955,86.26472610473633,84.97450412750244,0.015183636438736103,0,0.04969320409277249,0.04514337324333668,1.100761856298608,18.34000015258789,0.06876458716016454,1.269132136740707,0.04148282112987589
2025-05-06,84.2208023071289,19.0,24379.599609375,-0.0036142149976834,-0.0036142149976834,-0.013633565263854841,-0.021773470902539116,-0.026041741109831817,86.21291809082031,84.97815212249756,0.014530393253818996,0,0.04697622591131317,0.045699716451985756,1.0279100538974588,19.0,0.12160563169999827,1.5077161958170935,0.03338640581673524
2025-05-07,84.79319763183594,19.059999465942383,24414.400390625,0.0067963651381479,0.0067963651381479,-0.004310736005517235,-0.010522246661874513,-0.019053671306605846,86.1713020324707,84.98465110778808,0.013963120507226146,0,0.04989110514033763,0.04773268570821497,1.0451970008205624,19.059999465942383,0.09729410161522889,1.516239027149863,0.038055932503049616
2025-05-08,84.81719970703125,21.01000022888184,24273.80078125,0.0002830660461647,0.0002830660461647,-0.004151652343658663,-0.007615727774442749,-0.01607604347364322,86.13256408691406,84.99137660980224,0.01342709722600488,0,0.049704599858959045,0.047405797745522525,1.0484698866557285,21.01000022888184,0.15312848631571563,2.2264118625116733,0.04783371967478178
2025-05-09,86.08219909667969,21.6299991607666,24008.0,0.0149144205894311,0.0149144205894311,0.016358347252040772,0.005514528137960273,-0.004466371014434478,86.1255160522461,85.00449958801269,0.013187730880913184,1,0.07066256390115144,0.05566273303348991,1.2694542757065455,21.6299991607666,0.1845563466398228,2.430731701442388,0.028957666156070427
2025-05-12,85.4083023071289,18.38999938964844,24924.69921875,-0.0078285266480462,-0.0078285266480462,0.01043466707512608,-0.0028358859602757303,-0.013585556979198832,86.09658615112305,85.01407611846923,0.012733303496062387,1,0.0770774677834302,0.05790468079311011,1.3310864621179144,18.38999938964844,0.0027262397298015717,1.207742681731008,0.07202548107362783
2025-05-13,84.9656982421875,18.200000762939453,24578.349609375,-0.0051822135903111,-0.0051822135903111,0.008844559950191178,-0.003719382369254398,-0.019331627768090942,86.05815612792969,85.0214250946045,0.012193762127270968,0,0.07784869623724616,0.058846698529034853,1.3228842959565599,18.200000762939453,-0.04210522300318664,1.128525370955706,0.07308188791785986
2025-05-14,85.060302734375,17.229999542236328,24666.900390625,0.0011134433559039,0.0011134433559039,0.0031500770108801035,-0.005483432668813237,-0.01831223679219396,86.02190612792968,85.02913410186767,0.011675669010960954,1,0.0774362669581725,0.05888820846233926,1.3149483407931086,17.229999542236328,-0.09601259050274447,0.7557703884413786,0.11304692916616843
2025-05-15,85.48760223388672,16.889999389648438,25062.099609375,0.0050234890515976,0.0050234890515976,0.007904087015029093,-0.006270103463802079,-0.016744172985855843,86.00263412475586,85.03897060394287,0.011332022412419818,1,0.07679768921467567,0.05905935021606667,1.3003256657591538,16.889999389648438,-0.19609713442885912,0.6209359002802958,0.11209916838232137
2025-05-16,85.44490051269531,16.549999237060547,25019.80078125,-0.0004995077657526,-0.0004995077657526,-0.007403372482022941,-0.011458306853199818,-0.019341146076868654,85.9809440612793,85.0482571029663,0.010966561691955867,1,0.07526920986855451,0.058911065600446365,1.277653551974321,16.549999237060547,-0.23485899772573138,0.48675752786596915,0.11699775861685602
2025-05-19,85.50029754638672,17.360000610351562,24945.44921875,0.0006483363355684,0.0006483363355684,0.0010771229116228742,-0.008811706511480333,-0.020997540415416904,85.95714797973633,85.05789810180664,0.010572209024650059,1,0.0752727361108912,0.05873343909137847,1.2815775084492185,17.360000610351562,-0.056008635860893774,0.7887900286155164,0.09273030328489762
2025-05-20,85.37210083007812,17.389999389648438,24683.900390625,-0.0014993715810057,-0.0014993715810057,0.004783137151797456,-0.007818008480888206,-0.025302485790097085,85.9213459777832,85.06638710021973,0.010050490054975825,1,0.07520429100403786,0.058495631871057385,1.285617455203382,17.389999389648438,-0.04450556809538253,0.7951139117249456,0.05809832004070925
2025-05-21,85.53610229492188,17.549999237060547,24813.44921875,0.001921019434325,0.001921019434325,0.005593673491060658,-0.002223315892944111,-0.022590873628451136,85.88552795410156,85.07541610717773,0.00952227898483926,1,0.07399446666370325,0.05861450782947781,1.262370137250459,17.549999237060547,0.018572240471614432,0.8536384776042948,0.058720753583004326
2025-05-22,85.60030364990234,17.260000228881836,24609.69921875,0.0007505761106474,0.0007505761106474,0.0013183363794353475,-0.00023586649973939,-0.021600083435782236,85.84825408935546,85.0850611114502,0.008969764702943417,1,0.07371877210743821,0.05863549270587319,1.2572166019072681,17.260000228881836,0.021906504002609184,0.743001567172886,0.031781818688024766
2025-05-23,85.97489929199219,17.280000686645508,24853.150390625,0.0043761017907355,0.0043761017907355,0.006202813463608958,0.008711479601678507,-0.009633592002051605,85.82116012573242,85.09640159606934,0.008516911597546972,1,0.07486298537166097,0.05715185481243438,1.3098730696366458,17.280000686645508,0.044108850950896894,0.7501277432087953,0.0215463959072677
2025-05-26,85.19930267333984,18.020000457763672,25001.150390625,-0.0090211983385781,-0.0090211983385781,-0.003520395620653538,-0.0035157718506781954,-0.019277319628280165,85.78080612182617,85.10368312835693,0.007956447577573966,1,0.08159002693575038,0.060003457108169844,1.3597327743282186,18.020000457763672,0.03801842305342773,1.0314195405641262,0.03111562382444122
2025-05-27,85.158203125,18.540000915527344,24826.19921875,-0.0004823930132084,-0.0004823930132084,-0.002505475477332597,-0.0011623427439038103,-0.018395602228926777,85.74618423461914,85.1107861328125,0.007465541451057822,1,0.0808888100043994,0.05994689513683435,1.3493186010912688,18.540000915527344,0.06613004981262138,1.228477598055432,0.03273173451698286
2025-05-28,85.3604965209961,18.020000457763672,24752.44921875,0.0023755009919497,0.0023755009919497,-0.0020530018227894464,-0.00028584014575261385,-0.012426786249567057,85.71081817626953,85.11894962310791,0.0069534287697663455,1,0.08110743990104656,0.05965571034412699,1.359569433734814,18.020000457763672,0.026780697500579764,1.0412674727293112,0.017426031968678757
2025-05-29,85.38590240478516,16.420000076293945,24833.599609375,0.0002976304593402,0.0002976304593402,-0.0025046785580816744,0.002649135725069085,-0.016912076282352695,85.67706024169922,85.12712661743164,0.0064601455037831546,1,0.08037912785049166,0.058868757101856045,1.3653721674342947,16.420000076293945,-0.04866744736088047,0.43921641555709023,0.020449187584660855
2025-05-30,85.36129760742188,16.079999923706055,24750.69921875,-0.0002881599499485,-0.0002881599499485,-0.007136986371875431,0.0022366627261487526,-0.01756187108041385,85.6371841430664,85.13523811340332,0.005895866867659194,1,0.08041587365879353,0.058867911106170345,1.3660159861588597,16.079999923706055,-0.06944448583655727,0.31724173851327075,0.017115829300808905
2025-06-02,85.52429962158203,17.15999984741211,24716.599609375,0.0019095540804663,0.0019095540804663,0.003814549392361144,0.009771320033948871,-0.015522730594017986,85.60366806030274,85.14427062988281,0.0053955178313394025,1,0.08040483187209263,0.05898768836030983,1.3630550891548985,17.15999984741211,-0.047724782935898435,0.7437998332063303,0.01519304063772764
2025-06-03,85.36370086669922,16.559999465942383,24542.5,-0.0018778143240389,-0.0018778143240389,0.002413129142680104,0.009907003599863629,-0.012579368427295234,85.56413009643555,85.15236965179443,0.004835572354884521,1,0.08035388951650961,0.05827805181979328,1.3787782574942145,16.559999465942383,-0.10679618941802205,0.5182517391507839,0.0033256657220086527
2025-06-04,85.70880126953125,15.75,24620.19921875,0.0040427066695587,0.0040427066695587,0.004080397405484604,0.017667831719009763,-0.009483509443391602,85.53952606201172,85.1622371673584,0.004430237006478377,1,0.0798120311830671,0.05879011100895599,1.3575526948437642,15.75,-0.12597116537728348,0.21338952614502968,0.009868890926431728
2025-06-05,85.9041976928711,15.079999923706056,24750.900390625,0.0022797708105306,0.0022797708105306,0.006070033500716221,0.013102466849510996,-0.009065670889128352,85.51928207397461,85.17174514770508,0.004080425094810769,1,0.07705539679093033,0.05884608022886282,1.309417501960222,15.079999923706056,-0.08160780428512227,-0.042898211219151536,0.013782849245366435
2025-06-06,85.87750244140625,14.630000114440918,25003.05078125,-0.0003107560769065,-0.0003107560769065,0.006047293661799902,0.012501034436852576,-0.01473916987701196,85.50531005859375,85.18145816802979,0.003801905925643112,1,0.07711663980646964,0.0588320043891037,1.3107717446561713,14.630000114440918,-0.09017411791945751,-0.2155783267396391,0.030042678794797606
2025-06-09,85.7853012084961,14.6899995803833,25103.19921875,-0.0010736366369418,-0.0010736366369418,0.003051782804055936,-0.0034490044550342658,-0.017654359007961196,85.4942741394043,85.19067268371582,0.003563787514809791,1,0.056994093217033456,0.05877126473467114,0.9697447167356017,14.6899995803833,-0.14393941078043238,-0.18243908036671616,0.045618094749666716
2025-06-10,85.75599670410156,14.020000457763672,25104.25,-0.0003416028618155,-0.0003416028618155,0.004595581417152328,0.0040709671961671745,-0.019528037179779134,85.48267211914063,85.19950767517089,0.0033235455426494642,1,0.04973771182501887,0.058699862439005,0.8473080251027049,14.020000457763672,-0.1533815875660215,-0.4538467834881522,0.007203729107187362
2025-06-11,85.65280151367188,13.670000076293944,25141.400390625,-0.0012033583002453,-0.0012033583002453,-0.000653372291175458,0.008086831341347356,-0.01920077508645679,85.47598815917969,85.20802268981933,0.0031448384893970616,1,0.04609056474077613,0.05866683292049644,0.7856190086863382,13.670000076293944,-0.13206348721943217,-0.6014726726891892,0.022908404762671086
2025-06-12,85.46980285644531,14.020000457763672,24888.19921875,-0.0021365168913635,-0.0021365168913635,-0.005056735853338101,0.004814233066499751,-0.020032791253309812,85.47474227905273,85.21592170715331,0.0030372325583576387,1,0.04681499825502415,0.05877061881898247,0.7965579168274248,14.020000457763672,-0.07029174212899325,-0.4459257292088401,0.008971489105664254
2025-06-13,85.68840026855469,15.079999923706056,24718.599609375,0.0025575981785816,0.0025575981785816,-0.002201998980822517,0.0023488556167314822,-0.01382100271899811,85.47670227050781,85.2249536895752,0.0029539303928469707,1,0.04434997798687606,0.058464049984532744,0.7585724804581385,15.079999923706056,0.030758701691393275,0.04762130393307995,-0.013705954622872274
2025-06-16,86.24919891357422,14.84000015258789,24946.5,0.0065446273155052,0.0065446273155052,0.005407659570380918,0.009413064981676822,-0.010095405085013831,85.47977828979492,85.23645816802978,0.0028546484332498956,1,0.04952974723730352,0.05962968761691609,0.8306083531267695,14.84000015258789,0.010211067153800046,-0.04787949898502168,-0.002929710827471177
2025-06-17,86.10420227050781,14.399999618530272,24853.400390625,-0.0016811361136431,-0.0016811361136431,0.00406042235865689,0.0070631885671912364,-0.01113534579223563,85.48796432495118,85.24753017425537,0.002820423655727433,1,0.05006717805187767,0.059726816277012706,0.8382556264851575,14.399999618530272,0.027104076202520533,-0.25279271136773585,-0.003690004830853577
2025-06-18,86.36270141601562,14.279999732971191,24812.05078125,0.0030021664296442,0.0030021664296442,0.008288110719068875,0.011603329147412689,-0.011360539844860296,85.50585632324218,85.25995067596436,0.0028841870694060745,1,0.050410683989798616,0.05968133213377683,0.8446500360743949,14.279999732971191,0.04462323725477435,-0.3093265261220212,0.005191658878743066
2025-06-19,86.61360168457031,14.260000228881836,24793.25,0.0029051924550864,0.0029051924550864,0.013382490539332492,0.012597012965745114,-0.0067259332260786175,85.52592636108399,85.2741216659546,0.0029528852389215654,1,0.05086016120468119,0.05978897843889575,0.8506469233244386,14.260000228881836,0.017118385398144698,-0.31299484146923967,-0.0008140431655401237
2025-06-20,86.58380126953125,13.670000076293944,25112.400390625,-0.0003440616076397,-0.0003440616076397,0.010449500727873318,0.011489417416687298,-0.008664902676096209,85.5445783996582,85.28759765625,0.003013108007144938,1,0.05096090464091565,0.05973783610414274,0.8530615586831233,13.670000076293944,-0.09350131661443617,-0.6229012088748748,0.020426953105221024
2025-06-23,86.5802993774414,14.050000190734863,24971.900390625,-4.044511835354925e-05,-4.044511835354925e-05,0.0038388816132537418,0.007041591097340261,-0.004125922784271263,85.57052642822265,85.30079616546631,0.0031621072121428284,1,0.04904228788678784,0.05974030667713144,0.8209108674477803,14.050000190734863,-0.05323449822979032,-0.41413913122184554,0.004778066286710958
2025-06-24,86.23300170898438,13.640000343322754,25044.349609375,-0.0040112782117212,-0.0040112782117212,0.0014958554295865234,0.01213271709051189,-0.007862675036994227,85.58460052490234,85.31289218902587,0.0031848449736582296,1,0.03904669936651047,0.060333457222357806,0.6471708069338719,13.640000343322754,-0.05277772884309884,-0.6287956448600817,0.0017278892400967027
2025-06-25,85.90480041503906,12.960000038146973,25244.75,-0.0038059824828191,-0.0038059824828191,-0.0053020689889125006,0.008767179938533598,-0.0077539040279781535,85.5821565246582,85.32299770355225,0.003037385324955233,1,0.04178462462602966,0.06030379012265359,0.692890640047733,12.960000038146973,-0.09243695514758743,-0.9883315381982394,0.01685923719382254
2025-06-26,86.006103515625,12.59000015258789,25549.0,0.0011792484249599,0.0011792484249599,-0.0070138887787821735,0.007563299429380832,-0.003833736171367952,85.57357254028321,85.33342021942138,0.0028142821446077715,1,0.0412813360269948,0.060039285185282294,0.687560625330176,12.59000015258789,-0.11711080290949583,-1.1797142403151106,0.03218068540250196
2025-06-27,85.66639709472656,12.390000343322754,25637.80078125,-0.0039497943403135,-0.0039497943403135,-0.010595563619906878,0.003285023429414391,-0.007756901693096951,85.56169250488281,85.34204471588134,0.0025737347837484492,1,0.04390369932395315,0.06061872712229803,0.7242477227813824,12.390000343322754,-0.0936356785535738,-1.2813578661507394,0.03238359257316059
2025-06-30,85.4552993774414,12.789999961853027,25517.05078125,-0.0024641834423331,-0.0024641834423331,-0.012993718063917026,0.0011012223648689812,-0.0061834944502846545,85.5499024963379,85.3498456954956,0.002343962068262373,1,0.04482099233021924,0.06025353691292518,0.7438608713397098,12.789999961853027,-0.08967973037557186,-1.0678144447260665,0.030962824756055607
2025-07-01,85.71399688720703,12.529999732971191,25541.80078125,0.0030272845762671,0.0030272845762671,-0.006018633371117743,0.0022180510856486535,0.002126687303198649,85.5496484375,85.3590966796875,0.0022323544323290534,1,0.04556441757633399,0.05946592890991933,0.7662144054110327,12.529999732971191,-0.0813783418191002,-1.2043632970330085,0.03338651695284178
2025-07-02,85.6427993774414,12.449999809265137,25453.400390625,-0.0008306404128991,-0.0008306404128991,-0.003049899846479187,0.003269522149444093,0.0006122027845956168,85.5500944519043,85.36767417907714,0.0021368776247141508,1,0.04513129813173707,0.05950638454437693,0.7584150854097939,12.449999809265137,-0.03935186939665747,-1.2413157849994918,0.03711522422837943
2025-07-03,85.69409942626953,12.390000343322754,25405.30078125,0.000599000140129,0.000599000140129,-0.0036276970656947682,-0.00017153248025814083,-0.0046610914463269815,85.55932846069337,85.37639316558838,0.002142691771368055,1,0.04292010669040686,0.05841494609400219,0.7347327152990106,12.390000343322754,-0.015885608168481724,-1.2685684269658053,0.031888513798137286
2025-07-04,85.31909942626953,12.31999969482422,25461.0,-0.0043760305844936,-0.0043760305844936,-0.004054071143823168,-0.0068110555981610865,-0.004385337799302391,85.55571243286133,85.383076171875,0.002021902568124956,0,0.044615780077907924,0.05832398630415473,0.7649514025643201,12.31999969482422,-0.005649769698049978,-1.3013523372431743,0.028689849588016125
2025-07-07,85.49629974365234,12.5600004196167,25461.30078125,0.0020769126558344,0.0020769126558344,0.0004797872865653918,-0.00443891225194859,0.0003299270920043007,85.56049240112304,85.39063968658448,0.001989125683587556,1,0.045383189266577154,0.05840019503595562,0.777093503628415,12.5600004196167,-0.017982763324653317,-1.1682522637912092,0.018327763440117772
2025-07-08,85.89199829101562,12.199999809265137,25522.5,0.004628253486405,0.004628253486405,0.0020766900421507195,0.0012437688160611415,0.003292818244792217,85.57063430786133,85.40018669128418,0.0019958693672803562,1,0.04822221349962502,0.05898573068194383,0.8175095134469982,12.199999809265137,-0.026336786172285298,-1.349211947116057,0.0167030814517386
2025-07-09,85.7073974609375,11.9399995803833,25476.099609375,-0.0021492203435838,-0.0021492203435838,0.0007542733769292376,-0.0005667153905487554,0.0006561276496965807,85.58157623291015,85.40881916046142,0.00202270765650292,1,0.04881647958474654,0.05919049179497675,0.8247212243582839,11.9399995803833,-0.040963874433339376,-1.4756077825230285,0.014812217428323837
2025-07-10,85.70850372314453,11.670000076293944,25355.25,1.2907429694619664e-05,1.2907429694619664e-05,0.00016808971646176118,0.0006503255992598156,0.0049905172568034395,85.59233032226562,85.41745166778564,0.002047341041736317,1,0.04862722410519811,0.05845904979642606,0.8318026459869852,11.670000076293944,-0.058111400086993115,-1.6039918387865117,0.008505875013022024
2025-07-11,85.73480224609375,11.81999969482422,25149.849609375,0.0003068367992302,0.0003068367992302,0.004872330142015269,0.003100503110947006,0.0024027482816104673,85.61309234619141,85.42616268157958,0.0021882015853689207,1,0.04798452666948189,0.05822997655670047,0.8240378146974499,11.81999969482422,-0.04058441658972245,-1.515384244989056,0.010513030224696962
2025-07-14,85.82129669189453,11.979999542236328,25082.30078125,0.0010088603873197,0.0010088603873197,0.0038012984095994184,0.0015509266472863992,-0.002391153176676486,85.63899230957031,85.43559516906738,0.002380707246206093,1,0.04730119341160751,0.057163236552117754,0.8274612986125003,11.979999542236328,-0.046178412261396296,-1.4232902554675515,0.01471366410810182
2025-07-15,85.96839904785156,11.479999542236328,25195.80078125,0.0017140542222886,0.0017140542222886,0.0008894979550606585,-0.003255680855703158,-0.0054017707088767075,85.67394424438477,85.44601314544678,0.0026675451615278956,1,0.041596078342605605,0.05650698900249175,0.7361096913353509,11.479999542236328,-0.05901641625289322,-1.6693316296303033,0.00999341716272828
2025-07-16,85.99310302734375,11.239999771118164,25212.05078125,0.000287361167194,0.000287361167194,0.00333349949794548,-0.0012902882813434768,-0.0030987085721856378,85.69794235229492,85.45655864715576,0.0028246363878963177,1,0.04124171573029978,0.05650121565559792,0.7299132476801161,11.239999771118164,-0.05862645174755232,-1.7796991932959019,0.014430636652853712
2025-07-17,85.88520050048828,11.239999771118164,25111.44921875,-0.0012547811749642,-0.0012547811749642,0.002061601470893848,-0.005529017824803639,-0.0018548396249569166,85.71930236816407,85.46713165283204,0.00295049933764413,1,0.03987518476209452,0.05644551685131518,0.7064241867594607,11.239999771118164,-0.03684664116234826,-1.7684521255730168,0.012066654229413887
2025-07-18,86.04650115966797,11.390000343322754,24968.400390625,0.0018780960891948,0.0018780960891948,0.003635617105402833,-0.00654747653801091,0.003730475233549635,85.71858840942383,85.47890563964843,0.002803999044932004,1,0.03899666749841349,0.055987673627367035,0.6965099362409628,11.390000343322754,-0.03637896468726276,-1.6832219139894264,0.007064438531656725
2025-07-21,86.14859771728516,11.199999809265137,25090.69921875,0.0011865277058475,0.0011865277058475,0.003813750642403635,-0.005026385373071429,0.006167904512829114,85.73339431762696,85.49157512664794,0.002828573349137331,1,0.03933871287624273,0.05593198806486341,0.7033186360546854,11.199999809265137,-0.06510849438860555,-1.7649620185486534,-0.000864161590984458
2025-07-22,86.19529724121094,10.75,25060.900390625,0.000542081068795,0.000542081068795,0.0026393209117816507,-0.004446763744163973,0.011297326672026209,85.75798629760742,85.50511611938477,0.0029573689821038585,1,0.03942704325444431,0.05592275041936491,0.7050142910442532,10.75,-0.06358881283492823,-1.970005364077079,0.003564005886929289
2025-07-23,86.3427963256836,10.520000457763672,25219.900390625,0.0017112196279094,0.0017112196279094,0.00406652726822343,0.0012732319938224546,0.009858438427993166,85.78363616943359,85.51903209686279,0.0030940957361527133,1,0.037405591415213615,0.05570113783486029,0.6715288293980689,10.520000457763672,-0.06405687971672136,-2.0599233018285874,0.00700959633562559
2025-07-24,86.39869689941406,10.720000267028809,25062.099609375,0.0006474260286823,0.0006474260286823,0.005978869420266042,0.005749346741844352,0.013387657725901336,85.80185806274415,85.53318759918213,0.003141125346818985,1,0.03468350672050799,0.05534293578170374,0.6266902819725748,10.720000267028809,-0.04626330201763207,-1.9396687360207763,-0.0072351831816516166
2025-07-25,86.4302978515625,11.279999732971191,24837.0,0.0003657572773954,0.0003657572773954,0.004460340475463953,0.004932142238724291,0.012243322429292824,85.82156600952149,85.54721858978272,0.0032069706562212197,1,0.03453050893652939,0.05529279506937661,0.624491570766743,11.279999732971191,-0.009657647676547199,-1.6500903033030587,-0.027868018317742327
2025-07-28,86.506103515625,12.0600004196167,24680.900390625,0.000877072808342,0.000877072808342,0.004149873681206895,0.00980205132205958,0.015803165184139045,85.84168212890626,85.56166358947753,0.003272710320035843,1,0.031027778339218135,0.05497646806777331,0.5643726317292156,12.0600004196167,0.0767857700890433,-1.2590046348024622,-0.037323809432391775
2025-07-29,86.77760314941406,11.529999732971191,24821.099609375,0.0031385026345571,0.0031385026345571,0.006755657522400371,0.015473631028220636,0.01886566649709631,85.86979217529297,85.57696960449219,0.0034217450343720923,1,0.03042431857604338,0.05525052861875533,0.5506511645311426,11.529999732971191,0.07255811469499451,-1.506491911545847,-0.027273965860756366
2025-07-30,87.06320190429688,11.210000038146973,24855.05078125,0.0032911574475162,0.0032911574475162,0.008343551625267231,0.015740778240283193,0.027940885833328988,85.90033416748047,85.59314910888672,0.0035888977306228753,1,0.030687609141081224,0.05546506569283892,0.5532681786197651,11.210000038146973,0.06558931087061759,-1.6470732376685986,-0.026887297645205033
2025-07-31,87.714599609375,11.539999961853027,24768.349609375,0.0074818946561852,0.0074818946561852,0.015230585149830667,0.024191178324319385,0.037719634505941846,85.94262008666992,85.61212409973145,0.003860387654363917,1,0.03795637524464388,0.056986000737387583,0.6660532183393495,11.539999961853027,0.07649250694016008,-1.4743634818649431,-0.026913919976771283
2025-08-01,87.4894027709961,11.979999542236328,24565.349609375,-0.0025673814779043,-0.0025673814779043,0.01225386173321441,0.02095013958657943,0.03880989463799622,85.97291015625,85.62952411651611,0.0040101360281605825,1,0.04005364856836331,0.056709568058388206,0.7062819142831505,11.979999542236328,0.062056722148587706,-1.2518521275216106,-0.03306204398473067
2025-08-04,87.24530029296875,11.970000267028809,24722.75,-0.0027900805159943,-0.0027900805159943,0.008545024539340584,0.02257643223676764,0.028918624720105646,86.01383010864258,85.6456116104126,0.004299327091094263,1,0.03768269933837564,0.05569151561526783,0.6766205283074898,11.970000267028809,-0.0074626989599019256,-1.2531743866064797,-0.028995326185145887
2025-08-05,87.89330291748047,11.710000038146973,24649.55078125,0.0074273642515496,0.0074273642515496,0.012857001433254522,0.02803633819259055,0.0362674460023964,86.06853210449219,85.66525760650634,0.004707561843078079,1,0.043586335945461505,0.057406541972676764,0.7592440722545917,11.710000038146973,0.015611475225021154,-1.3778331846440872,-0.031881717551437205
2025-08-06,87.72309875488281,11.960000038146973,24574.19921875,-0.0019364861365769,-0.0019364861365769,0.0075795150666675415,0.021318638526293565,0.019062009049748196,86.11578414916993,85.68430011749268,0.005035742033086432,1,0.043241387303737965,0.04966572783180918,0.8706308869424636,11.960000038146973,0.06690454928169443,-1.254721400694231,-0.037155481682828895
2025-08-07,87.76249694824219,11.6899995803833,24596.150390625,0.0004491199458134,0.0004491199458134,0.0005460589124328674,0.023978087635216472,0.027564002298600565,86.16331604003906,85.70340160369874,0.005366349849998064,1,0.041762066375660024,0.0468347210177055,0.891671260059657,11.6899995803833,0.012998233884412125,-1.3813519562269707,-0.03454018598773989
2025-08-08,87.43319702148438,12.029999732971191,24363.30078125,-0.0037521713511867,-0.0037521713511867,-0.0006424292283585542,0.020122779227495835,0.029041116948906653,86.20475402832031,85.72083759307861,0.005645260228777538,1,0.04494868617735221,0.04622077981707158,0.9724568451332295,12.029999732971191,0.0041736387850921375,-1.21456732319783,-0.03912204449768786
2025-08-11,87.48829650878906,12.220000267028809,24585.05078125,0.0006301895525009,0.0006301895525009,0.0027852069395639667,0.020452537554843442,0.02854438200150966,86.24403396606445,85.73743759155273,0.0059086950665019344,1,0.044904053711576956,0.04620305671478191,0.9718638774246625,12.220000267028809,0.020885546735418314,-1.121075222005585,-0.022457344155030756
2025-08-12,87.66449737548828,12.229999542236328,24487.400390625,0.0020139935709173,0.0020139935709173,-0.002603219294273207,0.02147719452679664,0.02546445431520894,86.29004989624023,85.755517578125,0.006233211963629914,1,0.04505022897425357,0.0453771768822824,0.9927730038851148,12.229999542236328,0.04440644768534452,-1.1124835450938735,-0.02371793544034495
2025-08-13,87.59559631347656,12.140000343322754,24619.349609375,-0.0007859631216112,-0.0007859631216112,-0.0014534648594951571,0.018927853532776373,0.025170557726399423,86.32778579711913,85.77321456909179,0.006465552571550459,1,0.045393404834476396,0.045403948547235645,0.9997457609109007,12.140000343322754,0.015050192692446673,-1.1522411934485597,-0.022878858936842272
2025-08-14,87.44999694824219,12.359999656677246,24631.30078125,-0.0016621767687192,-0.0016621767687192,-0.00356074645624882,0.016941985689656658,0.022803422418473884,86.35870178222656,85.79026805877686,0.006625853215195043,1,0.04621827839712415,0.04558709803467288,1.0138233527964244,12.359999656677246,0.05731395212522128,-1.0415260922386695,-0.023034619636412068
2025-08-18,87.51280212402344,12.34000015258789,24876.94921875,-0.0020412495628131,-0.0020412495628131,0.000910467708501006,0.018950897407824074,0.02507495157236539,86.3914077758789,85.8075630569458,0.0068041172378434656,1,0.04673715425050546,0.0456897946717065,1.0229008837845166,12.34000015258789,0.025768946508541113,-1.0497768289095366,-0.009338369839081428
2025-08-19,87.29509735107422,11.789999961853027,24980.650390625,-0.0024876905740109,-0.0024876905740109,-0.0022082857413441292,0.01451071426006445,0.020564358311388364,86.42160369873046,85.8236950302124,0.0069667085332036915,1,0.0478626294428059,0.04592519488674342,1.042164053887718,11.789999961853027,-0.035188240243822166,-1.3077557367615744,0.0004906201361862816
2025-08-20,87.0791015625,11.789999961853027,25050.55078125,-0.0024743175175754,-0.0024743175175754,-0.006677684017064367,0.010801149059541215,0.01727561526704169,86.44806579589844,85.83872303009034,0.0070986932738328345,1,0.04892608423991773,0.046243670200168986,1.0579832016996187,11.789999961853027,-0.03597707251449689,-1.2966783374642294,-0.0016001322701281184
2025-08-21,87.01820373535156,11.369999885559082,25083.75,-0.000699339176171,-0.000699339176171,-0.006591570837176541,0.009546999899980424,0.012134988839196614,86.47537384033203,85.85339405059814,0.007244673278348435,1,0.04906456033320019,0.04550327964865208,1.0782405679649865,11.369999885559082,-0.06342672454595011,-1.4860374144968673,0.0009117633053419283
2025-08-22,87.29340362548828,11.729999542236328,24870.099609375,0.0031625554001744,0.0031625554001744,-0.0017906612717961679,0.011009688593116795,0.024578850840802913,86.51184585571289,85.86952308654786,0.007480218197062127,1,0.04983258061745585,0.041902532250368364,1.1892214794617413,11.729999542236328,-0.05097088446119602,-1.301716976719527,-0.013870030247226217
2025-08-25,87.3301010131836,11.760000228881836,24967.75,0.0004203913030216,0.0004203913030216,-0.002087707242889092,0.010780302796162378,0.025504270974289645,86.54467987060546,85.88576457977295,0.007671996564931227,1,0.04982427692076985,0.041868958544071,1.1899767435481547,11.760000228881836,-0.0470016139817,-1.2764999484892174,-0.0037646330852386667
2025-08-26,87.60859680175781,12.1899995803833,24712.05078125,0.003189001104352,0.003189001104352,0.003591260680113617,0.013632938674108752,0.02633654175393363,86.57186782836914,85.9032975769043,0.0077828240629098655,1,0.05076237610164724,0.04205935322936687,1.2068937182915653,12.1899995803833,0.033927024582229626,-1.061939244852951,-0.0050307693662681174
2025-08-28,87.65910339355469,12.18000030517578,24500.900390625,0.000666695755678,0.000666695755678,0.0066606317778599156,0.013328537884282676,0.02662267335412194,86.60296585083007,85.9210791015625,0.007936198618520018,1,0.050748871087972255,0.042063166264562,1.2064632582704222,12.18000030517578,0.03307890963397897,-1.0586703576346708,-0.007293088872412978
2025-08-29,87.5916976928711,11.75,24426.849609375,-0.0007689526594969,-0.0007689526594969,0.006590505582759532,0.009381390058161854,0.026128938382671496,86.62754577636719,85.93859107971191,0.008016825596038002,1,0.04999674566035203,0.04210509350221103,1.1873992931148232,11.75,0.03342129448246989,-1.2552125888059305,-0.015883663745948295
2025-09-01,88.17430114746094,11.289999961853027,24625.05078125,0.006651354750911,0.006651354750911,0.010091226660744468,0.012761984614181987,0.030985363663944998,86.658759765625,85.95901706695557,0.008140422291292415,1,0.053726777183338695,0.04384176802713148,1.2254421789721541,11.289999961853027,-0.037510622127391424,-1.4623799764661893,-0.009253652387365308
2025-09-02,88.00140380859375,11.399999618530272,24579.599609375,-0.0019608586245332,-0.0019608586245332,0.007686957734181599,0.0032697430130901317,0.03089958512943891,86.68711181640624,85.97856658935547,0.008240951845997602,1,0.04786366982650508,0.04385996829556874,1.091258850100232,11.399999618530272,-0.030612296202803257,-1.4003026842705906,-0.007620612716503161
2025-09-03,87.99829864501953,10.93000030517578,24715.05078125,-3.5285386821515274e-05,-3.5285386821515274e-05,0.004448214644317883,0.0058166573082625295,0.026712511919148474,86.71547180175781,85.99789009094238,0.008344178096190369,1,0.04692514348784983,0.04325431382932717,1.0848411289536064,10.93000030517578,-0.10336335673343,-1.6103043237758128,0.00609399720563597
2025-09-04,88.072998046875,10.850000381469728,24734.30078125,0.000848873251025,0.000848873251025,0.004721639137262201,0.00948701822478526,0.02524673313122494,86.75227172851562,86.0174925994873,0.008542205856308716,1,0.04572717024680551,0.04309321300452632,1.0610976987096306,10.850000381469728,-0.10919539329903627,-1.6364231708211427,0.00046721263815707736
2025-09-05,88.19290161132812,10.779999732971191,24741.0,0.0013614111829065,0.0013614111829065,0.006863708939231605,0.003408663503394971,0.02696165007245832,86.79803375244141,86.03787559509277,0.008835157215248524,1,0.038040248879381504,0.04311765315625378,0.882222567145845,10.779999732971191,-0.08255321421521777,-1.6553690938363752,0.0037099750645177565
2025-09-08,88.1863021850586,10.84000015258789,24773.150390625,-7.482944941095138e-05,-7.482944941095138e-05,0.00013610584310264073,0.005280290331171278,0.027988489201978828,86.84163772583008,86.05755111694336,0.009111188950998939,1,0.03736360622313141,0.04302662825444953,0.8683631364056791,10.84000015258789,-0.03985826490572264,-1.6136777265932651,0.008095937129182218
2025-09-09,87.98049926757812,10.6899995803833,24868.599609375,-0.0023337288488249,-0.0023337288488249,-0.00023754781299956118,0.002484003155294179,0.025939906816687675,86.88791976928711,86.07592163085937,0.009433510824432778,1,0.03829263922797662,0.043349343819372874,0.8833295391503674,10.6899995803833,-0.0622807071846645,-1.6687622157044304,0.011076904898656315
2025-09-10,88.21829986572266,10.539999961853027,24973.099609375,0.0027028784801652,0.0027028784801652,0.0025000622067774536,0.008979459415688007,0.02995229936105792,86.94317977905274,86.09509864807129,0.009850515816796301,1,0.03683756309422143,0.04347768484075652,0.8472556892910026,10.539999961853027,-0.03568164066180968,-1.7214699662302415,0.025029401130831186
2025-09-11,88.05339813232422,10.359999656677246,25005.5,-0.001869246331537,-0.001869246331537,-0.00022254169819846403,0.006459168209754562,0.030228164679615643,86.98996780395508,86.11338314056397,0.010179424282521277,1,0.03756652507358894,0.04341680593185131,0.8652331518675412,10.359999656677246,-0.045161355535925596,-1.78639969049984,0.017101824295220114
2025-09-12,88.2676010131836,10.119999885559082,25114.0,0.0024326475230118,0.0024326475230118,0.0008470001609048872,0.006879679411290862,0.030099765388844624,87.04246383666992,86.13274463653565,0.010561827606598628,1,0.03785067998946046,0.04339267868556489,0.8722625307646865,10.119999885559082,-0.06122447715777446,-1.8770354843245884,0.025588653731283495
2025-09-15,88.27729797363281,10.399999618530272,25069.19921875,0.0001098586609118,0.0001098586609118,0.0010318585349373688,0.007782373644865226,0.02351441040154878,87.09412780761718,86.15201614379883,0.010935456951417732,1,0.03768289760927788,0.041578987447148455,0.9062748673788299,10.399999618530272,-0.04059045460000066,-1.7333456223226658,0.01827219713406647
2025-09-16,88.12349700927734,10.270000457763672,25239.099609375,-0.0017422482097425,-0.0017422482097425,0.001625334510370502,0.007701544705985164,0.023451755959896792,87.15021575927734,86.17024612426758,0.011372482719807175,1,0.037734935246030686,0.041591179444266074,0.9072603491864586,10.270000457763672,-0.03928897465911496,-1.7742683625213664,0.024675872115843545
2025-09-17,87.88459777832031,10.25,25330.25,-0.0027109594950808,-0.0027109594950808,-0.0037826855415517002,0.004248471598132131,0.017622148651575742,87.1979817199707,86.1876766204834,0.011722152622074322,1,0.038312162812857584,0.04166817501602595,0.9194365570742098,10.25,-0.027514227979374972,-1.7647989213764184,0.018221719120941948
2025-09-18,87.91069793701172,9.890000343322754,25423.599609375,0.0002969821715204,0.0002969821715204,-0.0016206097474859016,0.007051949131366975,0.014975664644049536,87.23835571289062,86.20531459808349,0.011983496836865504,1,0.03703566368104936,0.041314691044045414,0.8964067342251822,9.890000343322754,-0.045366730591691384,-1.9030840189887932,0.017731692803171883
2025-09-19,88.20690155029297,9.970000267028809,25327.05078125,0.0033693693740604,0.0033693693740604,-0.0006876754572898713,0.012951442625800391,0.01874600395181414,87.28834579467774,86.22390762329101,0.012345046759388634,1,0.036969649019968895,0.041781961802875724,0.8848020203638233,9.970000267028809,-0.01482209686032887,-1.8466570231155697,0.01103768146315387
2025-09-22,88.09919738769531,10.5600004196167,25202.349609375,-0.0012210400853526,-0.0012210400853526,-0.002017512882991679,0.012422615107424928,0.017543228900518848,87.33615966796874,86.2422236251831,0.012684460080018223,1,0.037247335947300265,0.041882586011450104,0.8893062770966559,10.5600004196167,0.01538469297646361,-1.574039220481169,0.004728145088952029
2025-09-23,88.30439758300781,10.630000114440918,25169.5,0.0023291948326098,0.0023291948326098,0.0020528074789341044,0.011581561899647763,0.02402091812846674,87.38755157470703,86.26185810089112,0.013049724392666162,1,0.03663027924459367,0.04118237413419477,0.8894433740478628,10.630000114440918,0.03505351904878462,-1.531961599181245,0.012038568213540213
2025-09-24,88.80799865722656,10.520000457763672,25056.900390625,0.0057030123980559,0.0057030123980559,0.010506970530097082,0.016923118453966435,0.03379552979764844,87.44728561401367,86.2842025756836,0.013479675347406461,1,0.040727014816242434,0.041681728377217286,0.9770717129568414,10.520000457763672,0.026341508074504638,-1.566743867916179,0.003570621727027934
2025-09-25,88.77860260009766,10.779999732971191,24890.849609375,-0.0003310068639466,-0.0003310068639466,0.009872571637501881,0.013354919962790257,0.03223607361736791,87.5034896850586,86.30599407196046,0.01387499936678438,1,0.03995083958435237,0.041689469735071615,0.9582727140813239,10.779999732971191,0.08998982393861299,-1.444827501010133,0.007235288957105235
2025-09-26,88.77310180664062,11.43000030517578,24654.69921875,-6.196080244480484e-05,-6.196080244480484e-05,0.006419001760591625,0.012708302617293832,0.0362651496651456,87.55908966064453,86.32750156402588,0.014266462880374586,1,0.04002420259729454,0.04073027873183619,0.9826404631389835,11.43000030517578,0.14643931785791908,-1.1613279729055546,0.0062772724950079795
2025-09-29,88.67680358886719,11.369999885559082,24634.900390625,-0.0010847679737854,-0.0010847679737854,0.0065563162696025135,0.012388227703964416,0.03769812094621483,87.6149217224121,86.3481005859375,0.014671094417575636,1,0.0401754242965134,0.04041079330334341,0.9941509894140119,11.369999885559082,0.0767044918329447,-1.1831302907580523,0.00851729897948661
2025-09-30,88.70449829101562,11.06999969482422,24611.099609375,0.0003123105595554,0.0003123105595554,0.004530926193474283,0.006013057508309494,0.034889300609139307,87.66808166503907,86.36793758392334,0.015053550165562202,1,0.033584568421294723,0.04009744830826708,0.837552819079301,11.06999969482422,0.041392246062684546,-1.3057716679275302,-0.0005665438824443703
2025-10-01,88.8406982421875,10.289999961853027,24836.30078125,0.0015354345472429,0.0015354345472429,0.00036820540328963425,0.009537284603087004,0.03733996188812605,87.72192367553711,86.3887255859375,0.015432547251474249,1,0.03281011715323149,0.04005627096531695,0.8190801910005224,10.289999961853027,-0.021863164059171325,-1.6256285339358572,0.01044366775515293
2025-10-03,88.72019958496094,10.0600004196167,24894.25,0.00041948206869,0.00041948206869,-0.0006578501285923188,0.0082035783765948,0.03531281825646637,87.7724217224121,86.4087915802002,0.015781150474095673,1,0.032762427986364334,0.04005685584161342,0.8178777245568307,10.0600004196167,-0.0667902904628408,-1.7109462176005938,0.0072506109874534985
2025-10-06,88.73509979248047,10.1899995803833,25077.650390625,0.0001679460550048,0.0001679460550048,-0.00042808027867413667,0.007517647409403194,0.040037932762791995,87.82026779174805,86.42904808044433,0.016096668217482124,1,0.03274963848380319,0.038801499694108406,0.8440084721855109,10.1899995803833,-0.10848649970997604,-1.6436350777898723,0.013881516700697594
2025-10-07,88.72109985351562,10.050000190734863,25108.30078125,-0.0001577722794878,-0.0001577722794878,0.0004995248233552463,0.005989124209965446,0.03771859272895273,87.86671585083008,86.44932357788086,0.016395643300462615,1,0.03263568640757548,0.038715904137178264,0.8429311985261951,10.050000190734863,-0.11609496113546458,-1.6867198835737836,0.014845834091184784
2025-10-08,88.74259948730469,10.3100004196167,25046.150390625,0.0002423283054939,0.0002423283054939,0.00042952947170804556,0.006308205338723782,0.03318820440794479,87.91296188354492,86.4688000869751,0.016701536220199875,1,0.0325995651462295,0.03783399216174825,0.8616247363515552,10.3100004196167,-0.06865395629259674,-1.5652597653171074,0.011019995264845761
2025-10-09,88.7771987915039,10.119999885559082,25181.80078125,0.0003898838257963,0.0003898838257963,-0.0007147563215958996,0.009055410352954985,0.0358172272348547,87.9583837890625,86.48831607818603,0.016997298335043487,1,0.031065589846302148,0.03744828872580498,0.8295375133492441,10.119999885559082,-0.016520901547538158,-1.6323460656547109,0.012594242409891487
2025-10-10,88.86540222167969,10.100000381469728,25285.349609375,0.0009935369822033,0.0009935369822033,0.0016366355959298584,0.007335239479132838,0.03683296710828787,88.00013977050781,86.50835758209229,0.01724437071874707,1,0.030098585354432945,0.03744277222256841,0.8038342177578915,10.100000381469728,0.0039761391833572635,-1.631150218421443,0.01250345391177543
2025-10-13,88.7573013305664,11.010000228881836,25227.349609375,-0.0012164564432355,-0.0012164564432355,0.0002502001816402366,0.007994049215277022,0.035254050925513924,88.03402175903321,86.52794807434083,0.017405632725722597,1,0.02954898157873492,0.037608680310624365,0.7856748936626197,11.010000228881836,0.08047111700348974,-1.2515278982850693,0.008872032527843965
2025-10-14,88.66510009765625,11.15999984741211,25145.5,-0.0010388016707127,-0.0010388016707127,-0.0006311887020318263,0.00450334074915304,0.03313633696273799,88.05303176879883,86.54726356506347,0.017398218519102837,1,0.02908036940961011,0.03772741252077604,0.7707816859136684,11.15999984741211,0.1104477249364193,-1.1842846550768933,0.001254280481006509
2025-10-15,88.78250122070312,10.529999732971191,25323.55078125,0.0013240962105447,0.0013240962105447,0.0004496344892865878,0.005722912443709038,0.03273414654709561,88.07889373779297,86.56658958435058,0.017469836350302304,1,0.029283714952898762,0.037684703647033704,0.7770510331231065,10.529999732971191,0.021338438836132623,-1.4372602838783883,0.010145978747887696
2025-10-16,87.80950164794922,10.869999885559082,25585.30078125,-0.0109593620294065,-0.0109593620294065,-0.010900289226599247,-0.0035631286998866196,0.021122608170423884,88.09017776489257,86.58106010437012,0.017430112991262403,1,0.0486295358340617,0.04410814922439746,1.102481836289056,10.869999885559082,0.0741106727748313,-1.2899734631165782,0.013716859049377694
2025-10-17,87.9906997680664,11.630000114440918,25709.849609375,0.0020635365958874,0.0020635365958874,-0.00984300337077515,0.0012072876525386356,0.024515274521204056,88.0921257019043,86.59518611907959,0.017286637397674998,1,0.04818649028305378,0.044125453439490835,1.0920091357246813,11.630000114440918,0.1514851163548716,-0.9730966278250449,0.014986019063175426
2025-10-20,88.0022964477539,11.359999656677246,25843.150390625,0.0001317943796113,0.0001317943796113,-0.008506397462452964,0.00104194953392156,0.022729515572710746,88.09770965576172,86.60880058288575,0.017191198386947493,1,0.048183386794753105,0.04402162817499956,1.0945140895090049,11.359999656677246,0.031789229838277366,-1.0752509922015594,0.016502414594953274
2025-10-21,87.87999725341797,11.300000190734863,25868.599609375,-0.0013897273056794,-0.0013897273056794,-0.008854699801540411,-0.0037061079249973705,0.02009782610524624,88.10005966186523,86.6234755706787,0.01704600377044141,1,0.046967690766711846,0.04412320949138049,1.0644426564942047,11.300000190734863,0.012544833802593525,-1.0919003864420653,0.021382230122344748
2025-10-23,87.74030303955078,11.729999542236328,25891.400390625,-0.0029692542732067,-0.0029692542732067,-0.011738779228144924,-0.004073752755829996,0.017924479035280383,88.10620178222656,86.63668258666992,0.016961859014933633,1,0.04788062632999543,0.044602943891260655,1.073461720038097,11.729999542236328,0.1139600987365399,-0.9116554731984127,0.027340735761941737
2025-10-24,87.77899932861328,11.59000015258789,25795.150390625,0.0004410320881278,0.0004410320881278,-0.000347369234120376,-0.0059498537873002855,0.01663373279587055,88.11201583862305,86.64851058959961,0.016890137396073257,1,0.04707823462372986,0.04450602213552025,1.0577709396144384,11.59000015258789,0.06623737576900401,-0.963696405022049,0.024857481897733402
2025-10-27,87.8290023803711,11.859999656677246,25966.05078125,0.0005696470925877,0.0005696470925877,-0.0018376645272912828,-0.011023739884445716,0.0165547112663309,88.11530593872071,86.66135108947753,0.016777431126615783,1,0.04196480799668439,0.04450332603845667,0.9429377261082921,11.859999656677246,0.01977640068556319,-0.8510034000271132,0.03628343396237299
2025-10-28,88.22209930419922,11.949999809265137,25936.19921875,0.0044757074903993,0.0044757074903993,0.002497694552503038,-0.006268439461760811,0.020731172947176413,88.12783599853516,86.67553157806397,0.016755644805745318,1,0.045381166204119715,0.045306764965854784,1.001620058687959,11.949999809265137,0.05193663471997523,-0.8120609187366276,0.041997345441405765
2025-10-29,88.22550201416016,11.970000267028809,26053.900390625,3.856981400085502e-05,3.856981400085502e-05,0.003931551792677679,-0.00616853282510299,0.01987603681888861,88.14334609985352,86.68772609710693,0.01679153518360854,1,0.04538849653258102,0.045293909745132,1.0020661656679664,11.970000267028809,0.05929204114910491,-0.8015299229816144,0.056751905973807304
2025-10-30,88.34559631347656,12.06999969482422,25877.849609375,0.0013612197899097,0.0013612197899097,0.006898691399013446,-0.003734993391577346,0.01806909971185444,88.16000198364257,86.70043407440185,0.016834609016930457,1,0.04562683812657917,0.04497642714658161,1.014438597785532,12.06999969482422,0.028985521385883395,-0.7588900112245596,0.050454810006985706
2025-10-31,88.6344985961914,12.149999618530272,25722.099609375,0.0032701378990043,0.0032701378990043,0.009746058557530857,-0.000789133540833209,0.018047770556632647,88.18679000854492,86.71481155395507,0.016974936901914983,1,0.04713449126599182,0.04497067360117948,1.048092888069783,12.149999618530272,0.048317468383927586,-0.7239297792197641,0.04514223328634981
2025-11-03,88.77539825439453,12.670000076293944,25763.349609375,0.0015896706184919,0.0015896706184919,0.010775436910062774,-0.0007350233517408045,0.012093752348453446,88.22071594238281,86.73028503417969,0.017184665167602642,1,0.04715733348135918,0.04260193334550286,1.1069034401673912,12.670000076293944,0.0682968333106706,-0.5135274143781707,0.03732636499654851
2025-11-04,88.72339630126953,12.649999618530272,25597.650390625,-0.0005857698658358,-0.0005857698658358,0.005682215692258463,3.603143730002145e-05,0.014104491414845155,88.25481979370117,86.74486949920654,0.017406796542687175,1,0.04717000188214902,0.04226968436270365,1.1159034350474852,12.649999618530272,0.05857739083162228,-0.5195393385860105,0.02825553654458357
2025-11-06,88.55690002441406,12.40999984741211,25509.69921875,-0.0019733831022655,-0.0019733831022655,0.0037562609754344667,-0.0020082218702988097,0.015033471453946179,88.28008972167969,86.7581164932251,0.01754271865242063,1,0.047620765420759235,0.042066752872175865,1.132001644239386,12.40999984741211,0.03675852719863948,-0.6126365297962345,0.017228441317074683
2025-11-07,88.6729965209961,12.5600004196167,25492.30078125,0.0013109819398604,0.0013109819398604,0.0037059029672268373,-0.000542185935464623,0.008870910270008192,88.30694763183594,86.77188148498536,0.017690824730084875,1,0.04789338162045391,0.03949730464112227,1.2125427168484442,12.5600004196167,0.04059658137378386,-0.548704152532407,0.015293747010022951
2025-11-10,88.65799713134766,12.300000190734863,25574.349609375,-0.0001691539728769,-0.0001691539728769,0.0002651172571450644,-0.0009533454783362538,0.01065737975213521,88.32793563842773,86.7842314529419,0.017787841865292142,1,0.047878405698233636,0.03928350183046003,1.2187606681347845,12.300000190734863,0.012345726494988662,-0.6501242091689576,0.02108903805623208
2025-11-11,88.70709991455078,12.489999771118164,25694.94921875,0.0005538449411437,0.0005538449411437,-0.0007693385913970507,-0.000789604514530251,0.010763173327505315,88.34889556884765,86.79451396942139,0.017908754002285088,1,0.04790340359311097,0.03928747871555432,1.2192735671932748,12.489999771118164,-0.014206811688388776,-0.5700319403434871,0.020377749866168582
2025-11-12,88.46649932861328,12.109999656677246,25875.80078125,-0.0027123035942925,-0.0027123035942925,-0.0028954817259692067,-0.004488843611727744,0.011818191972037706,88.3663916015625,86.80416946411133,0.017997086396835726,1,0.048549617230740534,0.038922618995019594,1.2473048109157738,12.109999656677246,-0.042687745307281255,-0.7185730235591342,0.023351513069689966
2025-11-13,88.59400177001953,12.15999984741211,25879.150390625,0.001441251121881,0.001441251121881,0.00041895939893143996,-0.0018398436872104629,0.012638321985379841,88.37478561401367,86.81498447418213,0.017966957539402806,1,0.048776228530020935,0.03899686904275456,1.250740866803416,12.15999984741211,-0.020145044566792114,-0.6941531397708333,0.02583706934508001
2025-11-14,88.81610107421875,11.9399995803833,25910.05078125,0.002506933875453,0.002506933875453,0.001613845915185319,0.001703048622244685,0.013136488923193967,88.39107955932617,86.8260344696045,0.018025067012239937,1,0.04950651649503659,0.03910419806882748,1.265983013508899,11.9399995803833,-0.0493631224936153,-0.7764483659809124,0.03040507372094403
2025-11-17,88.68199920654297,11.789999961853027,26013.44921875,-0.0015098823980543,-0.0015098823980543,0.00027072656694193675,-0.0011320025092593777,0.012402482987598162,88.40475357055664,86.83659946441651,0.018058677053362837,1,0.04953581367499863,0.039202993868944734,1.2635399811711072,11.789999961853027,-0.041463432599456396,-0.8302225113160575,0.027243353171894524
2025-11-18,88.63590240478516,12.100000381469728,25910.05078125,-0.0005197988562531,-0.0005197988562531,-0.0008026134304267574,0.009411290820772411,0.013560954807635417,88.41601165771485,86.848723487854,0.018046185446583207,1,0.030165461047665786,0.03905335043417543,0.7723969471341863,12.100000381469728,-0.031224931688971558,-0.7001658137871922,0.012692834951465226
2025-11-19,88.55680084228516,11.970000267028809,26052.650390625,-0.0008924325285114,-0.0008924325285114,0.0010207424771770945,0.006433646688922101,0.011929668493326995,88.42328964233398,86.85924800872803,0.018006621856187177,1,0.029819554473381082,0.038854958501714824,0.7674383961488187,11.970000267028809,-0.011560643568742313,-0.7458967682464503,0.013333441714299177
2025-11-20,88.48719787597656,12.140000343322754,26192.150390625,-0.0007859697464969,-0.0007859697464969,-0.0012055431734556699,0.005510099710983596,0.013655984827052547,88.42930755615234,86.86932048797607,0.01795785968410102,1,0.030028948758251052,0.03852464256187502,0.7794535473359685,12.140000343322754,-0.0016446960806181243,-0.6718184108350257,0.013504545487867725
2025-11-21,88.69219970703125,13.630000114440918,26068.150390625,0.002316740002797,0.002316740002797,-0.001395032721420164,0.00924217659305504,0.01852451524633003,88.44354156494141,86.88058048248291,0.01798976334848068,1,0.03031119577446843,0.03835179734381592,0.7903255531204653,13.630000114440918,0.14154108822869516,-0.07102808698149234,0.007714015612104497
2025-11-24,89.63400268554688,13.239999771118164,25959.5,0.0106187802492958,0.0106187802492958,0.010735025005318866,0.021583007812754795,0.03006036481919039,88.4718556213379,86.8977354812622,0.018114627859492582,1,0.044622433320573286,0.04348881591806926,1.0260432788365388,13.239999771118164,0.12298556522109116,-0.2251846503129554,0.0026302018565074192
2025-11-25,89.14779663085938,12.239999771118164,25884.80078125,-0.005424348351297,-0.005424348351297,0.005775246961851721,0.01559367630886066,0.021243220316244482,88.4937435913086,86.91113246917725,0.018209532854638777,1,0.04989035543368437,0.04470984637299816,1.115844576447433,12.239999771118164,0.011570197126839377,-0.6234035347099222,0.0034754746247800394
2025-11-26,89.15059661865234,11.970000267028809,26205.30078125,3.14083791050912e-05,3.14083791050912e-05,0.006705253246723553,0.015047355685058106,0.020846141071037216,88.51140350341797,86.92396244049073,0.018262410253260475,1,0.04994793399296634,0.044713904985536505,1.1170309767877737,11.970000267028809,0.0,-0.7275354603778115,0.009213954097816224
2025-11-27,89.16300201416016,11.789999961853027,26215.55078125,0.0001391510093968,0.0001391510093968,0.0076373097397750556,0.010665158927091634,0.017742610533070025,88.52911758422852,86.93657444000245,0.018318448299629475,1,0.04805321256820489,0.044337868122919094,1.0837717470592314,11.789999961853027,-0.028830343622043952,-0.7945107363170527,0.010770720881032148
2025-11-28,89.36479949951172,11.619999885559082,26202.94921875,0.0022632423852162,0.0022632423852162,0.0075835281422966805,0.012913471267850696,0.01945828830006535,88.5539436340332,86.95016342163086,0.01844482113996082,1,0.048397837089706706,0.044507773746039335,1.087377454293794,11.619999885559082,-0.14746883433641722,-0.8561286735728023,0.00572078751704419
2025-12-01,89.3499984741211,11.630000114440918,26175.75,-0.0001656247814969,-0.0001656247814969,-0.0031684874368728133,0.011369012181214,0.0200738292276883,88.58325164794923,86.9621964263916,0.018640918562007114,1,0.04838862078715098,0.04446441347963999,1.0882305369612129,11.630000114440918,-0.12160118463063052,-0.8461804454283125,0.011511790783306663
2025-12-02,89.61270141601562,11.229999542236328,26032.19921875,0.0029401560870827,0.0029401560870827,0.005214989071253395,0.011036366598978553,0.01631314623236002,88.6172917175293,86.97460945129394,0.018886917418758475,1,0.04816687906835155,0.04291028484792862,1.122475806516817,11.229999542236328,-0.08251636011179186,-0.9987474586157322,0.012055765823330233
2025-12-03,89.91719818115234,11.210000038146973,25986.0,0.0033979197181337,0.0033979197181337,0.008598950445381615,0.01286167056649945,0.02177004331346244,88.65149765014648,86.98752494812011,0.019128865926680616,1,0.049070479527618345,0.043118303183200875,1.1380165240410478,11.210000038146973,-0.06349208119696081,-0.9988803849154626,0.008642136756316088
2025-12-04,90.17050170898438,10.81999969482422,26033.75,0.0028170754088856,0.0028170754088856,0.011299526396208792,0.016310302220634565,0.024684602968602753,88.69292373657227,87.00043594360352,0.019453785197879547,1,0.0494412815343449,0.04339115687792576,1.1394059454900343,10.81999969482422,-0.08227313572241546,-1.145406502900419,0.017036704647498402
2025-12-05,89.8364028930664,10.31999969482422,26186.44921875,-0.0037051897193189,-0.0037051897193189,0.005277283630645391,0.014448370124740206,0.02002208265072203,88.72356384277344,87.0120524597168,0.01966981969364534,1,0.05099201812615156,0.044147112347151324,1.1550214814437438,10.31999969482422,-0.111876093247682,-1.333555250930392,0.026529125027965117
2025-12-08,89.93800354003906,11.130000114440918,25960.55078125,0.0011309518602786,0.0011309518602786,0.006580918589363716,0.014265978016694714,0.019787328649211622,88.74616394042968,87.0242919921875,0.01978610694582561,1,0.050968122950867285,0.04412748637800362,1.1549936817292008,11.130000114440918,-0.042992260969899054,-1.0030030387201387,0.018368291038853846
2025-12-09,90.12999725341795,10.949999809265137,25839.650390625,0.0021347339925488,0.0021347339925488,0.005772572740563309,0.016603128535483513,0.022040782073847742,88.7731918334961,87.04088596343995,0.019902208610144134,1,0.051109336069222695,0.04426826699062498,1.1545105565006588,10.949999809265137,-0.02493319184191456,-1.066263859491686,0.01037370589290565
2025-12-10,89.91690063476562,10.90999984741211,25758.0,-0.0023643251430839,-0.0023643251430839,-3.3091154165720837e-06,0.013638149836712188,0.022009438265384818,88.79606781005859,87.05610046386718,0.019986736563207153,1,0.05226540337104172,0.0442758608840579,1.1804225125151122,10.90999984741211,-0.026761836727384525,-1.0741466391682415,0.002453820037285448
2025-12-11,89.79299926757812,10.399999618530272,25898.55078125,-0.0013779541589269,-0.0013779541589269,-0.004186540323625976,0.01499437582623786,0.017850031164195146,88.81839172363281,87.07129497528076,0.02006512879873945,1,0.05138059161493155,0.04414805079311098,1.1637983306981763,10.399999618530272,-0.038817013691308855,-1.2658212473088188,0.0008791998436039616
2025-12-12,90.25299835205078,10.109999656677246,26046.94921875,0.005122883612584,0.005122883612584,0.00463726780646212,0.01872583412969453,0.024980299072854262,88.84936172485351,87.09038696289062,0.020197117308852874,1,0.05357327418352249,0.04496570258330553,1.191398770774272,10.109999656677246,-0.020348841507456195,-1.3689356719733108,0.006483938830765812
2025-12-15,90.5770034790039,10.25,26027.30078125,0.0035899652407034,0.0035899652407034,0.007104893524575218,0.019826387147006796,0.026163648261782635,88.88408782958984,87.10899799346925,0.020377801111358007,1,0.054113966670224334,0.045237056246738065,1.196204504788516,10.25,-0.0790655979687851,-1.3028299505424294,0.004525270945622717
2025-12-16,90.7769012451172,10.0600004196167,25860.099609375,0.0022069372846897,0.0022069372846897,0.007177454914154113,0.023622629815721163,0.028315357729129742,88.92522186279297,87.12844650268555,0.020622143883307187,1,0.05352153739544873,0.04537308086061143,1.1795619080387805,10.0600004196167,-0.08127848448868291,-1.3659515534688742,-0.005895012540838573
2025-12-17,90.94889831542967,9.84000015258789,25818.55078125,0.0018947228640033,0.0018947228640033,0.011477238131860634,0.026095474270476204,0.03206183823883979,88.96949783325195,87.14882698059083,0.020891513009883678,1,0.05324350888780017,0.045241049124087274,1.1768589159559717,9.84000015258789,-0.09807513380286859,-1.4393304596013436,-0.0035314481153473354
2025-12-18,90.4136962890625,9.710000038146973,25815.55078125,-0.005884645512813,-0.005884645512813,0.006912532452944653,0.020968411563154543,0.028777494289973005,89.0033497619629,87.16863945007324,0.021047825496238293,1,0.058320664643823024,0.046584688153216196,1.2519008939400342,9.710000038146973,-0.06634611593195516,-1.4765672663155276,-0.00910078651576729
2025-12-19,90.25579833984376,9.520000457763672,25966.400390625,-0.0017463941382722,-0.0017463941382722,3.1023764795801156e-05,0.01998707729841409,0.026675938854589853,89.03361373901367,87.18727142333984,0.021176741576289126,1,0.058783288679403044,0.04679243998069218,1.256229264265634,9.520000457763672,-0.05835798407014814,-1.536165812707472,-0.008618994493892473
2025-12-22,89.56999969482422,9.68000030517578,26172.400390625,-0.0075983887753922,-0.0075983887753922,-0.011117653990541987,0.009897149813540729,0.015453418276505815,89.04946975708008,87.20167091369629,0.021189947669839393,1,0.06552505364807565,0.0490750634622169,1.335173382407141,9.68000030517578,-0.05560972632431416,-1.4613576617964168,0.003999132981735931
2025-12-23,89.60389709472656,9.380000114440918,26177.150390625,0.0003784459084272,0.0003784459084272,-0.012921835117760572,-0.0003358724358871745,0.01707960743852821,89.06423965454101,87.21387939453125,0.02121635080167983,1,0.05417383433577928,0.048983988776335995,1.105927258310406,9.380000114440918,-0.06759446091570742,-1.5625571416049704,0.008384228919085412
2025-12-24,89.50789642333984,9.1899995803833,26142.099609375,-0.0010713894651839,-0.0010713894651839,-0.01584408298264517,0.004039357180879666,0.013628979680210263,89.07925155639649,87.22478385925292,0.021260788678318265,1,0.05067846895910499,0.04887731526050403,1.0368292910466896,9.1899995803833,-0.06605696769563985,-1.6206238283389935,0.00994015099051393
2025-12-26,90.10590362548828,9.149999618530272,26042.30078125,0.0066810552593044,0.0066810552593044,-0.0034042703285813714,0.010715654668272512,0.01461473051848916,89.10806762695313,87.23799339294433,0.021436465481105893,1,0.05541839915682253,0.049359671184746434,1.122723776372556,9.149999618530272,-0.057672545562993616,-1.6212037180073364,-0.006220115592667663
2025-12-29,89.82929992675781,9.720000267028809,25942.099609375,-0.0030697622198,-0.0030697622198,-0.004725440591418217,0.007472807078566568,0.011835028890835542,89.12900360107422,87.2504919052124,0.021530098625720084,1,0.05678939497947944,0.04979044487005999,1.1405452307656847,9.720000267028809,0.02100838231599389,-1.394570287620149,-0.010430876473157213
2025-12-30,89.9000015258789,9.68000030517578,25938.849609375,0.0007870661262945,0.0007870661262945,0.003684289741867186,0.005988957949490059,0.012694157310091603,89.17081359863282,87.26390689849853,0.021852181135464388,1,0.05639512514046714,0.04980149731191107,1.1323754467023353,9.68000030517578,0.0,-1.3978314983170435,-0.01007900321334898
