Date,Nifty50,IndiaVIX,USDINR,Nifty_Return
2015-01-02,63.02799987792969,13.800000190734863,8395.4501953125,0.0
2015-01-05,63.27799987792969,14.149999618530273,8378.400390625,0.003966491091010216
2015-01-06,63.3380012512207,17.420000076293945,8127.35009765625,0.0009482185499978257
2015-01-07,63.56800079345703,18.139999389648438,8102.10009765625,0.00363130407800627
2015-01-08,63.27299880981445,16.469999313354492,8234.599609375,-0.00464073087025485
2015-01-09,62.667999267578125,15.960000038146973,8284.5,-0.009561733339916945
2015-01-12,62.347999572753906,16.110000610351562,8323.0,-0.005106269524544627
2015-01-13,62.06800079345703,16.479999542236328,8299.400390625,-0.004490902374023165
2015-01-14,61.972999572753906,17.25,8277.5498046875,-0.0015305990121908808
2015-01-15,62.0880012512207,16.15999984741211,8494.150390625,0.0018556739105679565
2015-01-16,62.05799865722656,17.270000457763672,8513.7998046875,-0.00048322692612934315
2015-01-19,61.862998962402344,17.649999618530273,8550.7001953125,-0.003142216942916387
2015-01-20,61.63800048828125,17.270000457763672,8695.599609375,-0.0036370444028721582
2015-01-21,61.64799880981445,17.709999084472656,8729.5,0.00016221034838892479
2015-01-22,61.553001403808594,18.56999969482422,8761.400390625,-0.0015409649597698527
2015-01-23,61.597999572753906,17.889999389648438,8835.599609375,0.0007310475187085608
2015-01-27,61.472999572753906,18.09000015258789,8910.5,0.000651130766878838
2015-01-28,61.40299987792969,19.770000457763672,8914.2998046875,-0.0011387063476766546
2015-01-29,61.35100173950195,19.43000030517578,8952.349609375,-0.0008468338441298684
2015-01-30,61.79600143432617,20.170000076293945,8808.900390625,0.007253340323825519
2015-02-02,62.01300048828125,20.40999984741211,8797.400390625,0.0035115387552331345
2015-02-03,61.72800064086914,19.809999465942383,8756.5498046875,-0.004595808059085438
2015-02-04,61.61399841308594,20.049999237060547,8723.7001953125,-0.0018468478907402996
2015-02-05,61.86000061035156,20.6200008392334,8711.7001953125,0.0039926348492485
2015-02-06,61.733001708984375,20.690000534057617,8661.0498046875,-0.0020530051748162137
2015-02-09,61.9630012512207,22.020000457763672,8526.349609375,0.0037257145427751492
2015-02-10,62.130001068115234,21.190000534057617,8565.5498046875,0.00269515377761409
2015-02-11,62.34199905395508,20.5,8627.400390625,0.0034121677481933066
2015-02-12,62.38199996948242,20.15999984741211,8711.5498046875,0.0006416367157673353
2015-02-13,62.16999816894531,20.100000381469727,8805.5,-0.0033984450745538908
2015-02-16,62.069000244140625,20.829999923706055,8809.349609375,-0.0016245444391075337
2015-02-18,62.11199951171875,20.90999984741211,8869.099609375,-0.0011899995380846295
2015-02-19,62.07400131225586,20.399999618530273,8895.2998046875,-0.0006117690585009106
2015-02-20,62.165000915527344,21.270000457763672,8833.599609375,0.0014659857806447185
2015-02-23,62.10100173950195,21.6299991607666,8754.9501953125,-0.0010295049478460383
2015-02-24,62.17100143432617,21.549999237060547,8762.099609375,0.0011271910736294632
2015-02-25,62.233001708984375,20.780000686645508,8767.25,0.0009972539162601546
2015-02-26,61.87699890136719,20.579999923706055,8683.849609375,-0.0057204826674107645
2015-02-27,61.75400161743164,19.56999969482422,8844.599609375,-0.0019877706760085267
2015-03-02,61.6510009765625,15.850000381469727,8956.75,-0.001667918485788733
2015-03-03,61.9010009765625,15.489999771118164,8996.25,0.004055084200417891
2015-03-04,61.8129997253418,15.199999809265137,8922.650390625,-0.0014216450434141326
2015-03-05,62.30500030517578,14.4399995803833,8937.75,0.007959500137837194
2015-03-09,62.452999114990234,15.8100004196167,8756.75,0.00016011917118263774
2015-03-10,62.67300033569336,15.529999732971191,8712.0498046875,0.003522668627939707
2015-03-11,62.7130012512207,15.130000114440918,8699.9501953125,0.0006382479746156466
2015-03-12,62.755001068115234,14.75,8776.0,0.0006697146693122047
2015-03-13,62.53499984741211,14.970000267028809,8647.75,-0.003505716149448057
2015-03-16,63.07600021362305,15.180000305175781,8633.150390625,0.00865116123020715
2015-03-17,62.78900146484375,15.130000114440918,8723.2998046875,-0.00455004673421433
2015-03-18,62.61600112915039,15.510000228881836,8685.900390625,-0.002755264961336046
2015-03-19,62.69300079345703,15.199999809265137,8634.650390625,0.0012297122607338729
2015-03-20,62.483001708984375,14.260000228881836,8570.900390625,-0.0033496416157283715
2015-03-23,62.40299987792969,14.270000457763672,8550.900390625,-0.001280377524551346
2015-03-24,62.222999572753906,13.670000076293945,8542.9501953125,-0.002884481603895539
2015-03-25,62.27799987792969,13.140000343322754,8530.7998046875,0.0008839224330783324
2015-03-26,62.46200180053711,15.15999984741211,8342.150390625,0.002954525241145811
2015-03-27,62.82899856567383,14.5,8341.400390625,0.005875520389318822
2015-03-30,62.51499938964844,14.260000228881836,8492.2998046875,-0.004997679148063705
2015-03-31,62.50899887084961,14.489999771118164,8491.0,-9.598526525489426e-05
2015-04-01,62.305999755859375,13.670000076293945,8586.25,-0.003247518255885873
2015-04-06,62.060001373291016,14.569999694824219,8659.900390625,0.0
2015-04-07,62.060001373291016,14.25,8660.2998046875,0.0
2015-04-08,62.308998107910156,14.350000381469727,8714.400390625,0.004012193508044382
2015-04-09,62.18199920654297,14.420000076293945,8778.2998046875,-0.002038211257180622
2015-04-10,62.31399917602539,14.260000228881836,8780.349609375,0.002122800346832987
2015-04-13,62.26900100708008,14.489999771118164,8834.0,-0.0007221197409943425
2015-04-16,62.38999938964844,14.949999809265137,8706.7001953125,0.001219633062040426
2015-04-17,62.32600021362305,15.039999961853027,8606.0,-0.0010257922207322911
2015-04-20,62.542999267578125,16.299999237060547,8448.099609375,0.003481677842494424
2015-04-21,63.14500045776367,17.030000686645508,8377.75,0.009625396882711135
2015-04-22,62.87799835205078,17.209999084472656,8429.7001953125,-0.004228396607447671
2015-04-23,62.935001373291016,18.5,8398.2998046875,0.0009065654558702008
2015-04-24,63.2869987487793,19.110000610351562,8305.25,0.005593030393380882
2015-04-27,63.654998779296875,18.739999771118164,8213.7998046875,0.005814780883801607
2015-04-28,63.13999938964844,17.40999984741211,8285.599609375,-0.008090478352439034
2015-04-29,63.03300094604492,17.239999771118164,8239.75,-0.0016946221830508312
2015-04-30,63.44200134277344,17.229999542236328,8181.5,0.006488670864308155
2015-05-04,63.52299880981445,17.309999465942383,8331.9501953125,0.0
2015-05-05,63.59299850463867,17.360000610351562,8324.7998046875,0.0011019582849638443
2015-05-06,63.34400177001953,19.670000076293945,8097.0,-0.0039154740376171615
2015-05-07,63.65999984741211,19.649999618530273,8057.2998046875,0.004988603002062497
2015-05-08,64.08200073242188,19.110000610351562,8191.5,0.006628980301936371
2015-05-11,63.70399856567383,18.6299991607666,8325.25,-0.005898726045187264
2015-05-12,64.0199966430664,20.549999237060547,8126.9501953125,0.004960411975816648
2015-05-13,64.21099853515625,20.690000534057617,8235.4501953125,0.002983472385272856
2015-05-14,64.04399871826172,20.700000762939453,8224.2001953125,-0.0026007976936084365
2015-05-15,63.40800094604492,19.81999969482422,8262.349609375,-0.009930638076092624
2015-05-18,63.43299865722656,17.899999618530273,8373.650390625,0.0003942359135862272
2015-05-19,63.729000091552734,18.270000457763672,8365.650390625,0.004666363574039378
2015-05-20,63.78499984741211,17.719999313354492,8423.25,0.0008787170013482282
2015-05-21,63.625,17.40999984741211,8421.0,-0.002508424359878747
2015-05-22,63.625999450683594,16.950000762939453,8458.9501953125,1.5708458681151782e-05
2015-05-25,63.483001708984375,16.93000030517578,8370.25,-0.002247473406057132
2015-05-26,63.57099914550781,17.06999969482422,8339.349609375,0.001386157461911397
2015-05-27,63.97600173950195,17.280000686645508,8334.599609375,0.006370870356577685
2015-05-28,63.874000549316406,17.1299991607666,8319.0,-0.0015943664407299662
2015-05-29,63.82500076293945,16.65999984741211,8433.650390625,-0.0007671319465754056
2015-06-01,63.736000061035156,16.90999984741211,8433.400390625,-0.001394448896833822
2015-06-02,63.61000061035156,16.81999969482422,8236.4501953125,-0.001976896111505755
2015-06-03,63.6619987487793,17.510000228881836,8135.10009765625,0.0008174522548152208
2015-06-04,64.05899810791016,18.1200008392334,8130.64990234375,0.006236049243403263
2015-06-05,64.0009994506836,18.09000015258789,8114.7001953125,-0.0009053943854828717
2015-06-08,63.762001037597656,18.889999389648438,8044.14990234375,-0.0037342918882087295
2015-06-09,63.97600173950195,18.010000228881836,8022.39990234375,0.003356241937547022
2015-06-10,64.03800201416016,17.079999923706055,8124.4501953125,0.0009691176843256155
2015-06-11,63.79899978637695,17.809999465942383,7965.35009765625,-0.0037321937016453477
2015-06-12,63.999000549316406,17.479999542236328,7982.89990234375,0.003134857342734776
2015-06-15,64.09200286865234,17.520000457763672,8013.89990234375,0.0014531839331501928
2015-06-16,64.052001953125,17.170000076293945,8047.2998046875,-0.0006241171087962849
2015-06-17,64.18199920654297,16.729999542236328,8091.5498046875,0.002029558006837906
2015-06-18,64.00299835205078,16.020000457763672,8174.60009765625,-0.0027889572887274117
2015-06-19,63.64500045776367,15.09000015258789,8224.9501953125,-0.005593455049057727
2015-06-22,63.492000579833984,15.489999771118164,8353.099609375,-0.0024039575273665514
2015-06-23,63.50699996948242,15.039999961853027,8381.5498046875,0.0002362406210461021
2015-06-24,63.599998474121094,15.920000076293945,8360.849609375,0.0014643819529085444
2015-06-25,63.5620002746582,15.930000305175781,8398.0,-0.000597455980731687
2015-06-26,63.51100158691406,15.760000228881836,8381.099609375,-0.0008023455448816774
2015-06-29,63.444000244140625,17.299999237060547,8318.400390625,-0.001054956481543523
2015-06-30,63.7239990234375,16.93000030517578,8368.5,0.00441332164143815
2015-07-01,63.59000015258789,15.850000381469727,8453.0498046875,-0.002102800717204256
2015-07-02,63.57400131225586,15.5600004196167,8444.900390625,-0.00025159365141758094
2015-07-03,63.369998931884766,16.309999465942383,8484.900390625,-0.003208896343791512
2015-07-06,63.40399932861328,16.020000457763672,8522.150390625,0.0005365377513271152
2015-07-07,63.3650016784668,16.309999465942383,8510.7998046875,-0.0006150660929820084
2015-07-08,63.518001556396484,17.790000915527344,8363.0498046875,0.0024145801921706678
2015-07-09,63.5620002746582,17.440000534057617,8328.5498046875,0.0006926968289870938
2015-07-10,63.36399841308594,17.06999969482422,8360.5498046875,-0.003115098025812224
2015-07-13,63.35200119018555,16.270000457763672,8459.650390625,-0.00018933816048316565
2015-07-14,63.513999938964844,16.010000228881836,8454.099609375,0.0025571212548276545
2015-07-15,63.32400131225586,15.569999694824219,8523.7998046875,-0.002991444829353651
2015-07-16,63.52399826049805,14.779999732971191,8608.0498046875,0.003158311921193757
2015-07-17,63.481998443603516,14.800000190734863,8609.849609375,-0.0006611645684250211
2015-07-20,63.48400115966797,14.960000038146973,8603.4501953125,3.154777911151818e-05
2015-07-21,63.625,15.100000381469727,8529.4501953125,0.002221013763411106
2015-07-22,63.58300018310547,15.130000114440918,8633.5,-0.0006601150003069378
2015-07-23,63.66400146484375,15.520000457763672,8589.7998046875,0.001273945575154034
2015-07-24,63.847999572753906,15.460000038146973,8521.5498046875,0.002890143623971886
2015-07-27,64.0999984741211,16.3700008392334,8361.0,0.003946856644741592
2015-07-28,64.21700286865234,15.920000076293945,8337.0,0.0018253416118019228
2015-07-29,63.8390007019043,15.880000114440918,8375.0498046875,-0.005886325269978787
2015-07-30,63.882999420166016,15.329999923706055,8421.7998046875,0.0006892137686673738
2015-07-31,64.11799621582031,14.569999694824219,8532.849609375,0.0036785498143050432
2015-08-03,63.97999954223633,15.390000343322754,8543.0498046875,-0.0021522299779844767
2015-08-04,64.1240005493164,14.829999923706055,8516.900390625,0.00225071910144381
2015-08-05,63.819000244140625,14.670000076293945,8567.9501953125,-0.004756414175082768
2015-08-06,63.69599914550781,14.729999542236328,8588.650390625,-0.0019273429254966779
2015-08-07,63.733001708984375,14.90999984741211,8564.599609375,0.0005809244532302138
2015-08-10,63.733001708984375,15.470000267028809,8525.599609375,0.0
2015-08-11,63.8380012512207,15.890000343322754,8462.349609375,0.0016474909296722018
2015-08-12,64.32599639892578,17.450000762939453,8349.4501953125,0.0076442736009962875
2015-08-13,64.79900360107422,17.020000457763672,8355.849609375,0.007353282166280284
2015-08-14,65.26899719238281,16.020000457763672,8518.5498046875,0.007253099047664913
2015-08-17,65.12200164794922,16.459999084472656,8477.2998046875,-0.002252149577238294
2015-08-18,65.44300079345703,16.360000610351562,8466.5498046875,0.004929196544712244
2015-08-19,65.44599914550781,16.68000030517578,8495.150390625,4.581623725119499e-05
2015-08-20,65.05400085449219,16.979999542236328,8372.75,-0.005989644839008212
2015-08-21,65.46099853515625,17.110000610351562,8299.9501953125,0.006256305151383534
2015-08-24,66.0260009765625,28.1299991607666,7809.0,0.008631130811467935
2015-08-25,66.80699920654297,26.850000381469727,7880.7001953125,0.011828646569973289
2015-08-26,66.28299713134766,25.520000457763672,7791.85009765625,-0.007843520610397281
2015-08-27,66.05599975585938,22.040000915527344,7948.9501953125,-0.003424669754122034
2015-08-28,66.05500030517578,23.329999923706055,8001.9501953125,-1.513035435518617e-05
2015-08-31,66.14299774169922,24.600000381469727,7971.2998046875,0.0013321843330087457
2015-09-01,66.3499984741211,28.719999313354492,7785.85009765625,0.0031295940536328892
2015-09-02,66.4229965209961,26.649999618530273,7717.0,0.0011001966624530901
2015-09-03,66.22599792480469,24.1200008392334,7823.0,-0.0029658191666968037
2015-09-04,66.16000366210938,26.420000076293945,7655.0498046875,-0.000996500842014414
2015-09-07,66.6780014038086,26.350000381469727,7558.7998046875,0.007829469664855537
2015-09-08,66.8030014038086,24.56999969482422,7688.25,0.0018746812647096878
2015-09-09,66.40599822998047,24.299999237060547,7818.60009765625,-0.005942894263512688
2015-09-10,66.59700012207031,24.75,7788.10009765625,0.0028762746917583293
2015-09-11,66.31900024414062,24.979999542236328,7789.2998046875,-0.004174360367886321
2015-09-14,66.23400115966797,24.31999969482422,7872.25,-0.0012816701723450397
2015-09-15,66.31500244140625,23.739999771118164,7829.10009765625,0.0012229561904770758
2015-09-16,66.43000030517578,22.0,7899.14990234375,0.0017341153515171293
2015-09-18,66.12200164794922,18.290000915527344,7981.89990234375,-0.0011178545306935739
2015-09-21,65.86100006103516,18.18000030517578,7977.10009765625,-0.0039472729259423245
2015-09-22,65.73899841308594,20.350000381469727,7812.0,-0.0018524111057554027
2015-09-23,65.875,20.690000534057617,7845.9501953125,0.002068811363073575
2015-09-24,66.16200256347656,20.8799991607666,7868.5,0.004356775157139392
2015-09-28,66.16300201416016,21.670000076293945,7795.7001953125,-0.0008758348052512188
2015-09-29,66.26000213623047,21.56999969482422,7843.2998046875,0.0014660780060971046
2015-09-30,65.91999816894531,19.6299991607666,7948.89990234375,-0.005131360644784033
2015-10-01,65.5270004272461,19.239999771118164,7950.89990234375,-0.005961737752055329
2015-10-05,65.35700225830078,19.1299991607666,8119.2998046875,-0.0039774752746352116
2015-10-06,65.12300109863281,19.309999465942383,8152.89990234375,-0.0035803533146021582
2015-10-07,65.18399810791016,19.34000015258789,8177.39990234375,0.0009366430945798587
2015-10-08,64.93900299072266,19.559999465942383,8129.35009765625,-0.0037585162662455707
2015-10-09,64.99500274658203,18.93000030517578,8189.7001953125,0.0008623439424744195
2015-10-12,64.77200317382812,19.1200008392334,8143.60009765625,-0.003431026437884621
2015-10-13,64.78199768066406,18.020000457763672,8131.7001953125,0.00015430288313167395
2015-10-14,65.08499908447266,17.719999313354492,8107.89990234375,0.004677246992323525
2015-10-15,64.8489990234375,17.170000076293945,8179.5,-0.00362602849127891
2015-10-16,64.78399658203125,16.270000457763672,8238.150390625,-0.0010023661488245406
2015-10-19,64.69499969482422,16.8799991607666,8275.0498046875,-0.0013737480226978516
2015-10-20,64.95099639892578,17.0,8261.650390625,0.003956978210203799
2015-10-21,64.99400329589844,16.6200008392334,8251.7001953125,0.0006621437600204949
2015-10-23,65.05000305175781,16.190000534057617,8295.4501953125,-0.0016727318711272643
2015-10-26,64.88500213623047,17.229999542236328,8260.5498046875,-0.002536524331844481
2015-10-27,64.9010009765625,16.540000915527344,8232.900390625,0.00024657224019875024
2015-10-28,65.06700134277344,17.040000915527344,8171.2001953125,0.0025577473954658814
2015-10-29,64.94599914550781,17.579999923706055,8111.75,-0.001859655351691747
2015-10-30,65.44400024414062,17.8799991607666,8065.7998046875,0.007667925741154047
2015-11-02,65.41500091552734,19.479999542236328,8050.7998046875,-0.00044311668762753165
2015-11-03,65.54100036621094,19.559999465942383,8060.7001953125,0.0019261552995513131
2015-11-04,65.53099822998047,19.360000610351562,8040.2001953125,-0.00015260884293166743
2015-11-05,65.58499908447266,19.290000915527344,7955.4501953125,0.0008240505402141718
2015-11-06,65.86000061035156,19.469999313354492,7954.2998046875,0.0041930552674813715
2015-11-09,66.13300323486328,17.040000915527344,7915.2001953125,0.004145196203791279
2015-11-10,66.46800231933594,16.829999923706055,7783.35009765625,0.005065535634045659
2015-11-13,66.0479965209961,17.649999618530273,7762.25,-0.00022716222755259086
2015-11-16,66.0510025024414,17.8799991607666,7806.60009765625,4.5512076121134726e-05
2015-11-17,65.89700317382812,16.969999313354492,7837.5498046875,-0.0023315214422005015
2015-11-18,66.03700256347656,17.420000076293945,7731.7998046875,0.0021245183074432017
2015-11-19,66.07499694824219,15.84000015258789,7842.75,0.0005753499294445241
2015-11-20,66.08499908447266,15.899999618530273,7856.5498046875,0.00015137550802002409
2015-11-23,66.05000305175781,17.079999923706055,7849.25,-0.0005295609169958526
2015-11-24,66.37100219726562,16.25,7831.60009765625,0.004859941418265734
2015-11-26,66.38200378417969,16.690000534057617,7883.7998046875,0.0012368134034301814
2015-11-27,66.55799865722656,16.729999542236328,7942.7001953125,0.002651243756049748
2015-11-30,66.9000015258789,16.43000030517578,7935.25,0.005138418755853191
2015-12-01,66.50800323486328,15.640000343322754,7954.89990234375,-0.0058594660997726145
2015-12-02,66.46099853515625,15.489999771118164,7931.35009765625,-0.0007067525323387613
2015-12-03,66.55699920654297,16.059999465942383,7864.14990234375,0.0014444662810164655
2015-12-04,66.8030014038086,16.09000015258789,7781.89990234375,0.0036961131090393895
2015-12-07,66.63600158691406,15.869999885559082,7765.39990234375,-0.0024998849360833297
2015-12-08,66.76799774169922,15.970000267028809,7701.7001953125,0.0019808534672205447
2015-12-09,66.83300018310547,16.729999542236328,7612.5,0.0009735568476640921
2015-12-10,66.88999938964844,16.290000915527344,7683.2998046875,0.0008528602095791982
2015-12-11,66.78600311279297,17.18000030517578,7610.4501953125,-0.0015547358021289481
2015-12-14,67.14099884033203,17.799999237060547,7650.0498046875,0.005315421061199421
2015-12-15,67.07099914550781,17.34000015258789,7700.89990234375,-0.0010425775015752148
2015-12-16,66.90299987792969,16.729999542236328,7750.89990234375,-0.0025047974492471425
2015-12-17,66.4280014038086,14.220000267028809,7844.35009765625,-0.007099808304377508
2015-12-18,66.45899963378906,14.489999771118164,7761.9501953125,0.00046664402549212447
2015-12-21,66.24800109863281,14.229999542236328,7834.4501953125,-0.0031748677578494755
2015-12-22,66.26899719238281,14.479999542236328,7786.10009765625,0.0003169317323059584
2015-12-23,66.24299621582031,13.649999618530273,7865.9501953125,-0.0003923550629114647
2015-12-24,66.15399932861328,13.75,7861.0498046875,-0.001343491271395325
2015-12-28,65.94000244140625,14.399999618530273,7925.14990234375,0.0
2015-12-29,66.13400268554688,14.239999771118164,7928.9501953125,0.0029420721407011907
2015-12-30,66.26000213623047,14.350000381469727,7896.25,0.0019052143461313342
2015-12-31,66.45500183105469,13.869999885559082,7946.35009765625,0.0029429473066315825
2016-01-04,66.19300079345703,16.84000015258789,7791.2998046875,0.0
2016-01-05,66.60099792480469,16.700000762939453,7784.64990234375,0.006163750343042063
2016-01-06,66.52400207519531,16.549999237060547,7741.0,-0.0011560765154946528
2016-01-07,66.7239990234375,18.959999084472656,7568.2998046875,0.0030063877999420008
2016-01-08,66.9209976196289,17.799999237060547,7601.35009765625,0.0029524398878162383
2016-01-11,66.83999633789062,18.690000534057617,7563.85009765625,-0.0012104015872369533
2016-01-12,66.79299926757812,18.709999084472656,7510.2998046875,-0.0007031279606138918
2016-01-13,66.91999816894531,18.350000381469727,7562.39990234375,0.0019013804254905953
2016-01-14,66.93599700927734,18.610000610351562,7536.7998046875,0.0002390741298534671
2016-01-15,67.30400085449219,19.420000076293945,7437.7998046875,0.005497846624497704
2016-01-18,67.76699829101562,20.229999542236328,7351.0,0.006879196342642668
2016-01-19,67.71099853515625,18.43000030517578,7435.10009765625,-0.0008263573313206374
2016-01-20,67.76699829101562,20.969999313354492,7309.2998046875,0.0008270407625181608
2016-01-21,67.9489974975586,20.809999465942383,7276.7998046875,0.0026856613267920437
2016-01-22,67.80799865722656,18.81999969482422,7422.4501953125,-0.0020750687357395936
2016-01-25,67.54100036621094,18.270000457763672,7436.14990234375,-0.003937563359822982
2016-01-27,67.7699966430664,19.059999465942383,7437.75,0.0004280912558560779
2016-01-28,68.19599914550781,17.899999618530273,7424.64990234375,0.006286004479018725
2016-01-29,68.09300231933594,17.239999771118164,7563.5498046875,-0.001510305992469041
2016-02-01,67.87000274658203,17.889999389648438,7555.9501953125,-0.0032749264264791966
2016-02-02,67.88200378417969,18.040000915527344,7455.5498046875,0.00017682388554574047
2016-02-03,67.98600006103516,18.59000015258789,7361.7998046875,0.0015320154246787343
2016-02-04,67.927001953125,18.209999084472656,7404.0,-0.0008677978974669376
2016-02-05,67.56400299072266,18.110000610351562,7489.10009765625,-0.0053439567766120355
2016-02-08,67.802001953125,20.260000228881836,7387.25,0.0035225704793575563
2016-02-09,68.07599639892578,21.729999542236328,7298.2001953125,0.004041096691956181
2016-02-10,67.9280014038086,22.469999313354492,7215.7001953125,-0.002173967373902741
2016-02-11,67.89299774169922,25.969999313354492,6976.35009765625,-0.0005153053436872668
2016-02-12,68.4739990234375,24.670000076293945,6980.9501953125,0.008557602419452914
2016-02-15,68.11100006103516,22.3799991607666,7162.9501953125,-0.005301267160956913
2016-02-16,68.13700103759766,23.040000915527344,7048.25,0.00038174416084335583
2016-02-17,68.50599670410156,21.829999923706055,7108.4501953125,0.005415496145776855
2016-02-18,68.35600280761719,21.489999771118164,7191.75,-0.0021895002437851696
2016-02-19,68.56600189208984,20.920000076293945,7210.75,0.003072138156815285
2016-02-22,68.53800201416016,21.020000457763672,7234.5498046875,-0.0004083638706797732
2016-02-23,68.5739974975586,23.84000015258789,7109.5498046875,0.0005251901476643894
2016-02-24,68.60299682617188,22.959999084472656,7018.7001953125,0.00042289103262960204
2016-02-25,68.3759994506836,22.75,6970.60009765625,-0.003308855093655083
2016-02-26,68.7969970703125,21.8700008392334,7029.75,0.00615709639363371
2016-02-29,68.7300033569336,20.15999984741211,6987.0498046875,-0.0009737883371629952
2016-03-01,68.21800231933594,18.670000076293945,7222.2998046875,-0.007449454569916081
2016-03-02,67.74600219726562,18.989999771118164,7368.85009765625,-0.0069189965408372744
2016-03-03,67.38800048828125,18.040000915527344,7475.60009765625,-0.0052844698930267775
2016-03-04,67.14299774169922,17.8799991607666,7485.35009765625,-0.0036357028670799263
2016-03-08,67.0459976196289,18.469999313354492,7485.2998046875,0.0017331139089231673
2016-03-09,67.35700225830078,17.510000228881836,7531.7998046875,0.0046386756810792296
2016-03-10,67.1449966430664,17.899999618530273,7486.14990234375,-0.0031474918438527677
2016-03-11,67.30899810791016,17.100000381469727,7510.2001953125,0.0024424971783907345
2016-03-14,66.91300201416016,17.100000381469727,7538.75,-0.005883256397831604
2016-03-15,67.17400360107422,17.600000381469727,7460.60009765625,0.0039006109284833723
2016-03-16,67.35900115966797,17.110000610351562,7498.75,0.002754005250191538
2016-03-17,66.83000183105469,16.84000015258789,7512.5498046875,-0.007853431902283381
2016-03-18,66.61199951171875,16.3799991607666,7604.35009765625,-0.0032620426958396287
2016-03-21,66.3759994506836,16.329999923706055,7704.25,-0.0035429061244984794
2016-03-22,66.5199966430664,16.43000030517578,7714.89990234375,0.0021694165598185045
2016-03-23,66.76399993896484,16.350000381469727,7716.5,0.003668119486050392
2016-03-28,66.90699768066406,17.489999771118164,7615.10009765625,0.0
2016-03-29,66.90699768066406,17.639999389648438,7597.0,0.0
2016-03-30,66.36799621582031,16.809999465942383,7735.2001953125,-0.008055980443425592
2016-03-31,66.36799621582031,16.579999923706055,7738.39990234375,0.0
2016-04-01,66.24800109863281,17.280000686645508,7713.0498046875,-0.0018080268205972194
2016-04-04,66.35800170898438,17.450000762939453,7758.7998046875,0.0016604366701991058
2016-04-05,66.13300323486328,17.829999923706055,7603.2001953125,-0.003390675854101688
2016-04-06,66.46800231933594,17.350000381469727,7614.35009765625,0.005065535634045659
2016-04-07,66.53299713134766,16.93000030517578,7546.4501953125,0.0009778360977279466
2016-04-08,66.77899932861328,16.43000030517578,7555.2001953125,0.0036974464983137167
2016-04-11,66.54399871826172,16.010000228881836,7671.39990234375,-0.0035190795416856213
2016-04-12,66.29000091552734,16.020000457763672,7708.9501953125,-0.0038169903766944735
2016-04-13,66.31500244140625,16.040000915527344,7850.4501953125,0.00037715380198544146
2016-04-18,66.65299987792969,16.950000762939453,7914.7001953125,0.00024008944104503271
2016-04-20,66.22200012207031,17.079999923706055,7914.75,-0.0028158302276101166
2016-04-21,66.2040023803711,16.510000228881836,7912.0498046875,-0.0002717788901881457
2016-04-22,66.51200103759766,16.3799991607666,7899.2998046875,0.004652266421250051
2016-04-25,66.65299987792969,16.56999969482422,7855.0498046875,0.0021199007417072036
2016-04-26,66.70500183105469,16.579999923706055,7962.64990234375,0.0007801892370971064
2016-04-27,66.45700073242188,16.350000381469727,7979.89990234375,-0.0037178785971841988
2016-04-28,66.3550033569336,16.600000381469727,7847.25,-0.0015347875222199159
2016-04-29,66.43800354003906,16.540000915527344,7849.7998046875,0.0012508504092600958
2016-05-02,66.41799926757812,17.09000015258789,7805.89990234375,-0.00030109683306300816
2016-05-03,66.37100219726562,17.459999084472656,7747.0,-0.0007075953932782486
2016-05-04,66.59200286865234,17.450000762939453,7706.5498046875,0.0033297775243752437
2016-05-05,66.62000274658203,17.170000076293945,7735.5,0.00042046907621795526
2016-05-06,66.60199737548828,16.950000762939453,7733.4501953125,-0.00027026974409238846
2016-05-09,66.59400177001953,16.610000610351562,7866.0498046875,-0.00012005053577701652
2016-05-10,66.72100067138672,16.420000076293945,7887.7998046875,0.0019070621676375854
2016-05-11,66.66600036621094,16.959999084472656,7848.85009765625,-0.0008243327381534105
2016-05-12,66.59100341796875,16.329999923706055,7900.39990234375,-0.0011249654671078302
2016-05-13,66.7509994506836,17.0,7814.89990234375,0.002402667395032365
2016-05-16,66.9000015258789,17.030000686645508,7860.75,0.0022322074039564654
2016-05-17,66.875,16.3700008392334,7890.75,-0.0003737148775584398
2016-05-18,66.86799621582031,16.450000762939453,7870.14990234375,-0.00010472948306072816
2016-05-19,67.16000366210938,17.059999465942383,7783.39990234375,0.004366923832241021
2016-05-20,67.47699737548828,16.43000030517578,7749.7001953125,0.004719977607114734
2016-05-23,67.4229965209961,16.15999984741211,7731.0498046875,-0.0008002853800931353
2016-05-24,67.447998046875,16.219999313354492,7748.85009765625,0.00037081600001442894
2016-05-25,67.6510009765625,15.520000457763672,7934.89990234375,0.0030097695345445707
2016-05-26,67.30400085449219,15.329999923706055,8069.64990234375,-0.0051292681122416806
2016-05-27,66.9540023803711,15.260000228881836,8156.64990234375,-0.0052002625353249066
2016-05-30,67.02400207519531,15.979999542236328,8178.5,0.001045489326038318
2016-05-31,67.13300323486328,16.049999237060547,8160.10009765625,0.0016263003743894888
2016-06-01,67.23100280761719,15.84000015258789,8179.9501953125,0.0014597823429864931
2016-06-02,67.4260025024414,15.09000015258789,8218.9501953125,0.0029004430497967526
2016-06-03,67.29199981689453,15.0,8220.7998046875,-0.0019874036806797335
2016-06-06,66.99199676513672,15.359999656677246,8201.0498046875,-0.004458227613596488
2016-06-07,66.8010025024414,14.869999885559082,8266.4501953125,-0.0028510011929471224
2016-06-08,66.76300048828125,15.140000343322754,8273.0498046875,-0.0005688838900099746
2016-06-09,66.51000213623047,15.670000076293945,8203.599609375,-0.003789499426335552
2016-06-10,66.74099731445312,15.970000267028809,8170.0498046875,0.0034730893219565573
2016-06-13,66.94499969482422,16.579999923706055,8110.60009765625,0.0030566276888241983
2016-06-14,67.15399932861328,17.190000534057617,8108.85009765625,0.0031219603367214077
2016-06-15,67.2979965209961,17.059999465942383,8206.599609375,0.0021442831971656418
2016-06-16,67.072998046875,17.700000762939453,8140.75,-0.003343316082981662
2016-06-17,67.30699920654297,17.350000381469727,8170.2001953125,0.0034887535443761664
2016-06-20,67.06600189208984,17.520000457763672,8238.5,-0.003580568399930928
2016-06-21,67.12999725341797,17.260000228881836,8219.900390625,0.0009542146471037682
2016-06-22,67.60600280761719,18.18000030517578,8203.7001953125,0.007090802527553786
2016-06-23,67.4219970703125,18.020000457763672,8270.4501953125,-0.0027217366751929317
2016-06-24,67.24199676513672,18.6299991607666,8088.60009765625,-0.002669756355452746
2016-06-27,67.87699890136719,18.530000686645508,8094.7001953125,0.009443534796392372
2016-06-28,67.9209976196289,17.729999542236328,8127.85009765625,0.0006482124869082728
2016-06-29,67.70500183105469,16.15999984741211,8204.0,-0.0031801032985975253
2016-06-30,67.41600036621094,16.290000915527344,8287.75,-0.004268539354963741
2016-07-01,67.5009994506836,15.739999771118164,8328.349609375,0.0012608147029034011
2016-07-04,67.18199920654297,15.579999923706055,8370.7001953125,-0.004725859568548874
2016-07-05,67.23699951171875,15.359999656677246,8335.9501953125,0.0008186762201982667
2016-07-07,67.4010009765625,15.3100004196167,8337.900390625,-0.0003707994683208593
2016-07-08,67.49700164794922,15.079999923706055,8323.2001953125,0.0014243211524425092
2016-07-11,67.13200378417969,14.850000381469727,8467.900390625,-0.005407615966014134
2016-07-12,67.1449966430664,14.779999732971191,8521.0498046875,0.00019354194950715886
2016-07-13,66.87000274658203,15.329999923706055,8519.5,-0.004095523274000645
2016-07-14,67.00599670410156,15.609999656677246,8565.0,0.002033706474260377
2016-07-15,66.83799743652344,15.640000343322754,8541.400390625,-0.002507227350411756
2016-07-18,67.13300323486328,15.989999771118164,8508.7001953125,0.004413743823189931
2016-07-19,67.13899993896484,15.800000190734863,8528.5498046875,8.932572375153214e-05
2016-07-20,67.20600128173828,15.989999771118164,8565.849609375,0.000997949669109488
2016-07-21,67.16400146484375,15.710000038146973,8510.099609375,-0.0006249414649512897
2016-07-22,67.15399932861328,15.5,8541.2001953125,-0.00014892108886188637
2016-07-25,67.14600372314453,15.720000267028809,8635.650390625,-0.00011906372738312854
2016-07-26,67.40499877929688,15.619999885559082,8590.650390625,0.003857192413419419
2016-07-27,67.28399658203125,15.430000305175781,8615.7998046875,-0.001795151686921903
2016-07-28,67.06300354003906,15.149999618530273,8666.2998046875,-0.003284481499590486
2016-07-29,67.00700378417969,14.920000076293945,8638.5,-0.0008350320281426127
2016-08-01,66.64800262451172,15.180000305175781,8636.5498046875,-0.005357666204927836
2016-08-02,66.7509994506836,15.6899995803833,8622.900390625,0.0015453850395510393
2016-08-03,66.6760025024414,16.239999771118164,8544.849609375,-0.0011235329636913871
2016-08-04,66.76000213623047,15.140000343322754,8551.099609375,0.0012598180850147411
2016-08-05,66.84100341796875,14.350000381469727,8683.150390625,0.0012133205384414758
2016-08-08,66.83499908447266,14.59000015258789,8711.349609375,-8.983009214491577e-05
2016-08-09,66.79399871826172,14.539999961853027,8678.25,-0.0006134565238657963
2016-08-10,66.78299713134766,14.920000076293945,8575.2998046875,-0.00016470921228217694
2016-08-11,66.75800323486328,14.210000038146973,8592.150390625,-0.0003742553877181809
2016-08-16,66.86489868164062,14.180000305175781,8642.5498046875,-0.0005186651010917753
2016-08-17,66.85769653320312,14.779999732971191,8624.0498046875,-0.00010771194721748145
2016-08-18,66.90550231933594,14.550000190734863,8673.25,0.0007150378881071173
2016-08-19,66.81999969482422,14.539999961853027,8666.900390625,-0.0012779610278332854
2016-08-22,67.12750244140625,14.239999771118164,8629.150390625,0.0046019567193420485
2016-08-23,67.1874008178711,13.899999618530273,8632.599609375,0.0008923075384359436
2016-08-24,67.12999725341797,13.489999771118164,8650.2998046875,-0.0008543798949557369
2016-08-25,67.16000366210938,13.289999961853027,8592.2001953125,0.00044698957126620975
2016-08-26,67.00559997558594,13.569999694824219,8572.5498046875,-0.002299042258845918
2016-08-29,67.12899780273438,13.170000076293945,8607.4501953125,0.0018416046896587712
2016-08-30,67.08999633789062,13.020000457763672,8744.349609375,-0.0005809928066907721
2016-08-31,67.12660217285156,13.239999771118164,8786.2001953125,0.0005456228492930482
2016-09-01,66.97470092773438,13.34000015258789,8774.650390625,-0.0022629068089285997
2016-09-02,66.79299926757812,12.9399995803833,8809.650390625,-0.002712989496620577
2016-09-06,66.45999908447266,12.75,8943.0,-0.0016943946879551808
2016-09-07,66.25520324707031,13.149999618530273,8917.9501953125,-0.003081490223044381
2016-09-08,66.47160339355469,13.119999885559082,8952.5,0.0032661607825337224
2016-09-09,66.44999694824219,13.229999542236328,8866.7001953125,-0.00032504775286634757
2016-09-12,66.77799987792969,15.239999771118164,8715.599609375,0.0049360864522383086
2016-09-14,66.99500274658203,14.760000228881836,8726.599609375,0.004076602904093507
2016-09-15,66.75810241699219,14.680000305175781,8742.5498046875,-0.0035360895570965
2016-09-16,66.85030364990234,14.579999923706055,8779.849609375,0.001381124231696118
2016-09-19,67.06529998779297,14.9399995803833,8808.400390625,0.003216086182892486
2016-09-20,66.9552001953125,14.779999732971191,8775.900390625,-0.0016416804592018774
2016-09-21,66.9749984741211,14.8100004196167,8777.150390625,0.00029569441583099376
2016-09-22,66.76119995117188,13.34000015258789,8867.4501953125,-0.003192213927885823
2016-09-23,66.62259674072266,13.25,8831.5498046875,-0.0020761042424430887
2016-09-26,66.69650268554688,14.569999694824219,8723.0498046875,0.0011093224887621655
2016-09-27,66.60649871826172,14.25,8706.400390625,-0.0013494555735478198
2016-09-28,66.44129943847656,13.850000381469727,8745.150390625,-0.0024802276499164
2016-09-29,66.33280181884766,18.450000762939453,8591.25,-0.00163298461267114
2016-09-30,66.81629943847656,17.18000030517578,8611.150390625,0.007288967243526345
2016-10-03,66.54650115966797,15.619999885559082,8738.099609375,-0.004037911124620375
2016-10-04,66.38030242919922,14.989999771118164,8769.150390625,-0.002497482626020897
2016-10-05,66.5780029296875,14.930000305175781,8743.9501953125,0.0029783006894124053
2016-10-06,66.56320190429688,14.84000015258789,8709.5498046875,-0.00022231104477943298
2016-10-07,66.68710327148438,14.489999771118164,8697.599609375,0.0018614093619722105
2016-10-10,66.59120178222656,14.289999961853027,8708.7998046875,-0.0014380814963186328
2016-10-13,66.81809997558594,15.430000305175781,8573.349609375,0.00029341848294306416
2016-10-14,66.78399658203125,14.890000343322754,8583.400390625,-0.0005103915491034838
2016-10-17,66.7052993774414,15.65999984741211,8520.400390625,-0.0011783841731182187
2016-10-18,66.78359985351562,14.539999961853027,8677.900390625,0.001173826919375065
2016-10-19,66.73799896240234,14.609999656677246,8659.099609375,-0.0006828157094451726
2016-10-20,66.63639831542969,14.170000076293945,8699.400390625,-0.0015223807808486534
2016-10-21,66.84130096435547,13.829999923706055,8693.0498046875,0.0030749358324537734
2016-10-24,66.91120147705078,14.329999923706055,8708.9501953125,0.001045768285278914
2016-10-25,66.83399963378906,14.479999542236328,8691.2998046875,-0.0011537955014632173
2016-10-26,66.78130340576172,14.449999809265137,8615.25,-0.0007884643791497004
2016-10-27,66.86399841308594,14.09000015258789,8615.25,0.0012382957969803154
2016-10-28,66.90299987792969,14.649999618530273,8638.0,0.0005832954320619255
2016-11-01,66.66549682617188,15.739999771118164,8626.25,-0.0017355993918547474
2016-11-02,66.67849731445312,16.799999237060547,8514.0,0.0001950107461907713
2016-11-03,66.77749633789062,16.469999313354492,8484.9501953125,0.0014847218732394474
2016-11-04,66.68450164794922,16.850000381469727,8433.75,-0.0013926052194418448
2016-11-07,66.7853012084961,16.510000228881836,8497.0498046875,0.0015115890207746396
2016-11-08,66.73500061035156,16.770000457763672,8543.5498046875,-0.0007531686948225591
2016-11-09,66.22949981689453,16.6200008392334,8432.0,-0.007574747716097563
2016-11-10,66.50749969482422,15.460000038146973,8525.75,0.0041975234404347805
2016-11-11,67.2145004272461,17.360000610351562,8296.2998046875,0.010630391093726432
2016-11-15,67.77549743652344,20.149999618530273,8108.4501953125,0.0033857819297105074
2016-11-16,67.74800109863281,19.5,8111.60009765625,-0.0004056973232307026
2016-11-17,67.98149871826172,18.709999084472656,8079.9501953125,0.003446561017925287
2016-11-18,67.97480010986328,17.809999465942383,8074.10009765625,-9.853575641516343e-05
2016-11-21,68.16999816894531,19.100000381469727,7929.10009765625,0.0028716238777686254
2016-11-22,68.21549987792969,18.469999313354492,8002.2998046875,0.0006674741118755101
2016-11-23,68.385498046875,18.040000915527344,8033.2998046875,0.0024920753970800735
2016-11-24,68.79850006103516,17.15999984741211,7965.5,0.006039321580681767
2016-11-25,68.74549865722656,17.610000610351562,8114.2998046875,-0.0007703860369276949
2016-11-28,68.50849914550781,18.059999465942383,8126.89990234375,-0.0034474913463128365
2016-11-29,68.55549621582031,17.709999084472656,8142.14990234375,0.0006860035017359767
2016-11-30,68.60800170898438,16.850000381469727,8224.5,0.0007658830591608101
2016-12-01,68.58799743652344,16.690000534057617,8192.900390625,-0.0002915734602764175
2016-12-02,68.21649932861328,17.93000030517578,8086.7998046875,-0.005416371986278978
2016-12-05,68.0114974975586,17.290000915527344,8128.75,-0.0030051649245023127
2016-12-06,68.01249694824219,17.110000610351562,8143.14990234375,1.4695319473512214e-05
2016-12-07,67.72200012207031,16.850000381469727,8102.0498046875,-0.0042712271892170195
2016-12-08,67.43150329589844,15.529999732971191,8246.849609375,-0.004289548826795553
2016-12-09,67.40599822998047,15.069999694824219,8261.75,-0.0003782366501018375
2016-12-12,67.46050262451172,16.190000534057617,8170.7998046875,0.0008085985811721041
2016-12-13,67.41799926757812,15.920000076293945,8221.7998046875,-0.0006300480322563029
2016-12-14,67.3864974975586,16.59000015258789,8182.4501953125,-0.0004672605292617149
2016-12-15,67.81999969482422,15.65999984741211,8153.60009765625,0.006433072104412796
2016-12-16,67.84500122070312,15.25,8139.4501953125,0.0003686453257358835
2016-12-19,67.83499908447266,14.84000015258789,8104.35009765625,-0.00014742628123676216
2016-12-20,67.84020233154297,14.539999961853027,8082.39990234375,7.670446142160614e-05
2016-12-21,67.89700317382812,14.710000038146973,8061.2998046875,0.0008372740695490322
2016-12-22,67.82550048828125,15.550000190734863,7979.10009765625,-0.001053105177025504
2016-12-23,67.83799743652344,15.130000114440918,7985.75,0.00018425147108724893
2016-12-26,67.83080291748047,16.600000381469727,7908.25,-0.00010605441367428359
2016-12-27,67.77200317382812,15.079999923706055,8032.85009765625,-0.0008668590245626273
2016-12-28,67.96800231933594,15.539999961853027,8034.85009765625,0.0028920370703089393
2016-12-29,68.20500183105469,15.279999732971191,8103.60009765625,0.003486927725273592
2016-12-30,67.93299865722656,15.470000267028809,8185.7998046875,-0.003988023847604105
2017-01-02,67.9448013305664,15.829999923706055,8179.5,0.0001737399139318807
2017-01-03,68.13390350341797,15.960000038146973,8192.25,0.00278317353422719
2017-01-04,68.2697982788086,15.890000343322754,8190.5,0.00199452502209585
2017-01-05,67.885498046875,15.050000190734863,8273.7998046875,-0.005629139701924135
2017-01-06,67.73300170898438,14.90999984741211,8243.7998046875,-0.002246375769171305
2017-01-09,68.1426010131836,15.479999542236328,8236.0498046875,0.00604726342941464
2017-01-10,68.09700012207031,15.199999809265137,8288.599609375,-0.0006691979823966188
2017-01-11,68.31800079345703,14.8100004196167,8380.650390625,0.003245380427780331
2017-01-12,68.13999938964844,14.609999656677246,8407.2001953125,-0.0026054832070794287
2017-01-13,68.12950134277344,14.380000114440918,8400.349609375,-0.00015406584926669353
2017-01-16,68.15779876708984,15.069999694824219,8412.7998046875,0.00041534759184624903
2017-01-17,68.09459686279297,15.390000343322754,8398.0,-0.0009272879324176975
2017-01-18,67.89949798583984,15.180000305175781,8417.0,-0.0028651153827408127
2017-01-19,68.197998046875,15.020000457763672,8435.099609375,0.00439620424141296
2017-01-20,68.09030151367188,15.789999961853027,8349.349609375,-0.0015791744081563586
2017-01-23,68.07720184326172,15.90999984741211,8391.5,-0.00019238672937182955
2017-01-24,68.05139923095703,15.289999961853027,8475.7998046875,-0.0003790198716465687
2017-01-25,68.16449737548828,15.170000076293945,8602.75,0.0016619517865814615
2017-01-27,68.14900207519531,16.010000228881836,8641.25,0.0025893002154926403
2017-01-30,68.11000061035156,16.670000076293945,8632.75,-0.0005722969325466787
2017-01-31,67.82099914550781,16.829999923706055,8561.2998046875,-0.004243157572367262
2017-02-01,67.50160217285156,13.970000267028809,8716.400390625,-0.004709411195358393
2017-02-02,67.39540100097656,13.520000457763672,8734.25,-0.0015733133504454155
2017-02-03,67.2656021118164,13.130000114440918,8740.9501953125,-0.001925930957192068
2017-02-06,67.15730285644531,13.399999618530273,8801.0498046875,-0.001610024321064829
2017-02-07,67.19529724121094,13.510000228881836,8768.2998046875,0.0005657520947028871
2017-02-08,67.34049987792969,13.350000381469727,8769.0498046875,0.0021609047460198205
2017-02-09,66.96430206298828,13.239999771118164,8778.400390625,-0.0055865016687335345
2017-02-10,66.74530029296875,13.180000305175781,8793.5498046875,-0.00327042563384794
2017-02-13,66.84369659423828,13.6899995803833,8805.0498046875,0.0014742056869567755
2017-02-14,66.91539764404297,13.800000190734863,8792.2998046875,0.00107266733376421
2017-02-15,66.7759017944336,14.210000038146973,8724.7001953125,-0.002084659951531953
2017-02-16,66.8655014038086,13.729999542236328,8778.0,0.001341795572463056
2017-02-17,67.16480255126953,13.430000305175781,8821.7001953125,0.004476166949731297
2017-02-20,67.06520080566406,13.609999656677246,8879.2001953125,-0.0014829455581208961
2017-02-21,66.96499633789062,13.529999732971191,8907.849609375,-0.0014941350591612945
2017-02-22,66.96510314941406,13.699999809265137,8926.900390625,1.5950351568427834e-06
2017-02-23,66.91429901123047,13.399999618530273,8939.5,-0.00075866586915041
2017-02-27,66.63500213623047,13.680000305175781,8896.7001953125,-0.0007167988825946825
2017-02-28,66.69319915771484,13.789999961853027,8879.599609375,0.0008733701450986953
2017-03-01,66.7051010131836,13.579999923706055,8945.7998046875,0.0001784568084761684
2017-03-02,66.85800170898438,13.359999656677246,8899.75,0.0022921889552429686
2017-03-03,66.84510040283203,13.350000381469727,8897.5498046875,-0.00019296577556260353
2017-03-06,66.77300262451172,13.640000343322754,8963.4501953125,-0.0010785798493206933
2017-03-07,66.66470336914062,13.880000114440918,8946.900390625,-0.0016219018332918056
2017-03-08,66.61620330810547,14.079999923706055,8924.2998046875,-0.0007275223406695286
2017-03-09,66.76499938964844,14.390000343322754,8927.0,0.00223363197171067
2017-03-10,66.68049621582031,13.960000038146973,8934.5498046875,-0.0012656807399181735
2017-03-14,66.17009735107422,12.399999618530273,9087.0,-0.004736455687545216
2017-03-15,65.77510070800781,12.420000076293945,9084.7998046875,-0.0059694130563341385
2017-03-16,65.62049865722656,11.90999984741211,9153.7001953125,-0.0023504646761024484
2017-03-17,65.40450286865234,11.850000381469727,9160.0498046875,-0.0032915901737121667
2017-03-20,65.46810150146484,12.020000457763672,9126.849609375,0.0009723892090460762
2017-03-21,65.33529663085938,11.9399995803833,9121.5,-0.002028543176901154
2017-03-22,65.49500274658203,12.270000457763672,9030.4501953125,0.0024444079074896763
2017-03-23,65.36499786376953,11.84000015258789,9086.2998046875,-0.001984958811522275
2017-03-24,65.44439697265625,11.979999542236328,9108.0,0.001214703763200653
2017-03-27,65.39309692382812,12.4399995803833,9045.2001953125,-0.0007838722824439204
2017-03-28,65.04499816894531,12.119999885559082,9100.7998046875,-0.005323172800460685
2017-03-29,65.11000061035156,12.09000015258789,9143.7998046875,0.0009993457335091271
2017-03-30,64.77999877929688,12.149999618530273,9173.75,-0.005068373951177985
2017-03-31,64.79000091552734,12.420000076293945,9173.75,0.00015440161190105606
2017-04-03,64.79669952392578,11.489999771118164,9237.849609375,0.0001033895401107987
2017-04-05,65.05000305175781,11.550000190734863,9265.150390625,0.0026588663844968607
2017-04-06,65.04000091552734,11.289999961853027,9261.9501953125,-0.00015376073422335157
2017-04-07,64.58000183105469,11.6899995803833,9198.2998046875,-0.0070725565497776754
2017-04-10,64.26000213623047,11.619999885559082,9181.4501953125,-0.004955089590448769
2017-04-11,64.57499694824219,11.399999618530273,9237.0,0.004901879887024174
2017-04-12,64.62999725341797,11.630000114440918,9203.4501953125,0.000851727569106453
2017-04-13,64.5,11.579999923706055,9150.7998046875,-0.0020114073795832743
2017-04-17,64.45369720458984,11.890000343322754,9139.2998046875,5.7412824249203354e-05
2017-04-18,64.4083023071289,12.380000114440918,9105.150390625,-0.0007043024594359792
2017-04-19,64.56999969482422,12.220000267028809,9103.5,0.0025105053526215393
2017-04-20,64.64669799804688,11.5600004196167,9136.400390625,0.0011878318659617193
2017-04-21,64.66000366210938,11.420000076293945,9119.400390625,0.0002058212480227084
2017-04-24,64.63999938964844,11.630000114440918,9217.9501953125,-0.000309376296442454
2017-04-25,64.38999938964844,11.15999984741211,9306.599609375,-0.0038675742939445756
2017-04-26,64.3499984741211,11.739999771118164,9351.849609375,-0.0006212286986567728
2017-04-27,64.0199966430664,11.069999694824219,9342.150390625,-0.005128233704425056
2017-04-28,64.05999755859375,10.859999656677246,9304.0498046875,0.0006248190819246879
2017-05-02,64.18000030517578,11.449999809265137,9313.7998046875,-0.0012185270248706859
2017-05-03,64.06999969482422,11.529999732971191,9311.9501953125,-0.0017139390749222327
2017-05-04,64.20999908447266,11.329999923706055,9359.900390625,0.0021851005199824414
2017-05-05,64.16999816894531,11.989999771118164,9285.2998046875,-0.00062297019308033
2017-05-08,64.30799865722656,11.670000076293945,9314.0498046875,0.002150545304955731
2017-05-09,64.41179656982422,11.109999656677246,9316.849609375,0.001614074683787381
2017-05-10,64.63999938964844,10.949999809265137,9407.2998046875,0.0035428730756925653
2017-05-11,64.55000305175781,10.84000015258789,9422.400390625,-0.0013922700918997943
2017-05-12,64.36000061035156,10.630000114440918,9400.900390625,-0.0029434923690693227
2017-05-15,64.16549682617188,10.680000305175781,9445.400390625,-0.0030221221618261795
2017-05-16,64.03829956054688,10.5600004196167,9512.25,-0.0019823311891371542
2017-05-17,63.900001525878906,10.640000343322754,9525.75,-0.0021596144122660865
2017-05-18,64.2300033569336,11.789999961853027,9429.4501953125,0.005164347780508782
2017-05-19,64.87110137939453,11.300000190734863,9427.900390625,0.009981285831456077
2017-05-22,64.44850158691406,11.199999809265137,9438.25,-0.006514453793668773
2017-05-23,64.50019836425781,12.199999809265137,9386.150390625,0.0008021408732681312
2017-05-24,64.88520050048828,11.829999923706055,9360.5498046875,0.005969007010741434
2017-05-25,64.76010131835938,10.449999809265137,9509.75,-0.001928007945786736
2017-05-26,64.54540252685547,10.859999656677246,9595.099609375,-0.003315294249594425
2017-05-29,64.51319885253906,11.789999961853027,9604.900390625,-0.0004989305675645594
2017-05-30,64.50859832763672,11.770000457763672,9624.5498046875,-7.131137479110539e-05
2017-05-31,64.61859893798828,11.760000228881836,9621.25,0.0017052085024833463
2017-06-01,64.5000991821289,11.3100004196167,9616.099609375,-0.0018338335681510332
2017-06-02,64.37229919433594,10.8100004196167,9653.5,-0.0019813921127795897
2017-06-05,64.40499877929688,11.020000457763672,9675.099609375,0.0005079760295996216
2017-06-06,64.34400177001953,11.130000114440918,9637.150390625,-0.0009470850156579891
2017-06-07,64.42050170898438,10.890000343322754,9663.900390625,0.0011889210627320512
2017-06-08,64.41829681396484,11.069999694824219,9647.25,-3.422660428031854e-05
2017-06-09,64.243896484375,10.859999656677246,9668.25,-0.0027073104725742203
2017-06-12,64.37699890136719,11.420000076293945,9616.400390625,0.0020718297655646367
2017-06-13,64.46910095214844,11.34000015258789,9606.900390625,0.0014306670449544256
2017-06-14,64.35749816894531,11.180000305175781,9618.150390625,-0.0017311050030922592
2017-06-15,64.16580200195312,11.329999923706055,9578.0498046875,-0.002978614340926722
2017-06-16,64.55999755859375,10.920000076293945,9588.0498046875,0.006143390160207485
2017-06-19,64.3949966430664,10.630000114440918,9657.5498046875,-0.002555776359464579
2017-06-20,64.48760223388672,10.65999984741211,9653.5,0.0014380867403971376
2017-06-21,64.53050231933594,10.920000076293945,9633.599609375,0.0006652454729767499
2017-06-22,64.5416030883789,11.210000038146973,9630.0,0.00017202359572587866
2017-06-23,64.59100341796875,11.5600004196167,9574.9501953125,0.0007654028909414023
2017-06-27,64.42130279541016,12.510000228881836,9511.400390625,-0.00118915783305229
2017-06-28,64.5248031616211,11.989999771118164,9491.25,0.0016066170927904189
2017-06-29,64.51190185546875,11.380000114440918,9504.099609375,-0.00019994336317508132
2017-06-30,64.78510284423828,11.729999542236328,9520.900390625,0.004234892801356249
2017-07-03,64.60679626464844,11.199999809265137,9615.0,-0.0027522774798790506
2017-07-04,64.84269714355469,11.279999732971191,9613.2998046875,0.0036513322521043445
2017-07-05,64.7688980102539,11.149999618530273,9637.599609375,-0.0011381255955068559
2017-07-06,64.79139709472656,10.979999542236328,9674.5498046875,0.0003473748228524087
2017-07-07,64.71330261230469,10.869999885559082,9665.7998046875,-0.0012053217853552622
2017-07-10,64.61170196533203,10.90999984741211,9771.0498046875,-0.0015700117730251817
2017-07-13,64.36499786376953,11.25,9891.7001953125,-0.0024889154583406237
2017-07-14,64.42579650878906,11.170000076293945,9886.349609375,0.0009445917352193245
2017-07-17,64.26730346679688,11.460000038146973,9915.9501953125,-0.0024600866513240227
2017-07-18,64.33000183105469,11.489999771118164,9827.150390625,0.0009755872874019911
2017-07-19,64.3062973022461,11.260000228881836,9899.599609375,-0.0003684832602810495
2017-07-20,64.26329803466797,11.319999694824219,9873.2998046875,-0.0006686634028394423
2017-07-21,64.32499694824219,11.09000015258789,9915.25,0.000960095660526683
2017-07-24,64.46109771728516,11.3100004196167,9966.400390625,0.002115830167119581
2017-07-25,64.36509704589844,10.90999984741211,9964.5498046875,-0.0014892807411961417
2017-07-26,64.4469985961914,11.170000076293945,10020.650390625,0.0012724528362719756
2017-07-27,64.3447036743164,11.220000267028809,10020.5498046875,-0.0015872720856398015
2017-07-28,64.18499755859375,11.140000343322754,10014.5,-0.0024820398044105296
2017-07-31,64.12349700927734,11.899999618530273,10077.099609375,-0.0009581763909901619
2017-08-01,64.18949890136719,11.90999984741211,10114.650390625,0.0010292933973998775
2017-08-02,64.05580139160156,11.9399995803833,10081.5,-0.0020828564181668563
2017-08-03,63.64059829711914,11.640000343322754,10013.650390625,-0.006481896806568743
2017-08-04,63.696998596191406,11.390000343322754,10066.400390625,0.000886231440014873
2017-08-07,63.66510009765625,11.899999618530273,10057.400390625,-0.0005007849543645637
2017-08-08,63.830101013183594,12.770000457763672,9978.5498046875,0.002591701187530493
2017-08-09,63.70289993286133,13.449999809265137,9908.0498046875,-0.0019928071286616778
2017-08-10,63.887699127197266,13.800000190734863,9820.25,0.002900954187810889
2017-08-11,64.13860321044922,15.199999809265137,9710.7998046875,0.00392726748152894
2017-08-14,64.08100128173828,14.380000114440918,9794.150390625,-0.0008980851753496166
2017-08-16,64.26300048828125,14.239999771118164,9897.2998046875,0.0013821629411514547
2017-08-17,64.1604995727539,14.34000015258789,9904.150390625,-0.001595022248393696
2017-08-18,64.18890380859375,14.569999694824219,9837.400390625,0.0004427059644016573
2017-08-21,64.07589721679688,14.819999694824219,9754.349609375,-0.0017605315730869764
2017-08-22,64.15750122070312,14.109999656677246,9765.5498046875,0.0012735522630318297
2017-08-23,64.05750274658203,13.180000305175781,9852.5,-0.001558640411775003
2017-08-24,64.00499725341797,12.569999694824219,9857.0498046875,-0.0008196618805416112
2017-08-28,63.99549865722656,12.640000343322754,9912.7998046875,-0.0006169282833380363
2017-08-29,63.78929901123047,13.539999961853027,9796.0498046875,-0.0032220960899225215
2017-08-30,63.98680114746094,12.890000343322754,9884.400390625,0.003096164079114505
2017-08-31,63.976200103759766,11.949999809265137,9917.900390625,-0.00016567547542722938
2017-09-01,63.91189956665039,11.680000305175781,9974.400390625,-0.0010050696509810164
2017-09-04,64.0155029296875,13.170000076293945,9912.849609375,0.0016210340130646816
2017-09-05,64.02629852294922,12.890000343322754,9952.2001953125,0.00016864029442320572
2017-09-06,64.0999984741211,13.119999885559082,9916.2001953125,0.001151088738098105
2017-09-07,64.0154037475586,13.010000228881836,9929.900390625,-0.0013197305550116667
2017-09-08,63.95009994506836,12.960000038146973,9934.7998046875,-0.0010201263862641419
2017-09-11,63.930999755859375,12.359999656677246,10006.0498046875,-0.00029867332850752604
2017-09-12,63.97999954223633,11.760000228881836,10093.0498046875,0.0007664479918048084
2017-09-13,63.98759841918945,11.760000228881836,10079.2998046875,0.00011876956873235756
2017-09-14,64.11509704589844,11.470000267028809,10086.599609375,0.001992552148523119
2017-09-15,64.15499877929688,11.680000305175781,10085.400390625,0.0006223453638363186
2017-09-18,64.12020111083984,11.4399995803833,10153.099609375,-0.0005423999550953074
2017-09-19,64.2146987915039,11.470000267028809,10147.5498046875,0.0014737583324280212
2017-09-20,64.29869842529297,11.630000114440918,10141.150390625,0.0013081060157549285
2017-09-21,64.28369903564453,11.630000114440918,10121.900390625,-0.0002332767227919419
2017-09-22,64.80229949951172,12.8100004196167,9964.400390625,0.008067371225473963
2017-09-25,64.89099884033203,13.34000015258789,9872.599609375,0.0013687684157099866
2017-09-26,65.26509857177734,12.930000305175781,9871.5,0.00576504812887535
2017-09-27,65.3499984741211,13.859999656677246,9735.75,0.0013008469182096416
2017-09-28,65.5250015258789,13.170000076293945,9768.9501953125,0.002677935054996361
2017-09-29,65.36000061035156,12.489999771118164,9788.599609375,-0.0025181367674166344
2017-10-03,65.57170104980469,12.460000038146973,9859.5,0.004263902259876273
2017-10-04,65.44309997558594,11.800000190734863,9914.900390625,-0.0019612282762204725
2017-10-05,65.01950073242188,11.710000038146973,9888.7001953125,-0.006472786945026843
2017-10-06,65.20999908447266,11.119999885559082,9979.7001953125,0.002929864885224953
2017-10-09,65.41419982910156,11.390000343322754,9988.75,0.003131433024011976
2017-10-10,65.41459655761719,11.109999656677246,10016.9501953125,6.064868433242054e-06
2017-10-11,65.23889923095703,11.729999542236328,9984.7998046875,-0.0026859040016459224
2017-10-12,65.20539855957031,11.039999961853027,10096.400390625,-0.0005135076125076798
2017-10-13,65.0459976196289,11.260000228881836,10167.4501953125,-0.0024445972797142446
2017-10-16,64.6729965209961,11.3100004196167,10230.849609375,-0.005734420445267396
2017-10-17,64.6946029663086,11.609999656677246,10234.4501953125,0.0003340875863928616
2017-10-18,64.92870330810547,11.539999961853027,10210.849609375,0.00361854515003035
2017-10-19,65.04010009765625,12.399999618530273,10146.5498046875,0.0017156786424976644
2017-10-23,65.1041030883789,12.329999923706055,10184.849609375,0.0030737579662158954
2017-10-24,65.03489685058594,11.59000015258789,10207.7001953125,-0.0010630088505946267
2017-10-25,65.07949829101562,11.760000228881836,10295.349609375,0.0006858078137981227
2017-10-26,64.83999633789062,11.619999885559082,10343.7998046875,-0.003680144429725307
2017-10-27,64.5999984741211,11.479999542236328,10323.0498046875,-0.0037013861401050674
2017-10-30,64.87339782714844,12.109999656677246,10363.650390625,0.004232188227324407
2017-10-31,64.84239959716797,12.4399995803833,10335.2998046875,-0.0004778265208654764
2017-11-01,64.67009735107422,12.140000343322754,10440.5,-0.0026572466035214015
2017-11-02,64.55509948730469,12.010000228881836,10423.7998046875,-0.0017782231429966933
2017-11-03,64.50050354003906,11.90999984741211,10452.5,-0.0008457263283493388
2017-11-06,64.69339752197266,13.020000457763672,10451.7998046875,0.0029905810241288577
2017-11-07,64.59089660644531,13.239999771118164,10350.150390625,-0.0015844107660681894
2017-11-08,65.16449737548828,13.609999656677246,10303.150390625,0.008880520308270912
2017-11-09,64.9104995727539,13.270000457763672,10308.9501953125,-0.0038977942432487644
2017-11-10,64.96800231933594,13.479999542236328,10321.75,0.0008858774306239603
2017-11-13,65.1603012084961,14.050000190734863,10224.9501953125,0.002959901525291686
2017-11-14,65.43840026855469,14.170000076293945,10186.599609375,0.004267921647089112
2017-11-15,65.41339874267578,14.270000457763672,10118.0498046875,-0.00038206199687496056
2017-11-20,64.90499877929688,13.430000305175781,10298.75,-0.004677201494523664
2017-11-21,65.0250015258789,13.720000267028809,10326.900390625,0.0018488983720665875
2017-11-22,64.76129913330078,14.039999961853027,10342.2998046875,-0.004055400021377609
2017-11-23,64.7699966430664,13.869999885559082,10348.75,0.00013430103907774438
2017-11-24,64.57939910888672,13.510000228881836,10389.7001953125,-0.0029426824773518545
2017-11-27,64.54499816894531,13.029999732971191,10399.5498046875,-0.0005326921652429872
2017-11-28,64.43389892578125,13.149999618530273,10370.25,-0.0017212680504422595
2017-11-29,64.47000122070312,13.0600004196167,10361.2998046875,0.0005602997106144425
2017-11-30,64.41480255126953,13.550000190734863,10226.5498046875,-0.0008561915369696971
2017-12-01,64.49939727783203,14.800000190734863,10121.7998046875,0.0013132808486864267
2017-12-04,64.50900268554688,14.859999656677246,10127.75,0.00014892244145281452
2017-12-05,64.35140228271484,15.010000228881836,10118.25,-0.002443076102110364
2017-12-06,64.35690307617188,15.09000015258789,10044.099609375,8.548055305568347e-05
2017-12-07,64.51519775390625,14.270000457763672,10166.7001953125,0.002459637896917055
2017-12-08,64.54239654541016,13.670000076293945,10265.650390625,0.00042158735384578705
2017-12-11,64.4729995727539,14.149999618530273,10322.25,-0.0010752153060729075
2017-12-12,64.3499984741211,15.260000228881836,10240.150390625,-0.0019077924006624114
2017-12-13,64.55000305175781,15.949999809265137,10192.9501953125,0.0031080743182481108
2017-12-14,64.31999969482422,16.40999984741211,10252.099609375,-0.0035631811937975044
2017-12-15,64.2750015258789,14.9399995803833,10333.25,-0.0006995984011008982
2017-12-18,64.07230377197266,13.119999885559082,10388.75,-0.0031536016973042758
2017-12-19,64.20010375976562,12.1899995803833,10463.2001953125,0.001994621392853224
2017-12-20,64.04759979248047,12.1899995803833,10444.2001953125,-0.0023754473646308005
2017-12-21,63.96500015258789,12.09000015258789,10440.2998046875,-0.0012896601927349094
2017-12-22,64.00969696044922,11.59000015258789,10493.0,0.0006987697608802357
2017-12-26,64.010498046875,12.050000190734863,10531.5,4.219494781065869e-05
2017-12-27,64.0281982421875,12.489999771118164,10490.75,0.0002765201936023587
2017-12-28,64.11499786376953,12.300000190734863,10477.900390625,0.0013556467925852633
2017-12-29,64.06199645996094,12.670000076293945,10530.7001953125,-0.0008266615546210776
2018-01-02,63.86759948730469,13.6899995803833,10442.2001953125,0.0004197667913139469
2018-01-03,63.459999084472656,13.619999885559082,10443.2001953125,-0.006381959023104566
2018-01-04,63.41910171508789,13.420000076293945,10504.7998046875,-0.0006444590289125252
2018-01-05,63.369598388671875,13.109999656677246,10558.849609375,-0.0007805743865375581
2018-01-08,63.26499938964844,13.739999771118164,10623.599609375,-0.0016506179884854255
2018-01-09,63.45199966430664,13.850000381469727,10637.0,0.0029558251238803734
2018-01-10,63.63610076904297,14.039999961853027,10632.2001953125,0.0029014232129849216
2018-01-11,63.7599983215332,14.010000228881836,10651.2001953125,0.001946969581620106
2018-01-12,63.67210006713867,13.729999542236328,10681.25,-0.0013785799358285722
2018-01-15,63.5885009765625,14.3100004196167,10741.5498046875,-0.0013129626710602915
2018-01-16,63.52119827270508,14.09000015258789,10700.4501953125,-0.001058409977021335
2018-01-17,63.994300842285156,13.859999656677246,10788.5498046875,0.007447947810256705
2018-01-18,63.82500076293945,13.960000038146973,10817.0,-0.002645549324196028
2018-01-19,63.86759948730469,13.979999542236328,10894.7001953125,0.0006674300643325637
2018-01-22,63.83209991455078,15.390000343322754,10966.2001953125,-0.000555830703500293
2018-01-23,63.88010025024414,16.229999542236328,11083.7001953125,0.0007519780135325504
2018-01-24,63.7504997253418,18.040000915527344,11086.0,-0.002028809040603319
2018-01-25,63.57789993286133,17.510000228881836,11069.650390625,-0.0027074265021307387
2018-01-29,63.56999969482422,17.889999389648438,11130.400390625,-4.8783979797017984e-05
2018-01-30,63.66939926147461,16.420000076293945,11049.650390625,0.0015636238340031028
2018-01-31,63.769901275634766,15.930000305175781,11027.7001953125,0.00157849791777398
2018-02-01,63.665000915527344,14.109999656677246,11016.900390625,-0.0016449823193861457
2018-02-02,63.974998474121094,15.25,10760.599609375,0.004869198996872104
2018-02-05,64.13249969482422,16.049999237060547,10666.5498046875,0.0024619183190264238
2018-02-06,64.314697265625,20.020000457763672,10498.25,0.0028409553918491426
2018-02-07,63.97999954223633,19.469999313354492,10476.7001953125,-0.005204062797751208
2018-02-08,64.19999694824219,17.770000457763672,10576.849609375,0.003438534035321794
2018-02-09,64.44049835205078,19.229999542236328,10454.9501953125,0.003746127963253354
2018-02-12,64.2113037109375,17.8799991607666,10539.75,-0.003556686353683114
2018-02-14,64.2500991821289,17.18000030517578,10500.900390625,-0.0005195966135783658
2018-02-15,64.02519989013672,16.31999969482422,10545.5,-0.0035003726819886616
2018-02-16,63.890899658203125,16.3799991607666,10452.2998046875,-0.00209761519158147
2018-02-19,64.37999725341797,16.670000076293945,10378.400390625,0.007655199689335479
2018-02-20,64.50499725341797,16.8700008392334,10360.400390625,0.001941596852015559
2018-02-21,64.86499786376953,15.920000076293945,10397.4501953125,0.005580972415784258
2018-02-22,64.8949966430664,14.829999923706055,10382.7001953125,0.0004624802325574606
2018-02-23,64.95140075683594,14.199999809265137,10491.0498046875,0.0008691596684990976
2018-02-26,64.7030029296875,13.699999809265137,10582.599609375,-0.003824364436394334
2018-02-27,64.78040313720703,13.920000076293945,10554.2998046875,0.0011962382581167663
2018-02-28,64.91000366210938,13.8100004196167,10492.849609375,0.002000613127211448
2018-03-01,65.23999786376953,14.069999694824219,10458.349609375,0.005083872793752331
2018-03-05,65.18669891357422,15.399999618530273,10358.849609375,0.0005632753159758863
2018-03-06,65.00370025634766,16.25,10249.25,-0.0028073005732225376
2018-03-07,64.88999938964844,15.699999809265137,10154.2001953125,-0.0017491445294780528
2018-03-08,64.89119720458984,14.59000015258789,10242.650390625,1.8459160928907536e-05
2018-03-09,65.09040069580078,14.529999732971191,10226.849609375,0.003069807613240494
2018-03-12,64.96489715576172,14.489999771118164,10421.400390625,-0.0019281420716028563
2018-03-13,64.94550323486328,14.460000038146973,10426.849609375,-0.00029852923267070786
2018-03-14,64.8281021118164,14.359999656677246,10410.900390625,-0.0018076867096142868
2018-03-15,64.83679962158203,14.329999923706055,10360.150390625,0.00013416264678900447
2018-03-16,65.01439666748047,15.220000267028809,10195.150390625,0.002739139607984553
2018-03-19,65.06500244140625,15.819999694824219,10094.25,0.0007783779673387059
2018-03-20,65.21009826660156,15.609999656677246,10124.349609375,0.0022300133674162392
2018-03-21,65.2323989868164,15.109999656677246,10155.25,0.000341982619374015
2018-03-22,65.06559753417969,15.25,10114.75,-0.0025570338547633575
2018-03-23,65.16000366210938,15.550000190734863,9998.0498046875,0.0014509376922280381
2018-03-26,65.01499938964844,15.199999809265137,10130.650390625,-0.002225357033631581
2018-03-27,64.69499969482422,15.550000190734863,10184.150390625,-0.0049219364427952605
2018-03-28,64.89550018310547,15.760000228881836,10113.7001953125,0.003099165147647298
2018-04-02,65.10549926757812,15.350000381469727,10211.7998046875,0.0011610101445256316
2018-04-03,65.13999938964844,15.1899995803833,10245.0,0.0005299110283836228
2018-04-04,64.90499877929688,16.34000015258789,10128.400390625,-0.003607623772696966
2018-04-05,64.99500274658203,14.800000190734863,10325.150390625,0.0013867031658256757
2018-04-06,64.86150360107422,14.75,10331.599609375,-0.002053990920322435
2018-04-09,64.90450286865234,14.869999885559082,10379.349609375,0.0006629397283570704
2018-04-10,64.87000274658203,14.5,10402.25,-0.0005315520579539657
2018-04-11,64.92530059814453,14.720000267028809,10417.150390625,0.0008524410239123537
2018-04-12,65.19000244140625,14.5600004196167,10458.650390625,0.004077021451161178
2018-04-13,65.27570343017578,14.140000343322754,10480.599609375,0.0013146339248346628
2018-04-16,65.19560241699219,14.260000228881836,10528.349609375,-0.0012271183453316237
2018-04-17,65.4292984008789,14.039999961853027,10548.7001953125,0.003584535999713534
2018-04-18,65.67500305175781,14.109999656677246,10526.2001953125,0.0037552695334359676
2018-04-19,66.01000213623047,13.75,10565.2998046875,0.005100861346114316
2018-04-20,66.11479949951172,12.9399995803833,10564.0498046875,0.0015875982410207268
2018-04-23,66.1968994140625,13.149999618530273,10584.7001953125,0.0012417781672526829
2018-04-24,66.54499816894531,11.899999618530273,10614.349609375,0.00525853564085299
2018-04-25,66.41410064697266,12.399999618530273,10570.5498046875,-0.001967052754894283
2018-04-26,66.90769958496094,12.039999961853027,10617.7998046875,0.007432140662598563
2018-04-27,66.9000015258789,12.020000457763672,10692.2998046875,-0.00011505490593433088
2018-04-30,66.61000061035156,12.359999656677246,10739.349609375,-0.004334841687786306
2018-05-02,66.7886962890625,12.84000015258789,10718.0498046875,0.005097055776904336
2018-05-03,67.08000183105469,12.989999771118164,10679.650390625,0.0043615994648467105
2018-05-04,66.66000366210938,13.25,10618.25,-0.0062611532122957
2018-05-07,66.81050109863281,13.760000228881836,10715.5,0.002257687192552371
2018-05-08,67.1187973022461,14.0600004196167,10717.7998046875,0.004614487221973329
2018-05-09,67.1624984741211,14.270000457763672,10741.7001953125,0.0006511018318491324
2018-05-10,67.62000274658203,14.430000305175781,10716.5498046875,0.006811900731138243
2018-05-11,67.38999938964844,13.979999542236328,10806.5,-0.003401410050152931
2018-05-14,67.3822021484375,14.25,10806.599609375,-0.00011570323907938995
2018-05-15,67.6780014038086,13.170000076293945,10801.849609375,0.00438987219087128
2018-05-16,68.45999908447266,13.4399995803833,10741.099609375,0.011554680464013423
2018-05-17,68.05999755859375,13.40999984741211,10682.7001953125,-0.005842850295474711
2018-05-18,68.13999938964844,14.149999618530273,10596.400390625,0.0011754603867832891
2018-05-21,67.9749984741211,14.40999984741211,10516.7001953125,-0.002421498635240771
2018-05-22,68.4000015258789,13.600000381469727,10536.7001953125,0.006252343674852945
2018-05-23,68.43000030517578,14.15999984741211,10430.349609375,0.0004385786349072607
2018-05-24,68.6500015258789,13.149999618530273,10513.849609375,0.0032149820213647207
2018-05-25,68.26010131835938,12.649999618530273,10605.150390625,-0.0056795367640676275
2018-05-28,67.7217025756836,13.0600004196167,10688.650390625,-0.007887458885604826
2018-05-29,67.40280151367188,13.069999694824219,10633.2998046875,-0.004708993570492814
2018-05-30,68.12999725341797,13.40999984741211,10614.349609375,0.010788805856958295
2018-05-31,67.43000030517578,13.220000267028809,10736.150390625,-0.010274430888914665
2018-06-01,67.43499755859375,13.569999694824219,10696.2001953125,7.411023869718925e-05
2018-06-04,66.92500305175781,13.880000114440918,10628.5,-0.00756275710387333
2018-06-05,67.05999755859375,13.319999694824219,10593.150390625,0.0020171012428873425
2018-06-06,67.08999633789062,12.550000190734863,10684.650390625,0.0004473423857593861
2018-06-07,66.8301010131836,12.779999732971191,10768.349609375,-0.0038738312549325693
2018-06-08,67.41000366210938,12.699999809265137,10767.650390625,0.008677267281271606
2018-06-11,67.51000213623047,13.180000305175781,10786.9501953125,0.0014834367110010405
2018-06-12,67.48999786376953,12.729999542236328,10842.849609375,-0.000296315684016224
2018-06-13,67.91000366210938,12.640000343322754,10856.7001953125,0.006223230280546721
2018-06-14,67.77999877929688,12.100000381469727,10808.0498046875,-0.001914370134028398
2018-06-15,68.12999725341797,12.069999694824219,10817.7001953125,0.005163742703223617
2018-06-18,68.05000305175781,12.380000114440918,10799.849609375,-0.0011741406852345815
2018-06-19,68.01000213623047,12.920000076293945,10710.4501953125,-0.0005878165133500479
2018-06-20,68.05000305175781,12.170000076293945,10772.0498046875,0.0005881622448300483
2018-06-21,68.3499984741211,12.449999809265137,10741.099609375,0.004408455678321044
2018-06-22,67.83000183105469,12.020000457763672,10821.849609375,-0.007607851568033119
2018-06-25,67.85489654541016,12.579999923706055,10762.4501953125,0.0003670162713171887
2018-06-26,68.33999633789062,12.800000190734863,10769.150390625,0.007149075706803787
2018-06-27,68.36499786376953,13.510000228881836,10671.400390625,0.0003658403163395718
2018-06-28,69.23999786376953,13.949999809265137,10589.099609375,0.012798947229452295
2018-06-29,68.79669952392578,12.9399995803833,10714.2998046875,-0.006402344793769998
2018-07-02,68.43499755859375,13.369999885559082,10657.2998046875,-0.005257548223025488
2018-07-03,68.6948013305664,13.0,10699.900390625,0.003796358314329007
2018-07-04,68.83000183105469,12.65999984741211,10769.900390625,0.0019681329281044935
2018-07-05,68.9800033569336,12.579999923706055,10749.75,0.0021793044005300466
2018-07-06,69.06999969482422,12.4399995803833,10772.650390625,0.0013046728546088904
2018-07-09,68.75499725341797,12.390000343322754,10852.900390625,-0.004560626072072416
2018-07-10,68.65979766845703,12.399999618530273,10947.25,-0.001384620591432073
2018-07-11,68.9000015258789,12.779999732971191,10948.2998046875,0.003498464393701939
2018-07-12,68.72000122070312,12.510000228881836,11023.2001953125,-0.0026124862291646567
2018-07-13,68.54000091552734,12.300000190734863,11018.900390625,-0.0026193291906047023
2018-07-16,68.48670196533203,12.949999809265137,10936.849609375,-0.000777632761648217
2018-07-17,68.72000122070312,12.829999923706055,11008.0498046875,0.003406489853887029
2018-07-18,68.35600280761719,13.680000305175781,10980.4501953125,-0.005296833623691488
2018-07-19,68.6155014038086,13.59000015258789,10957.099609375,0.003796281021898551
2018-07-20,68.93509674072266,13.539999961853027,11010.2001953125,0.0046577716459901275
2018-07-23,68.7332992553711,13.010000228881836,11084.75,-0.00292735478577133
2018-07-24,69.19999694824219,12.470000267028809,11134.2998046875,0.006789979499414622
2018-07-25,68.80999755859375,12.210000038146973,11132.0,-0.005635829578722884
2018-07-26,68.83999633789062,12.029999732971191,11167.2998046875,0.0004359654172538807
2018-07-27,68.73999786376953,12.3100004196167,11278.349609375,-0.0014526217234275274
2018-07-30,68.61499786376953,12.59000015258789,11319.5498046875,-0.0018184463759763903
2018-07-31,68.68499755859375,12.479999542236328,11356.5,0.0010201806748313391
2018-08-01,68.4968032836914,12.529999732971191,11346.2001953125,-0.002739961878018504
2018-08-02,68.30709838867188,12.5600004196167,11244.7001953125,-0.002769543773215699
2018-08-03,68.6155014038086,12.079999923706055,11360.7998046875,0.004514948261773455
2018-08-06,68.50499725341797,12.5600004196167,11387.099609375,-0.0016104837555627194
2018-08-07,68.80999755859375,12.579999923706055,11389.4501953125,0.004452234397550603
2018-08-08,68.59600067138672,12.539999961853027,11450.0,-0.0031099679523285406
2018-08-09,68.45500183105469,12.680000305175781,11470.7001953125,-0.002055496515132038
2018-08-10,69.0999984741211,12.850000381469727,11429.5,0.009422198901670287
2018-08-13,69.08499908447266,13.399999618530273,11355.75,-0.00021706787235398206
2018-08-14,69.9490966796875,13.279999732971191,11435.099609375,0.012507745627357902
2018-08-16,70.66000366210938,13.649999618530273,11385.0498046875,0.010150203643218836
2018-08-17,70.00499725341797,13.15999984741211,11470.75,-0.00926983264568726
2018-08-20,69.78500366210938,13.029999732971191,11551.75,-0.003142541246194397
2018-08-21,69.73999786376953,12.899999618530273,11570.900390625,-0.000644920770625057
2018-08-23,69.79000091552734,12.760000228881836,11582.75,-0.00028644382990594686
2018-08-24,70.2750015258789,12.40999984741211,11557.099609375,0.0069494283420141745
2018-08-27,69.76499938964844,12.239999771118164,11691.9501953125,-0.007257234082629793
2018-08-28,69.94499969482422,12.430000305175781,11738.5,0.002580094700072255
2018-08-29,70.54000091552734,12.4399995803833,11691.900390625,0.008506701312447795
2018-08-30,70.91000366210938,12.40999984741211,11676.7998046875,0.005245289789904017
2018-08-31,71.40499877929688,12.600000381469727,11680.5,0.006980610515071817
2018-09-03,70.99500274658203,13.390000343322754,11582.349609375,-0.005741839363124779
2018-09-04,71.06999969482422,13.779999732971191,11520.2998046875,0.0010563693970107035
2018-09-05,71.75,13.649999618530273,11476.9501953125,0.009568035853323664
2018-09-06,71.88999938964844,13.720000267028809,11536.900390625,0.0019512110055530663
2018-09-07,71.93890380859375,13.890000343322754,11589.099609375,0.0006802673440049478
2018-09-10,72.09500122070312,15.199999809265137,11438.099609375,0.0021698608658911045
2018-09-11,72.44499969482422,15.329999923706055,11287.5,0.004854684349746341
2018-09-12,72.98999786376953,14.25,11369.900390625,0.007522923200236509
2018-09-14,72.02749633789062,13.84000015258789,11515.2001953125,0.0014222403255199634
2018-09-17,72.09500122070312,14.5,11377.75,0.0009372099023936542
2018-09-18,72.53479766845703,14.420000076293945,11278.900390625,0.0061002349720138405
2018-09-19,73.12000274658203,14.010000228881836,11234.349609375,0.008067921838010195
2018-09-21,71.72000122070312,15.539999961853027,11143.099609375,-0.008639159436784172
2018-09-24,72.2300033569336,17.43000030517578,10967.400390625,0.007111016837005435
2018-09-25,73.30000305175781,16.68000030517578,11067.4501953125,0.01481378437069547
2018-09-26,73.08999633789062,17.09000015258789,11053.7998046875,-0.0028650300835444398
2018-09-27,72.7699966430664,16.920000076293945,10977.5498046875,-0.0043781599515325675
2018-09-28,72.94999694824219,17.0,10930.4501953125,0.0024735510990701037
2018-10-01,72.50499725341797,16.84000015258789,11008.2998046875,-0.006100064611927913
2018-10-03,73.27999877929688,18.1200008392334,10858.25,-0.006440220890918447
2018-10-04,73.8499984741211,18.920000076293945,10599.25,0.007778380244532146
2018-10-05,74.22000122070312,19.729999542236328,10316.4501953125,0.005010193015937414
2018-10-08,73.76300048828125,20.149999618530273,10348.0498046875,-0.006157379748121028
2018-10-09,73.88999938964844,19.760000228881836,10301.0498046875,0.0017217155013558028
2018-10-10,74.55000305175781,17.90999984741211,10460.099609375,0.008932246143743106
2018-10-11,74.5999984741211,20.549999237060547,10234.650390625,0.0006706293805054386
2018-10-12,74.16000366210938,18.6299991607666,10472.5,-0.005898053900957545
2018-10-15,73.6760025024414,18.889999389648438,10512.5,-0.006526444657057873
2018-10-16,74.08000183105469,17.3700008392334,10584.75,0.00548345885893986
2018-10-17,73.45549774169922,17.979999542236328,10453.0498046875,-0.008430130587465445
2018-10-19,74.16000366210938,19.790000915527344,10303.5498046875,0.003246827639463934
2018-10-22,73.46499633789062,21.360000610351562,10245.25,-0.009371727210065517
2018-10-23,73.8594970703125,19.040000915527344,10146.7998046875,0.0053699142732877014
2018-10-24,73.22129821777344,18.8799991607666,10224.75,-0.008640714841742225
2018-10-25,73.22049713134766,18.959999084472656,10124.900390625,-1.094062035611465e-05
2018-10-26,73.22019958496094,19.229999542236328,10030.0,-4.0637034488533175e-06
2018-10-29,73.125,19.829999923706055,10250.849609375,-0.0013001819921355517
2018-10-30,73.5905990600586,20.5,10198.400390625,0.006367166633279853
2018-10-31,73.6500015258789,19.799999237060547,10386.599609375,0.0008072018244047463
2018-11-01,74.06999969482422,19.190000534057617,10380.4501953125,0.005702622678123603
2018-11-02,73.30999755859375,18.229999542236328,10553.0,-0.010260593214010405
2018-11-05,72.90499877929688,19.479999542236328,10524.0,-0.005524468596158072
2018-11-06,72.86000061035156,18.510000228881836,10530.0,-0.0006172165105102767
2018-11-07,73.2300033569336,17.719999313354492,10598.400390625,0.005078269880352648
2018-11-09,72.9000015258789,17.770000457763672,10585.2001953125,0.007184364357465833
2018-11-12,72.47000122070312,19.3700008392334,10482.2001953125,-0.005898495146438809
2018-11-13,73.18000030517578,18.700000762939453,10582.5,0.009797144646243261
2018-11-14,72.55000305175781,18.829999923706055,10576.2998046875,-0.008608871970357312
2018-11-15,72.4000015258789,18.450000762939453,10616.7001953125,-0.0020675605729733038
2018-11-16,71.8917007446289,18.350000381469727,10682.2001953125,-0.007020728874823412
2018-11-19,71.7750015258789,19.260000228881836,10763.400390625,-0.001623264125639956
2018-11-20,71.69000244140625,19.329999923706055,10656.2001953125,-0.0011842435759755743
2018-11-21,71.41500091552734,19.559999465942383,10600.0498046875,-0.0038359815387601914
2018-11-22,71.29499816894531,19.15999984741211,10526.75,-0.0016803576985733315
2018-11-26,70.66999816894531,20.399999618530273,10628.599609375,-0.002329369911201362
2018-11-27,70.80999755859375,18.31999969482422,10685.599609375,0.0019810300449385476
2018-11-28,70.87999725341797,17.959999084472656,10728.849609375,0.0009885566620206898
2018-11-29,70.5999984741211,18.700000762939453,10858.7001953125,-0.003950321531415835
2018-11-30,69.91999816894531,19.15999984741211,10876.75,-0.009631732576099727
2018-12-03,69.76000213623047,18.219999313354492,10883.75,-0.0022882728390274387
2018-12-04,70.48500061035156,18.110000610351562,10869.5,0.01039275303784093
2018-12-05,70.62999725341797,18.389999389648438,10782.900390625,0.002057127641495793
2018-12-06,70.87000274658203,19.309999465942383,10601.150390625,0.0033980674288141
2018-12-07,70.75,18.59000015258789,10693.7001953125,-0.001693279835350614
2018-12-10,71.36499786376953,20.440000534057617,10488.4501953125,0.008692549311230202
2018-12-11,72.7300033569336,17.950000762939453,10549.150390625,0.019127100595865754
2018-12-12,72.62000274658203,15.8100004196167,10737.599609375,-0.0015124516055873283
2018-12-13,72.1500015258789,15.550000190734863,10791.5498046875,-0.0064720628329257845
2018-12-14,71.5469970703125,15.15999984741211,10805.4501953125,-0.008357649935047062
2018-12-17,71.91000366210938,14.539999961853027,10888.349609375,0.005073680331267205
2018-12-18,71.58999633789062,14.579999923706055,10908.7001953125,-0.004450108579084455
2018-12-19,70.56999969482422,14.65999984741211,10967.2998046875,-0.01424775380979526
2018-12-20,70.68550109863281,14.329999923706055,10951.7001953125,0.0016366927066469028
2018-12-21,70.30000305175781,15.989999771118164,10754.0,-0.005453707491400284
2018-12-24,70.13999938964844,15.75,10663.5,-0.0022760121644884723
2018-12-26,70.23999786376953,15.920000076293945,10729.849609375,0.0
2018-12-27,70.1500015258789,16.06999969482422,10779.7998046875,-0.0012812690863853726
2018-12-28,69.98999786376953,15.270000457763672,10859.900390625,-0.0022808789540845753
2018-12-31,69.92250061035156,16.0,10862.5498046875,-0.000964384276012531
2019-01-02,69.70999908447266,16.389999389648438,10792.5,0.0
2019-01-03,69.95999908447266,16.790000915527344,10672.25,0.003586286089274804
2019-01-04,70.30000305175781,16.15999984741211,10727.349609375,0.004859976725766213
2019-01-07,69.5250015258789,16.299999237060547,10771.7998046875,-0.011024203303495184
2019-01-08,69.80999755859375,15.699999809265137,10802.150390625,0.0040991877232647855
2019-01-09,70.33000183105469,15.270000457763672,10855.150390625,0.007448851033470927
2019-01-10,70.55049896240234,15.350000381469727,10821.599609375,0.003135178808573391
2019-01-11,70.72000122070312,15.350000381469727,10794.9501953125,0.002402566399865025
2019-01-14,70.37000274658203,16.15999984741211,10737.599609375,-0.004949073360856149
2019-01-15,71.08499908447266,15.579999923706055,10886.7998046875,0.010160527355178361
2019-01-16,71.09249877929688,16.079999923706055,10890.2998046875,0.00010550319927982166
2019-01-17,71.36499786376953,16.239999771118164,10905.2001953125,0.0038330216148205754
2019-01-18,71.03019714355469,16.6200008392334,10906.9501953125,-0.0046913855564594265
2019-01-21,71.2300033569336,18.149999618530273,10961.849609375,0.0028129756274657414
2019-01-22,71.5,17.989999771118164,10922.75,0.0037904903880665586
2019-01-23,71.2302017211914,18.09000015258789,10831.5,-0.0037734025008194783
2019-01-24,71.15730285644531,17.43000030517578,10849.7998046875,-0.0010234263414194977
2019-01-25,70.98999786376953,17.690000534057617,10780.5498046875,-0.002351199187710984
2019-01-28,70.9749984741211,18.899999618530273,10661.5498046875,-0.0002112887744724068
2019-01-29,71.09010314941406,18.43000030517578,10652.2001953125,0.0016217636881661335
2019-01-30,71.62000274658203,17.850000381469727,10651.7998046875,0.007453915154044033
2019-01-31,71.12000274658203,17.1200008392334,10830.9501953125,-0.006981289874690266
2019-02-01,71.19999694824219,15.720000267028809,10893.650390625,0.0011247778201752823
2019-02-04,71.45169830322266,15.720000267028809,10912.25,0.0035351315416971563
2019-02-05,71.68499755859375,15.779999732971191,10934.349609375,0.0032651324028860618
2019-02-06,71.7699966430664,15.630000114440918,11062.4501953125,0.0011857304508267053
2019-02-07,71.54049682617188,15.4399995803833,11069.400390625,-0.003197712520956353
2019-02-08,71.58000183105469,15.569999694824219,10943.599609375,0.0005522047879931158
2019-02-11,71.1500015258789,15.84000015258789,10888.7998046875,-0.006007268708803304
2019-02-12,71.2300033569336,15.75,10831.400390625,0.0011244108129160324
2019-02-14,70.86509704589844,15.770000457763672,10746.0498046875,0.0007781314673693807
2019-02-15,71.01000213623047,16.459999084472656,10724.400390625,0.002044801974068866
2019-02-18,71.31999969482422,18.0,10640.9501953125,0.004365547799858316
2019-02-19,71.69999694824219,18.469999313354492,10604.349609375,0.005328060222153264
2019-02-20,71.5999984741211,17.059999465942383,10735.4501953125,-0.0013946789173963081
2019-02-21,71.30000305175781,16.049999237060547,10789.849609375,-0.004189880289895642
2019-02-22,71.18499755859375,15.449999809265137,10791.650390625,-0.001612980199742431
2019-02-25,71.03099822998047,15.359999656677246,10880.099609375,-0.0021633677585859434
2019-02-26,71.08999633789062,17.110000610351562,10835.2998046875,0.0008305966321793257
2019-02-27,70.94000244140625,18.899999618530273,10806.650390625,-0.0021099156591801727
2019-02-28,71.19000244140625,18.280000686645508,10792.5,0.003524104756078783
2019-03-01,70.81600189208984,16.270000457763672,10863.5,-0.005253554382502412
2019-03-05,70.9000015258789,15.65999984741211,10987.4501953125,-0.0012677326468346628
2019-03-06,70.74250030517578,15.609999656677246,11053.0,-0.002221455815422435
2019-03-07,70.36499786376953,15.289999961853027,11058.2001953125,-0.0053362892147965635
2019-03-08,70.48750305175781,14.9399995803833,11035.400390625,0.0017409961160725906
2019-03-11,69.98690032958984,14.899999618530273,11168.0498046875,-0.007102006745796974
2019-03-12,69.79010009765625,15.100000381469727,11301.2001953125,-0.002811958109400492
2019-03-13,69.84500122070312,15.279999732971191,11341.7001953125,0.0007866606147584054
2019-03-14,69.72630310058594,15.149999618530273,11343.25,-0.0016994504695062584
2019-03-15,69.3373031616211,15.869999885559082,11426.849609375,-0.005578955453922174
2019-03-18,68.9530029296875,16.899999618530273,11462.2001953125,-0.0055424744605052645
2019-03-19,68.61799621582031,16.489999771118164,11532.400390625,-0.004858478958614798
2019-03-20,69.31749725341797,16.030000686645508,11521.0498046875,0.010194133844969144
2019-03-22,68.93000030517578,16.270000457763672,11456.900390625,0.0015256572697353032
2019-03-25,69.1604995727539,16.670000076293945,11354.25,0.0033439615052608396
2019-03-26,68.92340087890625,16.489999771118164,11483.25,-0.003428238594462951
2019-03-27,69.42749786376953,17.049999237060547,11445.0498046875,0.007313872769408869
2019-03-28,69.37000274658203,16.649999618530273,11570.0,-0.0008281317771283714
2019-04-01,69.43000030517578,18.010000228881836,11669.150390625,-0.0010071898535858326
2019-04-02,69.19529724121094,18.079999923706055,11713.2001953125,-0.003380427235103234
2019-04-03,68.91020202636719,18.780000686645508,11643.9501953125,-0.004120153048117192
2019-04-04,68.8499984741211,18.649999618530273,11598.0,-0.0008736522383587797
2019-04-05,68.97039794921875,18.389999389648438,11665.9501953125,0.001748721536179998
2019-04-08,69.16000366210938,20.149999618530273,11604.5,0.0027490882832112984
2019-04-09,69.55249786376953,20.280000686645508,11671.9501953125,0.005675161666817363
2019-04-10,69.26180267333984,21.1299991607666,11584.2998046875,-0.004179507556997697
2019-04-11,69.14019775390625,20.959999084472656,11596.7001953125,-0.0017557284786120508
2019-04-12,69.43000030517578,21.0,11643.4501953125,0.004191520427827555
2019-04-15,69.16100311279297,21.389999389648438,11690.349609375,-0.003874365421294157
2019-04-16,69.80999755859375,21.690000534057617,11787.150390625,0.009383820601074122
2019-04-18,69.4010009765625,22.739999771118164,11752.7998046875,-0.006925679972427878
2019-04-22,69.36000061035156,24.049999237060547,11594.4501953125,-0.0003026202382122589
2019-04-23,70.0625,24.649999618530273,11575.9501953125,0.010128307143405513
2019-04-24,69.75800323486328,23.709999084472656,11726.150390625,-0.00434607336502002
2019-04-25,70.0958023071289,23.229999542236328,11641.7998046875,0.004842441821740762
2019-04-26,70.16000366210938,21.719999313354492,11754.650390625,0.0009159086973449249
2019-04-30,69.81179809570312,21.829999923706055,11748.150390625,-0.00043247289179293436
2019-05-02,69.63289642333984,22.979999542236328,11724.75,0.0011055360824425708
2019-05-03,69.42440032958984,24.030000686645508,11712.25,-0.0029942183143212286
2019-05-06,69.16799926757812,26.43000030517578,11598.25,-0.0036932412926069524
2019-05-07,69.40029907226562,26.479999542236328,11497.900390625,0.003358486686724005
2019-05-08,69.91000366210938,26.3700008392334,11359.4501953125,0.007344414889523865
2019-05-09,70.01000213623047,25.489999771118164,11301.7998046875,0.0014303886265605303
2019-05-10,70.41000366210938,26.34000015258789,11278.900390625,0.00571349112517594
2019-05-13,69.92250061035156,27.3799991607666,11148.2001953125,-0.006923775406933563
2019-05-14,70.61699676513672,27.1299991607666,11222.0498046875,0.009932370105801613
2019-05-15,70.30699920654297,28.65999984741211,11157.0,-0.00438984342005877
2019-05-16,70.20919799804688,28.3700008392334,11257.099609375,-0.0013910593482845401
2019-05-17,70.23500061035156,28.079999923706055,11407.150390625,0.00036751042655991384
2019-05-20,70.28150177001953,23.68000030517578,11828.25,0.0006620795794669565
2019-05-21,70.12750244140625,25.649999618530273,11709.099609375,-0.0021911786847869097
2019-05-24,69.94499969482422,16.469999313354492,11844.099609375,-0.0003930682174525524
2019-05-27,69.36000061035156,16.190000534057617,11924.75,-0.008363701294231918
2019-05-28,69.72000122070312,15.920000076293945,11928.75,0.005190320172774543
2019-05-29,69.875,16.40999984741211,11861.099609375,0.0022231608804224035
2019-05-30,69.81500244140625,15.609999656677246,11945.900390625,-0.0008586412678890376
2019-05-31,69.9800033569336,16.06999969482422,11922.7998046875,0.002363401987500069
2019-06-03,69.5696029663086,15.970000267028809,12088.5498046875,-0.005864538024266008
2019-06-04,69.16190338134766,15.630000114440918,12021.650390625,-0.005860312084264407
2019-06-06,69.625,15.529999732971191,11843.75,0.0009344802140267561
2019-06-07,69.36000061035156,14.859999656677246,11870.650390625,-0.0038060953629937
2019-06-10,69.34500122070312,14.979999542236328,11922.7001953125,-0.000216254174112529
2019-06-11,69.52349853515625,14.489999771118164,11965.599609375,0.002574047318638417
2019-06-12,69.3864974975586,14.119999885559082,11906.2001953125,-0.001970571684167699
2019-06-13,69.69999694824219,13.65999984741211,11914.0498046875,0.004518162207202137
2019-06-14,69.80000305175781,13.899999618530273,11823.2998046875,0.0014348078607504533
2019-06-17,69.77050018310547,14.649999618530273,11672.150390625,-0.0004226771828429454
2019-06-18,70.11250305175781,14.600000381469727,11691.5,0.004901826241101803
2019-06-19,69.76499938964844,14.729999542236328,11691.4501953125,-0.004956372215849214
2019-06-20,69.87000274658203,14.0,11831.75,0.0015051008077435757
2019-06-21,69.77999877929688,14.609999656677246,11724.099609375,-0.0012881632137843324
2019-06-24,69.56990051269531,15.220000267028809,11699.650390625,-0.003010866584650884
2019-06-25,69.60250091552734,15.010000228881836,11796.4501953125,0.0004685992446702425
2019-06-26,69.63749694824219,14.75,11847.5498046875,0.0005027984950902731
2019-06-27,69.60250091552734,14.649999618530273,11841.5498046875,-0.0005025458158103291
2019-06-28,69.32499694824219,14.949999809265137,11788.849609375,-0.003986982703709896
2019-07-01,68.94049835205078,14.600000381469727,11865.599609375,-0.005546319698772839
2019-07-02,69.1675033569336,14.25,11910.2998046875,0.0032927671007481063
2019-07-03,69.0824966430664,13.699999809265137,11916.75,-0.0012289978637586296
2019-07-04,69.00749969482422,13.529999732971191,11946.75,-0.0010856143290489673
2019-07-05,68.73999786376953,13.069999694824219,11811.150390625,-0.0038764167987200837
2019-07-08,68.44000244140625,13.850000381469727,11558.599609375,-0.0043642047088482405
2019-07-09,68.8499984741211,13.6899995803833,11555.900390625,0.0059905905623813815
2019-07-10,68.76499938964844,13.640000343322754,11498.900390625,-0.0012345546311756106
2019-07-11,68.36759948730469,12.470000267028809,11582.900390625,-0.005779101372370143
2019-07-12,68.66999816894531,12.0,11552.5,0.004423128556631184
2019-07-15,68.55030059814453,12.020000457763672,11588.349609375,-0.0017430839375631724
2019-07-16,68.74749755859375,11.5600004196167,11662.599609375,0.002876675357052383
2019-07-17,68.8949966430664,11.800000190734863,11687.5,0.0021455193237680525
2019-07-18,68.78600311279297,11.75,11596.900390625,-0.0015820238853935242
2019-07-19,68.8499984741211,12.520000457763672,11419.25,0.0009303544097944982
2019-07-22,68.83000183105469,13.010000228881836,11346.2001953125,-0.00029043781422777304
2019-07-23,69.16000366210938,13.430000305175781,11331.0498046875,0.004794447512360689
2019-07-24,69.0199966430664,12.760000228881836,11271.2998046875,-0.0020243928807029965
2019-07-25,69.18499755859375,12.640000343322754,11252.150390625,0.0023906247979210704
2019-07-26,69.15049743652344,12.130000114440918,11284.2998046875,-0.0004986647869879013
2019-07-29,68.87000274658203,13.0600004196167,11189.2001953125,-0.004056293162589153
2019-07-30,68.94999694824219,13.609999656677246,11085.400390625,0.0011615245893703552
2019-07-31,69.07749938964844,13.59000015258789,11118.0,0.0018492015525679584
2019-08-01,69.40499877929688,14.5600004196167,10980.0,0.0047410429234140405
2019-08-02,69.29720306396484,15.1899995803833,10997.349609375,-0.0015531405118932584
2019-08-05,69.65689849853516,16.59000015258789,10862.599609375,0.005190619803778995
2019-08-06,71.5199966430664,16.1200008392334,10948.25,0.026746785812900242
2019-08-07,71.2300033569336,16.739999771118164,10855.5,-0.004054716159734739
2019-08-08,71.16510009765625,16.09000015258789,11032.4501953125,-0.000911178663745349
2019-08-09,70.47090148925781,15.850000381469727,11109.650390625,-0.00975476191905622
2019-08-13,71.58000183105469,17.780000686645508,10925.849609375,0.0076722480586852715
2019-08-14,71.08000183105469,16.360000610351562,11029.400390625,-0.006985191215559294
2019-08-16,71.72000122070312,16.649999618530273,11047.7998046875,0.0011837856196725838
2019-08-19,71.13200378417969,16.75,11053.900390625,-0.008198514033958215
2019-08-20,71.99500274658203,16.6299991607666,11017.0,0.01213235838288429
2019-08-21,71.80999755859375,17.020000457763672,10918.7001953125,-0.002569694852842641
2019-08-22,71.43779754638672,17.850000381469727,10741.349609375,-0.00518312247404451
2019-08-23,71.92040252685547,17.350000381469727,10829.349609375,0.006755597135471358
2019-08-26,71.50250244140625,16.65999984741211,11057.849609375,-0.005810591581341229
2019-08-27,72.16000366210938,16.010000228881836,11105.349609375,0.009195499433630738
2019-08-28,71.53500366210938,16.84000015258789,11046.099609375,-0.008661307764431081
2019-08-29,72.08499908447266,16.43000030517578,10948.2998046875,0.007688479684171856
2019-08-30,71.6801986694336,16.280000686645508,11023.25,-0.005615598532014987
2019-09-03,71.96209716796875,18.059999465942383,10797.900390625,0.0032371526203387457
2019-09-04,72.45999908447266,17.239999771118164,10844.650390625,0.006918946724714603
2019-09-05,71.95570373535156,17.270000457763672,10847.900390625,-0.006959637806967067
2019-09-06,72.22000122070312,16.270000457763672,10946.2001953125,0.0036730581681700958
2019-09-09,71.66999816894531,15.850000381469727,11003.0498046875,-0.0076156610698054905
2019-09-11,71.85900115966797,15.369999885559082,11035.7001953125,-0.0032388615123986053
2019-09-12,71.56009674072266,14.899999618530273,10982.7998046875,-0.004159596071773408
2019-09-13,71.28500366210938,14.119999885559082,11075.900390625,-0.0038442245209645565
2019-09-16,71.02069854736328,14.949999809265137,11003.5,-0.00370772394147445
2019-09-17,71.74909973144531,16.020000457763672,10817.599609375,0.010256181634094474
2019-09-18,71.70999908447266,15.350000381469727,10840.650390625,-0.0005449635900520722
2019-09-19,71.5425033569336,15.550000190734863,10704.7998046875,-0.0023357374100891892
2019-09-20,71.71749877929688,15.399999618530273,11274.2001953125,0.002446034373304151
2019-09-23,71.19159698486328,16.790000915527344,11600.2001953125,-0.007332963410394466
2019-09-24,70.78959655761719,16.729999542236328,11588.2001953125,-0.005646739843911175
2019-09-25,71.28500366210938,16.170000076293945,11440.2001953125,0.006998303826876162
2019-09-26,71.30999755859375,16.34000015258789,11571.2001953125,0.0003506192775530881
2019-09-27,71.21499633789062,16.110000610351562,11512.400390625,-0.001332228634912891
2019-09-30,70.49870300292969,15.869999885559082,11474.4501953125,-0.010058181166820113
2019-10-01,70.92250061035156,16.760000228881836,11359.900390625,0.006011424173353319
2019-10-03,71.1416015625,17.700000762939453,11314.0,0.0005851348702075043
2019-10-04,71.0199966430664,17.579999923706055,11174.75,-0.0017093362640530074
2019-10-07,70.81500244140625,17.829999923706055,11126.400390625,-0.002886429334690299
2019-10-09,71.20999908447266,17.15999984741211,11313.2998046875,-0.0021020393020728667
2019-10-10,71.41000366210938,17.229999542236328,11234.5498046875,0.002808658618285609
2019-10-11,70.9800033569336,17.139999389648438,11305.0498046875,-0.006021569571826535
2019-10-14,70.91400146484375,17.43000030517578,11341.150390625,-0.0009298660040623075
2019-10-15,71.45249938964844,16.850000381469727,11428.2998046875,0.007593675630780172
2019-10-16,71.76000213623047,16.360000610351562,11464.0,0.004303596783999719
2019-10-17,71.62000274658203,15.880000114440918,11586.349609375,-0.0019509390395873183
2019-10-18,71.42250061035156,15.930000305175781,11661.849609375,-0.0027576393277909395
2019-10-22,71.1050033569336,16.809999465942383,11588.349609375,0.0010559563413448103
2019-10-23,71.07499694824219,16.540000915527344,11604.099609375,-0.00042200136804404487
2019-10-24,70.71499633789062,16.239999771118164,11582.599609375,-0.005065080911839104
2019-10-25,71.19000244140625,15.319999694824219,11583.900390625,0.006717190526970285
2019-10-29,70.73500061035156,16.420000076293945,11786.849609375,-0.0013412567873388737
2019-10-30,70.88459777832031,16.65999984741211,11844.099609375,0.0021148959733925388
2019-10-31,70.98999786376953,16.280000686645508,11877.4501953125,0.0014869250690938696
2019-11-01,70.97000122070312,15.729999542236328,11890.599609375,-0.00028168254216287547
2019-11-04,70.51210021972656,15.930000305175781,11941.2998046875,-0.006452035974362946
2019-11-05,71.0,15.920000076293945,11917.2001953125,0.00691937665667397
2019-11-06,70.8949966430664,15.779999732971191,11966.0498046875,-0.0014789205201914957
2019-11-07,71.0,15.210000038146973,12012.0498046875,0.0014811109655912258
2019-11-08,71.37650299072266,15.859999656677246,11908.150390625,0.005302859024262752
2019-11-11,71.37650299072266,16.25,11913.4501953125,0.0
2019-11-13,71.77999877929688,16.459999084472656,11840.4501953125,0.0028781581152472757
2019-11-14,72.1415023803711,15.649999618530273,11872.099609375,0.005036272042658219
2019-11-15,71.95580291748047,15.029999732971191,11895.4501953125,-0.0025741002995960383
2019-11-18,71.70580291748047,15.760000228881836,11884.5,-0.003474354949338898
2019-11-19,71.93509674072266,15.40999984741211,11940.099609375,0.0031977024719471725
2019-11-20,71.85099792480469,15.15999984741211,11999.099609375,-0.0011690929703075392
2019-11-21,71.76820373535156,14.979999542236328,11968.400390625,-0.001152303960200718
2019-11-22,71.7405014038086,14.869999885559082,11914.400390625,-0.0003859972815415391
2019-11-25,71.78260040283203,15.0,12073.75,0.0005868233173682569
2019-11-26,71.67949676513672,14.84000015258789,12037.7001953125,-0.0014363318842827155
2019-11-27,71.42839813232422,14.619999885559082,12100.7001953125,-0.0035030747165433196
2019-11-28,71.22810363769531,13.989999771118164,12151.150390625,-0.002804129728036897
2019-11-29,71.54740142822266,13.899999618530273,12056.0498046875,0.0044827501255890745
2019-12-02,71.7229995727539,14.199999809265137,12048.2001953125,0.0024542910158298348
2019-12-03,71.625,14.5600004196167,11994.2001953125,-0.0013663618830456192
2019-12-04,71.95999908447266,13.319999694824219,12043.2001953125,0.004677125088623502
2019-12-05,71.4801025390625,14.3100004196167,12018.400390625,-0.006668934845966534
2019-12-06,71.38500213623047,13.640000343322754,11921.5,-0.001330445808748859
2019-12-09,71.28679656982422,14.600000381469727,11937.5,-0.001375717075959959
2019-12-10,70.96019744873047,14.289999961853027,11856.7998046875,-0.004581481239290253
2019-12-11,71.01000213623047,13.380000114440918,11910.150390625,0.0007018679385155657
2019-12-12,70.72930145263672,13.350000381469727,11971.7998046875,-0.003952973879021049
2019-12-13,70.55989837646484,13.300000190734863,12086.7001953125,-0.0023950904744239887
2019-12-16,70.68900299072266,13.420000076293945,12053.9501953125,0.0018297165561236284
2019-12-17,70.92050170898438,12.520000457763672,12165.0,0.003274890130960051
2019-12-18,71.21499633789062,12.34000015258789,12221.650390625,0.004152461161578858
2019-12-19,70.98989868164062,12.119999885559082,12259.7001953125,-0.0031608181959595916
2019-12-20,71.22270202636719,12.329999923706055,12271.7998046875,0.0032793869134901676
2019-12-23,71.02400207519531,11.960000038146973,12262.75,-0.002789840114438724
2019-12-24,71.21070098876953,11.630000114440918,12214.5498046875,0.002628673520489011
2019-12-26,71.54000091552734,11.119999885559082,12126.5498046875,0.0011195330545710203
2019-12-27,71.30030059814453,10.529999732971191,12245.7998046875,-0.0033505774995145066
2019-12-30,71.31300354003906,11.010000228881836,12255.849609375,0.00017816112678303853
2019-12-31,71.31099700927734,11.670000076293945,12168.4501953125,-2.8136954862589825e-05
2020-01-02,71.0250015258789,11.489999771118164,12282.2001953125,-0.0035187409644473755
2020-01-03,71.41500091552734,12.699999809265137,12226.650390625,0.005491015575780578
2020-01-06,71.73100280761719,14.779999732971191,11993.0498046875,0.004424867157302392
2020-01-07,71.78700256347656,14.609999656677246,12052.9501953125,0.000780691105205511
2020-01-08,72.16000366210938,15.640000343322754,12025.349609375,0.005195941957640393
2020-01-09,71.41190338134766,14.0,12215.900390625,-0.010367242832535206
2020-01-10,71.19429779052734,14.079999923706055,12256.7998046875,-0.003047189341226164
2020-01-13,70.9530029296875,14.279999732971191,12329.5498046875,-0.0033892441997223077
2020-01-14,70.71890258789062,13.90999984741211,12362.2998046875,-0.0032993718677257755
2020-01-15,70.84510040283203,14.119999885559082,12343.2998046875,0.0017844990564519492
2020-01-16,70.71800231933594,14.180000305175781,12355.5,-0.0017940278547620148
2020-01-17,70.94560241699219,14.130000114440918,12352.349609375,0.0032184180858008116
2020-01-20,71.03469848632812,15.40999984741211,12224.5498046875,0.0012558363915533555
2020-01-21,71.03099822998047,15.859999656677246,12169.849609375,-5.209082922152941e-05
2020-01-22,71.16999816894531,16.360000610351562,12106.900390625,0.0019568912507015312
2020-01-23,71.0781021118164,15.859999656677246,12180.349609375,-0.0012912190458507222
2020-01-24,71.32099914550781,15.5600004196167,12248.25,0.003417325821520878
2020-01-27,71.32499694824219,17.18000030517578,12119.0,5.6053655757448695e-05
2020-01-28,71.44000244140625,17.299999237060547,12055.7998046875,0.001612414974900389
2020-01-29,71.23040008544922,16.5,12129.5,-0.0029339634489646826
2020-01-30,71.30000305175781,16.799999237060547,12035.7998046875,0.0009771525391559788
2020-01-31,71.63999938964844,17.3700008392334,11962.099609375,0.0047685318841266255
2020-02-03,71.49649810791016,15.779999732971191,11707.900390625,-0.00200308881854927
2020-02-04,71.31410217285156,14.380000114440918,11979.650390625,-0.0025511170460866817
2020-02-05,71.0999984741211,14.170000076293945,12089.150390625,-0.0030022631177705206
2020-02-06,71.18000030517578,13.779999732971191,12137.9501953125,0.0011252015860985232
2020-02-07,71.47000122070312,13.75,12098.349609375,0.004074190984602488
2020-02-10,71.5155029296875,14.210000038146973,12031.5,0.0006366546552007968
2020-02-11,71.27999877929688,13.880000114440918,12107.900390625,-0.003293050328152858
2020-02-12,71.27529907226562,13.619999885559082,12201.2001953125,-6.593304028812419e-05
2020-02-13,71.29620361328125,13.369999885559082,12174.650390625,0.0002932929259886752
2020-02-14,71.26850128173828,13.619999885559082,12113.4501953125,-0.00038855268778725804
2020-02-17,71.51480102539062,14.420000076293945,12045.7998046875,0.0034559411131527273
2020-02-18,71.34919738769531,14.510000228881836,11992.5,-0.0023156554352505854
2020-02-19,71.57499694824219,14.020000457763672,12125.900390625,0.003164710589804276
2020-02-20,71.82749938964844,13.699999809265137,12080.849609375,0.0035278023356235533
2020-02-24,71.88680267333984,17.0,11829.400390625,-0.0030952424784708166
2020-02-25,72.04669952392578,16.899999618530273,11797.900390625,0.0022242865816766155
2020-02-26,71.87000274658203,18.260000228881836,11678.5,-0.0024525311847917175
2020-02-27,71.66339874267578,17.770000457763672,11633.2998046875,-0.002874690357738685
2020-02-28,71.93000030517578,23.239999771118164,11201.75,0.0037201914391096214
2020-03-02,72.1500015258789,25.200000762939453,11132.75,0.003058546083271718
2020-03-03,72.82499694824219,24.540000915527344,11303.2998046875,0.009355445711545451
2020-03-04,73.34200286865234,24.229999542236328,11251.0,0.007099292029872695
2020-03-05,74.0425033569336,23.25,11269.0,0.009551150239730521
2020-03-06,73.8551025390625,25.639999389648438,10989.4501953125,-0.0025309897609444576
2020-03-09,73.99530029296875,30.799999237060547,10451.4501953125,0.001898281216685005
2020-03-11,74.20500183105469,31.559999465942383,10458.400390625,-0.0027013467154156645
2020-03-12,74.76000213623047,41.15999984741211,9590.150390625,0.007479284299990674
2020-03-13,75.30000305175781,51.470001220703125,9955.2001953125,0.007223126004508806
2020-03-16,73.90399932861328,58.880001068115234,9197.400390625,-0.018539225319618935
2020-03-17,75.15499877929688,62.93000030517578,8967.0498046875,0.016927357951510125
2020-03-18,74.01239776611328,63.959999084472656,8468.7998046875,-0.01520326035183639
2020-03-19,74.98200225830078,72.19999694824219,8263.4501953125,0.013100568573005233
2020-03-20,75.15969848632812,67.0999984741211,8745.4501953125,0.0023698517334227454
2020-03-23,75.62210083007812,71.98999786376953,7610.25,0.006152264485655312
2020-03-24,76.50599670410156,83.61000061035156,7801.0498046875,0.011688327411182975
2020-03-25,77.26000213623047,77.62999725341797,8317.849609375,0.009855507602170466
2020-03-26,75.84549713134766,71.52999877929688,8641.4501953125,-0.018308373877451545
2020-03-27,74.72560119628906,70.38999938964844,8660.25,-0.014765490074106546
2020-03-30,75.46499633789062,71.88999938964844,8281.099609375,0.009894803517997985
2020-03-31,75.4000015258789,64.41000366210938,8597.75,-0.0008612577375702868
2020-04-01,75.32499694824219,60.04999923706055,8253.7998046875,-0.0009947556514435796
2020-04-03,77.13999938964844,55.29999923706055,8083.7998046875,-0.005543384128754547
2020-04-07,75.96489715576172,51.79999923706055,8792.2001953125,-0.0034777146726671093
2020-04-08,76.66000366210938,52.2400016784668,8748.75,0.009150364607515726
2020-04-09,75.95899963378906,49.75,9111.900390625,-0.009144325526125652
2020-04-13,76.16649627685547,51.459999084472656,8993.849609375,-0.006307961375058735
2020-04-15,75.93099975585938,49.7400016784668,8925.2998046875,-0.012729214141648959
2020-04-16,77.2125015258789,46.099998474121094,8992.7998046875,0.016877188159512446
2020-04-17,77.56999969482422,42.59000015258789,9266.75,0.004630055520549181
2020-04-20,76.55999755859375,43.459999084472656,9261.849609375,-0.01302052520567254
2020-04-21,77.20999908447266,45.20000076293945,8981.4501953125,0.008490093346482208
2020-04-22,76.96939849853516,42.81999969482422,9187.2998046875,-0.003116184286885759
2020-04-23,76.4000015258789,39.22999954223633,9313.900390625,-0.007397705890440198
2020-04-24,76.42250061035156,39.119998931884766,9154.400390625,0.0002944906285771154
2020-04-27,76.27149963378906,38.040000915527344,9282.2998046875,-0.0019758706579413587
2020-04-28,76.1863021850586,35.349998474121094,9380.900390625,-0.0011170286298228804
2020-04-29,76.46499633789062,33.84000015258789,9553.349609375,0.003658061158488435
2020-04-30,75.25849914550781,33.9900016784668,9859.900390625,-0.015778424771661914
2020-05-04,75.60050201416016,43.66999816894531,9293.5,-0.0015781722743857252
2020-05-05,75.8499984741211,43.61000061035156,9205.599609375,0.0033001958097342854
2020-05-06,76.16999816894531,41.25,9270.900390625,0.004218849060799945
2020-05-07,76.15129852294922,39.93000030517578,9199.0498046875,-0.0002454988374112066
2020-05-08,76.08000183105469,38.40999984741211,9251.5,-0.0009362505075740657
2020-05-11,75.5250015258789,38.040000915527344,9239.2001953125,-0.007294956517065132
2020-05-12,76.30999755859375,38.209999084472656,9196.5498046875,0.010393856562132875
2020-05-13,75.68000030517578,38.84000015258789,9383.5498046875,-0.008255762987467441
2020-05-14,75.42620086669922,38.18000030517578,9142.75,-0.0033535866471079423
2020-05-15,75.48500061035156,38.02000045776367,9136.849609375,0.0007795665561396437
2020-05-18,75.81999969482422,40.91999816894531,8823.25,0.004437955643689984
2020-05-19,75.60009765625,39.45000076293945,8879.099609375,-0.002900317059606028
2020-05-20,76.0,35.810001373291016,9066.5498046875,0.005289706708691444
2020-05-21,75.77999877929688,32.9900016784668,9106.25,-0.00289475290398844
2020-05-22,75.625,32.380001068115234,9039.25,-0.0020453784876441894
2020-05-26,76.11000061035156,31.469999313354492,9029.0498046875,0.0016450615120870982
2020-05-27,75.81999969482422,31.270000457763672,9314.9501953125,-0.0038102866009950276
2020-05-28,76.12999725341797,30.020000457763672,9490.099609375,0.004088598784509179
2020-05-29,75.95999908447266,30.219999313354492,9580.2998046875,-0.002232998490456106
2020-06-01,75.51319885253906,30.739999771118164,9826.150390625,-0.0058820463048810945
2020-06-02,75.7300033569336,30.1200008392334,9979.099609375,0.0028710809194814058
2020-06-03,75.06580352783203,30.040000915527344,10061.5498046875,-0.008770629864771395
2020-06-04,75.54499816894531,29.690000534057617,10029.099609375,0.006383660982668404
2020-06-05,75.49089813232422,28.68000030517578,10142.150390625,-0.0007161299613788197
2020-06-08,75.5177001953125,29.649999618530273,10167.4501953125,0.0003550370130886993
2020-06-09,75.625,30.209999084472656,10046.650390625,0.0014208563609590108
2020-06-10,75.50980377197266,29.440000534057617,10116.150390625,-0.0015232559077995589
2020-06-11,75.875,29.65999984741211,9902.0,0.00483640811900643
2020-06-12,76.38999938964844,30.81999969482422,9972.900390625,0.006787471362747155
2020-06-15,75.95680236816406,32.58000183105469,9813.7001953125,-0.005670860386773002
2020-06-16,75.97799682617188,32.970001220703125,9914.0,0.0002790330470348046
2020-06-17,76.65499877929688,33.349998474121094,9881.150390625,0.008910500163276103
2020-06-18,76.55000305175781,31.459999084472656,10091.650390625,-0.00136971794678864
2020-06-19,76.40039825439453,29.969999313354492,10244.400390625,-0.0019543408412685537
2020-06-22,76.2520980834961,30.459999084472656,10311.2001953125,-0.001941091594897637
2020-06-23,75.78980255126953,29.34000015258789,10471.0,-0.006062725404884617
2020-06-24,75.60780334472656,29.579999923706055,10305.2998046875,-0.0024013679996045534
2020-06-25,75.97000122070312,29.729999542236328,10288.900390625,0.004790482727360157
2020-06-26,75.53980255126953,28.739999771118164,10383.0,-0.00566274401107103
2020-06-29,75.61979675292969,28.90999984741211,10312.400390625,0.0010589675768064577
2020-06-30,75.69999694824219,29.1200008392334,10302.099609375,0.0010605714211919803
2020-07-01,75.75,28.1200008392334,10430.0498046875,0.0006605423219765427
2020-07-02,75.45490264892578,26.510000228881836,10551.7001953125,-0.0038956746016398647
2020-07-03,74.72100067138672,25.770000457763672,10607.349609375,-0.00972636570686125
2020-07-06,74.6792984008789,25.200000762939453,10763.650390625,-0.0005581064243399547
2020-07-07,74.60759735107422,25.100000381469727,10799.650390625,-0.0009601194888012587
2020-07-08,75.125,26.100000381469727,10705.75,0.0069349860777727645
2020-07-09,74.93990325927734,24.90999984741211,10813.4501953125,-0.00246385012609196
2020-07-10,75.33999633789062,24.940000534057617,10768.0498046875,0.005338852349849432
2020-07-13,75.15850067138672,25.25,10802.7001953125,-0.002409021440483272
2020-07-14,75.44999694824219,26.639999389648438,10607.349609375,0.0038784205944975003
2020-07-15,75.57499694824219,26.290000915527344,10618.2001953125,0.0016567263758240358
2020-07-16,75.1249008178711,25.360000610351562,10739.9501953125,-0.005955622210336853
2020-07-17,75.17449951171875,24.15999984741211,10901.7001953125,0.0006602164303404212
2020-07-20,74.89730072021484,24.709999084472656,11022.2001953125,-0.003687404549473472
2020-07-21,74.98999786376953,24.43000030517578,11162.25,0.0012376566667064992
2020-07-22,74.7699966430664,24.889999389648438,11132.599609375,-0.0029337408583847147
2020-07-23,74.81999969482422,24.639999389648438,11215.4501953125,0.0006687582453228647
2020-07-24,74.80729675292969,24.540000915527344,11194.150390625,-0.0001697800313598119
2020-07-27,74.75980377197266,25.020000457763672,11131.7998046875,-0.0006348709687222787
2020-07-28,75.0,23.639999389648438,11300.5498046875,0.0032129060793146813
2020-07-29,75.08999633789062,24.110000610351562,11202.849609375,0.0011999511718749911
2020-07-30,74.8311996459961,24.729999542236328,11102.150390625,-0.0034464869425482325
2020-07-31,74.98999786376953,24.190000534057617,11073.4501953125,0.002122085687850328
2020-08-03,74.91780090332031,25.190000534057617,10891.599609375,-0.0009627545340162857
2020-08-04,75.33000183105469,23.81999969482422,11095.25,0.005502042542149699
2020-08-05,75.25,23.56999969482422,11101.650390625,-0.001062018174831758
2020-08-06,74.8822021484375,23.149999618530273,11200.150390625,-0.00488767909053156
2020-08-07,74.8998031616211,22.579999923706055,11214.0498046875,0.00023504935323215292
2020-08-10,75.0248031616211,22.510000228881836,11270.150390625,0.0016688962416933073
2020-08-11,75.0999984741211,21.360000610351562,11322.5,0.0010022727062410919
2020-08-12,74.9000015258789,20.850000381469727,11308.400390625,-0.002663075263724557
2020-08-13,74.77210235595703,20.56999969482422,11300.4501953125,-0.0017075990295899457
2020-08-14,75.02999877929688,21.670000076293945,11178.400390625,0.003449099533300748
2020-08-17,74.90280151367188,21.309999465942383,11247.099609375,-0.0016952854550771335
2020-08-18,75.0,20.43000030517578,11385.349609375,0.0012976615609014974
2020-08-19,74.79499816894531,19.959999084472656,11408.400390625,-0.0027333577473958037
2020-08-20,74.966796875,20.6200008392334,11312.2001953125,0.002296927739293908
2020-08-21,74.9999008178711,19.940000534057617,11371.599609375,0.0004415813967120208
2020-08-24,74.92179870605469,19.229999542236328,11466.4501953125,-0.0010413628680132625
2020-08-25,74.4000015258789,19.31999969482422,11472.25,-0.006964557567857965
2020-08-26,74.45249938964844,19.299999237060547,11549.599609375,0.0007056164340435434
2020-08-27,74.24009704589844,18.899999618530273,11559.25,-0.0028528571302676164
2020-08-28,73.77449798583984,18.350000381469727,11647.599609375,-0.006271530865197272
2020-08-31,73.12830352783203,22.84000015258789,11387.5,-0.00875904920602566
2020-09-01,73.66999816894531,21.799999237060547,11470.25,0.0074074553214149574
2020-09-02,73.2699966430664,21.110000610351562,11535.0,-0.005429639416599352
2020-09-03,73.24849700927734,20.5,11527.4501953125,-0.00029343025486672225
2020-09-04,73.4478988647461,22.149999618530273,11333.849609375,0.002722265488170894
2020-09-07,73.29029846191406,22.010000228881836,11355.0498046875,-0.002145744197832644
2020-09-08,73.6500015258789,22.719999313354492,11317.349609375,0.00490792194210754
2020-09-09,73.78679656982422,22.229999542236328,11278.0,0.001857366478088096
2020-09-10,73.55000305175781,21.260000228881836,11449.25,-0.003209158400613421
2020-09-11,73.52729797363281,20.709999084472656,11464.4501953125,-0.0003087026129560133
2020-09-14,73.47859954833984,21.190000534057617,11440.0498046875,-0.0006623176239990425
2020-09-15,73.61499786376953,20.600000381469727,11521.7998046875,0.0018562998787143847
2020-09-16,73.80000305175781,19.65999984741211,11604.5498046875,0.0025131453284918948
2020-09-17,73.55069732666016,20.100000381469727,11516.099609375,-0.0033781262166454606
2020-09-18,73.58360290527344,20.049999237060547,11504.9501953125,0.0004473863581080373
2020-09-21,73.53479766845703,22.190000534057617,11250.5498046875,-0.000663262396640607
2020-09-22,73.57980346679688,21.40999984741211,11153.650390625,0.0006120340269752944
2020-09-23,73.50299835205078,20.989999771118164,11131.849609375,-0.001043834192636206
2020-09-24,73.77839660644531,23.510000228881836,10805.5498046875,0.003746762180713681
2020-09-25,73.68240356445312,20.68000030517578,11050.25,-0.0013010995956477256
2020-09-28,73.69930267333984,19.56999969482422,11227.5498046875,0.00022935067355578376
2020-09-29,73.9749984741211,19.770000457763672,11222.400390625,0.0037408196655974724
2020-09-30,73.84500122070312,19.530000686645508,11247.5498046875,-0.0017573133639664507
2020-10-01,73.70500183105469,18.350000381469727,11416.9501953125,-0.0018958546595457815
2020-10-05,73.32240295410156,19.700000762939453,11503.349609375,0.0014395574978438574
2020-10-06,73.1082992553711,19.639999389648438,11662.400390625,-0.00292003112424577
2020-10-07,73.81500244140625,20.059999465942383,11738.849609375,0.009666524775342022
2020-10-08,73.5425033569336,20.3799991607666,11834.599609375,-0.0036916490612997066
2020-10-09,73.28050231933594,20.3799991607666,11914.2001953125,-0.0035625798094749417
2020-10-12,73.01480102539062,21.1299991607666,11930.9501953125,-0.003625811580650229
2020-10-13,73.35079956054688,20.719999313354492,11934.5,0.004601786630075377
2020-10-14,73.62000274658203,20.209999084472656,11971.0498046875,0.0036700784128869124
2020-10-15,73.29620361328125,22.059999465942383,11680.349609375,-0.004398249405333177
2020-10-16,73.37100219726562,21.649999618530273,11762.4501953125,0.0010204973831799968
2020-10-19,73.44380187988281,21.81999969482422,11873.0498046875,0.0009922132782302917
2020-10-20,73.57499694824219,22.690000534057617,11896.7998046875,0.0017863327469613832
2020-10-21,73.64749908447266,22.920000076293945,11937.650390625,0.0009854181343897928
2020-10-22,73.6812973022461,22.639999389648438,11896.4501953125,0.00045891874393011456
2020-10-23,73.72000122070312,21.829999923706055,11930.349609375,0.000525288232891219
2020-10-26,73.8228988647461,22.829999923706055,11767.75,0.0013957900480077168
2020-10-27,73.94850158691406,22.200000762939453,11889.400390625,0.001701405987837079
2020-10-28,73.80500030517578,23.280000686645508,11729.599609375,-0.0019405569911328246
2020-10-29,74.44000244140625,24.020000457763672,11670.7998046875,0.00860378204193224
2020-10-30,74.26399993896484,24.75,11642.400390625,-0.0023643537972737327
2020-11-02,74.55049896240234,25.209999084472656,11669.150390625,0.0038578453042250604
2020-11-03,74.45680236816406,24.239999771118164,11813.5,-0.001256820484669574
2020-11-04,74.65560150146484,23.200000762939453,11908.5,0.0026699928949107665
2020-11-05,74.37999725341797,20.969999313354492,12120.2998046875,-0.0036916754068543334
2020-11-06,74.12000274658203,20.5,12263.5498046875,-0.0034954895998465796
2020-11-09,73.97979736328125,20.110000610351562,12461.0498046875,-0.0018915998125383915
2020-11-10,73.95320129394531,21.579999923706055,12631.099609375,-0.000359504490196616
2020-11-11,74.28160095214844,22.030000686645508,12749.150390625,0.004440641547048374
2020-11-12,74.56999969482422,20.6200008392334,12690.7998046875,0.0038825057481133296
2020-11-13,74.86499786376953,19.700000762939453,12719.9501953125,0.003955989944382177
2020-11-17,74.41809844970703,19.799999237060547,12874.2001953125,-0.0009344222601239682
2020-11-18,74.47969818115234,19.1200008392334,12938.25,0.0008277520217334633
2020-11-19,74.41999816894531,19.56999969482422,12771.7001953125,-0.0008015608771912985
2020-11-20,74.09960174560547,19.6200008392334,12859.0498046875,-0.004305246321190337
2020-11-23,74.16239929199219,20.799999237060547,12926.4501953125,0.0008474748164275514
2020-11-24,74.24490356445312,21.059999465942383,13055.150390625,0.0011124811663132395
2020-11-25,73.96080017089844,23.1299991607666,12858.400390625,-0.003826570982182642
2020-11-26,73.77989959716797,20.020000457763672,12987.0,-0.0024458980069506087
2020-11-27,74.04879760742188,19.81999969482422,12968.9501953125,0.003644597129056404
2020-12-01,74.02519989013672,20.18000030517578,13109.0498046875,0.0011400615503227574
2020-12-02,73.65499877929688,19.90999984741211,13113.75,-0.005001014673236548
2020-12-03,73.66259765625,19.0,13133.900390625,0.00010316851644920355
2020-12-04,73.86489868164062,18.030000686645508,13258.5498046875,0.002746319459635105
2020-12-07,73.79029846191406,18.020000457763672,13355.75,-0.001009954945556668
2020-12-08,74.0199966430664,18.6200008392334,13392.9501953125,0.003112850685526025
2020-12-09,73.72640228271484,18.920000076293945,13529.099609375,-0.00396641953075616
2020-12-10,73.93499755859375,18.709999084472656,13478.2998046875,0.0028293158138792407
2020-12-11,73.72669982910156,18.790000915527344,13513.849609375,-0.0028173089385322703
2020-12-14,73.73799896240234,19.399999618530273,13558.150390625,0.00015325700630808292
2020-12-15,73.86000061035156,19.350000381469727,13567.849609375,0.0016545288679643555
2020-12-16,73.75980377197266,19.200000762939453,13682.7001953125,-0.001356577816827964
2020-12-17,73.6166000366211,19.15999984741211,13740.7001953125,-0.0019414874773023838
2020-12-18,73.52980041503906,18.6200008392334,13760.5498046875,-0.001179076750880248
2020-12-21,73.60359954833984,23.190000534057617,13328.400390625,0.0010036629078853387
2020-12-22,73.935302734375,21.989999771118164,13466.2998046875,0.00450661636211569
2020-12-23,74.2699966430664,20.5,13601.099609375,0.004526848424410312
2020-12-24,73.83979797363281,19.969999313354492,13749.25,-0.005792361503678012
2020-12-28,73.68900299072266,20.43000030517578,13873.2001953125,0.0017836680437879338
2020-12-29,73.5448989868164,20.790000915527344,13932.599609375,-0.001955570004446794
2020-12-30,73.45359802246094,21.110000610351562,13981.9501953125,-0.001241431637180379
2020-12-31,73.13400268554688,21.100000381469727,13981.75,-0.0043509827362893105
2021-01-04,73.09200286865234,20.030000686645508,14132.900390625,3.830918497671476e-05
2021-01-05,73.31999969482422,20.459999084472656,14199.5,0.0031193128827182726
2021-01-06,73.37480163574219,21.0,14146.25,0.0007474350947362929
2021-01-07,73.36000061035156,20.6200008392334,14137.349609375,-0.00020171809750302305
2021-01-08,73.44599914550781,20.639999389648438,14347.25,0.001172281003827047
2021-01-11,73.37339782714844,22.3799991607666,14484.75,-0.0009884992947749582
2021-01-12,73.51349639892578,22.850000381469727,14563.4501953125,0.00190939190396211
2021-01-13,73.16500091552734,23.290000915527344,14564.849609375,-0.004740564664579505
2021-01-14,73.1698989868164,23.030000686645508,14595.599609375,6.694555084774123e-05
2021-01-15,73.08760070800781,24.010000228881836,14433.7001953125,-0.0011247559440176191
2021-01-18,73.15899658203125,24.399999618530273,14281.2998046875,0.0009768534379541727
2021-01-19,73.1886978149414,22.899999618530273,14521.150390625,0.00040598196117747065
2021-01-20,73.19190216064453,21.549999237060547,14644.7001953125,4.37819745233714e-05
2021-01-21,72.91089630126953,22.18000030517578,14590.349609375,-0.0038393025878495912
2021-01-25,72.99590301513672,23.25,14238.900390625,0.0005619960375828903
2021-01-27,72.91999816894531,24.389999389648438,13967.5,-0.0006852549118996354
2021-01-28,73.03710174560547,24.290000915527344,13817.5498046875,0.0016059185353904937
2021-01-29,72.93879699707031,25.34000015258789,13634.599609375,-0.001345956317893915
2021-02-01,72.90660095214844,23.31999969482422,14281.2001953125,-0.00044141178971146555
2021-02-02,73.11979675292969,23.350000381469727,14647.849609375,0.0029242317979023547
2021-02-03,72.91629791259766,23.75,14789.9501953125,-0.002783088156271152
2021-02-04,72.85800170898438,23.1200008392334,14895.650390625,-0.0007994948356149223
2021-02-05,72.9457015991211,23.420000076293945,14924.25,0.0012037097927419804
2021-02-08,72.78479766845703,23.959999084472656,15115.7998046875,-0.0022058041411174845
2021-02-09,72.92990112304688,24.270000457763672,15109.2998046875,0.0019935956303789304
2021-02-10,72.85489654541016,23.950000762939453,15106.5,-0.0010284475432124074
2021-02-11,72.80729675292969,23.049999237060547,15173.2998046875,-0.0006533506289559954
2021-02-12,72.70950317382812,22.040000915527344,15163.2998046875,-0.0013431837667785551
2021-02-16,72.63870239257812,21.780000686645508,15313.4501953125,0.0006047200957295384
2021-02-18,72.79730224609375,21.540000915527344,15118.9501953125,-0.001887918243767439
2021-02-19,72.60540008544922,22.25,14981.75,-0.00263611637689265
2021-02-22,72.5530014038086,25.469999313354492,14675.7001953125,-0.0007216912458157809
2021-02-23,72.44400024414062,25.229999542236328,14707.7998046875,-0.0015023659608690565
2021-02-24,72.37699890136719,24.170000076293945,14982.0,-0.000924870831920388
2021-02-25,72.4000015258789,22.889999389648438,15097.349609375,0.00031781677688891286
2021-02-26,73.1509017944336,28.139999389648438,14529.150390625,0.010371550452057399
2021-03-01,73.59590148925781,25.6299991607666,14761.5498046875,0.006083311126836799
2021-03-02,73.30940246582031,23.610000610351562,14919.099609375,-0.003892866554251251
2021-03-03,73.27749633789062,22.09000015258789,15245.599609375,-0.0004352255898493196
2021-03-04,72.88069915771484,24.149999618530273,15080.75,-0.005414993688459324
2021-03-05,73.13179779052734,25.559999465942383,14938.099609375,0.0034453378701693183
2021-03-08,73.1333999633789,24.68000030517578,14956.2001953125,2.190801949319976e-05
2021-03-09,73.33000183105469,22.5,15098.400390625,0.002688263745077135
2021-03-10,72.7759017944336,20.75,15174.7998046875,-0.0075562528676555996
2021-03-12,72.63899993896484,21.709999084472656,15030.9501953125,-0.0009215379967577597
2021-03-15,72.68299865722656,21.229999542236328,14929.5,0.0006057175663030101
2021-03-16,72.51529693603516,20.190000534057617,14910.4501953125,-0.002307303279853512
2021-03-17,72.5156021118164,20.15999984741211,14721.2998046875,4.208433173946702e-06
2021-03-18,72.29560089111328,20.079999923706055,14557.849609375,-0.003033846707414689
2021-03-19,72.6688003540039,19.989999771118164,14744.0,0.0051621323882862225
2021-03-22,72.40499877929688,20.489999771118164,14736.400390625,-0.003630190307558845
2021-03-23,72.38050079345703,20.670000076293945,14814.75,-0.00033834660938969474
2021-03-24,72.61219787597656,22.459999084472656,14549.400390625,0.0032010980855285975
2021-03-25,72.64559936523438,22.700000762939453,14324.900390625,0.0004599983230759719
2021-03-26,72.61280059814453,20.649999618530273,14507.2998046875,-0.00045149007477995884
2021-03-30,72.74189758300781,20.489999771118164,14845.099609375,0.004067798823458757
2021-03-31,73.44529724121094,20.649999618530273,14690.7001953125,0.009669800782973192
2021-04-01,73.20349884033203,19.989999771118164,14867.349609375,-0.003292224416830747
2021-04-05,73.3759994506836,21.219999313354492,14637.7998046875,0.0012102961998510242
2021-04-06,73.27950286865234,20.84000015258789,14683.5,-0.0013150973445493763
2021-04-07,73.48999786376953,20.25,14819.0498046875,0.002872494857047325
2021-04-08,74.40149688720703,20.309999465942383,14873.7998046875,0.012403035105908788
2021-04-09,74.54450225830078,19.790000915527344,14834.849609375,0.001922076531746919
2021-04-12,74.72949981689453,23.0,14310.7998046875,0.0024817062692661374
2021-04-13,74.99099731445312,20.459999084472656,14504.7998046875,0.0034992539519109744
2021-04-15,75.0261001586914,20.889999389648438,14581.4501953125,-0.00206703950299314
2021-04-16,74.72740173339844,20.399999618530273,14617.849609375,-0.003981260183605118
2021-04-19,74.56320190429688,22.489999771118164,14359.4501953125,-0.002197317520651554
2021-04-20,74.8781967163086,22.43000030517578,14296.400390625,0.00422453440795123
2021-04-22,75.42949676513672,23.030000686645508,14406.150390625,-0.0002611919697271814
2021-04-23,75.0916976928711,22.690000534057617,14341.349609375,-0.004478341852358181
2021-04-26,74.86810302734375,23.5,14485.0,-0.002977621659878582
2021-04-27,74.81490325927734,23.079999923706055,14653.0498046875,-0.0007105798853614953
2021-04-28,74.57499694824219,22.579999923706055,14864.5498046875,-0.003206664722986252
2021-04-29,74.31179809570312,23.309999465942383,14894.900390625,-0.003529317644112462
2021-04-30,74.10579681396484,23.030000686645508,14631.099609375,-0.0027721208074252823
2021-05-03,74.09480285644531,23.690000534057617,14634.150390625,-0.00014835489249420686
2021-05-04,73.8375015258789,23.010000228881836,14496.5,-0.0034725961963204544
2021-05-06,73.79940032958984,22.040000915527344,14724.7998046875,0.00027785970060234533
2021-05-07,73.61519622802734,20.81999969482422,14823.150390625,-0.002496010817701011
2021-05-10,73.29029846191406,20.229999542236328,14942.349609375,-0.004413460572826433
2021-05-12,73.3750991821289,20.079999923706055,14696.5,-0.0016993308553889808
2021-05-14,73.44490051269531,20.270000457763672,14677.7998046875,-0.0032124975213808638
2021-05-17,73.27890014648438,19.610000610351562,14923.150390625,-0.002260202751343421
2021-05-18,73.26969909667969,19.239999771118164,15108.099609375,-0.0001255620620164155
2021-05-19,73.1281967163086,19.31999969482422,15030.150390625,-0.001931253739480776
2021-05-21,73.02189636230469,19.079999923706055,15175.2998046875,-0.0027450978757739275
2021-05-24,72.90979766845703,19.1299991607666,15197.7001953125,-0.0015351380809321968
2021-05-26,72.80490112304688,20.8700008392334,15301.4501953125,-0.0004352225904301621
2021-05-27,72.67250061035156,19.90999984741211,15337.849609375,-0.0018185659296692247
2021-05-28,72.68299865722656,17.399999618530273,15435.650390625,0.00014445693745002153
2021-06-01,72.48719787597656,17.389999389648438,15574.849609375,0.0012942680293033249
2021-06-02,72.8550033569336,17.209999084472656,15576.2001953125,0.005074075033033143
2021-06-03,72.96510314941406,15.75,15690.349609375,0.0015112180002390119
2021-06-04,73.04419708251953,15.9399995803833,15670.25,0.0010839967284566043
2021-06-07,72.90969848632812,15.569999694824219,15751.650390625,-0.0018413317082458525
2021-06-08,72.80940246582031,15.229999542236328,15740.099609375,-0.001375619740446754
2021-06-09,72.97530364990234,14.75,15635.349609375,0.002278568130811287
2021-06-10,72.98529815673828,15.0,15737.75,0.00013695738607522046
2021-06-11,73.01229858398438,14.100000381469727,15799.349609375,0.00036994337117191023
2021-06-14,73.23159790039062,14.720000267028809,15811.849609375,0.0030035941979555947
2021-06-15,73.18080139160156,14.609999656677246,15869.25,-0.0006936419557327378
2021-06-16,73.3447036743164,14.869999885559082,15767.5498046875,0.0022396896398795274
2021-06-17,73.8240966796875,15.289999961853027,15691.400390625,0.00653616391307299
2021-06-18,74.25389862060547,14.800000190734863,15683.349609375,0.0058219735865217
2021-06-21,74.1438980102539,15.0600004196167,15746.5,-0.0014814119176906893
2021-06-22,74.13520050048828,14.739999771118164,15772.75,-0.00011730580666835522
2021-06-23,74.33219909667969,15.369999885559082,15686.9501953125,0.00265728823637712
2021-06-24,74.24690246582031,15.100000381469727,15790.4501953125,-0.0011475058170744568
2021-06-25,74.19029998779297,13.369999885559082,15860.349609375,-0.0007623547400297248
2021-06-28,74.21299743652344,13.399999618530273,15814.7001953125,0.0003059355297687638
2021-06-29,74.285400390625,13.0,15748.4501953125,0.0009756101572839793
2021-06-30,74.28759765625,13.050000190734863,15721.5,2.9578700706300864e-05
2021-07-01,74.37100219726562,12.84000015258789,15680.0,0.0011227249722296495
2021-07-02,74.54499816894531,12.09000015258789,15722.2001953125,0.0023395673923847227
2021-07-06,74.31780242919922,12.279999732971191,15818.25,-0.002201797535420824
2021-07-07,74.76290130615234,12.210000038146973,15879.650390625,0.005989128612584604
2021-07-08,74.8218994140625,13.5600004196167,15727.900390625,0.0007891361474665626
2021-07-09,74.72139739990234,12.9399995803833,15689.7998046875,-0.0013432165575479882
2021-07-12,74.4905014038086,12.989999771118164,15692.599609375,-0.003090092050313409
2021-07-13,74.54170227050781,12.619999885559082,15812.349609375,0.0006873475910931237
2021-07-14,74.65910339355469,12.59000015258789,15853.9501953125,0.0015749723909017632
2021-07-15,74.46910095214844,12.270000457763672,15924.2001953125,-0.0025449333406092345
2021-07-16,74.53700256347656,11.710000038146973,15923.400390625,0.0009118091995197197
2021-07-19,74.63179779052734,12.680000305175781,15752.400390625,0.0012717874852836708
2021-07-20,74.99340057373047,13.210000038146973,15632.099609375,0.004845157076586171
2021-07-22,74.44020080566406,11.890000343322754,15824.0498046875,-0.001164673488593837
2021-07-23,74.4520034790039,11.760000228881836,15856.0498046875,0.00015855241135986908
2021-07-26,74.44889831542969,12.449999809265137,15824.4501953125,-4.1706917599526605e-05
2021-07-27,74.28949737548828,13.229999542236328,15746.4501953125,-0.0021410785592292925
2021-07-28,74.5022964477539,13.6899995803833,15709.400390625,0.0028644570199480857
2021-07-29,74.38999938964844,12.949999809265137,15778.4501953125,-0.0015072965996990595
2021-07-30,74.25199890136719,12.800000190734863,15763.0498046875,-0.0018550946284918712
2021-08-02,74.37909698486328,12.8100004196167,15885.150390625,0.0017117126188741505
2021-08-03,74.33200073242188,13.75,16130.75,-0.0006331920438747973
2021-08-04,74.21440124511719,13.210000038146973,16258.7998046875,-0.0015820842456268913
2021-08-05,74.18399810791016,12.869999885559082,16294.599609375,-0.00040966627362004626
2021-08-06,74.08200073242188,12.609999656677246,16238.2001953125,-0.0013749242166742892
2021-08-09,74.49140167236328,12.609999656677246,16258.25,0.005526321318185312
2021-08-10,74.46620178222656,12.710000038146973,16280.099609375,-0.0003382926025148336
2021-08-11,74.43550109863281,12.710000038146973,16282.25,-0.00041227674916910484
2021-08-12,74.10299682617188,12.369999885559082,16364.400390625,-0.0044670119439425005
2021-08-13,74.26010131835938,12.989999771118164,16529.099609375,0.002120082843019455
2021-08-16,74.216796875,13.460000038146973,16563.05078125,-0.0005831454925401269
2021-08-17,74.13500213623047,13.40999984741211,16614.599609375,-0.0011021054830390176
2021-08-18,74.364501953125,12.90999984741211,16568.849609375,0.0030957012245416138
2021-08-20,74.4292984008789,14.020000457763672,16450.5,0.00214757715473457
2021-08-23,74.30149841308594,13.6899995803833,16496.44921875,-0.0017170655983431704
2021-08-24,74.10590362548828,13.1899995803833,16624.599609375,-0.002632447417281303
2021-08-25,74.1447982788086,13.5,16634.650390625,0.0005248522913487985
2021-08-26,74.0999984741211,13.539999961853027,16636.900390625,-0.0006042204676184326
2021-08-27,74.15599822998047,13.40999984741211,16705.19921875,0.0007557322133944222
2021-08-30,73.49659729003906,13.319999694824219,16931.05078125,-0.008892078263128544
2021-08-31,73.41120147705078,14.520000457763672,17132.19921875,-0.0011619015864269278
2021-09-01,72.99669647216797,14.1899995803833,17076.25,-0.005646345469667802
2021-09-02,72.98509979248047,14.239999771118164,17234.150390625,-0.00015886581513890885
2021-09-03,73.0542984008789,14.539999961853027,17323.599609375,0.0009481196654548274
2021-09-06,72.99449920654297,15.109999656677246,17377.80078125,-0.0008185581908923822
2021-09-07,73.11000061035156,14.899999618530273,17362.099609375,0.0015823302449375909
2021-09-08,73.3904037475586,14.40999984741211,17353.5,0.00383535952490921
2021-09-09,73.78900146484375,13.9399995803833,17369.25,0.005431196681465522
2021-09-13,73.52429962158203,14.029999732971191,17355.30078125,-0.00018633077052443436
2021-09-14,73.54080200195312,13.579999923706055,17380.0,0.00022444797782550374
2021-09-15,73.65080261230469,13.729999542236328,17519.44921875,0.0014957765941774337
2021-09-16,73.43800354003906,14.40999984741211,17629.5,-0.002889297396876933
2021-09-17,73.56490325927734,15.229999542236328,17585.150390625,0.0017279843285649132
2021-09-20,73.69609832763672,17.489999771118164,17396.900390625,0.00178339211426648
2021-09-21,73.65899658203125,16.520000457763672,17562.0,-0.0005034424677480276
2021-09-22,73.7927017211914,16.489999771118164,17546.650390625,0.0018151908845411846
2021-09-23,73.8749008178711,16.600000381469727,17822.94921875,0.0011139190565248036
2021-09-24,73.83999633789062,16.920000076293945,17853.19921875,-0.0004724809048004541
2021-09-27,73.81289672851562,18.049999237060547,17855.099609375,-0.0003670044788598448
2021-09-28,73.82530212402344,18.540000915527344,17748.599609375,0.00016806542024006
2021-09-29,74.16329956054688,18.84000015258789,17711.30078125,0.004578341392434959
2021-09-30,74.3219985961914,18.399999618530273,17618.150390625,0.0021398594262243
2021-10-01,74.25440216064453,17.209999084472656,17532.05078125,-0.0009095077745976399
2021-10-04,74.152099609375,16.739999771118164,17691.25,-0.001377730454932613
2021-10-05,74.57279968261719,16.399999618530273,17822.30078125,0.005673474863940209
2021-10-06,74.56320190429688,17.329999923706055,17646.0,-0.00012870347313176378
2021-10-07,74.76000213623047,16.15999984741211,17790.349609375,0.0026393747439412696
2021-10-08,74.83000183105469,15.649999618530273,17895.19921875,0.0009363254791869835
2021-10-11,75.30580139160156,16.09000015258789,17945.94921875,0.006358406373169645
2021-10-12,75.40260314941406,15.850000381469727,17991.94921875,0.0012854488767619632
2021-10-13,75.48390197753906,16.100000381469727,18161.75,0.0010781965705335406
2021-10-14,75.3062973022461,15.770000457763672,18338.55078125,-0.002352881483866809
2021-10-18,75.00589752197266,17.18000030517578,18477.05078125,0.00014527335144509657
2021-10-19,75.2354965209961,17.3799991607666,18418.75,0.0030610792832146405
2021-10-20,75.12010192871094,18.309999465942383,18266.599609375,-0.0015337785702385087
2021-10-21,74.80919647216797,18.040000915527344,18178.099609375,-0.004138778416967748
2021-10-22,74.86540222167969,17.549999237060547,18114.900390625,0.0007513213904473126
2021-10-25,74.99369812011719,17.610000610351562,18125.400390625,0.0017136874261038937
2021-10-26,75.08989715576172,16.75,18268.400390625,0.0012827615927200053
2021-10-27,74.88890075683594,16.829999923706055,18210.94921875,-0.0026767435639024617
2021-10-28,75.05000305175781,17.90999984741211,17857.25,0.0021512172470654622
2021-10-29,74.79720306396484,17.43000030517578,17671.650390625,-0.003368420753009471
2021-11-01,74.92829895019531,17.239999771118164,17929.650390625,0.0017526843365835987
2021-11-02,74.82990264892578,17.059999465942383,17888.94921875,-0.0013132061270326734
2021-11-03,74.71199798583984,16.1299991607666,17829.19921875,-0.0015756356605073352
2021-11-04,74.43550109863281,15.75,17916.80078125,-0.003700836474209046
2021-11-08,74.19110107421875,16.34000015258789,18068.55078125,-0.0038535159927367557
2021-11-09,73.91850280761719,16.0,18044.25,-0.0036742717476164755
2021-11-10,74.17479705810547,16.309999465942383,18017.19921875,0.0034672543511240494
2021-11-11,74.40489959716797,16.350000381469727,17873.599609375,0.0031021660751191504
2021-11-12,74.32209777832031,15.220000267028809,18102.75,-0.0011128543858798245
2021-11-15,74.33999633789062,15.470000267028809,18109.44921875,0.0002408241977196468
2021-11-16,74.43509674072266,15.199999809265137,17999.19921875,0.0012792629474958073
2021-11-17,74.45860290527344,14.979999542236328,17898.650390625,0.0003157941022453592
2021-11-18,74.25980377197266,14.859999656677246,17764.80078125,-0.002669928329889437
2021-11-22,74.30259704589844,17.520000457763672,17416.55078125,0.0017283148328663955
2021-11-23,74.42980194091797,18.020000457763672,17503.349609375,0.001711984507633657
2021-11-24,74.4469985961914,17.100000381469727,17415.05078125,0.00023104529133499696
2021-11-25,74.625,16.65999984741211,17536.25,0.0023909815998639505
2021-11-26,74.50579833984375,20.799999237060547,17026.44921875,-0.0015973421796482423
2021-11-29,74.98159790039062,20.829999923706055,17053.94921875,0.006386074253933893
2021-11-30,75.05490112304688,21.170000076293945,16983.19921875,0.0009776161712855558
2021-12-01,75.0509033203125,19.450000762939453,17166.900390625,-5.326504564728829e-05
2021-12-02,75.01789855957031,18.09000015258789,17401.650390625,-0.0004397650032448297
2021-12-03,74.9834976196289,18.450000762939453,17196.69921875,-0.00045856976270919336
2021-12-06,75.23400115966797,20.079999923706055,16912.25,0.003340782278652865
2021-12-07,75.39129638671875,18.459999084472656,17176.69921875,0.0020907465325012975
2021-12-08,75.40859985351562,17.270000457763672,17469.75,0.0002295154431104507
2021-12-09,75.38330078125,16.600000381469727,17516.849609375,-0.0003354931972582298
2021-12-10,75.59919738769531,16.059999465942383,17511.30078125,0.0028639845192213187
2021-12-13,75.70999908447266,16.56999969482422,17368.25,0.0014656464698841187
2021-12-14,75.82689666748047,16.950000762939453,17324.900390625,0.0015440177575143377
2021-12-15,76.04720306396484,17.219999313354492,17221.400390625,0.002905385900869417
2021-12-16,76.2114028930664,15.899999618530273,17248.400390625,0.0021591830137848156
2021-12-17,76.1675033569336,16.34000015258789,16985.19921875,-0.0005760231994995646
2021-12-20,76.00599670410156,18.969999313354492,16614.19921875,-0.002120414162391282
2021-12-21,75.75869750976562,17.540000915527344,16770.849609375,-0.00325368003920401
2021-12-22,75.6864013671875,16.579999923706055,16955.44921875,-0.0009542949516628818
2021-12-23,75.45850372314453,15.829999923706055,17072.599609375,-0.003011077814855212
2021-12-24,75.06739807128906,16.149999618530273,17003.75,-0.005183056018317367
2021-12-27,75.31500244140625,17.1200008392334,17086.25,0.003298427499539125
2021-12-28,74.98030090332031,16.479999542236328,17233.25,-0.004444022136842252
2021-12-29,74.74500274658203,16.239999771118164,17213.599609375,-0.0031381330016490017
2021-12-30,74.57029724121094,16.56999969482422,17203.94921875,-0.0023373536551122287
2021-12-31,74.43119812011719,16.219999313354492,17354.05078125,-0.0018653421836821726
2022-01-03,74.51380157470703,16.450000762939453,17625.69921875,0.0011097961160928538
2022-01-04,74.4032974243164,16.1200008392334,17805.25,-0.00148300245129529
2022-01-05,74.53489685058594,17.229999542236328,17925.25,0.0017687311023197871
2022-01-06,74.43009948730469,17.979999542236328,17745.900390625,-0.0014060174188116337
2022-01-07,74.41929626464844,17.600000381469727,17812.69921875,-0.0001451458849398568
2022-01-10,74.2699966430664,17.68000030517578,18003.30078125,-0.002006195020322399
2022-01-11,74.05699920654297,17.760000228881836,18055.75,-0.002867879980486321
2022-01-12,73.81529998779297,17.18000030517578,18212.349609375,-0.0032636917690374023
2022-01-13,73.79910278320312,16.700000762939453,18257.80078125,-0.0002194288256299748
2022-01-14,73.97229766845703,16.559999465942383,18255.75,0.002346842694858964
2022-01-17,74.37899780273438,16.770000457763672,18308.099609375,0.005498005971102504
2022-01-18,74.25509643554688,17.780000686645508,18113.05078125,-0.0016658111946615817
2022-01-19,74.61969757080078,17.81999969482422,17938.400390625,0.0049101159752769075
2022-01-20,74.44920349121094,17.790000915527344,17757.0,-0.002284840131227761
2022-01-21,74.45220184326172,18.889999389648438,17617.150390625,4.027379622861815e-05
2022-01-24,74.41320037841797,22.829999923706055,17149.099609375,-0.0005238456872753705
2022-01-25,74.6447982788086,21.360000610351562,17277.94921875,0.003112322803116463
2022-01-27,74.8949966430664,21.06999969482422,17110.150390625,0.0015378158016414734
2022-01-28,75.20929718017578,20.700000762939453,17101.94921875,0.0041965491848174885
2022-01-31,75.03900146484375,21.950000762939453,17339.849609375,-0.0022642907421945857
2022-02-01,74.55580139160156,19.979999542236328,17576.849609375,-0.006439319071544047
2022-02-02,74.74549865722656,18.649999618530273,17780.0,0.0025443662610320494
2022-02-03,74.82240295410156,19.15999984741211,17560.19921875,0.001028881982949592
2022-02-04,74.6438980102539,18.899999618530273,17516.30078125,-0.002385715197588012
2022-02-07,74.64219665527344,20.440000534057617,17213.599609375,-2.279295462614961e-05
2022-02-08,74.6583023071289,19.68000030517578,17266.75,0.00021577140782502724
2022-02-09,74.69519805908203,18.559999465942383,17463.80078125,0.0004941948961194598
2022-02-10,74.80889892578125,17.709999084472656,17605.849609375,0.0015221978072712528
2022-02-11,75.53839874267578,18.68000030517578,17374.75,0.009751511215507547
2022-02-14,75.34100341796875,22.979999542236328,16842.80078125,-0.002613178568683483
2022-02-15,75.6854019165039,20.610000610351562,17352.44921875,0.004571196067359784
2022-02-16,75.17479705810547,20.59000015258789,17322.19921875,-0.006746411401259866
2022-02-17,75.04199981689453,22.010000228881836,17304.599609375,-0.001766512799606157
2022-02-18,75.06300354003906,22.170000076293945,17276.30078125,0.0002798929025848995
2022-02-21,74.68240356445312,22.899999618530273,17206.650390625,-0.005070406959973628
2022-02-22,74.51699829101562,26.65999984741211,17092.19921875,-0.0022147824058013077
2022-02-23,74.62300109863281,24.540000915527344,17063.25,0.0014225319061189623
2022-02-24,74.63300323486328,31.979999542236328,16247.9501953125,0.0001340355665573334
2022-02-25,75.4083023071289,26.739999771118164,16658.400390625,0.010388153211868367
2022-02-28,75.06800079345703,28.56999969482422,16793.900390625,-0.0045127857710662855
2022-03-02,75.80120086669922,29.229999542236328,16605.94921875,0.006859329031026373
2022-03-03,75.63099670410156,28.15999984741211,16498.05078125,-0.002245401928354318
2022-03-04,75.8917007446289,27.959999084472656,16245.349609375,0.003447052820780838
2022-03-07,76.41799926757812,29.329999923706055,15863.150390625,0.006934862676489351
2022-03-08,77.08080291748047,28.59000015258789,16013.4501953125,0.008673397056386367
2022-03-09,76.91449737548828,27.469999313354492,16345.349609375,-0.00215754812738822
2022-03-10,76.13490295410156,25.579999923706055,16594.900390625,-0.010135857972012996
2022-03-11,76.310302734375,25.350000381469727,16630.44921875,0.002303802506705477
2022-03-14,76.75370025634766,25.68000030517578,16871.30078125,0.005810454238611262
2022-03-15,76.49009704589844,26.729999542236328,16663.0,-0.0034344039384266445
2022-03-16,76.26589965820312,24.1200008392334,16975.349609375,-0.0029310642338548076
2022-03-17,76.02420043945312,22.610000610351562,17287.05078125,-0.0031691649850484893
2022-03-21,75.94640350341797,24.6200008392334,17117.599609375,-0.00046319632575764214
2022-03-22,76.30709838867188,24.06999969482422,17315.5,0.004749334644104319
2022-03-23,76.10189819335938,24.75,17245.650390625,-0.002689136392885816
2022-03-24,76.55239868164062,23.93000030517578,17222.75,0.0059197010715372755
2022-03-25,76.32350158691406,23.43000030517578,17153.0,-0.002990070836035863
2022-03-28,76.27850341796875,22.610000610351562,17222.0,-0.000589571599962202
2022-03-29,76.03410339355469,21.299999237060547,17325.30078125,-0.0032040484994162455
2022-03-30,75.66670227050781,20.610000610351562,17498.25,-0.004832057019798053
2022-03-31,75.82779693603516,20.559999465942383,17464.75,0.002129003388457784
2022-04-01,75.9092025756836,18.43000030517578,17670.44921875,0.001073559340212693
2022-04-04,75.99479675292969,17.90999984741211,18053.400390625,0.001127586304977335
2022-04-05,75.47799682617188,18.489999771118164,17957.400390625,-0.006800464621781965
2022-04-06,75.45069885253906,19.020000457763672,17807.650390625,-0.00036166796656889044
2022-04-07,75.94509887695312,19.0,17639.55078125,0.006552623526792312
2022-04-08,75.91320037841797,17.690000534057617,17784.349609375,-0.00042002050174216876
2022-04-11,75.91729736328125,18.270000457763672,17674.94921875,5.396933396117909e-05
2022-04-12,75.83699798583984,18.15999984741211,17530.30078125,-0.0010577217607886658
2022-04-13,76.1498031616211,17.790000915527344,17475.650390625,0.004124704090207487
2022-04-18,76.3313980102539,19.34000015258789,17173.650390625,0.00029614234108610304
2022-04-19,76.28019714355469,19.770000457763672,16958.650390625,-0.0006707707186541789
2022-04-20,76.44539642333984,18.670000076293945,17136.55078125,0.002165690257384334
2022-04-21,76.27619934082031,17.850000381469727,17392.599609375,-0.0022133063655337404
2022-04-22,76.28520202636719,18.350000381469727,17171.94921875,0.00011802745318556518
2022-04-25,76.4635009765625,21.260000228881836,16953.94921875,0.002337267850895719
2022-04-26,76.52780151367188,19.190000534057617,17200.80078125,0.0008409311146906351
2022-04-27,76.79409790039062,20.610000610351562,17038.400390625,0.003479733919589778
2022-04-28,76.47219848632812,19.3799991607666,17245.05078125,-0.004191720755415851
2022-04-29,76.58899688720703,19.420000076293945,17102.55078125,0.0015273315425838874
2022-05-02,76.52310180664062,20.280000686645508,17069.099609375,-0.0008603726807318024
2022-05-04,76.46730041503906,21.8799991607666,16677.599609375,-0.0007422608217789728
2022-05-05,76.00160217285156,20.290000915527344,16682.650390625,-0.0060901619340534285
2022-05-06,76.54180145263672,21.25,16411.25,0.007107735420584627
2022-05-09,76.9574966430664,22.030000686645508,16301.849609375,0.00543095645177516
2022-05-10,77.3655014038086,22.299999237060547,16240.0498046875,0.005301689614912286
2022-05-11,77.27140045166016,22.799999237060547,16167.099609375,-0.0012163167101739703
2022-05-12,77.41840362548828,24.270000457763672,15808.0,0.0019024266801024314
2022-05-13,77.44380187988281,23.489999771118164,15782.150390625,0.000328064816699003
2022-05-16,77.48629760742188,24.530000686645508,15842.2998046875,0.0005487298725981304
2022-05-17,77.8053970336914,22.739999771118164,16259.2998046875,0.004118140059887976
2022-05-18,77.37239837646484,22.299999237060547,16240.2998046875,-0.0055651493821060605
2022-05-19,77.81999969482422,24.559999465942383,15809.400390625,0.005785025768252794
2022-05-20,77.42109680175781,23.100000381469727,16266.150390625,-0.0051259688335997255
2022-05-23,77.81839752197266,23.399999618530273,16214.7001953125,0.005131685504690786
2022-05-24,77.52680206298828,25.639999389648438,16125.150390625,-0.003747127520867255
2022-05-25,77.47879791259766,25.280000686645508,16025.7998046875,-0.0006191942542866924
2022-05-26,77.49729919433594,22.719999313354492,16170.150390625,0.00023879154345096687
2022-05-27,77.63020324707031,21.479999542236328,16352.4501953125,0.0017149507675242592
2022-05-30,77.69200134277344,19.979999542236328,16661.400390625,0.000796057373525727
2022-05-31,77.5208969116211,20.479999542236328,16584.55078125,-0.002202342946443614
2022-06-01,77.5989990234375,20.850000381469727,16522.75,0.0010074975255438545
2022-06-02,77.58409881591797,20.31999969482422,16628.0,-0.0001920154603415325
2022-06-03,77.3604965209961,19.979999542236328,16584.30078125,-0.00288206344256714
2022-06-06,77.69419860839844,20.200000762939453,16569.55078125,0.004313598055976531
2022-06-07,77.82099914550781,20.43000030517578,16416.349609375,0.0016320463996093437
2022-06-08,77.67060089111328,19.84000015258789,16356.25,-0.0019326178800830318
2022-06-09,77.72429656982422,19.139999389648438,16478.099609375,0.0006913256508238597
2022-06-10,77.8187026977539,19.579999923706055,16201.7998046875,0.0012146282706446687
2022-06-13,78.17759704589844,22.3700008392334,15774.400390625,0.004611929211136623
2022-06-14,78.16059875488281,21.889999389648438,15732.099609375,-0.0002174317407791504
2022-06-15,77.9854965209961,22.149999618530273,15692.150390625,-0.002240287775121197
2022-06-16,77.90019989013672,22.8700008392334,15360.599609375,-0.0010937499235695869
2022-06-17,77.97769927978516,22.760000228881836,15293.5,0.0009948548239637756
2022-06-20,77.9614028930664,22.40999984741211,15350.150390625,-0.00020898778585753952
2022-06-21,77.93399810791016,21.139999389648438,15638.7998046875,-0.0003515173424193385
2022-06-22,78.13490295410156,21.299999237060547,15413.2998046875,0.002577884505722716
2022-06-23,78.19309997558594,20.8799991607666,15556.650390625,0.0007448274623000906
2022-06-24,78.14240264892578,20.549999237060547,15699.25,-0.0006483606184687352
2022-06-27,78.2522964477539,21.010000228881836,15832.0498046875,0.0014063273600870563
2022-06-28,78.44110107421875,21.450000762939453,15850.2001953125,0.002412767867980836
2022-06-29,79.07319641113281,21.899999618530273,15799.099609375,0.008058216015045305
2022-06-30,78.89830017089844,21.84000015258789,15780.25,-0.002211827119331544
2022-07-01,78.96299743652344,21.25,15752.0498046875,0.0008200083586700213
2022-07-04,78.95069885253906,20.969999313354492,15835.349609375,-0.00015575123011590808
2022-07-05,78.93949890136719,20.790000915527344,15810.849609375,-0.00014186006374428128
2022-07-06,79.36840057373047,20.270000457763672,15989.7998046875,0.00543329611072374
2022-07-07,79.04389953613281,19.200000762939453,16132.900390625,-0.004088541979577975
2022-07-08,79.22160339355469,18.399999618530273,16220.599609375,0.0022481666322731186
2022-07-11,79.3313980102539,18.3700008392334,16216.0,0.0013859176284753971
2022-07-12,79.47779846191406,18.549999237060547,16058.2998046875,0.0018454288633769078
2022-07-13,79.47640228271484,18.520000457763672,15966.650390625,-1.7566908321997587e-05
2022-07-14,79.80750274658203,18.34000015258789,15938.650390625,0.004166022295390093
2022-07-15,79.87830352783203,17.600000381469727,16049.2001953125,0.0008871444264435535
2022-07-18,79.72049713134766,17.15999984741211,16278.5,-0.0019755852279635944
2022-07-19,80.0302963256836,17.200000762939453,16340.5498046875,0.003886067015180794
2022-07-20,79.85590362548828,16.81999969482422,16520.849609375,-0.002179083524639469
2022-07-21,80.00340270996094,16.860000610351562,16605.25,0.0018470654989317659
2022-07-22,79.7759017944336,16.649999618530273,16719.44921875,-0.002843640493043864
2022-07-25,79.87680053710938,17.68000030517578,16631.0,0.0012647772122436063
2022-07-26,79.72250366210938,18.170000076293945,16483.849609375,-0.001931685720540588
2022-07-27,79.84120178222656,18.1299991607666,16641.80078125,0.0014888910240484776
2022-07-28,79.84739685058594,17.010000228881836,16929.599609375,7.759237362514604e-05
2022-07-29,79.57150268554688,16.549999237060547,17158.25,-0.00345526812295871
2022-08-01,79.1948013305664,17.489999771118164,17340.05078125,-0.004734123929632572
2022-08-02,78.95570373535156,18.530000686645508,17345.44921875,-0.0030191072039795763
2022-08-03,78.60449981689453,18.450000762939453,17388.150390625,-0.004448113332435333
2022-08-04,79.11830139160156,19.260000228881836,17382.0,0.006536541494493342
2022-08-05,79.15489959716797,18.920000076293945,17397.5,0.00046257572423424875
2022-08-08,79.41059875488281,19.299999237060547,17525.099609375,0.003230364248026918
2022-08-10,79.57839965820312,19.59000015258789,17534.75,-0.00029520068854604897
2022-08-11,79.0978012084961,18.360000610351562,17659.0,-0.006039307799242555
2022-08-12,79.61399841308594,17.610000610351562,17698.150390625,0.006526062630100027
2022-08-16,79.55290222167969,17.68000030517578,17825.25,-0.0009381094034282
2022-08-17,79.14600372314453,17.68000030517578,17944.25,-0.005114816520474741
2022-08-18,79.35970306396484,17.350000381469727,17956.5,0.0027000648266188865
2022-08-19,79.7667007446289,18.290000915527344,17758.44921875,0.005128518189338793
2022-08-22,79.91790008544922,19.040000915527344,17490.69921875,0.001895519551502689
2022-08-23,79.88379669189453,19.049999237060547,17577.5,-0.0004267303510004927
2022-08-24,79.85449981689453,18.43000030517578,17604.94921875,-0.0003667436478137498
2022-08-25,79.79679870605469,19.56999969482422,17522.44921875,-0.0007225780760277134
2022-08-26,79.88289642333984,18.219999313354492,17558.900390625,0.0010789620471156613
2022-08-29,79.95909881591797,19.81999969482422,17312.900390625,0.0009539262594371323
2022-08-30,79.96790313720703,18.700000762939453,17759.30078125,0.00011011031163987717
2022-09-01,79.54879760742188,19.8700008392334,17542.80078125,-0.0016753927904682442
2022-09-02,79.716796875,19.549999237060547,17539.44921875,0.0021119020353672635
2022-09-05,79.72450256347656,19.65999984741211,17665.80078125,9.666329780722016e-05
2022-09-06,79.78299713134766,19.520000457763672,17655.599609375,0.0007337087845047385
2022-09-07,79.89510345458984,19.3700008392334,17624.400390625,0.0014051405346131585
2022-09-08,79.6498031616211,18.309999465942383,17798.75,-0.0030702794334345196
2022-09-09,79.706298828125,17.719999313354492,17833.349609375,0.0007093007673761864
2022-09-12,79.65579986572266,17.940000534057617,17936.349609375,-0.000633563007501281
2022-09-13,79.35530090332031,17.469999313354492,18070.05078125,-0.0037724680802766475
2022-09-14,79.60240173339844,18.280000686645508,18003.75,0.0031138541126467523
2022-09-15,79.45369720458984,18.389999389648438,17877.400390625,-0.0018680909818101776
2022-09-16,79.8490982055664,19.81999969482422,17530.849609375,0.004976495932699221
2022-09-19,79.68949890136719,19.940000534057617,17622.25,-0.001998761511223801
2022-09-20,79.7074966430664,18.799999237060547,17816.25,0.00022584834824335154
2022-09-21,79.76270294189453,19.329999923706055,17718.349609375,0.0006926111238361177
2022-09-22,80.05069732666016,18.81999969482422,17629.80078125,0.0036106397369133347
2022-09-23,81.06220245361328,20.59000015258789,17327.349609375,0.012635806566750007
2022-09-26,81.25479888916016,21.889999389648438,17016.30078125,0.0023759092365778223
2022-09-27,81.61579895019531,21.56999969482422,17007.400390625,0.004442815267164724
2022-09-28,81.72460174560547,22.100000381469727,16858.599609375,0.0013331094813706645
2022-09-29,81.42870330810547,21.299999237060547,16818.099609375,-0.0036206776317011524
2022-09-30,81.48059844970703,19.969999313354492,17094.349609375,0.000637307724343783
2022-10-03,81.52130126953125,21.3700008392334,16887.349609375,0.0004995400205527467
2022-10-04,81.49500274658203,19.56999969482422,17274.30078125,-0.0003225969475422197
2022-10-06,81.6488037109375,19.31999969482422,17331.80078125,0.002250079276288508
2022-10-07,82.3489990234375,18.809999465942383,17314.650390625,0.008575695915630455
2022-10-10,82.8322982788086,19.6200008392334,17241.0,0.005868914754307397
2022-10-11,82.42070007324219,20.489999771118164,16983.55078125,-0.004969054512781845
2022-10-12,82.2739028930664,20.18000030517578,17123.599609375,-0.0017810717458761616
2022-10-13,82.19999694824219,20.290000915527344,17014.349609375,-0.0008982914657673646
2022-10-14,82.19210052490234,18.260000228881836,17185.69921875,-9.606354784674753e-05
2022-10-17,82.41280364990234,18.420000076293945,17311.80078125,0.002685210909449065
2022-10-18,82.1947021484375,17.450000762939453,17486.94921875,-0.0026464516653427195
2022-10-19,82.2863998413086,17.489999771118164,17512.25,0.0011156156111558069
2022-10-20,82.99700164794922,17.229999542236328,17563.94921875,0.008635713896962827
2022-10-21,82.82569885253906,17.280000686645508,17576.30078125,-0.0020639636614437906
2022-10-24,82.54129791259766,17.420000076293945,17730.75,-0.0034337282254357504
2022-10-25,82.7614974975586,16.8799991607666,17656.349609375,0.002667750453767992
2022-10-27,82.04959869384766,16.600000381469727,17736.94921875,-0.004799528421925436
2022-10-28,82.44249725341797,15.920000076293945,17786.80078125,0.004788549436254286
2022-10-31,82.23919677734375,15.800000190734863,18012.19921875,-0.002465966981195389
2022-11-01,82.72899627685547,16.1299991607666,18145.400390625,0.005955791383004616
2022-11-02,82.68450164794922,16.65999984741211,18082.849609375,-0.0005378359572664193
2022-11-03,82.88839721679688,15.9399995803833,18052.69921875,0.002465946637929761
2022-11-04,82.68180084228516,15.65999984741211,18117.150390625,-0.0024924643430052074
2022-11-07,81.9749984741211,15.59000015258789,18202.80078125,-0.00854846363968631
2022-11-09,81.40519714355469,15.920000076293945,18157.0,-0.005142610831398553
2022-11-10,81.34380340576172,15.569999694824219,18028.19921875,-0.0007541746712400599
2022-11-11,80.48290252685547,14.40999984741211,18349.69921875,-0.010583484455624403
2022-11-14,80.49700164794922,14.90999984741211,18329.150390625,0.00017518156839635424
2022-11-15,80.99199676513672,14.640000343322754,18403.400390625,0.00614923670514278
2022-11-16,81.07140350341797,15.100000381469727,18409.650390625,0.000980426973686166
2022-11-17,81.49530029296875,14.880000114440918,18343.900390625,0.0052286844834616986
2022-11-18,81.52490234375,14.390000343322754,18307.650390625,0.00036323629307255523
2022-11-21,81.5198974609375,14.800000190734863,18159.94921875,-6.139084707390552e-05
2022-11-22,81.72769927978516,13.84000015258789,18244.19921875,0.0025490932314682357
2022-11-23,81.71499633789062,14.039999961853027,18267.25,-0.00015543006846485685
2022-11-24,81.63289642333984,13.479999542236328,18484.099609375,-0.0010047104966057763
2022-11-25,81.65540313720703,13.329999923706055,18512.75,0.0002757064229408357
2022-11-28,81.6697006225586,13.569999694824219,18562.75,0.0001750953984946957
2022-11-29,81.65029907226562,13.619999885559082,18618.05078125,-0.00023756117807549604
2022-11-30,81.63089752197266,13.8100004196167,18758.349609375,-0.00023761762679885834
2022-12-01,81.3052978515625,13.359999656677246,18812.5,-0.003988681740544564
2022-12-02,81.16220092773438,13.449999809265137,18696.099609375,-0.0017599950754669802
2022-12-05,81.42250061035156,13.729999542236328,18701.05078125,0.0032071540648455077
2022-12-06,81.89900207519531,14.039999961853027,18642.75,0.005852208680301452
2022-12-07,82.37220001220703,14.079999923706055,18560.5,0.005777822989555537
2022-12-08,82.25350189208984,13.399999618530273,18609.349609375,-0.0014409973279770893
2022-12-09,82.2791976928711,13.479999542236328,18496.599609375,0.0003123976510441828
2022-12-12,82.41300201416016,13.319999694824219,18497.150390625,0.0016262229705803488
2022-12-13,82.64469909667969,12.880000114440918,18608.0,0.0028114141804920223
2022-12-14,82.40249633789062,12.890000343322754,18660.30078125,-0.002930650863713913
2022-12-15,82.50800323486328,13.729999542236328,18414.900390625,0.001280384717230243
2022-12-16,82.85790252685547,14.069999694824219,18269.0,0.004240792144686534
2022-12-19,82.72599792480469,13.550000190734863,18420.44921875,-0.0015919374981526735
2022-12-20,82.58190155029297,13.779999732971191,18385.30078125,-0.0017418511486884114
2022-12-21,82.63690185546875,15.5600004196167,18199.099609375,0.0006660091877672691
2022-12-22,82.87860107421875,15.1899995803833,18127.349609375,0.0029248339824348157
2022-12-23,82.8749008178711,16.15999984741211,17806.80078125,-4.464670372927859e-05
2022-12-27,82.90290069580078,15.289999961853027,18132.30078125,0.003617224765483984
2022-12-28,82.7761001586914,15.399999618530273,18122.5,-0.001529506640239875
2022-12-29,82.85199737548828,14.8100004196167,18191.0,0.0009168977114333288
2022-12-30,82.83509826660156,14.869999885559082,18105.30078125,-0.0002039674289339155
2023-01-02,82.74980163574219,14.6899995803833,18197.44921875,-0.001029716058099539
2023-01-03,82.70600128173828,14.390000343322754,18232.55078125,-0.0005293106827821692
2023-01-04,82.78569793701172,15.199999809265137,18042.94921875,0.0009636139341564487
2023-01-05,82.66649627685547,14.979999542236328,17992.150390625,-0.0014398822879641004
2023-01-06,82.64520263671875,15.029999732971191,17859.44921875,-0.00025758488741800534
2023-01-09,82.27339935302734,14.649999618530273,18101.19921875,-0.004498788457519165
2023-01-10,82.18009948730469,15.510000228881836,17914.150390625,-0.001134022253320488
2023-01-11,81.63739776611328,15.4399995803833,17895.69921875,-0.0066038094937478364
2023-01-12,81.63179779052734,15.279999732971191,17858.19921875,-6.859571396411468e-05
2023-01-13,81.1156005859375,14.460000038146973,17956.599609375,-0.006323482007764225
2023-01-16,81.27799987792969,15.020000457763672,17894.849609375,0.0020020722378815137
2023-01-17,81.65260314941406,14.59000015258789,18053.30078125,0.004608913507308188
2023-01-18,81.52549743652344,14.369999885559082,18165.349609375,-0.0015566645518703126
2023-01-19,81.43599700927734,13.960000038146973,18107.849609375,-0.0010978212959176226
2023-01-20,81.23979949951172,13.789999961853027,18027.650390625,-0.0024092234020696157
2023-01-23,80.97599792480469,13.619999885559082,18118.55078125,-0.003247196279806408
2023-01-24,81.48799896240234,13.65999984741211,18118.30078125,0.006322874070327611
2023-01-25,81.60189819335938,14.65999984741211,17891.94921875,0.001397742396516355
2023-01-27,81.44509887695312,17.31999969482422,17604.349609375,-0.0007067487106749981
2023-01-30,81.50800323486328,17.709999084472656,17648.94921875,0.0007723528951102399
2023-01-31,81.57990264892578,16.8799991607666,17662.150390625,0.0008821147765738502
2023-02-01,81.76840209960938,16.780000686645508,17616.30078125,0.0023106113707291875
2023-02-02,81.71029663085938,15.729999542236328,17610.400390625,-0.0007106103000424913
2023-02-03,82.0458984375,14.399999618530273,17854.05078125,0.004107215620043236
2023-02-06,82.22599792480469,14.6899995803833,17764.599609375,0.0021951065285961135
2023-02-07,82.75499725341797,14.130000114440918,17721.5,0.006433480188310359
2023-02-08,82.74189758300781,13.600000381469727,17871.69921875,-0.00015829461476557505
2023-02-09,82.65950012207031,13.039999961853027,17893.44921875,-0.0009958372160226991
2023-02-10,82.533203125,12.75,17856.5,-0.0015279187133214744
2023-02-13,82.51300048828125,13.680000305175781,17770.900390625,-0.00024478192962107403
2023-02-14,82.59739685058594,13.449999809265137,17929.849609375,0.0010228250312709353
2023-02-15,82.86759948730469,12.859999656677246,18015.849609375,0.003271321458320653
2023-02-16,82.73770141601562,12.890000343322754,18035.849609375,-0.0015675375187977902
2023-02-17,82.69529724121094,13.09000015258789,17944.19921875,-0.0005125133292194217
2023-02-20,82.75800323486328,13.380000114440918,17844.599609375,0.0007582776257450963
2023-02-21,82.69750213623047,14.010000228881836,17826.69921875,-0.0007310603961905304
2023-02-22,82.86119842529297,15.59000015258789,17554.30078125,0.0019794586877948106
2023-02-23,82.83529663085938,15.079999923706055,17511.25,-0.00031259256353799447
2023-02-24,82.6178970336914,14.1899995803833,17465.80078125,-0.002624480215683511
2023-02-27,82.91799926757812,13.880000114440918,17392.69921875,0.0036324119187436388
2023-02-28,82.6520004272461,14.020000457763672,17303.94921875,-0.0032079746578742574
2023-03-01,82.6353988647461,13.0,17450.900390625,-0.00020086098841143318
2023-03-02,82.4198989868164,12.970000267028809,17321.900390625,-0.002607839750158547
2023-03-03,82.35569763183594,12.180000305175781,17594.349609375,-0.0007789545458037894
2023-03-06,81.7125015258789,12.270000457763672,17711.44921875,-0.007809977019833991
2023-03-08,82.07460021972656,12.449999809265137,17754.400390625,0.0026901374056047533
2023-03-09,81.9645004272461,12.729999542236328,17589.599609375,-0.001341459991102134
2023-03-10,82.01840209960938,13.40999984741211,17412.900390625,0.0006576221666980686
2023-03-13,81.95800018310547,16.219999313354492,17154.30078125,-0.0007364434682664012
2023-03-14,82.41739654541016,16.219999313354492,17043.30078125,0.005605265639453627
2023-03-15,82.30490112304688,16.299999237060547,16972.150390625,-0.0013649475363044505
2023-03-16,82.7156982421875,16.219999313354492,16985.599609375,0.0049911622945331136
2023-03-17,82.622802734375,14.770000457763672,17100.05078125,-0.0011230698620291468
2023-03-20,82.53299713134766,16.010000228881836,16988.400390625,-0.0010869348418990343
2023-03-21,82.52909851074219,15.079999923706055,17107.5,-4.7237114135900704e-05
2023-03-22,82.677001953125,14.8100004196167,17151.900390625,0.0017921368953710548
2023-03-23,82.52580261230469,14.489999771118164,17076.900390625,-0.00182879564145344
2023-03-24,82.26529693603516,15.239999771118164,16945.05078125,-0.0031566572880648014
2023-03-27,82.33879852294922,15.449999809265137,16985.69921875,0.0008934701466063455
2023-03-28,82.21489715576172,15.100000381469727,16951.69921875,-0.0015047750199193022
2023-03-29,82.16429901123047,13.630000114440918,17080.69921875,-0.00061543766740213
2023-03-31,82.10050201416016,12.9399995803833,17359.75,-0.0018831541045766231
2023-04-03,82.18479919433594,12.59000015258789,17398.05078125,0.0010267559650396496
2023-04-05,82.11479949951172,12.40999984741211,17557.05078125,-0.00031774863435896084
2023-04-06,81.94999694824219,11.800000190734863,17599.150390625,-0.002006977454417469
2023-04-10,81.88480377197266,12.270000457763672,17624.05078125,0.0006538444899919504
2023-04-11,81.98390197753906,11.979999542236328,17722.30078125,0.0012102148506378807
2023-04-12,82.07009887695312,12.270000457763672,17812.400390625,0.0010513881058951124
2023-04-13,81.96060180664062,11.90999984741211,17828.0,-0.0013341895746545873
2023-04-17,81.84480285644531,12.270000457763672,17706.849609375,0.002009050394202294
2023-04-18,82.00370025634766,12.079999923706055,17660.150390625,0.001941447646725214
2023-04-19,82.10790252685547,12.149999618530273,17618.75,0.0012707020559081794
2023-04-20,82.34010314941406,11.9399995803833,17624.44921875,0.002827993596385525
2023-04-21,82.14089965820312,11.630000114440918,17624.05078125,-0.002419276677968929
2023-04-24,82.05480194091797,11.670000076293945,17743.400390625,-0.001048171101648676
2023-04-25,81.85230255126953,11.520000457763672,17769.25,-0.0024678554436612377
2023-04-26,81.9916000366211,11.649999618530273,17813.599609375,0.0017018151109959856
2023-04-27,81.76689910888672,11.430000305175781,17915.05078125,-0.0027405359528782647
2023-04-28,81.76509857177734,10.949999809265137,18065.0,-2.2020366786557055e-05
2023-05-02,81.77469635009766,11.899999618530273,18147.650390625,0.0003657675883437239
2023-05-03,81.77870178222656,11.84000015258789,18089.849609375,4.898131460806532e-05
2023-05-04,81.77999877929688,11.729999542236328,18255.80078125,1.585983932295143e-05
2023-05-05,81.71610260009766,12.300000190734863,18069.0,-0.000781317928013836
2023-05-08,81.72979736328125,12.640000343322754,18264.400390625,0.00016758952945439276
2023-05-09,81.78710174560547,12.680000305175781,18265.94921875,0.0007011443093332126
2023-05-10,82.1050033569336,13.079999923706055,18315.099609375,0.003886940661095295
2023-05-11,81.9198989868164,13.220000267028809,18297.0,-0.0022544834364416344
2023-05-12,82.10030364990234,12.850000381469727,18314.80078125,0.0022022080754149354
2023-05-15,82.20030212402344,13.170000076293945,18398.849609375,0.0012180037061435556
2023-05-16,82.2667007446289,13.289999961853027,18286.5,0.0008077661381984402
2023-05-17,82.2959976196289,13.109999656677246,18181.75,0.0003561206993210053
2023-05-18,82.45030212402344,12.800000190734863,18129.94921875,0.0018749940320028635
2023-05-19,82.72509765625,12.300000190734863,18203.400390625,0.0033328626475279677
2023-05-22,82.90480041503906,12.569999694824219,18314.400390625,0.0021722882641466157
2023-05-23,82.82499694824219,12.609999656677246,18348.0,-0.0009625916279559776
2023-05-24,82.8906021118164,13.109999656677246,18285.400390625,0.000792093763857471
2023-05-25,82.71369934082031,12.520000457763672,18321.150390625,-0.0021341716248780562
2023-05-26,82.74210357666016,11.899999618530273,18499.349609375,0.0003434042494316891
2023-05-29,82.57479858398438,12.300000190734863,18598.650390625,-0.0020220055503032963
2023-05-30,82.57969665527344,12.010000228881836,18633.849609375,5.9316781549023645e-05
2023-05-31,82.68389892578125,11.970000267028809,18534.400390625,0.0012618388626783883
2023-06-01,82.66680145263672,11.600000381469727,18487.75,-0.00020678116739369923
2023-06-02,82.27670288085938,11.130000114440918,18534.099609375,-0.004718926641922194
2023-06-05,82.40979766845703,11.140000343322754,18593.849609375,0.0016176485315702038
2023-06-06,82.51119995117188,11.380000114440918,18599.0,0.001230463920355529
2023-06-07,82.51719665527344,11.4399995803833,18726.400390625,7.267745597094866e-05
2023-06-08,82.61810302734375,11.260000228881836,18634.55078125,0.0012228526435751341
2023-06-09,82.48829650878906,11.119999885559082,18563.400390625,-0.001571163144616472
2023-06-12,82.4448013305664,11.25,18601.5,-0.0005272890829794985
2023-06-13,82.33719635009766,11.109999656677246,18716.150390625,-0.0013051760539430912
2023-06-14,82.29039764404297,11.15999984741211,18755.900390625,-0.0005683786688059911
2023-06-15,82.04499816894531,11.079999923706055,18688.099609375,-0.0029821155581135628
2023-06-16,81.9126968383789,10.84000015258789,18826.0,-0.001612545962813905
2023-06-19,81.91480255126953,11.229999542236328,18755.44921875,2.5706794818169953e-05
2023-06-20,81.98139953613281,11.130000114440918,18816.69921875,0.0008130030567015112
2023-06-21,81.9917984008789,11.289999961853027,18856.849609375,0.00012684419642661204
2023-06-22,81.94149780273438,11.550000190734863,18771.25,-0.0006134832888845532
2023-06-23,81.91929626464844,11.239999771118164,18665.5,-0.00027094376697123224
2023-06-26,81.98480224609375,11.399999618530273,18691.19921875,0.0007996404318915129
2023-06-27,82.00650024414062,10.779999732971191,18817.400390625,0.0002646587837309422
2023-06-28,81.99839782714844,10.890000343322754,18972.099609375,-9.88021311489895e-05
2023-06-30,82.07540130615234,10.800000190734863,19189.05078125,0.0005962027003609816
2023-07-03,82.09629821777344,11.539999961853027,19322.55078125,0.00025460626799911346
2023-07-04,81.95010375976562,11.699999809265137,19389.0,-0.001780767966175656
2023-07-05,82.0071029663086,11.880000114440918,19398.5,0.0006955355018227749
2023-07-06,82.39409637451172,11.84000015258789,19497.30078125,0.004719023038310732
2023-07-07,82.76840209960938,11.529999732971191,19331.80078125,0.004542870685738221
2023-07-10,82.61530303955078,11.460000038146973,19355.900390625,-0.0018497283525462649
2023-07-11,82.52529907226562,11.010000228881836,19439.400390625,-0.0010894345717290532
2023-07-12,82.39990234375,10.9399995803833,19384.30078125,-0.0015194943844532016
2023-07-13,82.00180053710938,10.9399995803833,19413.75,-0.0048313383307161395
2023-07-14,82.03079986572266,10.680000305175781,19564.5,0.00035364258374004365
2023-07-17,82.07679748535156,11.319999694824219,19711.44921875,0.0005607359638599707
2023-07-18,82.06159973144531,11.710000038146973,19749.25,-0.0001851650450782616
2023-07-19,82.07540130615234,11.600000381469727,19833.150390625,0.00016818554296049726
2023-07-20,82.06169891357422,11.789999961853027,19979.150390625,-0.00016694883436529917
2023-07-21,82.0823974609375,11.489999771118164,19745.0,0.00025223152380848823
2023-07-24,81.99030303955078,11.649999618530273,19672.349609375,-0.0011219752862426935
2023-07-25,81.81420135498047,10.239999771118164,19680.599609375,-0.002147835512760099
2023-07-26,81.95010375976562,10.460000038146973,19778.30078125,0.0016611102050057003
2023-07-27,81.97550201416016,10.510000228881836,19659.900390625,0.00030992339520374834
2023-07-28,82.3749008178711,10.140000343322754,19646.05078125,0.004872172708889844
2023-07-31,82.25279998779297,10.40999984741211,19753.80078125,-0.0014822576885171745
2023-08-01,82.2332992553711,10.279999732971191,19733.55078125,-0.00023708290082247174
2023-08-02,82.30729675292969,11.279999732971191,19526.55078125,0.0008998483367279597
2023-08-03,82.7332992553711,11.1899995803833,19381.650390625,0.005175756211750926
2023-08-04,82.7843017578125,10.569999694824219,19517.0,0.0006164688571645982
2023-08-07,82.69529724121094,11.100000381469727,19597.30078125,-0.0010751376131907797
2023-08-08,82.74829864501953,11.329999923706055,19570.849609375,0.0006409240377236447
2023-08-09,82.84500122070312,11.140000343322754,19632.55078125,0.0011686352138602363
2023-08-10,82.86630249023438,11.399999618530273,19543.099609375,0.0002571219653253465
2023-08-11,82.79989624023438,11.520000457763672,19428.30078125,-0.0008013661525181348
2023-08-14,82.89730072021484,12.0,19434.55078125,0.0011763840826304328
2023-08-16,83.19419860839844,12.130000114440918,19465.0,-0.0004709627365629965
2023-08-17,83.23699951171875,12.239999771118164,19365.25,0.0005144698072250264
2023-08-18,83.09829711914062,12.140000343322754,19310.150390625,-0.0016663550271126537
2023-08-21,83.16729736328125,11.960000038146973,19393.599609375,0.0008303448630444521
2023-08-22,83.1135025024414,11.75,19396.44921875,-0.0006468270888358996
2023-08-23,83.07330322265625,11.729999542236328,19444.0,-0.0004836672571220113
2023-08-24,82.5447006225586,11.699999809265137,19386.69921875,-0.006363086329682521
2023-08-25,82.64140319824219,12.079999923706055,19265.80078125,0.0011715176741118327
2023-08-28,82.66429901123047,12.399999618530273,19306.05078125,0.0002770501480156007
2023-08-29,82.69149780273438,12.229999542236328,19342.650390625,0.0003290270628220071
2023-08-30,82.49469757080078,11.800000190734863,19347.44921875,-0.002379933090619235
2023-08-31,82.70040130615234,12.0600004196167,19253.80078125,0.002493538874726031
2023-09-01,82.68240356445312,11.369999885559082,19435.30078125,-0.00021762580852047186
2023-09-04,82.6969985961914,10.960000038146973,19528.80078125,0.00017651920008465716
2023-09-05,82.7345962524414,10.819999694824219,19574.900390625,0.0004546435407357663
2023-09-06,83.08609771728516,10.680000305175781,19611.05078125,0.004248542698767066
2023-09-07,83.25740051269531,10.869999885559082,19727.05078125,0.002061750402492679
2023-09-08,83.24150085449219,10.779999732971191,19819.94921875,-0.00019096990904365896
2023-09-11,83.03130340576172,11.350000381469727,19996.349609375,-0.002525152076461201
2023-09-12,82.94329833984375,11.6899995803833,19993.19921875,-0.0010599022574402372
2023-09-13,82.84300231933594,11.829999923706055,20070.0,-0.001209211865398352
2023-09-14,82.93679809570312,11.319999694824219,20103.099609375,0.0011322112156875175
2023-09-15,83.0282974243164,10.899999618530273,20192.349609375,0.0011032416335592377
2023-09-18,83.08580017089844,10.84000015258789,20133.30078125,0.0006925680565044168
2023-09-20,83.19499969482422,11.130000114440918,19901.400390625,-0.0007194576878053471
2023-09-21,83.08699798583984,10.819999694824219,19742.349609375,-0.00129817548386979
2023-09-22,82.89129638671875,10.65999984741211,19674.25,-0.002355381754849839
2023-09-25,82.97480010986328,10.899999618530273,19674.55078125,0.0010073883119761096
2023-09-26,83.0282974243164,11.1899995803833,19664.69921875,0.0006447417093176089
2023-09-27,83.29869842529297,11.59000015258789,19716.44921875,0.0032567330580641762
2023-09-28,83.22270202636719,12.819999694824219,19523.55078125,-0.0009123359711789014
2023-09-29,83.19300079345703,11.449999809265137,19638.30078125,-0.00035688859153770736
2023-10-03,83.3593978881836,11.789999961853027,19528.75,0.003909207089570321
2023-10-04,83.22979736328125,11.65999984741211,19436.099609375,-0.0015547200218046786
2023-10-05,83.44979858398438,10.9399995803833,19545.75,0.0026432987664606333
2023-10-06,83.22489929199219,10.300000190734863,19653.5,-0.002695024982784733
2023-10-09,83.12460327148438,11.399999618530273,19512.349609375,-0.001205120358943601
2023-10-10,83.27030181884766,11.270000457763672,19689.849609375,0.0017527728449713287
2023-10-11,83.25029754638672,10.989999771118164,19811.349609375,-0.00024023297651132314
2023-10-12,83.21800231933594,10.619999885559082,19794.0,-0.00038792926875474976
2023-10-13,83.26239776611328,10.619999885559082,19751.05078125,0.0005334836879042903
2023-10-16,83.28230285644531,11.069999694824219,19731.75,0.0002390645821652715
2023-10-17,83.19950103759766,10.699999809265137,19811.5,-0.000994230658947881
2023-10-18,83.26429748535156,10.970000267028809,19671.099609375,0.0007788081292052773
2023-10-19,83.26860046386719,10.899999618530273,19624.69921875,5.1678554261247456e-05
2023-10-20,83.12229919433594,10.819999694824219,19542.650390625,-0.0017569800466952223
2023-10-23,83.15979766845703,10.90999984741211,19281.75,0.0004511241205373828
2023-10-25,82.98780059814453,11.3100004196167,19122.150390625,-0.0005010645209012621
2023-10-26,83.1709976196289,11.729999542236328,18857.25,0.0022075174924984786
2023-10-27,83.28250122070312,10.90999984741211,19047.25,0.0013406548468273272
2023-10-30,83.41339874267578,11.489999771118164,19140.900390625,0.0015717289953356417
2023-10-31,83.29650115966797,11.829999923706055,19079.599609375,-0.0014014245285512983
2023-11-01,83.2771987915039,12.050000190734863,18989.150390625,-0.00023173083977512388
2023-11-02,85.19400024414062,11.079999923706055,19133.25,0.02301712209887974
2023-11-03,83.24729919433594,10.880000114440918,19230.599609375,-0.022850212975397577
2023-11-06,83.15850067138672,11.109999656677246,19411.75,-0.0010666835297794552
2023-11-07,83.2228012084961,11.1899995803833,19406.69921875,0.0007732286728385773
2023-11-08,83.23269653320312,11.039999961853027,19443.5,0.00011890160585004139
2023-11-09,83.21769714355469,10.979999542236328,19395.30078125,-0.00018021030524284498
2023-11-10,83.31939697265625,11.109999656677246,19425.349609375,0.0012220937684219724
2023-11-13,83.29889678955078,11.1899995803833,19443.55078125,-0.00024604334465117006
2023-11-15,82.98159790039062,11.140000343322754,19675.44921875,-0.002596269778766813
2023-11-16,83.18620300292969,11.649999618530273,19765.19921875,0.0024656683857144923
2023-11-17,83.12030029296875,11.829999923706055,19731.80078125,-0.0007922312544860199
2023-11-20,83.29149627685547,12.149999618530273,19694.0,0.0020596170043096773
2023-11-21,83.32219696044922,12.229999542236328,19783.400390625,0.00036859325340610205
2023-11-22,83.345703125,11.869999885559082,19811.849609375,0.0002821116750191255
2023-11-23,83.54830169677734,11.319999694824219,19802.0,0.0024308220361821675
2023-11-24,83.34400177001953,11.329999923706055,19794.69921875,-0.00244529119812964
2023-11-28,83.364501953125,12.180000305175781,19889.69921875,0.0006001722679387367
2023-11-29,83.41809844970703,12.710000038146973,20096.599609375,0.0006429174927737868
2023-11-30,83.3302993774414,12.6899995803833,20133.150390625,-0.0010525182651887066
2023-12-01,83.35269927978516,12.380000114440918,20267.900390625,0.0002688086147668578
2023-12-04,83.21859741210938,12.989999771118164,20686.80078125,-0.0016088485296157362
2023-12-05,83.41709899902344,13.460000038146973,20855.099609375,0.00238530320249275
2023-12-06,83.31590270996094,13.739999771118164,20937.69921875,-0.0012131360389754375
2023-12-07,83.28959655761719,12.670000076293945,20901.150390625,-0.00031573987063826525
2023-12-08,83.35489654541016,12.470000267028809,20969.400390625,0.0007840113350505717
2023-12-11,83.43009948730469,12.760000228881836,20997.099609375,0.0009022018502964357
2023-12-12,83.34349822998047,12.710000038146973,20906.400390625,-0.0010380097573465807
2023-12-13,83.39600372314453,12.069999694824219,20926.349609375,0.0006299890726830792
2023-12-14,83.2853012084961,12.319999694824219,21182.69921875,-0.0013274318876950186
2023-12-15,83.29660034179688,13.130000114440918,21456.650390625,0.00013566779655982408
2023-12-18,83.04170227050781,13.899999618530273,21418.650390625,-0.0030601257463463982
2023-12-19,83.11119842529297,13.869999885559082,21453.099609375,0.0008368825889282228
2023-12-20,83.09159851074219,14.449999809265137,21150.150390625,-0.00023582760111917622
2023-12-21,83.26719665527344,13.760000228881836,21255.05078125,0.0021133080561515083
2023-12-22,83.13159942626953,13.710000038146973,21349.400390625,-0.0016284591585961072
2023-12-26,83.17230224609375,14.680000305175781,21441.349609375,8.779330831520937e-05
2023-12-27,83.18280029296875,15.5600004196167,21654.75,0.0001262204675294143
2023-12-28,83.26719665527344,15.140000343322754,21778.69921875,0.0010145890978356942
2023-12-29,82.302001953125,14.5,21731.400390625,-0.011591535933944686
2024-01-02,83.20259857177734,14.579999923706055,21665.80078125,-0.0005525332766350699
2024-01-03,83.25700378417969,14.100000381469727,21517.349609375,0.0006538883801257
2024-01-04,83.31809997558594,13.329999923706055,21658.599609375,0.0007338264485787782
2024-01-05,83.2406005859375,12.630000114440918,21710.80078125,-0.0009301627097970666
2024-01-08,83.19110107421875,13.460000038146973,21513.0,-0.0005946558694953641
2024-01-09,83.05069732666016,13.260000228881836,21544.849609375,-0.0016877255589312634
2024-01-10,83.131103515625,12.970000267028809,21618.69921875,0.0009681579029805487
2024-01-11,83.02559661865234,12.770000457763672,21647.19921875,-0.001269162714203853
2024-01-12,83.07610321044922,13.100000381469727,21894.55078125,0.0006083255508402274
2024-01-15,82.87210083007812,13.789999961853027,22097.44921875,-0.002455608441988555
2024-01-16,82.8593978881836,13.569999694824219,22032.30078125,-0.00015328369580702716
2024-01-17,83.08899688720703,15.079999923706055,21571.94921875,0.002770946988213341
2024-01-18,83.17759704589844,14.069999694824219,21462.25,0.0010663284190526312
2024-01-19,83.16059875488281,13.880000114440918,21622.400390625,-0.0002043614100349922
2024-01-23,83.09510040283203,14.850000381469727,21238.80078125,-0.00035611617133635143
2024-01-24,83.22139739990234,14.380000114440918,21453.94921875,0.001519909073556036
2024-01-25,83.09760284423828,13.869999885559082,21352.599609375,-0.0014875327683959716
2024-01-29,83.12129974365234,15.680000305175781,21737.599609375,-0.00029830816784459646
2024-01-30,83.1530990600586,16.100000381469727,21522.099609375,0.000382565196938911
2024-01-31,83.10970306396484,16.049999237060547,21725.69921875,-0.0005218806825516564
2024-02-01,83.05359649658203,14.460000038146973,21697.44921875,-0.0006750904565214766
2024-02-02,82.92759704589844,14.699999809265137,21853.80078125,-0.0015170860263562513
2024-02-05,82.99929809570312,15.619999885559082,21771.69921875,0.0008646223013673016
2024-02-06,83.10369873046875,15.789999961853027,21929.400390625,0.0012578496103092807
2024-02-07,83.07060241699219,15.510000228881836,21930.5,-0.0003982531942881007
2024-02-08,83.01260375976562,15.829999923706055,21717.94921875,-0.0006981851044660647
2024-02-09,82.98529815673828,15.449999809265137,21782.5,-0.0003289332196634298
2024-02-12,83.0145034790039,16.059999465942383,21616.05078125,0.00035193369083841297
2024-02-13,82.99019622802734,15.8100004196167,21743.25,-0.000292807280148466
2024-02-14,83.07460021972656,15.4399995803833,21840.05078125,0.001017035692593149
2024-02-15,83.04309844970703,15.229999542236328,21910.75,-0.0003791985749701521
2024-02-16,83.00959777832031,15.220000267028809,22040.69921875,-0.0004034130711898509
2024-02-20,83.02100372314453,16.06999969482422,22196.94921875,6.028817194780878e-05
2024-02-21,82.8291015625,15.930000305175781,22055.05078125,-0.002311489286307311
2024-02-22,82.93840026855469,15.199999809265137,22217.44921875,0.001319568895386647
2024-02-23,82.87229919433594,14.970000267028809,22212.69921875,-0.0007969899829839422
2024-02-26,82.88179779052734,15.600000381469727,22122.05078125,0.00011461726395611826
2024-02-27,82.85199737548828,15.729999542236328,22198.349609375,-0.0003595531930229434
2024-02-28,82.94819641113281,16.329999923706055,21951.150390625,0.0011610949487259603
2024-02-29,82.91190338134766,15.569999694824219,21982.80078125,-0.0004375385042161284
2024-03-01,82.910400390625,15.239999771118164,22338.75,-1.8127562646186313e-05
2024-03-04,82.84609985351562,14.920000076293945,22405.599609375,-0.0007755424748454587
2024-03-05,82.9104995727539,14.380000114440918,22356.30078125,0.0007773415930520944
2024-03-06,82.88480377197266,14.300000190734863,22474.05078125,-0.0003099221559834664
2024-03-07,82.81909942626953,13.609999656677246,22493.55078125,-0.000792718842453799
2024-03-11,82.7520980834961,14.0,22332.650390625,-2.3970846287912906e-06
2024-03-12,82.7782974243164,13.640000343322754,22335.69921875,0.00031660032104419145
2024-03-13,82.83509826660156,14.430000305175781,21997.69921875,0.0006861803643289921
2024-03-14,82.83110046386719,13.619999885559082,22146.650390625,-4.8262183760638955e-05
2024-03-15,82.9655990600586,13.6899995803833,22023.349609375,0.0016237692779426105
2024-03-18,82.88890075683594,13.899999618530273,22055.69921875,-0.0009244591022253834
2024-03-19,82.86360168457031,14.109999656677246,21817.44921875,-0.00030521664583105235
2024-03-20,83.04239654541016,13.470000267028809,21839.099609375,0.0021577008144111343
2024-03-21,83.05460357666016,12.510000228881836,22011.94921875,0.00014699757904179656
2024-03-22,83.22660064697266,12.220000267028809,22096.75,0.0020708914726652594
2024-03-26,83.41739654541016,12.819999694824219,22004.69921875,-0.0021078272996263303
2024-03-27,83.34549713134766,12.699999809265137,22123.650390625,-0.0008619234960582922
2024-03-28,83.36499786376953,12.829999923706055,22326.900390625,0.00023397463681984476
2024-04-01,83.36479949951172,12.079999923706055,22462.0,-0.000338136809457823
2024-04-02,83.40969848632812,11.649999618530273,22453.30078125,0.0005385844755336766
2024-04-03,83.35030364990234,11.369999885559082,22434.650390625,-0.0007120854948962085
2024-04-04,83.37329864501953,11.220000267028809,22514.650390625,0.0002758837593894725
2024-04-05,83.47779846191406,11.34000015258789,22513.69921875,0.0012533966940597718
2024-04-08,83.29679870605469,11.609999656677246,22666.30078125,-0.0021682382524972343
2024-04-09,83.26959991455078,11.359999656677246,22642.75,-0.000326528653278646
2024-04-10,83.22429656982422,11.109999656677246,22753.80078125,-0.0005440562314824593
2024-04-12,83.34929656982422,11.529999732971191,22519.400390625,-0.0007600793519184634
2024-04-15,83.61109924316406,12.470000267028809,22272.5,0.00314103038794733
2024-04-16,83.50599670410156,12.619999885559082,22147.900390625,-0.001257040512729457
2024-04-18,83.5958023071289,13.039999961853027,21995.849609375,-0.0008569760890175804
2024-04-19,83.54499816894531,13.460000038146973,22147.0,-0.0006077355175914123
2024-04-22,83.38529968261719,12.699999809265137,22336.400390625,-0.0019115266003738585
2024-04-23,83.38619995117188,10.199999809265137,22368.0,1.0796490006237391e-05
2024-04-24,83.2833023071289,10.279999732971191,22402.400390625,-0.0012339888866889082
2024-04-25,83.3405990600586,10.729999542236328,22570.349609375,0.0006879740757443908
2024-04-26,83.30180358886719,10.930000305175781,22419.94921875,-0.0004655050675055339
2024-04-29,83.40229797363281,12.239999771118164,22643.400390625,0.0012063890628539742
2024-04-30,83.45110321044922,12.869999885559082,22604.849609375,0.0005851785622481565
2024-05-02,83.40640258789062,13.449999809265137,22648.19921875,-0.0011017605325583935
2024-05-03,83.40630340576172,14.619999885559082,22475.849609375,-1.1891428695065542e-06
2024-05-06,83.37999725341797,16.600000381469727,22442.69921875,-0.000315397653049998
2024-05-07,83.4728012084961,17.010000228881836,22302.5,0.0011130242040673366
2024-05-08,83.46990203857422,17.079999923706055,22302.5,-3.4731911232155355e-05
2024-05-09,83.46430206298828,18.200000762939453,21957.5,-6.708975869351708e-05
2024-05-10,83.45939636230469,18.469999313354492,22055.19921875,-5.877603433246392e-05
2024-05-13,83.5248031616211,20.600000381469727,22104.05078125,0.0007836960506215629
2024-05-14,83.50550079345703,20.200000762939453,22217.849609375,-0.00023109743972349328
2024-05-15,83.52420043945312,20.270000457763672,22200.55078125,0.00022393310402812894
2024-05-16,83.40509796142578,20.0,22403.849609375,-0.001425963701546351
2024-05-17,83.47010040283203,19.799999237060547,22466.099609375,0.0007793581327164567
2024-05-21,83.31500244140625,21.809999465942383,22529.05078125,0.00017530121309539126
2024-05-22,83.31680297851562,21.469999313354492,22597.80078125,2.1611199143123372e-05
2024-05-23,83.26709747314453,21.3799991607666,22967.650390625,-0.0005965844054759417
2024-05-24,83.2863998413086,21.709999084472656,22957.099609375,0.0002318126697076206
2024-05-27,83.05220031738281,23.190000534057617,22932.44921875,-0.002811977998472992
2024-05-28,83.14569854736328,24.200000762939453,22888.150390625,0.001125776675671153
2024-05-29,83.20649719238281,24.18000030517578,22704.69921875,0.0007312301908786178
2024-05-30,83.3656005859375,24.18000030517578,22488.650390625,0.0019121510810247155
2024-05-31,83.3208999633789,24.600000381469727,22530.69921875,-0.0005361998503509158
2024-06-03,83.45079803466797,20.940000534057617,23263.900390625,0.001559009460365246
2024-06-04,83.09339904785156,26.75,21884.5,-0.004282750977024019
2024-06-05,83.62940216064453,18.889999389648438,22620.349609375,0.006450610023598813
2024-06-06,83.38079833984375,16.799999237060547,22821.400390625,-0.0029726844193294077
2024-06-07,83.47309875488281,16.8799991607666,23290.150390625,0.0011069744698637418
2024-06-10,83.52760314941406,16.399999618530273,23259.19921875,0.00065295760363826
2024-06-11,83.52980041503906,14.770000457763672,23264.849609375,2.6305862279585313e-05
2024-06-12,83.5968017578125,14.390000343322754,23322.94921875,0.0008021250193406271
2024-06-13,83.5343017578125,13.489999771118164,23398.900390625,-0.0007476362574380113
2024-06-14,83.52210235595703,12.819999694824219,23465.599609375,-0.00014604062760759096
2024-06-18,83.51010131835938,12.970000267028809,23557.900390625,-0.0004991187349230319
2024-06-19,83.37409973144531,13.710000038146973,23516.0,-0.0016285645061738796
2024-06-20,83.41950225830078,13.350000381469727,23567.0,0.0005445639233492283
2024-06-21,83.60160064697266,13.180000305175781,23501.099609375,0.0021829234620462934
2024-06-24,83.5625,14.0600004196167,23537.849609375,-0.0004677021333331366
2024-06-25,83.46040344238281,14.3100004196167,23721.30078125,-0.0012217987448578382
2024-06-26,83.41459655761719,14.050000190734863,23868.80078125,-0.0005488457145699233
2024-06-27,83.58039855957031,14.149999618530273,24044.5,0.001987685714437193
2024-06-28,83.45089721679688,13.800000190734863,24010.599609375,-0.001549422412494672
2024-07-01,83.36750030517578,13.829999923706055,24141.94921875,-0.0009993530854969235
2024-07-02,83.44129943847656,13.640000343322754,24123.849609375,0.0008852266534395969
2024-07-03,83.4791030883789,13.210000038146973,24286.5,0.000453056821463127
2024-07-04,83.49120330810547,12.859999656677246,24302.150390625,0.00014494908640494408
2024-07-05,83.49340057373047,12.699999809265137,24323.849609375,2.631733090363575e-05
2024-07-08,83.47209930419922,13.600000381469727,24320.55078125,-0.0002551251881570682
2024-07-09,83.45760345458984,14.279999732971191,24433.19921875,-0.00017366101643789822
2024-07-10,83.49299621582031,14.430000305175781,24324.44921875,0.00042408072800381724
2024-07-11,83.49590301513672,14.0,24315.94921875,3.481488805223698e-05
2024-07-12,83.51850128173828,13.729999542236328,24502.150390625,0.0002706512030592467
2024-07-15,83.52030181884766,14.1899995803833,24586.69921875,2.1558541900779105e-05
2024-07-16,83.58760070800781,14.220000267028809,24613.0,0.0008057788070034988
2024-07-18,83.57209777832031,14.510000228881836,24800.849609375,0.0005087505087504329
2024-07-19,83.67430114746094,14.829999923706055,24530.900390625,0.0012229365046181329
2024-07-22,83.73030090332031,15.4399995803833,24509.25,0.0006692587221097668
2024-07-23,83.67130279541016,12.75,24479.05078125,-0.0007046207558513151
2024-07-24,83.70680236816406,11.760000228881836,24413.5,0.00042427417248069865
2024-07-25,83.74299621582031,12.619999885559082,24406.099609375,0.00043238836787784507
2024-07-26,83.73760223388672,12.25,24834.849609375,-6.44111409591197e-05
2024-07-29,83.72779846191406,12.949999809265137,24836.099609375,-0.00011707729515919585
2024-07-30,83.75050354003906,12.880000114440918,24857.30078125,0.00027117729764891685
2024-07-31,83.73899841308594,13.25,24951.150390625,-0.0001373738242376188
2024-08-01,83.7177963256836,12.930000305175781,25010.900390625,-0.00025319251249877883
2024-08-02,83.743896484375,14.319999694824219,24717.69921875,0.0003117635656566531
2024-08-05,83.73529815673828,20.3700008392334,24055.599609375,-0.00010267408130837374
2024-08-06,84.00260162353516,18.739999771118164,23992.55078125,0.0031922435661067006
2024-08-07,83.93489837646484,16.170000076293945,24297.5,-0.0008059660744048625
2024-08-08,83.94239807128906,16.600000381469727,24117.0,8.935133024867703e-05
2024-08-09,83.98899841308594,15.34000015258789,24367.5,0.0005551466585134168
2024-08-12,83.94979858398438,15.869999885559082,24347.0,-0.00046672575982831255
2024-08-13,83.88999938964844,16.170000076293945,24139.0,-0.0007123208791991464
2024-08-14,83.88200378417969,15.4399995803833,24143.75,-9.531059157141808e-05
2024-08-16,83.94830322265625,14.399999618530273,24541.150390625,-0.0002762051448296221
2024-08-19,83.88980102539062,14.319999694824219,24572.650390625,-0.0006968836178911086
2024-08-20,83.87860107421875,13.819999694824219,24698.849609375,-0.00013350790006627644
2024-08-21,83.77940368652344,13.329999923706055,24770.19921875,-0.0011826304495414774
2024-08-22,83.88860321044922,13.0,24811.5,0.0013034172973391822
2024-08-23,83.94059753417969,13.550000190734863,24823.150390625,0.0006198019962262435
2024-08-26,83.81379699707031,13.800000190734863,25010.599609375,-0.0015105984569354636
2024-08-27,83.88369750976562,13.630000114440918,25017.75,0.0008339976853424247
2024-08-28,83.92160034179688,13.949999809265137,25052.349609375,0.00045184980105150707
2024-08-29,83.94149780273438,13.789999961853027,25151.94921875,0.0002370958234407805
2024-08-30,83.89510345458984,13.390000343322754,25235.900390625,-0.0005526985979397159
2024-09-02,83.86380004882812,14.0600004196167,25278.69921875,-0.00037312553978385843
2024-09-03,83.92729949951172,13.84000015258789,25279.849609375,0.0007571735438487437
2024-09-04,83.95030212402344,14.380000114440918,25198.69921875,0.00027407797759360086
2024-09-05,83.98249816894531,14.210000038146973,25145.099609375,0.00038351315132034713
2024-09-06,83.98359680175781,15.220000267028809,24852.150390625,1.3081687690430499e-05
2024-09-09,83.98259735107422,14.239999771118164,24936.400390625,-1.1900546316834237e-05
2024-09-10,83.98090362548828,13.359999656677246,25041.099609375,-2.0167578038354783e-05
2024-09-11,83.98200225830078,13.630000114440918,24918.44921875,1.3081936071968059e-05
2024-09-12,83.99259948730469,13.180000305175781,25388.900390625,0.0001261845242901405
2024-09-13,83.93479919433594,12.550000190734863,25356.5,-0.0006881593535807973
2024-09-16,83.88480377197266,12.460000038146973,25383.75,-0.0005956459399816261
2024-09-17,83.88400268554688,12.59000015258789,25418.55078125,-9.549839658173909e-06
2024-09-18,83.77059936523438,13.369999885559082,25377.55078125,-0.001351906402673797
2024-09-19,83.69170379638672,12.470000267028809,25415.80078125,-0.0009418049941802842
2024-09-20,83.61470031738281,12.789999961853027,25790.94921875,-0.0009200849727142302
2024-09-23,83.48709869384766,13.789999961853027,25939.05078125,-0.0015260668644485609
2024-09-24,83.55960083007812,13.390000343322754,25940.400390625,0.0008684232338260767
2024-09-25,83.56759643554688,12.739999771118164,26004.150390625,9.56874540964936e-05
2024-09-26,83.62409973144531,12.0,26216.05078125,0.0006761388182561223
2024-09-27,83.61710357666016,11.960000038146973,26178.94921875,-8.366194443498731e-05
2024-09-30,83.71640014648438,12.789999961853027,25810.849609375,0.001187515060638189
2024-10-01,83.82730102539062,11.989999771118164,25796.900390625,0.001324721066746859
2024-10-03,83.91960144042969,13.170000076293945,25250.099609375,0.0005663457798414928
2024-10-04,84.0093994140625,14.130000114440918,25014.599609375,0.001070047665759688
2024-10-07,84.02780151367188,15.079999923706055,24795.75,0.00021904810339945513
2024-10-08,83.96410369873047,14.59000015258789,25013.150390625,-0.0007580564264916267
2024-10-09,83.91459655761719,14.119999885559082,24981.94921875,-0.0005896226950854455
2024-10-10,83.94219970703125,13.5,24998.44921875,0.00032894336082645026
2024-10-11,83.94599914550781,13.220000267028809,24964.25,4.526255554204717e-05
2024-10-14,84.16829681396484,13.0,25127.94921875,0.0026481031939558086
2024-10-15,84.04850006103516,13.0,25057.349609375,-0.0014233001909789156
2024-10-16,84.05619812011719,13.050000190734863,24971.30078125,9.15906777210207e-05
2024-10-17,84.03929901123047,13.390000343322754,24749.849609375,-0.0002010453632766973
2024-10-18,84.05380249023438,13.039999961853027,24854.05078125,0.00017257972370732233
2024-10-21,84.0687026977539,13.760000228881836,24781.099609375,0.00017726988045851932
2024-10-22,84.07350158691406,14.399999618530273,24472.099609375,5.7082945331243806e-05
2024-10-23,84.08399963378906,14.619999885559082,24435.5,0.0001248674871017208
2024-10-24,84.06759643554688,13.970000267028809,24399.400390625,-0.0001950810893109889
2024-10-25,84.08180236816406,14.630000114440918,24180.80078125,0.00016898226212624934
2024-10-28,84.10199737548828,14.289999961853027,24339.150390625,0.00024018285473692558
2024-10-29,84.10279846191406,14.520000457763672,24466.849609375,9.525177175007116e-06
2024-10-30,84.08930206298828,15.510000228881836,24340.849609375,-0.00016047502785410117
2024-10-31,84.08910369873047,15.550000190734863,24205.349609375,-2.3589713904481613e-06
2024-11-01,84.09149932861328,15.899999618530273,24304.349609375,2.8489183228730397e-05
2024-11-04,84.13359832763672,16.690000534057617,23995.349609375,0.0005006332311774386
2024-11-05,84.15249633789062,16.1200008392334,24213.30078125,0.0002246190657424485
2024-11-06,84.11630249023438,14.869999885559082,24484.05078125,-0.0004300983242484513
2024-11-07,84.2511978149414,14.9399995803833,24199.349609375,0.0016036763470754778
2024-11-08,84.306396484375,14.470000267028809,24148.19921875,0.0006551677704906833
2024-11-11,84.38289642333984,14.270000457763672,24141.30078125,0.0009074037339387164
2024-11-12,84.39649963378906,14.59000015258789,23883.44921875,0.00016120814792808247
2024-11-13,84.39530181884766,15.4399995803833,23559.05078125,-1.419270878066925e-05
2024-11-14,84.4229965209961,14.779999732971191,23532.69921875,0.0003281545483169168
2024-11-18,84.47750091552734,15.170000076293945,23453.80078125,4.380359731404049e-05
2024-11-19,84.39849853515625,15.65999984741211,23518.5,-0.0009351884172105196
2024-11-21,84.38310241699219,15.989999771118164,23349.900390625,-0.0001717566602260634
2024-11-22,84.48829650878906,16.100000381469727,23907.25,0.001246625079948327
2024-11-25,84.43599700927734,15.300000190734863,24221.900390625,-0.0006190147236105892
2024-11-26,84.37750244140625,15.3100004196167,24194.5,-0.0006927681314009559
2024-11-27,84.33910369873047,14.630000114440918,24274.900390625,-0.0004550827123905865
2024-11-28,84.42030334472656,15.210000038146973,23914.150390625,0.0009627757758270405
2024-11-29,84.47160339355469,14.430000305175781,24131.099609375,0.0006076743010343666
2024-12-02,84.55699920654297,14.699999809265137,24276.05078125,0.0010109410684489006
2024-12-03,84.73709869384766,14.369999885559082,24457.150390625,0.002129918149824217
2024-12-04,84.68309783935547,14.449999809265137,24467.44921875,-0.0006372752351043731
2024-12-05,84.70700073242188,14.529999732971191,24708.400390625,0.0002822628561811591
2024-12-06,84.68379974365234,14.140000343322754,24677.80078125,-0.0002738969455762241
2024-12-09,84.66600036621094,14.109999656677246,24619.0,-0.0002101863342846011
2024-12-10,84.84729766845703,13.779999732971191,24610.05078125,0.0021413235709957235
2024-12-11,84.8740005493164,13.270000457763672,24641.80078125,0.00031471692785922656
2024-12-12,84.85710144042969,13.1899995803833,24548.69921875,-0.0001991081930549088
2024-12-13,84.83920288085938,13.050000190734863,24768.30078125,-0.0002109258891299648
2024-12-16,84.802001953125,14.020000457763672,24668.25,-0.00043848747361074913
2024-12-17,84.91729736328125,14.489999771118164,24336.0,0.0013595835888400298
2024-12-18,84.91539764404297,14.369999885559082,24198.849609375,-2.237140485239486e-05
2024-12-19,85.16549682617188,14.510000228881836,23951.69921875,0.002945274815497001
2024-12-20,85.27940368652344,15.069999694824219,23587.5,0.0013374766143154915
2024-12-23,84.94499969482422,13.520000457763672,23753.44921875,-0.003921274976645517
2024-12-24,85.0988998413086,13.180000305175781,23727.650390625,0.0018117622819151524
2024-12-26,85.41339874267578,14.039999961853027,23750.19921875,0.0027223685636517114
2024-12-27,85.26090240478516,13.239999771118164,23813.400390625,-0.0017853912867938915
2024-12-30,85.38600158691406,13.970000267028809,23644.900390625,0.0014672514435161155
2024-12-31,85.7865982055664,14.449999809265137,23644.80078125,0.0046915959432130006
2025-01-03,85.80400085449219,13.539999961853027,24004.75,0.00021335628106577964
2025-01-06,85.75900268554688,15.649999618530273,23616.05078125,-0.0005244297293505173
2025-01-07,85.68070220947266,14.65999984741211,23707.900390625,-0.0009130292286784192
2025-01-08,85.80650329589844,14.470000267028809,23688.94921875,0.0014682546148865327
2025-01-09,85.90750122070312,14.65999984741211,23526.5,0.0011770427756088164
2025-01-10,85.91999816894531,14.920000076293945,23431.5,0.00014546981421426075
2025-01-13,86.18800354003906,16.0,23085.94921875,0.0031192432123516856
2025-01-14,86.65059661865234,15.470000267028809,23176.05078125,0.0053672559940245446
2025-01-15,86.535400390625,15.260000228881836,23213.19921875,-0.001329433754903242
2025-01-16,86.43099975585938,15.470000267028809,23311.80078125,-0.0012064500111440557
2025-01-17,86.6061019897461,15.75,23203.19921875,0.002025919338910054
2025-01-20,86.56900024414062,16.420000076293945,23344.75,-0.00042839643804615246
2025-01-21,86.21109771728516,17.059999465942383,23024.650390625,-0.004134303571094899
2025-01-22,86.45189666748047,16.770000457763672,23155.349609375,0.002793131703124452
2025-01-23,86.47270202636719,16.700000762939453,23205.349609375,0.00024065821212393423
2025-01-24,86.44020080566406,16.75,23092.19921875,-0.0003758552692526562
2025-01-27,86.2030029296875,18.1299991607666,22829.150390625,-0.0027440690068482043
2025-01-28,86.46839904785156,18.200000762939453,22957.25,0.0030787340248521478
2025-01-29,86.58460235595703,18.639999389648438,23163.099609375,0.0013438818040467648
2025-01-30,86.6406021118164,17.389999389648438,23249.5,0.0006467634467979266
2025-01-31,86.64700317382812,16.25,23508.400390625,7.388062704660747e-05
2025-02-04,86.94339752197266,14.020000457763672,23739.25,0.004498886979645178
2025-02-05,87.13009643554688,14.079999923706055,23696.30078125,0.0021473616041636223
2025-02-06,87.33409881591797,14.180000305175781,23603.349609375,0.002341353776900812
2025-02-07,87.58830261230469,13.6899995803833,23559.94921875,0.0029107049804513174
2025-02-10,87.51309967041016,14.449999809265137,23381.599609375,-0.0008585957217073226
2025-02-11,87.49009704589844,14.869999885559082,23071.80078125,-0.00026284778619833915
2025-02-12,86.81120300292969,14.899999618530273,23045.25,-0.0077596672754013385
2025-02-13,86.8740005493164,14.960000038146973,23031.400390625,0.0007233806722457548
2025-02-14,86.75409698486328,15.020000457763672,22929.25,-0.0013802007930445725
2025-02-17,86.43460083007812,15.720000267028809,22959.5,-0.0036827788645059645
2025-02-18,86.85479736328125,15.670000076293945,22945.30078125,0.004861438928019046
2025-02-19,86.88719940185547,15.420000076293945,22932.900390625,0.0003730598603401969
2025-02-20,86.872802734375,14.680000305175781,22913.150390625,-0.00016569376823716286
2025-02-21,86.45120239257812,14.529999732971191,22795.900390625,-0.004853076319938365
2025-02-24,86.52940368652344,14.4399995803833,22553.349609375,0.000904571501391116
2025-02-25,86.69010162353516,13.720000267028809,22547.55078125,0.001857148323752389
2025-02-27,87.16220092773438,13.3100004196167,22545.05078125,0.0009301810501873842
2025-02-28,87.3270034790039,13.90999984741211,22124.69921875,0.001890757111631114
2025-03-03,87.46399688720703,13.760000228881836,22119.30078125,0.0015687405126187937
2025-03-04,87.32959747314453,13.829999923706055,22082.650390625,-0.0015366255698995301
2025-03-05,87.21700286865234,13.670000076293945,22337.30078125,-0.0012893063491654644
2025-03-06,86.88929748535156,13.729999542236328,22544.69921875,-0.003757356622243746
2025-03-07,87.12879943847656,13.470000267028809,22552.5,0.0027564033782800923
2025-03-10,87.07379913330078,13.989999771118164,22460.30078125,-0.0006312528754011115
2025-03-11,87.3551025390625,14.069999694824219,22497.900390625,0.0032306320450203874
2025-03-12,87.20010375976562,13.6899995803833,22470.5,-0.0017743528974459855
2025-03-13,87.3405990600586,13.279999732971191,22397.19921875,0.001611182719231996
2025-03-17,86.93900299072266,13.420000076293945,22508.75,0.00019450449322055974
2025-03-18,86.91639709472656,13.210000038146973,22834.30078125,-0.0002600201890802234
2025-03-19,86.57610321044922,13.300000190734863,22907.599609375,-0.0039151862669418724
2025-03-20,86.33709716796875,12.600000381469727,23190.650390625,-0.0027606468022647324
2025-03-21,86.33609771728516,12.579999923706055,23350.400390625,-1.157614416491537e-05
2025-03-24,85.98699951171875,13.699999809265137,23658.349609375,-0.004043479086923263
2025-03-25,85.53209686279297,13.640000343322754,23668.650390625,-0.0052903654216215346
2025-03-26,85.59040069580078,13.470000267028809,23486.849609375,0.0006816602789634363
2025-03-27,86.09539794921875,13.300000190734863,23591.94921875,0.005900162276524457
2025-03-28,85.69490051269531,12.720000267028809,23519.349609375,-0.004651786809321212
2025-04-01,85.46810150146484,13.779999732971191,23165.69921875,-0.0008265441712804744
2025-04-02,85.61009979248047,13.720000267028809,23332.349609375,0.0016614185704497686
2025-04-03,85.65119934082031,13.600000381469727,23250.099609375,0.00048007826692719746
2025-04-04,85.28289794921875,13.760000228881836,22904.44921875,-0.004300014412361386
2025-04-07,85.529296875,22.790000915527344,22161.599609375,0.0028891950403464595
2025-04-08,86.0270004272461,20.440000534057617,22535.849609375,0.005819100243200648
2025-04-09,86.435302734375,21.43000030517578,22399.150390625,0.0047462111325642375
2025-04-11,86.2603988647461,20.110000610351562,22828.55078125,0.0005927630341715506
2025-04-15,86.0447998046875,16.1299991607666,23328.55078125,-0.001719408622570917
2025-04-16,85.72669982910156,15.869999885559082,23437.19921875,-0.00369691110105419
2025-04-17,85.62049865722656,15.470000267028809,23851.650390625,-0.0012388342498511618
2025-04-23,85.2323989868164,15.960000038146973,24328.94921875,0.0008631110683468002
2025-04-24,85.4999008178711,16.25,24246.69921875,0.0031384993762297864
2025-04-25,85.2573013305664,17.15999984741211,24039.349609375,-0.0028374241956311552
2025-04-28,85.38490295410156,16.940000534057617,24328.5,0.001496665054414592
2025-04-29,85.1603012084961,17.3700008392334,24335.94921875,-0.0026304620352640695
2025-04-30,85.1707992553711,18.219999313354492,24334.19921875,0.00012327395190037116
2025-05-02,84.69670104980469,18.260000228881836,24346.69921875,0.0019579097686366342
2025-05-05,84.52629852294922,18.34000015258789,24461.150390625,-0.00201191456979255
2025-05-06,84.2208023071289,19.0,24379.599609375,-0.0036142149976834403
2025-05-07,84.79319763183594,19.059999465942383,24414.400390625,0.006796365138147964
2025-05-08,84.81719970703125,21.010000228881836,24273.80078125,0.0002830660461647927
2025-05-09,86.08219909667969,21.6299991607666,24008.0,0.014914420589431154
2025-05-12,85.4083023071289,18.389999389648438,24924.69921875,-0.00782852664804623
2025-05-13,84.9656982421875,18.200000762939453,24578.349609375,-0.005182213590311124
2025-05-14,85.060302734375,17.229999542236328,24666.900390625,0.0011134433559039092
2025-05-15,85.48760223388672,16.889999389648438,25062.099609375,0.005023489051597663
2025-05-16,85.44490051269531,16.549999237060547,25019.80078125,-0.0004995077657526936
2025-05-19,85.50029754638672,17.360000610351562,24945.44921875,0.000648336335568489
2025-05-20,85.37210083007812,17.389999389648438,24683.900390625,-0.0014993715810057706
2025-05-21,85.53610229492188,17.549999237060547,24813.44921875,0.0019210194343250997
2025-05-22,85.60030364990234,17.260000228881836,24609.69921875,0.0007505761106474385
2025-05-23,85.97489929199219,17.280000686645508,24853.150390625,0.004376101790735554
2025-05-26,85.19930267333984,18.020000457763672,25001.150390625,-0.009021198338578174
2025-05-27,85.158203125,18.540000915527344,24826.19921875,-0.0004823930132084042
2025-05-28,85.3604965209961,18.020000457763672,24752.44921875,0.0023755009919497194
2025-05-29,85.38590240478516,16.420000076293945,24833.599609375,0.0002976304593402812
2025-05-30,85.36129760742188,16.079999923706055,24750.69921875,-0.0002881599499485743
2025-06-02,85.52429962158203,17.15999984741211,24716.599609375,0.0019095540804663358
2025-06-03,85.36370086669922,16.559999465942383,24542.5,-0.0018778143240389955
2025-06-04,85.70880126953125,15.75,24620.19921875,0.004042706669558749
2025-06-05,85.9041976928711,15.079999923706055,24750.900390625,0.002279770810530657
2025-06-06,85.87750244140625,14.630000114440918,25003.05078125,-0.0003107560769065598
2025-06-09,85.7853012084961,14.6899995803833,25103.19921875,-0.0010736366369418215
2025-06-10,85.75599670410156,14.020000457763672,25104.25,-0.00034160286181550426
2025-06-11,85.65280151367188,13.670000076293945,25141.400390625,-0.0012033583002453163
2025-06-12,85.46980285644531,14.020000457763672,24888.19921875,-0.0021365168913635157
2025-06-13,85.68840026855469,15.079999923706055,24718.599609375,0.0025575981785816992
2025-06-16,86.24919891357422,14.84000015258789,24946.5,0.006544627315505203
2025-06-17,86.10420227050781,14.399999618530273,24853.400390625,-0.001681136113643178
2025-06-18,86.36270141601562,14.279999732971191,24812.05078125,0.0030021664296442374
2025-06-19,86.61360168457031,14.260000228881836,24793.25,0.0029051924550864694
2025-06-20,86.58380126953125,13.670000076293945,25112.400390625,-0.00034406160763977844
2025-06-23,86.5802993774414,14.050000190734863,24971.900390625,-4.044511835354925e-05
2025-06-24,86.23300170898438,13.640000343322754,25044.349609375,-0.004011278211721203
2025-06-25,85.90480041503906,12.960000038146973,25244.75,-0.003805982482819159
2025-06-26,86.006103515625,12.59000015258789,25549.0,0.0011792484249599777
2025-06-27,85.66639709472656,12.390000343322754,25637.80078125,-0.003949794340313506
2025-06-30,85.4552993774414,12.789999961853027,25517.05078125,-0.0024641834423331233
2025-07-01,85.71399688720703,12.529999732971191,25541.80078125,0.0030272845762671086
2025-07-02,85.6427993774414,12.449999809265137,25453.400390625,-0.0008306404128991529
2025-07-03,85.69409942626953,12.390000343322754,25405.30078125,0.0005990001401290357
2025-07-04,85.31909942626953,12.319999694824219,25461.0,-0.004376030584493651
2025-07-07,85.49629974365234,12.5600004196167,25461.30078125,0.0020769126558344286
2025-07-08,85.89199829101562,12.199999809265137,25522.5,0.004628253486405054
2025-07-09,85.7073974609375,11.9399995803833,25476.099609375,-0.002149220343583891
2025-07-10,85.70850372314453,11.670000076293945,25355.25,1.2907429694619665e-05
2025-07-11,85.73480224609375,11.819999694824219,25149.849609375,0.0003068367992302701
2025-07-14,85.82129669189453,11.979999542236328,25082.30078125,0.0010088603873197322
2025-07-15,85.96839904785156,11.479999542236328,25195.80078125,0.0017140542222886523
2025-07-16,85.99310302734375,11.239999771118164,25212.05078125,0.0002873611671940779
2025-07-17,85.88520050048828,11.239999771118164,25111.44921875,-0.001254781174964248
2025-07-18,86.04650115966797,11.390000343322754,24968.400390625,0.0018780960891948695
2025-07-21,86.14859771728516,11.199999809265137,25090.69921875,0.0011865277058475954
2025-07-22,86.19529724121094,10.75,25060.900390625,0.0005420810687950528
2025-07-23,86.3427963256836,10.520000457763672,25219.900390625,0.0017112196279094327
2025-07-24,86.39869689941406,10.720000267028809,25062.099609375,0.0006474260286823963
2025-07-25,86.4302978515625,11.279999732971191,24837.0,0.00036575727739540653
2025-07-28,86.506103515625,12.0600004196167,24680.900390625,0.0008770728083420387
2025-07-29,86.77760314941406,11.529999732971191,24821.099609375,0.003138502634557172
2025-07-30,87.06320190429688,11.210000038146973,24855.05078125,0.003291157447516291
2025-07-31,87.714599609375,11.539999961853027,24768.349609375,0.007481894656185206
2025-08-01,87.4894027709961,11.979999542236328,24565.349609375,-0.0025673814779043624
2025-08-04,87.24530029296875,11.970000267028809,24722.75,-0.0027900805159943864
2025-08-05,87.89330291748047,11.710000038146973,24649.55078125,0.007427364251549662
2025-08-06,87.72309875488281,11.960000038146973,24574.19921875,-0.0019364861365769315
2025-08-07,87.76249694824219,11.6899995803833,24596.150390625,0.0004491199458134254
2025-08-08,87.43319702148438,12.029999732971191,24363.30078125,-0.0037521713511867727
2025-08-11,87.48829650878906,12.220000267028809,24585.05078125,0.0006301895525009371
2025-08-12,87.66449737548828,12.229999542236328,24487.400390625,0.0020139935709173606
2025-08-13,87.59559631347656,12.140000343322754,24619.349609375,-0.0007859631216112772
2025-08-14,87.44999694824219,12.359999656677246,24631.30078125,-0.0016621767687192701
2025-08-18,87.51280212402344,12.34000015258789,24876.94921875,-0.002041249562813152
2025-08-19,87.29509735107422,11.789999961853027,24980.650390625,-0.0024876905740109923
2025-08-20,87.0791015625,11.789999961853027,25050.55078125,-0.0024743175175754306
2025-08-21,87.01820373535156,11.369999885559082,25083.75,-0.0006993391761710432
2025-08-22,87.29340362548828,11.729999542236328,24870.099609375,0.003162555400174405
2025-08-25,87.3301010131836,11.760000228881836,24967.75,0.00042039130302162775
2025-08-26,87.60859680175781,12.1899995803833,24712.05078125,0.0031890011043520516
2025-08-28,87.65910339355469,12.180000305175781,24500.900390625,0.0006666957556780151
2025-08-29,87.5916976928711,11.75,24426.849609375,-0.0007689526594969465
2025-09-01,88.17430114746094,11.289999961853027,24625.05078125,0.006651354750911054
2025-09-02,88.00140380859375,11.399999618530273,24579.599609375,-0.0019608586245332127
2025-09-03,87.99829864501953,10.930000305175781,24715.05078125,-3.5285386821515274e-05
2025-09-04,88.072998046875,10.850000381469727,24734.30078125,0.0008488732510250063
2025-09-05,88.19290161132812,10.779999732971191,24741.0,0.0013614111829065578
2025-09-08,88.1863021850586,10.84000015258789,24773.150390625,-7.482944941095138e-05
2025-09-09,87.98049926757812,10.6899995803833,24868.599609375,-0.0023337288488249897
2025-09-10,88.21829986572266,10.539999961853027,24973.099609375,0.0027028784801652606
2025-09-11,88.05339813232422,10.359999656677246,25005.5,-0.0018692463315370667
2025-09-12,88.2676010131836,10.119999885559082,25114.0,0.002432647523011866
2025-09-15,88.27729797363281,10.399999618530273,25069.19921875,0.00010985866091184349
2025-09-16,88.12349700927734,10.270000457763672,25239.099609375,-0.0017422482097425585
2025-09-17,87.88459777832031,10.25,25330.25,-0.0027109594950808225
2025-09-18,87.91069793701172,9.890000343322754,25423.599609375,0.0002969821715204102
2025-09-19,88.20690155029297,9.970000267028809,25327.05078125,0.0033693693740604047
2025-09-22,88.09919738769531,10.5600004196167,25202.349609375,-0.0012210400853526204
2025-09-23,88.30439758300781,10.630000114440918,25169.5,0.002329194832609849
2025-09-24,88.80799865722656,10.520000457763672,25056.900390625,0.005703012398055929
2025-09-25,88.77860260009766,10.779999732971191,24890.849609375,-0.0003310068639466035
2025-09-26,88.77310180664062,11.430000305175781,24654.69921875,-6.196080244480484e-05
2025-09-29,88.67680358886719,11.369999885559082,24634.900390625,-0.0010847679737854277
2025-09-30,88.70449829101562,11.069999694824219,24611.099609375,0.00031231055955549536
2025-10-01,88.8406982421875,10.289999961853027,24836.30078125,0.0015354345472429198
2025-10-03,88.72019958496094,10.0600004196167,24894.25,0.0004194820686900247
2025-10-06,88.73509979248047,10.1899995803833,25077.650390625,0.00016794605500480841
2025-10-07,88.72109985351562,10.050000190734863,25108.30078125,-0.00015777227948787775
2025-10-08,88.74259948730469,10.3100004196167,25046.150390625,0.00024232830549397733
2025-10-09,88.7771987915039,10.119999885559082,25181.80078125,0.0003898838257963
2025-10-10,88.86540222167969,10.100000381469727,25285.349609375,0.0009935369822033913
2025-10-13,88.7573013305664,11.010000228881836,25227.349609375,-0.0012164564432355363
2025-10-14,88.66510009765625,11.15999984741211,25145.5,-0.0010388016707127967
2025-10-15,88.78250122070312,10.529999732971191,25323.55078125,0.0013240962105447451
2025-10-16,87.80950164794922,10.869999885559082,25585.30078125,-0.010959362029406505
2025-10-17,87.9906997680664,11.630000114440918,25709.849609375,0.0020635365958874274
2025-10-20,88.0022964477539,11.359999656677246,25843.150390625,0.00013179437961130525
2025-10-21,87.87999725341797,11.300000190734863,25868.599609375,-0.0013897273056794335
2025-10-23,87.74030303955078,11.729999542236328,25891.400390625,-0.0029692542732067118
2025-10-24,87.77899932861328,11.59000015258789,25795.150390625,0.0004410320881278462
2025-10-27,87.8290023803711,11.859999656677246,25966.05078125,0.0005696470925877772
2025-10-28,88.22209930419922,11.949999809265137,25936.19921875,0.004475707490399383
2025-10-29,88.22550201416016,11.970000267028809,26053.900390625,3.856981400085502e-05
2025-10-30,88.34559631347656,12.069999694824219,25877.849609375,0.0013612197899097733
2025-10-31,88.6344985961914,12.149999618530273,25722.099609375,0.0032701378990043217
2025-11-03,88.77539825439453,12.670000076293945,25763.349609375,0.0015896706184919118
2025-11-04,88.72339630126953,12.649999618530273,25597.650390625,-0.0005857698658358057
2025-11-06,88.55690002441406,12.40999984741211,25509.69921875,-0.00197338310226558
2025-11-07,88.6729965209961,12.5600004196167,25492.30078125,0.001310981939860456
2025-11-10,88.65799713134766,12.300000190734863,25574.349609375,-0.00016915397287697864
2025-11-11,88.70709991455078,12.489999771118164,25694.94921875,0.000553844941143744
2025-11-12,88.46649932861328,12.109999656677246,25875.80078125,-0.002712303594292531
2025-11-13,88.59400177001953,12.15999984741211,25879.150390625,0.001441251121881093
2025-11-14,88.81610107421875,11.9399995803833,25910.05078125,0.002506933875453088
2025-11-17,88.68199920654297,11.789999961853027,26013.44921875,-0.0015098823980543852
2025-11-18,88.63590240478516,12.100000381469727,25910.05078125,-0.0005197988562531952
2025-11-19,88.55680084228516,11.970000267028809,26052.650390625,-0.0008924325285114554
2025-11-20,88.48719787597656,12.140000343322754,26192.150390625,-0.0007859697464969173
2025-11-21,88.69219970703125,13.630000114440918,26068.150390625,0.002316740002797024
2025-11-24,89.63400268554688,13.239999771118164,25959.5,0.010618780249295856
2025-11-25,89.14779663085938,12.239999771118164,25884.80078125,-0.005424348351297015
2025-11-26,89.15059661865234,11.970000267028809,26205.30078125,3.14083791050912e-05
2025-11-27,89.16300201416016,11.789999961853027,26215.55078125,0.0001391510093968762
2025-11-28,89.36479949951172,11.619999885559082,26202.94921875,0.0022632423852162464
2025-12-01,89.3499984741211,11.630000114440918,26175.75,-0.0001656247814969536
2025-12-02,89.61270141601562,11.229999542236328,26032.19921875,0.002940156087082757
2025-12-03,89.91719818115234,11.210000038146973,25986.0,0.003397919718133746
2025-12-04,90.17050170898438,10.819999694824219,26033.75,0.0028170754088856498
2025-12-05,89.8364028930664,10.319999694824219,26186.44921875,-0.003705189719318991
2025-12-08,89.93800354003906,11.130000114440918,25960.55078125,0.0011309518602786728
2025-12-09,90.12999725341797,10.949999809265137,25839.650390625,0.0021347339925488207
2025-12-10,89.91690063476562,10.90999984741211,25758.0,-0.002364325143083934
2025-12-11,89.79299926757812,10.399999618530273,25898.55078125,-0.0013779541589269417
2025-12-12,90.25299835205078,10.109999656677246,26046.94921875,0.0051228836125840616
2025-12-15,90.5770034790039,10.25,26027.30078125,0.00358996524070343
2025-12-16,90.77690124511719,10.0600004196167,25860.099609375,0.0022069372846897917
2025-12-17,90.94889831542969,9.84000015258789,25818.55078125,0.0018947228640033842
2025-12-18,90.4136962890625,9.710000038146973,25815.55078125,-0.0058846455128130915
2025-12-19,90.25579833984375,9.520000457763672,25966.400390625,-0.001746394138272267
2025-12-22,89.56999969482422,9.680000305175781,26172.400390625,-0.007598388775392206
2025-12-23,89.60389709472656,9.380000114440918,26177.150390625,0.0003784459084272829
2025-12-24,89.50789642333984,9.1899995803833,26142.099609375,-0.001071389465183925
2025-12-26,90.10590362548828,9.149999618530273,26042.30078125,0.006681055259304403
2025-12-29,89.82929992675781,9.720000267028809,25942.099609375,-0.003069762219800043
2025-12-30,89.9000015258789,9.680000305175781,25938.849609375,0.0007870661262945333
